78.8534135831855,-153412.1505,-160546.647,-152481.564,-161787.429,-152791.7595,69.9999999999999,69.9999999999999,69.9999999999999,70,69.9999999999999,3.6239430706799,3.45042402468564,2.98412699752087,3.7527690681358,2.8538646244373,59.8846030785556,58.8818300468618,57.7903117912464,59.6985710633744,57.2070382417726,63.9999999999999,16.6651277854595
78.8589001177178,-153412.1505,-160546.647,-152481.564,-161787.429,-152791.7595,71.0006865678398,69.9945320376621,69.9499876474008,71.0056314867359,69.9496436679819,3.42060676677034,3.48636257147237,3.03418530590639,3.54686116155779,2.90571892778371,60.2839848011365,58.9909717565968,57.9417361592242,60.1061679582597,57.3849800129768,63.724856117014,16.3937347334906
78.8685680040508,-153412.1505,-160546.647,-152481.564,-161787.429,-152791.7595,74.4767289902933,70.6181764008783,69.9051806453808,74.4920126936331,69.9305986538949,2.80429816150338,3.46926943188902,3.18628371423561,2.92004223470599,3.06224846668083,61.4047871105493,59.5604014226006,58.470147395746,61.2528603925158,58.0081888949127,62.9550330095968,15.4421420090148
78.8882257039281,-153412.1505,-160546.647,-152481.564,-161787.429,-152791.7595,77.051058368812,72.3546104443026,69.8855749750751,77.0710463543782,70.1336330092498,2.44004864743047,3.19847506307173,3.30685067031606,2.5469974050824,3.15759846474186,62.0277420840125,60.3606445823322,58.8674602043917,61.8928275647453,58.5712442472674,62.4473757486894,14.6499702506425
78.8472425605459,-153412.1505,-160546.647,-152481.564,-161787.429,-152791.7595,78.2382014165743,74.4267105529412,69.9803843431816,78.2557301367442,70.8103405771541,2.29826177269875,2.8707142081589,3.37467376255632,2.40184759229379,3.14549657123253,62.2880502997154,61.0633459213051,59.1837080483288,62.1602526405854,59.2034670114715,62.1994950613176,14.0909939069403
78.8796246437614,-153412.1505,-160546.647,-152481.564,-161787.429,-152791.7595,78.6909048918158,76.1162174206647,70.3343378163219,78.7020557057515,71.9307939702363,2.250730695504,2.63220257982698,3.37575454656778,2.35395932300011,3.03643800556798,62.4039174464179,61.5419589609045,59.5411181931421,62.2791364593404,59.9070408303282,62.0073252582815,13.6490851504668
78.8569578984492,-153412.1505,-160546.647,-152481.564,-161787.429,-152791.7595,78.8463479864999,77.2518209913431,71.0172566418107,78.8522428325516,73.2299028303163,2.23801392156084,2.48973820137902,3.30185379434549,2.34180091683646,2.8803002534392,62.46681512145,61.8436143390945,59.9824675553132,62.3440573616909,60.5543559112094,61.8036866327283,13.251707087561
78.9046104485458,-153412.1505,-160546.647,-152481.564,-161787.429,-152791.7595,78.8953251416234,77.9378089632938,71.948520699197,78.8983210994662,74.4637089678636,2.23704460356011,2.41193649377685,3.16975748740962,2.34146316973492,2.72493707953256,62.5086949768484,62.0325806059856,60.4538683922696,62.3877543860276,61.0654616182965,61.6005624166239,12.8851388340141
78.8155815981185,-153412.1505,-160546.647,-152481.564,-161787.429,-152791.7595,78.9089207447189,78.3276933178963,72.9736383469294,78.9106035626141,75.510555637191,2.23938796752547,2.37160990890064,3.01349402554654,2.34430964356156,2.59415788435883,62.5394380502343,62.1520142684574,60.8829356920782,62.4200840712401,61.4368628894546,61.42352453031,12.562959429893
78.8648941066741,-153412.1505,-160546.647,-152481.564,-161787.429,-152791.7595,78.9116893713946,78.5414788826957,73.9641156188966,78.9128321536743,76.3421751538955,2.24215644131035,2.3516160649671,2.86221544188443,2.3474454861505,2.49296414498219,62.5624186848132,62.2282714300231,61.2343749844651,62.4443415757044,61.6972068028385,61.2900583474295,12.2963975792946
78.8864176069402,-153412.1505,-160546.647,-152481.564,-161787.429,-152791.7595,78.9115086315995,78.6559353017663,74.8491928078379,78.9124302863059,76.9759761819982,2.24452385691234,2.34226107738979,2.73077894178555,2.35007640546317,2.41808573304401,62.5794823678766,62.2775729205765,61.5067505993045,62.4623762450422,61.877511927952,61.2070085609651,12.0857260145949
78.908033730083,-153412.1505,-160546.647,-152481.564,-161787.429,-152791.7595,78.9103956656837,78.7159368917337,75.6031930911331,78.9112116013549,77.4452198067418,2.24639982294028,2.33831559538594,2.62304545297839,2.35214375105816,2.36411682394255,62.592008259178,62.3099390048171,61.7127512866716,62.4756158374581,62.0020823806062,61.1729525439545,11.9240214463053
78.8902080588903,-153412.1505,-160546.647,-152481.564,-161787.429,-152791.7595,78.9088733674853,78.746524741491,76.2258969952558,78.90962957557,77.7849111961429,2.24786505311475,2.33703413769983,2.53749476333487,2.35374949809489,2.32591800922979,62.6011228066362,62.3315310116163,61.8671441254887,62.4852463086768,62.088149376205,61.1812965465832,11.8020614614741
78.8772100300477,-152956.195,-159137.33,-152149.96,-160212.31,-152418.705,78.9076473598383,78.7611692611475,76.7283929887218,78.908332834579,78.0257694558476,2.24360954125877,2.32015133225824,2.46765412173203,2.33559713443111,2.29566990985187,62.6175255858523,62.3718735167952,61.9953623039577,62.5174447033584,62.1610146898982,61.2230657546807,11.662682039532
78.8844813622848,-152956.195,-159137.33,-152149.96,-160212.31,-152418.705,78.9067021178732,78.7676924076082,77.12748458492,78.9073457727149,78.1939833108945,2.2444030936014,2.32062417658565,2.41625688054333,2.33645755413408,2.27735697790678,62.6223400331035,62.3817361033949,62.0810612564999,62.5224937208027,62.2016551442121,61.2896250202535,11.5950986827712
78.8831297018595,-152956.195,-159137.33,-152149.96,-160212.31,-152418.705,78.9052380522618,78.7700760848979,77.4398143914538,78.905850713846,78.3095737837615,2.2450738150955,2.32125300142877,2.37701023984592,2.33717939888035,2.26493492485805,62.6257409619501,62.3885587179292,62.1449606775635,62.5260591717849,62.2295355700139,61.3716638739592,11.5454513801086
78.8603634385168,-152956.195,-159137.33,-152149.96,-160212.31,-152418.705,78.9037132642785,78.7703043150522,77.6810726885175,78.9043089312291,78.3877580403151,2.24561619521609,2.32189123451815,2.34727926127587,2.33775958837748,2.25663168955179,62.6281481350978,62.3932898405027,62.1924921456549,62.5285825561189,62.2485536180803,61.4612102956727,11.5091779689394
78.8885558202266,-152956.195,-159137.33,-152149.96,-160212.31,-152418.705,78.9022131833444,78.769427107639,77.8651855175805,78.9028005381276,78.4397897420602,2.24605588042012,2.32247905692418,2.32492998062852,2.33822733448764,2.25116983540599,62.629834139264,62.3965576763022,62.2277150570575,62.5303500131454,62.2614279096661,61.5523495514152,11.4828620878664
78.8909977257393,-152956.195,-159137.33,-152149.96,-160212.31,-152418.705,78.9011419091355,78.7680466351105,78.0040702061644,78.9017294229977,78.4738073852285,2.24637158687608,2.32299381260219,2.30826370528085,2.33856233178122,2.24764424323035,62.6310497952975,62.3988052924324,62.2536930669809,62.5316242392282,62.2700686249408,61.6408960016892,11.4638356797707
78.897891496978,-152956.195,-159137.33,-152149.96,-160212.31,-152418.705,78.9002559754031,78.7665512389281,78.1076603866256,78.9008442717783,78.4955941750276,2.24661168694766,2.32342398640892,2.2959385846421,2.33881647499339,2.24541928310955,62.6319026802064,62.400340603905,62.2727316398142,62.5325179155311,62.2757993165222,61.7240425844259,11.4502100161016
78.9072019903559,-152956.195,-159137.33,-152149.96,-160212.31,-152418.705,78.8998618355974,78.7651513314253,78.1840644431975,78.9004558830358,78.5092033657212,2.24675451830884,2.3237716803548,2.28690574271922,2.33896776773351,2.24405602774544,62.6325427571015,62.4013894879091,62.2865907451194,62.5331882882558,62.2795550445249,61.8000778168339,11.4404557368618
78.9049714882677,-152956.195,-159137.33,-152149.96,-160212.31,-152418.705,78.8999733767517,78.7640136243988,78.2397850267129,78.9005740864797,78.5174407829798,2.2468092622086,2.32403654536775,2.28034917261784,2.33902676870133,2.24325301871073,62.6330506543239,62.4021167205718,62.2966021442748,62.5337193491502,62.28198279425,61.8681381687781,11.4334747676063
78.8741782114388,-152956.195,-159137.33,-152149.96,-160212.31,-152418.705,78.8995353385079,78.7632035967118,78.2799572494161,78.9001290278786,78.5222325252978,2.24690862446566,2.32422233044559,2.27563562535308,2.33913229726076,2.24280162871366,62.6333319680554,62.4026145696099,62.3037510897759,62.5340126714457,62.2835069612105,61.9279911756383,11.4287005062388
78.8508661156597,-152956.195,-159137.33,-152149.96,-160212.31,-152418.705,78.8986620794612,78.7625329750883,78.3085815216339,78.8992496989103,78.5248794126695,2.24704476776019,2.32436279793018,2.27228240225375,2.33927479670551,2.24256444189729,62.6334442410051,62.402932662308,62.3087991623624,62.5341303020894,62.2844363453763,61.9798390238101,11.4255292065469
78.8639441560545,-152956.195,-159137.33,-152149.96,-160212.31,-152418.705,78.898128533786,78.7618547462721,78.3287338192046,78.8987189607294,78.5262175181649,2.24713020475031,2.32448567344468,2.26992480116208,2.3393634786536,2.24245648442662,62.6335291068723,62.4031192244985,62.3123336828431,62.5342199423499,62.2849925952734,62.024160817926,11.4233606424373
78.8457188786211,-153318.9552,-160258.5888,-152413.7856,-161465.4816,-152715.5088,78.8974070125587,78.7613433017559,78.3428298741798,78.8980294899626,78.5268424784645,2.25150469524257,2.33808133185447,2.27091819705781,2.35491093701389,2.24538865036703,62.6259092141456,62.3831407627699,62.3056759570186,62.5144141371874,62.2752412255502,62.0615255538839,11.4608038115358
78.8491970213444,-153318.9552,-160258.5888,-152413.7856,-161465.4816,-152715.5088,78.8966798486557,78.7607802238827,78.3525112258611,78.8973215208441,78.5269901426578,2.25160080189654,2.33816721664086,2.26978524457838,2.35500832505256,2.24539082165697,62.6258765779791,62.383179283626,62.3073524398091,62.514383689311,62.2754046050204,62.0916528938743,11.4599524098253
78.8595839586575,-153318.9552,-160258.5888,-152413.7856,-161465.4816,-152715.5088,78.8963458469556,78.7601702000633,78.3590570393866,78.8970017340101,78.5268478657957,2.25164661046449,2.33825296977905,2.26901915210684,2.35505419593105,2.24541961143767,62.6258735972278,62.3831698922851,62.3084809013745,62.5143830033078,62.2754706988259,62.1158553650309,11.4593925397191
78.8839850814422,-153318.9552,-160258.5888,-152413.7856,-161465.4816,-152715.5088,78.8961907810122,78.7596267373514,78.3633961819045,78.8968522297985,78.5265273527413,2.25166872617546,2.33832637333114,2.26851092147647,2.35507654117887,2.24546412855919,62.6258783385675,62.3831405280364,62.3092241192041,62.5143889393418,62.2754723750789,62.1355268788901,11.4590466907211
78.8752753185509,-153318.9552,-160258.5888,-152413.7856,-161465.4816,-152715.5088,78.8960496407484,78.7591835630411,78.3661939775376,78.8967151512626,78.5261099563696,2.25168753316553,2.33838439941856,2.2681825109871,2.35509556330786,2.24551628679103,62.625873094426,62.3831037297783,62.3096974288323,62.5143841821157,62.2754324537218,62.1515423447474,11.4588662936701
78.8510171385294,-153318.9552,-160258.5888,-152413.7856,-161465.4816,-152715.5088,78.8965808681422,78.7588774564603,78.3679245414029,78.8972560796813,78.525657557628,2.25162572648768,2.33842555516562,2.26798087456872,2.35503059068058,2.24557243143412,62.6259577087133,62.3830858384019,62.3100004786951,62.5144731405734,62.2753863605064,62.164499127985,11.4586351783367
78.8716924619127,-153318.9552,-160258.5888,-152413.7856,-161465.4816,-152715.5088,78.8968545659223,78.7587967557622,78.368925985974,78.8975279349655,78.525222827357,2.25159387488283,2.33843729686047,2.26786393330913,2.35499794700402,2.24562455043384,62.6260012382268,62.383087363363,62.3101739045131,62.5145179067989,62.275328784947,62.1748935633874,11.4585176024903
78.829039095712,-153318.9552,-160258.5888,-152413.7856,-161465.4816,-152715.5088,78.8970095203755,78.7588578640136,78.3694416549877,78.8976815403373,78.5248554160152,2.25157578286942,2.33843071592504,2.26780369091457,2.35497943037877,2.24566788037671,62.6260254520232,62.3831023862266,62.3102629855982,62.5145426965839,62.275274913727,62.1831619082412,11.4584575004645
78.8808434564713,-153318.9552,-160258.5888,-152413.7856,-161465.4816,-152715.5088,78.8970159631982,78.758977078531,78.3696493343756,78.8976844642107,78.5245835014881,2.25157509671709,2.33841624675171,2.26777919892805,2.35497914782107,2.24569935845526,62.6260269363731,62.3831202741968,62.3102972260605,62.5145436547575,62.2752307703705,62.1896810628831,11.4584490486732
78.8752160180734,-153318.9552,-160258.5888,-152413.7856,-161465.4816,-152715.5088,78.8965951963865,78.7590599522759,78.3696780919774,78.8972575369964,78.5244091539676,2.2516248357164,2.33840477275562,2.26777432551297,2.35503125591422,2.24571792891051,62.6259656000932,62.3831227955069,62.310291472341,62.5144792255886,62.2751907931882,62.1947772127655,11.4585531188097
78.8517082263533,-153318.9552,-160258.5888,-152413.7856,-161465.4816,-152715.5088,78.8964672123397,78.7590287102107,78.3696176405207,78.8971322223174,78.5243092096219,2.25163978180411,2.33840787989216,2.26778067652707,2.35504634240235,2.24572859575489,62.6259456183383,62.3831133128077,62.3102759958643,62.5144588594137,62.2751680299783,62.1987260380264,11.4586032763806
78.8772751753375,-153318.9552,-160258.5888,-152413.7856,-161465.4816,-152715.5088,78.8963933553692,78.7589393163342,78.3695240640583,78.8970600365415,78.5242466012302,2.25164825685722,2.33841816449171,2.26779100078683,2.35505487231182,2.24573501100899,62.6259330025205,62.383095941863,62.3102555305548,62.51444601099,62.275151839516,62.2017616799953,11.4586473054565
78.894632484122,-153718.7931,-161494.4514,-152704.5768,-162846.7398,-153042.6489,78.8964323679097,78.7590139273711,78.3695064317025,78.8971393009302,78.5242828110528,2.25634723236701,2.35325323532892,2.27069522406336,2.37202587810728,2.24899699408673,62.6175131121753,62.3609158830729,62.3001773423019,62.4925945232687,62.2639984366606,62.2038640570607,11.5013185639533
78.8380444713992,-153718.7931,-161494.4514,-152704.5768,-162846.7398,-153042.6489,78.8963597190152,78.759067890554,78.3694933520201,78.8970872171834,78.5243210065985,2.25635594894302,2.35324655873409,2.27069676091025,2.37203234461592,2.24899257032864,62.6175033507153,62.360923321825,62.3001751386198,62.4925871607209,62.2640046483014,62.2041984993322,11.5013241835319
78.8913277049249,-153718.7931,-161494.4514,-152704.5768,-162846.7398,-153042.6489,78.8962627240601,78.7590918861816,78.3694850209912,78.8969967382681,78.5243577920855,2.25636750417436,2.3532434311511,2.27069756971184,2.37204350732782,2.24898814362915,62.6174897224774,62.3609255234651,62.3001725313342,62.4925738805194,62.2640094284911,62.2035210364978,11.5013401559943
78.9086284143078,-153718.7931,-161494.4514,-152704.5768,-162846.7398,-153042.6489,78.8960328885087,78.7590667934992,78.3694824562447,78.8967688043016,78.5243896109851,2.25639473722693,2.35324586551247,2.27069714704934,2.37207149003104,2.24898373242977,62.6174563599427,62.3609173941876,62.3001669754818,62.492539465213,62.2640093540348,62.2026643498649,11.5013929722496
78.8578724020769,-153718.7931,-161494.4514,-152704.5768,-162846.7398,-153042.6489,78.896297252978,78.7590020453987,78.3694851403616,78.897041958231,78.5244092837244,2.25636337457049,2.35325453463244,2.27069758414384,2.37203789543378,2.24898225438839,62.61749445793,62.36091305499,62.3001727528372,62.4925802900219,62.2640183403782,62.201897626691,11.5013356431689
78.8370694623074,-153718.7931,-161494.4514,-152704.5768,-162846.7398,-153042.6489,78.8969439477403,78.7590185850007,78.3694903150453,78.8976972416363,78.5244132558512,2.25628679884255,2.35325443130249,2.27069911192123,2.3719574784816,2.24898400214637,62.617588669216,62.360928874562,62.3001887393154,62.4926794096589,62.2640349489789,62.2012444147636,11.5011818226942
78.8518200855316,-153718.7931,-161494.4514,-152704.5768,-162846.7398,-153042.6489,78.8970745004561,78.7591925849669,78.3694946598117,78.8978196841099,78.5244176103218,2.25627153507034,2.35323372220535,2.27069943280943,2.37194268119587,2.24898433796042,62.617609091406,62.3609585668764,62.3001953549457,62.492699509973,62.2640417314183,62.2006830798904,11.5011317092414
78.8655503502478,-153718.7931,-161494.4514,-152704.5768,-162846.7398,-153042.6489,78.8969184662486,78.7593863781694,78.3694986440381,78.8976586587029,78.5244496549328,2.25629027678368,2.35320984120016,2.27069899228773,2.37196273274414,2.24898065252682,62.6175882814102,62.3609859463978,62.3001962216849,62.492677166365,62.2640471299416,62.2001905859948,11.5011424955425
78.8656021466083,-153718.7931,-161494.4514,-152704.5768,-162846.7398,-153042.6489,78.896633471468,78.7594951370159,78.369508306201,78.8973695103249,78.5245161202657,2.25632424119503,2.35319597298725,2.27069735357591,2.37199845456316,2.24897247400595,62.6175483391165,62.3609980636935,62.3001942869893,62.4926350737044,62.2640544633629,62.1997450320994,11.5011884963273
78.8840863581463,-153718.7931,-161494.4514,-152704.5768,-162846.7398,-153042.6489,78.8963667245671,78.7594826915754,78.3695305377258,78.8971030083731,78.5245993936576,2.25635594019575,2.35319691355528,2.27069406597092,2.37203127886274,2.24896221533338,62.6175102931587,62.3609921726988,62.3001932526952,62.492595581372,62.2640635644318,62.1993361503461,11.5012404139181
78.8792170244984,-153718.7931,-161494.4514,-152704.5768,-162846.7398,-153042.6489,78.8965606704905,78.7594000262991,78.369567344659,78.8973038759428,78.5246716974851,2.25633299056426,2.35320771769858,2.27069037438692,2.37200664198003,2.24895459747099,62.6175386634522,62.3609847968415,62.3002039348388,62.4926260632782,62.2640807891018,62.1989626614513,11.5011923221008
78.8841686916263,-153718.7931,-161494.4514,-152704.5768,-162846.7398,-153042.6489,78.8966042757332,78.7593509729849,78.3696138049924,78.8973472632049,78.5247160946278,2.25632786488589,2.35321396947168,2.27068508421457,2.37200136438145,2.24894972323791,62.6175452877967,62.3609793091242,62.3002129572629,62.4926329508546,62.264089944056,62.198631012973,11.5011780061915
78.9082418086988,-158489.7912,-176241.1728,-156174.3936,-179328.3696,-156946.1928,78.8957376458858,78.7612303658182,78.3706072693515,78.8968586292448,78.5257763907752,2.31193787922716,2.52642176030967,2.30430771804368,2.57096327985501,2.28676422594272,62.5151427390184,62.0923642426781,62.1758705673125,62.2298498615045,62.1261507944126,62.1949913436696,12.0003948633782
78.8613168526211,-158489.7912,-176241.1728,-156174.3936,-179328.3696,-156946.1928,78.8943390036323,78.7623332584421,78.3715929819508,78.8956813366614,78.5268601785763,2.31210960895582,2.52628310722172,2.30419431503016,2.57111949381596,2.28664305633477,62.5149607497763,62.0925522775198,62.1760592412538,62.2296852093151,62.1263655632394,62.175208351826,12.0003495813585
78.8881987369512,-158489.7912,-176241.1728,-156174.3936,-179328.3696,-156946.1928,78.8955315345494,78.7627235294192,78.3725374984368,78.8970397716969,78.5278938689092,2.31196992864858,2.52624353972325,2.304093228624,2.57094775696344,2.28653549359852,62.5151637018245,62.0926814566729,62.1762932186515,62.2299303717406,62.12662774485,62.1487592164659,11.9997899475578
78.8589623464102,-158489.7912,-176241.1728,-156174.3936,-179328.3696,-156946.1928,78.8973169174432,78.7631526738995,78.3734444174294,78.8988923385314,78.5287909328271,2.31175900833084,2.52620067268973,2.303998318831,2.57071231679779,2.28644541722373,62.5154545723685,62.0928277276428,62.1765329573864,62.2302564717774,62.126878667564,62.1250966916358,11.9991157338731
78.8789759794734,-158489.7912,-176241.1728,-156174.3936,-179328.3696,-156946.1928,78.8987814915318,78.763936834436,78.3743060549655,78.900361106542,78.5295686184337,2.31158672652066,2.52611137527226,2.30390803636426,2.57052676018669,2.28636823055831,62.5156982115612,62.0930225962817,62.176759892019,62.2305219939666,62.1271026326905,62.1062235477073,11.9985011289022
78.8851286561516,-158489.7912,-176241.1728,-156174.3936,-179328.3696,-156946.1928,78.8995923320581,78.7649515473722,78.3751146914673,78.9011541536718,78.530312641329,2.31149289112012,2.52599035546772,2.30382196520988,2.57042853285143,2.28629271557874,62.5158439783652,62.0932386083129,62.1769633856246,62.2306780135135,62.1273048912372,62.0913733913222,11.9980264602279
78.9031412979652,-158489.7912,-176241.1728,-156174.3936,-179328.3696,-156946.1928,78.9000803028203,78.7659568453504,78.3758786912329,78.901627091152,78.5310920477035,2.31143768205545,2.52586930371067,2.30373992587573,2.57037151037433,2.28621182078708,62.5159406206353,62.0934449179423,62.1771505470359,62.2307811243598,62.1275038973694,62.0794858600905,11.9976302428032
78.8475924918969,-158489.7912,-176241.1728,-156174.3936,-179328.3696,-156946.1928,78.9007167156772,78.766831701998,78.3766201166651,78.9022662048571,78.5319203264957,2.31136458310363,2.52576532881608,2.30366085589035,2.57029289114545,2.28612563330699,62.5160588705654,62.0936334389869,62.1773359734397,62.2309103160015,62.127713756987,62.0697632117221,11.9972092922625
78.8683236771232,-158489.7912,-176241.1728,-156174.3936,-179328.3696,-156946.1928,78.9009686601279,78.7675988611466,78.3773611124745,78.9025009278578,78.5327723972692,2.31133735679381,2.5256735118089,2.30358010607197,2.57026625191488,2.2860349302397,62.516117812567,62.0937944694504,62.1775091186896,62.2309722506409,62.1279149576305,62.0616793385947,11.9968921568293
78.8912291221786,-158489.7912,-176241.1728,-156174.3936,-179328.3696,-156946.1928,78.900681785327,78.7681755304123,78.3781135867537,78.902195270001,78.5336143140005,2.31137435976125,2.52560369018426,2.30349543199376,2.57030891761453,2.28594276506524,62.5160932440861,62.0939101827411,62.1776661033855,62.2309433308953,62.128095459487,62.0548994359447,11.996725164619
78.8763614286748,-158489.7912,-176241.1728,-156174.3936,-179328.3696,-156946.1928,78.9006646783606,78.7684900737556,78.3788768733855,78.9021853325008,78.5344018456794,2.31137870254138,2.52556782978827,2.30340969842966,2.57031297684324,2.28585713074158,62.5161069216317,62.0939879691257,62.1778264047543,62.2309597218716,62.1282683965385,62.04920145483,11.9965263383441
73.2427838053573,-158489.7912,-176241.1728,-156174.3936,-179328.3696,-156946.1928,78.9011022021274,78.7686758923692,78.3796378378324,78.9026379537486,78.535088305477,2.31132834740956,2.52554963864364,2.30332534959744,2.57025708866252,2.28578429054748,62.5161874876488,62.0940536838717,62.1779940792919,62.2310498406779,62.1284320484974,62.0444384722431,11.9962447148606
73.2658053604625,-207325.1305,-327186.767,-191691.004,-348032.269,-196902.3795,78.2992611642443,78.7628480527021,78.3875923091301,78.1921515912528,78.5420882461814,2.8865985486796,3.88638571111226,2.51573076845978,4.34601686718274,2.51511044989008,61.1371742850976,58.6462579233832,60.1804365175323,59.0569675736809,59.8353340165009,61.9162122667518,16.1498423453245
73.2837025111047,-207325.1305,-327186.767,-191691.004,-348032.269,-196902.3795,76.1216591999182,78.4010410672947,78.395653261627,75.8353058988174,78.5366001956755,3.18014459987868,3.87718330658817,2.47051324817296,4.72014750384013,2.46515105774521,60.5437338818215,58.2367046785456,59.8552539883435,58.216824182016,59.4507300220118,61.42017712847,16.7131397162252
73.3058868645402,-207325.1305,-327186.767,-191691.004,-348032.269,-196902.3795,74.3714158185309,77.3625175911623,78.3958283705277,74.1543600584031,78.4448521038757,3.43661711568582,3.95312364450744,2.41892227057169,4.9860579383906,2.4144658314394,59.9560610059328,57.5855423519706,59.4599979024251,57.475485981008,58.9583253392595,60.7856558805805,17.2091868005949
73.2011918714827,-207325.1305,-327186.767,-191691.004,-348032.269,-196902.3795,73.598249038413,76.0186380889392,78.3595624429471,73.5040338771852,78.1579760603059,3.5489773492636,4.0898524443029,2.38221305178807,5.07349826673017,2.39138435565018,59.6392827779104,56.9028314676536,59.1319362670755,57.1126155451138,58.4833666921256,60.1319028061234,17.4859254677349
73.2497727763191,-207325.1305,-327186.767,-191691.004,-348032.269,-196902.3795,73.3528138694552,74.8587892601314,78.2312576894586,73.3243513153624,77.6334382251907,3.57763222733178,4.21778075018806,2.36339421078075,5.08269883810015,2.39490843556924,59.5056512966254,56.3227787215559,58.85052898067,56.9626043092978,57.9877798159532,59.5650271930393,17.63641446197
73.2161277354941,-207325.1305,-327186.767,-191691.004,-348032.269,-196902.3795,73.2930070198644,74.0751348832683,77.9555075107728,73.2882105329235,76.9252339356977,3.57796900610399,4.30126581946627,2.36271059751652,5.07196207413671,2.41509344482779,59.4471478206529,55.8988975344713,58.569171292021,56.8918275786666,57.4437711594407,59.1204698639752,17.7290009420513
73.2731060696572,-207325.1305,-327186.767,-191691.004,-348032.269,-196902.3795,73.283533887317,73.6247525372845,77.5166646402043,73.2853794770602,76.1414948845432,3.57215765766673,4.34144875376104,2.37852952171899,5.05954406180676,2.44134098429666,59.4151496150458,55.6167480970254,58.2592614367494,56.8487536702448,56.8694827611939,58.7625739124545,17.7930209792502
73.233124781602,-207325.1305,-327186.767,-191691.004,-348032.269,-196902.3795,73.2846771904952,73.3934466018331,76.9517967574002,73.2880440182618,75.3888688829675,3.56626525728409,4.35326978792126,2.40620642622741,5.04912933754558,2.46573389628129,59.3933787301597,55.4343417809444,57.9158979534569,56.8175147571836,56.3075101371786,58.4542772811929,17.8406047052596
73.2600659965439,-207325.1305,-327186.767,-191691.004,-348032.269,-196902.3795,73.2881511020877,73.284256783816,76.3300924912832,73.291845611282,74.7386680566992,3.56126082060897,4.35070380498228,2.43960583656547,5.04073347869347,2.48453071049848,59.3773319924704,55.3145599395132,57.5548045556109,56.7938829936338,55.8016700764427,58.1809941021363,17.8768346513487
73.2284329958065,-207325.1305,-327186.767,-191691.004,-348032.269,-196902.3795,73.2908726499225,73.2365611189201,75.721416896715,73.2944653118047,74.2203759146817,3.55738542764397,4.34254738686821,2.47316203003373,5.03430276147052,2.4972152108112,59.3648991828112,55.2331125736482,57.2008745809175,56.775428528105,55.3795676243496,57.9402692298909,17.9046128168276
73.2382092921255,-207325.1305,-327186.767,-191691.004,-348032.269,-196902.3795,73.2922393137521,73.217323795361,75.1751346775783,73.2956989701773,73.832018606756,3.55454992316431,4.33342321992359,2.50326725925528,5.02954396674836,2.50492969551296,59.3551569408713,55.1759683894458,56.8773273373066,56.7610323986515,55.0492347502374,57.730259298562,17.9257140646045
73.2332361181297,-207325.1305,-327186.767,-191691.004,-348032.269,-196902.3795,73.2934417398977,73.210255177854,74.7147086733015,73.2968804432007,73.5546442363523,3.55240354732107,4.32535607986768,2.52840723161891,5.025952659666,2.50922013409316,59.3479385284123,55.1352511801998,56.5988365707939,56.7503989841931,54.8039764861117,57.5465549643614,17.9413396525668
73.2589754977681,-187600.7962,-266220.6428,-177346.0336,-279893.6596,-180764.2878,73.3033680939924,73.2078699733088,74.3715508619043,73.3071991195122,73.3577502210419,3.38097627136375,3.99941542480758,2.64308040920432,4.46569948707153,2.66614015292347,60.04478569083,57.302281264668,58.3385195111561,58.3307759199975,57.1570346808168,57.4746652966952,17.1553117453706
73.187231204469,-187600.7962,-266220.6428,-177346.0336,-279893.6596,-180764.2878,73.3092366226062,73.2109523306526,74.113430654952,73.3123321746342,73.2303154144306,3.37862992934445,3.99401422478078,2.66355677860919,4.46266806830461,2.67043132007318,60.0414465910088,57.2838541177074,58.2036548980977,58.3257357312991,57.0556331137821,57.6161294040751,17.1693003211122
73.2000439592328,-187600.7962,-266220.6428,-177346.0336,-279893.6596,-180764.2878,73.3078585370251,73.2153449483915,73.8935153625357,73.3104607553939,73.150790843804,3.37779665880198,3.98925421449958,2.68094607459874,4.46135287459168,2.67198417750001,60.0367954669018,57.2692423934901,58.0869344451392,58.3194463074815,56.9855086645141,57.7595799431306,17.181333999992
73.2684308461356,-187600.7962,-266220.6428,-177346.0336,-279893.6596,-180764.2878,73.3065359756998,73.2178555892628,73.7042957777256,73.3090594166529,73.1029206821789,3.37716448684356,3.98557154499724,2.69595391814852,4.4602794418875,2.67200254931253,60.0329886931657,57.2570188300202,57.9857069776529,58.3144371577532,56.9377496500636,57.8527930281311,17.1909719411894
73.2452801638303,-187600.7962,-266220.6428,-177346.0336,-279893.6596,-180764.2878,73.3049656806167,73.2185747650728,73.5450553833021,73.3074831191488,73.0748975385278,3.3767392544765,3.98278993530151,2.70856328335266,4.45949686213828,2.6712130685468,60.0297468618742,57.2465908404003,57.8996424354947,58.3102295123438,56.9049488674607,57.9098152159501,17.1988024038158
73.2288954454291,-187600.7962,-266220.6428,-177346.0336,-279893.6596,-180764.2878,73.3039969800667,73.2182433368762,73.4141708046732,73.3065438209079,73.0587250869564,3.37635360965237,3.98072385465253,2.71891979913312,4.45881968235638,2.67014219826523,60.0272618748156,57.2379696116253,57.8283520994534,58.3070125178402,56.8822913989126,57.9452151974559,17.2049591440596
73.2722083478185,-187600.7962,-266220.6428,-177346.0336,-279893.6596,-180764.2878,73.3028345228684,73.2175129682597,73.3084963784155,73.3053622927906,73.0493586718863,3.37611399507365,3.97914753892179,2.72724800462997,4.45836312136773,2.6690296105387,60.0251571214467,57.2309087522169,57.7702721350098,58.3042949549373,56.8661818208931,57.9684198997607,17.2099022705318
73.2383832549361,-187600.7962,-266220.6428,-177346.0336,-279893.6596,-180764.2878,73.3019927131414,73.2165871112153,73.2241919811984,73.3045610463562,73.0437999341474,3.37591367249554,3.97796495035957,2.73387785684033,4.45798131598354,2.66802628435068,60.0235274306224,57.2252303205444,57.7236490592487,58.302208936793,56.8545373090989,57.9842339091615,17.2137640800297
73.2139703976352,-187600.7962,-266220.6428,-177346.0336,-279893.6596,-180764.2878,73.3029854690539,73.2158449127984,73.1574510680329,73.3056884795193,73.0403343260998,3.37548624352824,3.9771070862952,2.73918162332755,4.45737737287598,2.66725114795852,60.0228387693128,57.2210387781613,57.6869212198359,58.301303657355,56.8463668997683,57.9944693010609,17.2164034739855
73.1898814647483,-187600.7962,-266220.6428,-177346.0336,-279893.6596,-180764.2878,73.3036253930357,73.2157775480272,73.1048828187512,73.3062889052738,73.0380724115722,3.37517711467824,3.97635680004251,2.74335769548701,4.4569616861018,2.66661755741667,60.0222623789094,57.2179534037494,57.6579029615369,58.3005046714105,56.840257285158,57.9998068124072,17.2184708537262
73.2467982723796,-187600.7962,-266220.6428,-177346.0336,-279893.6596,-180764.2878,73.3018530792072,73.2158731408841,73.0636497798647,73.3043395706288,73.0366184484102,3.37530999357549,3.97566172624434,2.74654394051734,4.45706131839343,2.66600547175441,60.0210129245737,57.2152520613648,57.6345898481531,58.2988907731807,56.835084481017,58.0007166003587,17.220582450485
73.1984660842014,-187600.7962,-266220.6428,-177346.0336,-279893.6596,-180764.2878,73.3009189408481,73.2153629800968,73.0314568338307,73.3034748805171,73.0356939041176,3.37533835994922,3.97522464579673,2.74903527965952,4.45701784376896,2.66552495729227,60.0201903985139,57.2129826141858,57.6163796331591,58.2978797169843,56.8312392845058,57.9977840502349,17.2221410864667
73.2586160228268,-182412.9245,-250185.403,-173573.036,-261971.921,-176519.6655,73.3033013977709,73.2144864542578,73.0067808620591,73.305975701137,73.0356718947675,3.32789393921684,3.86980628740611,2.77820353081944,4.29114751689979,2.69962659875977,60.2057332425623,57.7663079503318,58.0780551547329,58.7183088034376,57.4116105669541,58.0126286776414,16.966677873102
73.2873933704711,-182412.9245,-250185.403,-173573.036,-261971.921,-176519.6655,73.3047945439785,73.2148325777526,72.9874475866362,73.3073034643866,73.0356463138834,3.32756890557697,3.86952768256349,2.77994639576031,4.29080445097158,2.69939625734337,60.2059470312653,57.7655418095675,58.0680813233217,58.7184702279408,57.4102517737244,58.0732368089893,16.9672436922157
75.6865722397007,-182412.9245,-250185.403,-173573.036,-261971.921,-176519.6655,73.312337548334,73.2156748105407,72.9723178132112,73.3158472152296,73.0357268574462,3.32626710842255,3.86947447698758,2.7815765757182,4.28920617179341,2.69950395693387,60.2083635554369,57.7661716134024,58.0616952429805,58.7215777681047,57.4109557090733,58.131727718066,16.9660282898556
75.7098604697191,-182412.9245,-250185.403,-173573.036,-261971.921,-176519.6655,73.9093526452314,73.2554261876077,72.960841536508,73.9642915272974,73.0367520527466,3.22899594309544,3.88504503440394,2.80553635764016,4.17576890509747,2.72465962398834,60.4106309217182,57.8678418033674,58.1775583479719,58.9735599978276,57.5562380208776,58.1778080877314,16.8200058642253
75.7150824503392,-182412.9245,-250185.403,-173573.036,-261971.921,-176519.6655,74.889352644622,73.5561779467515,72.9536092733037,74.9651562879164,73.0554821967108,3.07679130013521,3.87212038134983,2.84611504556256,4.00804058984934,2.7663689786489,60.7228676833954,58.1172317323198,58.3810997974856,59.34709325134,57.8083724052256,58.2398459552117,16.5694362955458
75.6979532767062,-182412.9245,-250185.403,-173573.036,-261971.921,-176519.6655,75.4528894349951,74.1228417673925,72.9582758428677,75.5013430303832,73.149878632161,2.99493991174201,3.80445498321566,2.87660824379285,3.92428073390064,2.79055526757273,60.8992359505598,58.409301045474,58.5402407975245,59.5499280246572,58.0349185267814,58.3444517847342,16.3908391402239
75.7503547197003,-182412.9245,-250185.403,-173573.036,-261971.921,-176519.6655,75.6689112815296,74.6987316637297,72.9984471172501,75.6915607956392,73.3688835237918,2.96644791068823,3.72746535373932,2.89386050571386,3.8986963204179,2.79238697075684,60.9754735423563,58.6606326795251,58.6663677413309,59.6354678248703,58.2638382765041,58.4683081168344,16.2788570613161
75.6609231449205,-182412.9245,-250185.403,-173573.036,-261971.921,-176519.6655,75.735025669303,75.1241149711529,73.103449050501,75.744724894107,73.6949717338215,2.95992171075147,3.67140258895342,2.89774102101225,3.89513924197223,2.77710427359057,61.0091910217601,58.8411122616881,58.7905625054361,59.6739693455251,58.506801832414,58.587607384424,16.2013088362799
75.6664254039795,-182412.9245,-250185.403,-173573.036,-261971.921,-176519.6655,75.7518699453111,75.3850686773936,73.2863266381167,75.756732866884,74.0652719741887,2.96028779456721,3.63980136256447,2.88883370125836,3.89773157524643,2.75318123028284,61.0278563672425,58.9606948315239,58.9293082840791,59.6966657799229,58.7451284699104,58.6979186454676,16.1398356639193
75.6522066424902,-182412.9245,-250185.403,-173573.036,-261971.921,-176519.6655,75.7562559497071,75.5274595439988,73.534589778985,75.7596679462308,74.4184350171668,2.96215317620061,3.62572904756384,2.86964219745438,3.90127815317811,2.72804525004241,61.0415146485482,59.039338804907,59.0815550042939,59.714200761475,58.9571329949356,58.8015287030209,16.0868478244393
75.6886790320379,-182412.9245,-250185.403,-173573.036,-261971.921,-176519.6655,75.7557461617138,75.5993111515598,73.8184209742504,75.7586446181053,74.7179477022406,2.96441355818939,3.62161301637788,2.84408949588243,3.90495780903202,2.70602403636717,61.0522249334473,59.092451353697,59.2355330128221,59.7282971350576,59.1308239463688,58.8998115262896,16.0410979158489
75.7202993095976,-182412.9245,-250185.403,-173573.036,-261971.921,-176519.6655,75.7553851016784,75.633237088462,74.105175365135,75.7582475357669,74.9518671778192,2.96631645532543,3.62236286072827,2.8164353819939,3.90799208163261,2.68884750115834,61.0612962077083,59.1297942800168,59.3791004351409,59.740346455662,59.265171847181,58.9927232397455,16.0019542808386
75.7075401635384,-172040.1874,-218124.2156,-166029.2272,-226138.8292,-168032.8806,75.7608634404192,75.6467086447138,74.3656390275003,75.7638178412034,75.1236204080194,2.86212208316647,3.34544192429992,2.79111245965375,3.54118533759298,2.67341681858734,61.3978260823681,60.0671580788323,60.1517883510065,60.5046440387995,60.1049275986291,59.1015635725323,15.2132786233004
75.7011137467169,-172040.1874,-218124.2156,-166029.2272,-226138.8292,-168032.8806,75.7645858403655,75.6544235543934,74.5892310135172,75.767159529741,75.2439119389522,2.86272227883981,3.34753284937842,2.76517945783737,3.54231084902596,2.66298926390904,61.4045598232823,60.0846042367044,60.2420769398908,60.5128340806591,60.1664099399835,59.2749585834164,15.1807346989906
75.6586385482029,-172040.1874,-218124.2156,-166029.2272,-226138.8292,-168032.8806,75.7611721290807,75.6591596674527,74.7745703064614,75.7633030249938,75.3255157722081,2.86412812371022,3.34923591231794,2.74341576223137,3.54424575349646,2.65607961203388,61.4081946685018,60.0972574935389,60.3135993267832,60.5173053456433,60.2087904421736,59.4514666163936,15.1571051637899
75.7072049800579,-172040.1874,-218124.2156,-166029.2272,-226138.8292,-168032.8806,75.7578900747347,75.660519847239,74.9225729316447,75.7599909271943,75.37958182219,2.86529042707674,3.35085045911617,2.72594415551057,3.54576128456727,2.65168327264663,61.4107348909708,60.1061158949366,60.3689161215369,60.5205096998364,60.2377938251091,59.6046319886155,15.1395295989174
75.7035673618678,-172040.1874,-218124.2156,-166029.2272,-226138.8292,-168032.8806,75.7552550770932,75.6596760238422,75.0371608447242,75.7573769087434,75.4144696707796,2.86617447989576,3.35232133752009,2.71236650011799,3.54689849080297,2.64898808462234,61.412525179743,60.112096786284,60.4106508501884,60.5227817623166,60.2572758038449,59.7359162245268,15.1267488929591
75.7178550078364,-172040.1874,-218124.2156,-166029.2272,-226138.8292,-168032.8806,75.7524980626447,75.6577812340202,75.1236787138377,75.7546177889493,75.4362158951363,2.86693723606314,3.35356773803479,2.7020711048978,3.54785840541319,2.64741133982636,61.4135840861834,60.1159804724845,60.4414389863528,60.5241445405215,60.2699947092536,59.8497379077637,15.1178458242353
75.7457254365707,-172040.1874,-218124.2156,-166029.2272,-226138.8292,-168032.8806,75.7508234796132,75.6554315422046,75.187622544403,75.7530315631644,75.4491370840159,2.8674329005115,3.35461178969802,2.69444554570032,3.54847175736446,2.64657841138193,61.4143881278078,60.1184678360278,60.4638305619943,60.525190896063,60.2781428005496,59.9488931779096,15.1115404046562
75.6932134642191,-172040.1874,-218124.2156,-166029.2272,-226138.8292,-168032.8806,75.7502251685855,75.6533108982437,75.2339741841981,75.752492632256,75.4562747999623,2.86769093150411,3.3554229574359,2.68891277908518,3.54880205813417,2.64621983136312,61.4150797900487,60.1201032263622,60.4798862006091,60.5260692793386,60.2832247479799,60.0348823367157,15.1070485575225
75.6976534661025,-172040.1874,-218124.2156,-166029.2272,-226138.8292,-168032.8806,75.7495093469091,75.6517237016476,75.2669478651515,75.751782755618,75.4597885104607,2.86791274616328,3.35599364130085,2.68496252119611,3.54908373656899,2.64612714818238,61.4154726999369,60.1211574385221,60.4911528923613,60.5265678709748,60.2862070076216,60.1085977102641,15.1040797934116
75.6928446136861,-172040.1874,-218124.2156,-166029.2272,-226138.8292,-168032.8806,75.7490395345334,75.6505284970789,75.2899706445446,75.7513377199444,75.4611754729399,2.86805954949366,3.35639710292243,2.68219760194414,3.54926646219689,2.6461775523146,61.4157365837349,60.1218291130075,60.4989441765231,60.5269066696454,60.2878829950029,60.1707588021019,15.1020982688717
75.7078734508554,-172040.1874,-218124.2156,-166029.2272,-226138.8292,-168032.8806,75.7491041327692,75.6496955519825,75.3057508253048,75.7514307104518,75.4614031922899,2.86809983327143,3.35667629280301,2.68030384393449,3.54932212531242,2.64629720492478,61.4160024997855,60.1222877597562,60.5042738164208,60.5272384210299,60.2887967763896,60.2222320433779,15.1006993002461
75.6728008205406,-172040.1874,-218124.2156,-166029.2272,-226138.8292,-168032.8806,75.7489012583127,75.6492040082404,75.3163695261374,75.7512171832865,75.4610757975091,2.86816267264244,3.35684542009747,2.67902271678393,3.54940384264977,2.64642615387087,61.4161136532255,60.1225785304021,60.5078143488058,60.5273753979247,60.2892086773582,60.2641296166672,15.0998608060445
75.7285626288051,-177043.6727,-233589.5338,-169668.1256,-243423.5966,-172126.6413,75.7458641078626,75.6496746192606,75.3239170357139,75.7481132228327,75.4607290405888,2.92014349663885,3.49869423920129,2.68600291596918,3.73292552095916,2.65377612581737,61.2587875685112,59.6963233561798,60.2301264613318,60.166303827489,59.9622760835683,60.2853190838108,15.4915422985858
75.6857412458684,-177043.6727,-233589.5338,-169668.1256,-243423.5966,-172126.6413,75.7442437878582,75.6489141012016,75.3290612878172,75.7467640073048,75.460384240118,2.92040028798944,3.49883084515498,2.68537679079012,3.7331684045843,2.6538261142941,61.2584410998913,59.6961857098344,60.2317514298998,60.1659683798767,59.9622232178445,60.2625083539237,15.4916024428129
75.7130808870987,-177043.6727,-233589.5338,-169668.1256,-243423.5966,-172126.6413,75.7454568525261,75.6478777151737,75.3323529854235,75.7481556877711,75.4599261172696,2.92022484802563,3.49904194825676,2.68500748108589,3.73294314032899,2.65391983650742,61.258783892977,59.6961117788139,60.2329665660531,60.1664198380592,59.962312406913,60.2312524895387,15.4911372542048
75.6999663237388,-177043.6727,-233589.5338,-169668.1256,-243423.5966,-172126.6413,75.7455698674391,75.6474800915202,75.334340697503,75.7482236308796,75.4593366572053,2.92021091582604,3.49911897798772,2.68477214079059,3.73293684543629,2.65399752070235,61.2588277926017,59.6960653179093,60.2336307043339,60.1664615055143,59.962176571856,60.2061124439735,15.491036400743
75.6991635049965,-177043.6727,-233589.5338,-169668.1256,-243423.5966,-172126.6413,75.7461415817849,75.6474015713356,75.3354283293417,75.7488410798952,75.4587558971944,2.92012723789282,3.49914857940844,2.68465278148541,3.7328359411425,2.6540791789344,61.2589843809831,59.6961217404198,60.2340469606171,60.1666577555466,59.9620726140085,60.1864724640382,15.4908437188636
88.6750289997498,-177043.6727,-233589.5338,-169668.1256,-243423.5966,-172126.6413,76.1063094759012,75.6521041461833,75.3359476373034,76.1520428720375,75.4583304085604,2.8671177158913,3.50568826649083,2.69138818101583,3.66608629983948,2.66163815972781,61.3513023454927,59.7305806343489,60.2723586010625,60.2861496012908,60.0056572891419,60.1703838441978,15.3919186229652
88.6965780253713,-177043.6727,-233589.5338,-169668.1256,-243423.5966,-172126.6413,79.8795187578357,76.0315606724852,75.3369688021153,80.1796170140001,75.4679344903081,2.38447457541126,3.50561928188834,2.75023781989544,3.07701590362524,2.72497925683404,62.1379404755845,60.1097238522502,60.5957107179836,61.2763237661262,60.3744528275413,60.1696576869889,14.4423268376543
88.7168596943738,-177043.6727,-233589.5338,-169668.1256,-243423.5966,-172126.6413,84.173246989156,77.7110464798978,75.3459610720932,84.5204490107537,75.6074650319725,1.97497408294241,3.2889361866604,2.80456898858273,2.58686262561455,2.76593942187158,62.7530457282515,60.7402404221581,60.8902762018466,62.0353996004543,60.7374992911415,60.2436579910419,13.4212813056717
88.6688435009309,-177043.6727,-233589.5338,-169668.1256,-243423.5966,-172126.6413,86.7130691128767,80.3242140204903,75.4093262744777,86.9648350473594,76.1515080354495,1.78671517190219,2.94690919854012,2.83367292497644,2.36595725470842,2.73163299327399,63.0359083616988,61.3837260720505,61.1021120796159,62.3803951387998,61.0947912123198,60.3868056179677,12.6648875434012
88.7309200814792,-177043.6727,-233589.5338,-169668.1256,-243423.5966,-172126.6413,87.9037106712192,82.8818142796337,75.6373368207398,88.0535428749723,77.2260242377956,1.70996449629569,2.65605796490371,2.82667692917649,2.27933958680351,2.61439652180341,63.1638155252434,61.8672510066823,61.2947124205648,62.5348644422556,61.494124313115,60.5467865696793,12.0864354989828
88.6726006180686,-177043.6727,-233589.5338,-169668.1256,-243423.5966,-172126.6413,88.4053182936271,84.8777465836462,76.14754984208,88.4855417027639,78.6674315212923,1.68020390553279,2.45973011647701,2.77042262273959,2.24803382545839,2.451057841531,63.2272180628209,62.1858675900112,61.5136939231128,62.6114942147377,61.8871565936497,60.7032537172266,11.6094483117388
64.497159319174,-177043.6727,-233589.5338,-169668.1256,-243423.5966,-172126.6413,88.6027990602581,86.258091398298,76.9700281456308,88.6437608064968,80.2161429427928,1.66948724916691,2.3383950175336,2.66617847504849,2.23816890283073,2.28570224120131,63.2630773206599,62.3887717403359,61.7640072902261,62.6556712208384,62.2219249282767,60.8565617024818,11.197931885781
64.4912094540675,-192692.4663,-281958.5322,-181049.0664,-297483.0654,-184930.1997,87.5032407696785,87.1984711827553,78.0755468376351,87.3087317745224,81.7604444799813,1.87710402881094,2.66085352533551,2.63073205765636,2.80253990997873,2.24979276855832,62.9741793191785,61.8781733048507,61.6309129049712,61.9448932450495,62.1191611803942,61.0186446884634,12.2210222903399
64.4636036201214,-192692.4663,-281958.5322,-181049.0664,-297483.0654,-184930.1997,81.3828640377579,87.1613327501838,79.2965293826338,80.396551325422,83.096417863723,2.41022662355731,2.65098620430994,2.46110013128761,3.63536571351253,2.11284571479247,62.2794321771772,61.7467893770675,61.718445048272,60.8433136731852,62.182057282048,61.1478137844965,13.2705243874598
64.4560088085234,-192692.4663,-281958.5322,-181049.0664,-297483.0654,-184930.1997,73.2719448426607,85.1551055572297,80.4904203130426,71.953574881448,84.0781824587507,3.56704426218332,2.7847121556562,2.26354454683319,5.15249475426924,1.98439356067565,60.3638908104121,60.9610057346965,61.3781719044097,58.1577006226326,61.8100104548207,61.1804656831627,15.7521892796176
64.4348822604133,-192692.4663,-281958.5322,-181049.0664,-297483.0654,-184930.1997,67.6029830392446,81.1311958176577,81.536533995464,66.8462708163709,84.5003617351212,4.65723137015419,3.08424265128981,2.06774850315449,6.09767258750078,1.87713633262759,57.7165083481321,59.2867394994129,60.6145381158473,55.1888443591333,60.9598141656427,60.7326219434631,17.7840314447269
64.4674149261322,-192692.4663,-281958.5322,-181049.0664,-297483.0654,-184930.1997,65.3151741462256,76.2674284205492,82.3505702416041,65.0677015251912,84.2049080329242,5.04563066529664,3.52717931734257,1.92840255156904,6.27011906823077,1.82810715924666,56.1897341118671,57.1661585929273,59.9167554616543,53.7308881448416,60.0330114845696,59.5060434164639,18.5994387616857
64.4155910714882,-192692.4663,-281958.5322,-181049.0664,-297483.0654,-184930.1997,64.675001462652,71.8754770037494,82.8119861452618,64.6142035297061,83.1320821096598,5.08128624668413,3.9756196112382,1.83790179292857,6.2168566574255,1.8287184973809,55.6135949926405,54.9287842969026,59.2735001230308,53.1802629281962,58.9682661938128,58.1462633951946,18.9403828056573
64.4739703526157,-192692.4663,-281958.5322,-181049.0664,-297483.0654,-184930.1997,64.5297197214547,68.875233305229,82.7080069152409,64.5178335364032,81.3480054813476,5.04119298585299,4.26868146150676,1.79393335841437,6.14403910418044,1.86240770311799,55.3962467120112,53.0919980185215,58.5926040435754,52.9483808451372,57.6212902950664,57.2015982883046,19.1102546130725
64.4790794052994,-192692.4663,-281958.5322,-181049.0664,-297483.0654,-184930.1997,64.5104413774824,67.0759794679267,81.8703688622205,64.5098562877733,79.0468981504381,4.99972978342724,4.41324437055614,1.79553533862518,6.08787998923707,1.90900434466703,55.301223666496,51.8097494081402,57.7764818011019,52.8336783941923,55.8993253038588,56.5883217287804,19.2053938265127
64.5029477430134,-192692.4663,-281958.5322,-181049.0664,-297483.0654,-184930.1997,64.5191369770659,65.9610431870446,80.2951746178551,64.5208690508307,76.51530884019,4.96679751073016,4.47544311732181,1.83233089553707,6.04650119335322,1.9454626545702,55.2488576930377,50.9069799122363,56.6851237430636,52.7647860739111,53.8015255512587,56.0934106645976,19.2665353715125
64.4680719148577,-192692.4663,-281958.5322,-181049.0664,-297483.0654,-184930.1997,64.5277301384858,65.2785992312421,78.1322725878487,64.5295635082113,74.0413893861636,4.94346309860843,4.49280092891514,1.88983556287413,6.01781221655191,1.96396391224171,55.213692761602,50.2826969117427,55.2406377213268,52.7174352477796,51.5415782352661,55.6307752218663,19.3078757191913
64.4829874059243,-192692.4663,-281958.5322,-181049.0664,-297483.0654,-184930.1997,64.5311879578694,64.8621759971766,75.6498313776972,64.5327780256827,71.8283658791114,4.92792374870719,4.4900699097835,1.94989981213001,5.99874876292831,1.96949018449272,55.1877803851033,49.8571526401535,53.4633449777498,52.6831119439173,49.3916878593129,55.1944558040148,19.3361324180417
64.4795868623155,-192692.4663,-281958.5322,-181049.0664,-297483.0654,-184930.1997,64.5330318516175,64.6114535726626,73.1550883695649,64.5345368774075,69.9706635990342,4.91775398403911,4.48143433531937,1.99936202989566,5.98629844768566,1.9697815991502,55.1703023980658,49.5775160361961,51.5174734623037,52.6602258369038,47.5373049202444,54.7924510406876,19.35463039609
64.4613060948551,-181573.1647,-247589.7818,-172962.3016,-259070.9326,-175832.5893,64.5375274250271,64.5026600733679,70.937388755798,64.5388672286463,68.4114429698822,4.85576075551343,4.38008298176544,2.14371901728312,5.71342977111066,2.08059116639614,55.6024376592233,50.9957839638781,51.658227638242,53.7039316692587,48.2176844334487,54.5156296182772,19.1735836920688
64.4749269139592,-181573.1647,-247589.7818,-172962.3016,-259070.9326,-175832.5893,64.5419072024479,64.478204416831,69.2815230329113,64.5431716207951,67.2205227833311,4.85036025415615,4.36479483533148,2.17643968548667,5.70721423719572,2.08364684840056,55.5968689046013,50.9240190734328,50.2922054788489,53.6964360997035,47.0563785285158,54.4296344385007,19.1824558605706
64.4770344473945,-181573.1647,-247589.7818,-172962.3016,-259070.9326,-175832.5893,64.5470338330507,64.469871399094,68.0977508885271,64.5482920030814,66.3383465183908,4.84667596661221,4.35488374150304,2.19654755125973,5.70307357904914,2.08615569648808,55.595195804129,50.8848386644264,49.2822673351354,53.6936813207847,46.1984520234738,54.3073348724474,19.1873365349122
64.4823211401769,-181573.1647,-247589.7818,-172962.3016,-259070.9326,-175832.5893,64.5480494866517,64.4686969360516,67.279592789751,64.549131390736,65.7007448728729,4.84484541149991,4.34809105497401,2.20881582140433,5.70095192086461,2.08791163156188,55.5928291345646,50.8624413549242,48.5686147514401,53.6904810719166,45.5777880426498,54.1304342744457,19.1906158403047
64.4848244035434,-181573.1647,-247589.7818,-172962.3016,-259070.9326,-175832.5893,64.5470056415818,64.4693405133113,66.7284811050415,64.5480264661588,65.2491700452603,4.84403319955578,4.3435292459588,2.21632046882507,5.69990802754098,2.08910568490736,55.5902837438543,50.8487949076765,48.0808600112924,53.6873874709403,45.1377147317378,53.9191026093938,19.192896626788
64.5050669664406,-181573.1647,-247589.7818,-172962.3016,-259070.9326,-175832.5893,64.5460279421562,64.4697543071417,66.3632743432136,64.5470251962105,64.9346439061496,4.84368177023259,4.34099023644817,2.22131607740128,5.69944475051599,2.08872086471505,55.5886561968823,50.8412421563296,47.7575906472125,53.6855033984133,44.8194833133665,53.6862187057408,19.1941536993131
64.5141392389429,-181573.1647,-247589.7818,-172962.3016,-259070.9326,-175832.5893,64.5448215087489,64.4695827961618,66.1212698223553,64.5458259676777,64.7185561618391,4.84362067019573,4.3395727083425,2.22463786719277,5.69932032847401,2.08777055013381,55.5873367703689,50.8366188708755,47.5433678031279,53.6840670516553,44.5942395195974,53.4436164520806,19.1949221243388
68.9472246214455,-181573.1647,-247589.7818,-172962.3016,-259070.9326,-175832.5893,64.545165521513,64.46908154033,65.9583493164533,64.5462217907562,64.5715888842059,4.84335874757597,4.33877512502646,2.22688651637788,5.69902895196491,2.08721536015697,55.5871963738643,50.8336115103801,47.3992067552986,53.6839075412862,44.4419192634916,53.2021209800291,19.1952647011022
68.9713925437822,-181573.1647,-247589.7818,-172962.3016,-259070.9326,-175832.5893,65.2904956512349,64.4933773539922,65.8479862287165,65.3349781078982,64.4722982096948,4.70051555684257,4.39664821041108,2.28170110948871,5.56088291997094,2.14098521954357,56.0603042590116,51.0373910315254,47.7347004205541,54.2028172111545,44.848175986096,52.9735619588395,19.0807330162569
68.9787881706691,-181573.1647,-247589.7818,-172962.3016,-259070.9326,-175832.5893,67.3443695328037,64.9242400274852,65.8303552463158,67.4316514739725,64.4165643242276,4.30793663803316,4.50959431794771,2.44257409001922,5.19153641747359,2.29050619305891,57.2730379703253,51.8052687824367,48.9100478976674,55.5075044748851,46.0734767767842,52.8540327837891,18.7421476565326
68.9623042951082,-181573.1647,-247589.7818,-172962.3016,-259070.9326,-175832.5893,68.5203762302547,65.9784969333596,66.0034238123865,68.575337005392,64.4713217645392,4.09163431751923,4.4652439290085,2.56346043203844,4.99626505228419,2.39900584411562,57.9166284696079,52.7292234055129,49.8810355716967,56.1851529888797,46.9578356134754,52.9579086296336,18.515609574966
68.944157443166,-181573.1647,-247589.7818,-172962.3016,-259070.9326,-175832.5893,68.9160659262415,67.1216726900383,66.3852887263142,68.9386128104636,64.7413806871143,4.02638289468211,4.34805740680005,2.63019974352283,4.94316694177488,2.46013959041614,58.1404741937504,53.5153118146123,50.6719937848378,56.4153369182592,47.6630995233478,53.1407968617203,18.407946577196
68.9513243731053,-180944.848,-245647.712,-172505.344,-256900.384,-175318.512,69.0195942557247,67.9619881912772,66.8977928150688,69.0274669017921,65.2424750203201,4.00977092661008,4.24148899737904,2.66835092876162,4.91806425905571,2.49968256196393,58.2368030162892,54.1231727870955,51.4500814627172,56.5457280399411,48.4835000207864,53.3087194165028,18.3373576737704
68.9795812833681,-180944.848,-245647.712,-172505.344,-256900.384,-175318.512,69.0404058458883,68.4638464263446,67.4171825080101,69.0434561091496,65.8816077593561,4.01158670886137,4.18367409470503,2.6769645906412,4.92252616659455,2.51269999866158,58.2624952689869,54.4337900823562,52.0191772155994,56.5730310245831,49.2094552600373,53.4754529179719,18.3074515594637
68.9291647878684,-180944.848,-245647.712,-172505.344,-256900.384,-175318.512,69.042441065868,68.7284868275841,67.8681823682285,69.0442495713204,66.5393645686592,4.01509637177421,4.15567931151529,2.67571518541981,4.92741143217178,2.51513306268821,58.273951640921,54.6039168418906,52.4629870922516,56.5861882479777,49.8833402078848,53.6501074427023,18.2890353635693
68.9599045198081,-180944.848,-245647.712,-172505.344,-256900.384,-175318.512,69.0419703033996,68.8570178984961,68.2301532595186,69.0435671022124,67.1289090079443,4.01780840778292,4.14465055359599,2.67090434764544,4.93097537127012,2.51243948429909,58.2807496499109,54.6948629678062,52.7972101177596,56.5945100363435,50.4550277763688,53.8273436867999,18.2767781645936
68.9562554469771,-180944.848,-245647.712,-172505.344,-256900.384,-175318.512,69.0423694987648,68.916106897653,68.5056622492208,69.0439918494521,67.6097110382881,4.01951976866713,4.14176045112283,2.665624522319,4.93327998151816,2.50799576359561,58.2857305697489,54.7440696766971,53.0421509447745,56.6007504325227,50.9062866662051,54.0002027307775,18.2681804872227
68.9717345133372,-180944.848,-245647.712,-172505.344,-256900.384,-175318.512,69.0423290250736,68.9424398229125,68.7038946108347,69.0439277299792,67.9763240470729,4.02074748909358,4.1420316078509,2.66114215480863,4.93494427408461,2.50345098615036,58.2889745961087,54.7713303696819,53.2143369185462,56.6048827523695,51.242576194816,54.1661504418123,18.2623165119881
68.9641032396297,-180944.848,-245647.712,-172505.344,-256900.384,-175318.512,69.04093051674,68.9537560195191,68.8358741931755,69.0424537777497,68.242341038426,4.02182580299755,4.14313494024201,2.65789647783394,4.9363308395979,2.49945856227136,58.290459228956,54.7864203859451,53.3274015050739,56.6069028023342,51.4818641115131,54.325228564127,18.2586466229427
68.9267310250778,-180944.848,-245647.712,-172505.344,-256900.384,-175318.512,69.0408954200779,68.9581028722008,68.9137210717921,69.0425023936414,68.4281839229931,4.02234528299605,4.14432347648219,2.65609777293008,4.93702930237498,2.49635327726214,58.2918125399058,54.794830239964,53.3947460723073,56.6087107291265,51.6468581610124,54.4771329645547,18.2561491120454
68.9534590467781,-180944.848,-245647.712,-172505.344,-256900.384,-175318.512,69.0401497402951,68.9597044012767,68.9500194965723,69.0416942734641,68.5541634368251,4.02278276759313,4.14510316855937,2.65542586490061,4.93759682711856,2.49392925049584,58.2922358415134,54.7990958743733,53.4271176979819,56.6093317423259,51.7565267138127,54.6203518493616,18.2548378786675
68.9739597186451,-180944.848,-245647.712,-172505.344,-256900.384,-175318.512,69.0393877429744,68.9599415936827,68.9567334525453,69.0409717592153,68.6374978792579,4.02307311209132,4.14553531488649,2.65562297633583,4.93793974546291,2.49208381591097,58.2922495193,54.8008092223297,53.434983828597,56.6094726013451,51.8274221926941,54.7524321266771,18.2542549646875
68.943366956196,-180944.848,-245647.712,-172505.344,-256900.384,-175318.512,69.0395683994781,68.9597312206419,68.9442322721951,69.0411681770652,68.6914852232982,4.0230850527825,4.14572414383257,2.65644751106234,4.93797888335423,2.49073794095409,58.2924620737766,54.8012437677521,53.4273004440164,56.6097675499248,51.8723261805459,54.8708582024831,18.2539735319857
68.9542612299985,-180944.848,-245647.712,-172505.344,-256900.384,-175318.512,69.0392826806245,68.9595523497232,68.9207228977726,69.0408673639693,68.7258339581845,4.02312696981815,4.14566028149588,2.65755919980383,4.93802916694289,2.48969338480721,58.2922883292262,54.8008467906617,53.410281987432,56.6095933248694,51.8996184015376,54.974021686081,18.254069002868
68.9639160051037,-177200.0003,-234072.7282,-169781.8184,-243963.6374,-172254.5457,69.0403141109147,68.959421521659,68.894379409278,69.0418565113544,68.7485197280862,3.9938646113505,4.08423517800184,2.70309836909953,4.82093447944027,2.53341763521856,58.4386285939358,55.2649709426764,53.8859976581971,56.9498489948912,52.5016970752002,55.079914405975,18.1355502731107
68.9635922734172,-177200.0003,-234072.7282,-169781.8184,-243963.6374,-172254.5457,69.0396117150237,68.9596289746374,68.8662165147946,69.0410162516586,68.7626541829153,3.99394137823976,4.08392708927062,2.70438017255937,4.82102796846392,2.53269906234189,58.4381299712956,55.2641452954522,53.864948332971,56.9492432225255,52.5112220103814,55.2063649723857,18.1359756708756
68.9521140814195,-177200.0003,-234072.7282,-169781.8184,-243963.6374,-172254.5457,69.0372941204461,68.9594028714367,68.8377230981041,69.0386299166603,68.7713938550187,3.9943167997584,4.08355369235709,2.70552053428443,4.82139135108392,2.5320043972506,58.436808798528,55.2626668880771,53.84277786665,56.9477682303003,52.5155030399065,55.3142657562068,18.1367867747344
68.9485785361798,-177200.0003,-234072.7282,-169781.8184,-243963.6374,-172254.5457,69.0370237234222,68.958474650528,68.8111895977116,69.0384630958022,68.7766833580461,3.99429319017301,4.08340083762655,2.70665511376609,4.82132531932882,2.53153451575759,58.4364757438445,55.2612259546106,53.8225299684023,56.9474358158004,52.5177752653898,55.3987064617699,18.1372089766521
68.9952651146917,-177200.0003,-234072.7282,-169781.8184,-243963.6374,-172254.5457,69.0378572259894,68.9577893946611,68.7878719277215,69.039336576857,68.7797008214295,3.9940635264717,4.08329973602167,2.70770888336673,4.82107426102478,2.53123461216592,58.4366997015036,55.2602015578735,53.8050454933943,56.947679654448,52.5188663546196,55.4655327584068,18.1373810190508
68.9313314802096,-177200.0003,-234072.7282,-169781.8184,-243963.6374,-172254.5457,69.0384034215003,68.957687800996,68.7680968399319,69.0398758871578,68.7813010187439,3.99390213783151,4.08313318836756,2.70860125128737,4.82090318891773,2.5310093194015,58.4368175173653,55.2595412508341,53.7902066041921,56.9477898863902,52.5190191260709,55.5193723518059,18.1375490858057
68.9734840847952,-177200.0003,-234072.7282,-169781.8184,-243963.6374,-172254.5457,69.0376234563282,68.9578334370258,68.7517004782692,69.0390237360833,68.7821235805126,3.9940066023839,4.08288886345033,2.70926572078696,4.82100823648395,2.53076331411703,58.4363148401489,55.2588671735105,53.7774836921853,56.9472012163433,52.5182608970716,55.5629495046048,18.1379327372222
69.0124783642651,-177200.0003,-234072.7282,-169781.8184,-243963.6374,-172254.5457,69.0370693926581,68.9576913744627,68.7383316270725,69.0384831855501,68.7825526800424,3.99407428593303,4.0827307362889,2.70980220583397,4.82106002233619,2.53056861199215,58.4359404261651,55.258194539918,53.7670794276213,56.9467905512154,52.5174386538761,55.5977862301065,18.1382358623842
68.9999977499738,-177200.0003,-234072.7282,-169781.8184,-243963.6374,-172254.5457,69.0359766105447,68.9572936603541,68.7275742728031,69.0373611123931,68.7827417065515,3.99425008179869,4.08260330327782,2.71017925017193,4.82122805993121,2.53036513343358,58.4353142234109,55.2573692143071,53.7584048971627,56.9460899181821,52.5163197260852,55.6249746429452,18.1386258286132
68.9796891175067,-177200.0003,-234072.7282,-169781.8184,-243963.6374,-172254.5457,69.0348885898441,68.9565744443766,68.7189883783109,69.0362858723228,68.7827340753828,3.99442857755834,4.08254421634634,2.71045064215633,4.82139034517234,2.53018191127718,58.4346999058317,55.2564517184202,53.7513178355651,56.9454216633839,52.5151341681836,55.6455366311792,18.1389956925105
82.2577193201451,-177200.0003,-234072.7282,-169781.8184,-243963.6374,-172254.5457,69.0858220587822,68.9558860348303,68.712149966362,69.0922687623352,68.7825316174742,3.98465581604153,4.0856076039146,2.71407767338509,4.81074128242088,2.53346476192911,58.4596353662029,55.2660356574964,53.764481875651,56.9746402016837,52.5360111828468,55.6605255537984,18.1285471376912
82.3096316648932,-177200.0003,-234072.7282,-169781.8184,-243963.6374,-172254.5457,72.7654195585669,69.221018450446,68.7079968746467,72.9837125473593,68.7875565863449,3.32072855158109,4.2412317600067,2.94056106492813,4.10006171581271,2.76013682855077,60.0146945446932,56.0334918159666,54.9116051866675,58.7656885266616,53.8752570947645,55.6865882014218,17.3627199208794
82.2871703418648,-183408.0098,-253261.1212,-174296.7344,-265409.4884,-177333.8262,78.0750286510184,71.2022704244645,68.7156826597572,78.3942591511621,68.9161333870261,2.62320609594293,4.2507047826905,3.18468323793221,3.47232930632189,2.99053842042498,61.3683383092983,56.9654791074365,55.6380978271377,60.1300834357055,54.7468875306755,55.8499562360146,16.5214618433125
82.2546957854884,-183408.0098,-253261.1212,-174296.7344,-265409.4884,-177333.8262,80.8508830531725,74.5899281005389,68.8109071117057,81.0597683877075,69.6109590810718,2.32105827607502,3.78725923744124,3.39382337835041,3.13819333221202,3.14653809601072,61.9693700816237,58.6109857711663,56.5392121629475,60.8509329594932,56.1441988420693,56.1188048405838,15.7868723200894
82.2891990295105,-183408.0098,-253261.1212,-174296.7344,-265409.4884,-177333.8262,81.8904222936053,77.660853222829,69.205363601277,81.9923064707792,71.1537792250201,2.22537646120273,3.37561728401762,3.49543313369698,3.03907934976605,3.13514419443737,62.1970837904445,59.7333478661105,57.2903980974081,61.1243970502915,57.638077396362,56.3942888357379,15.2706504231207
82.267920514652,-183408.0098,-253261.1212,-174296.7344,-265409.4884,-177333.8262,82.2213740777015,79.7352027476834,70.1205742674571,82.264161072873,73.2103203817451,2.20044501883231,3.1305584254424,3.48205068531324,3.01907149347612,2.99273241852146,62.304906466669,60.4043394583629,58.1598163770723,61.2579567714398,59.051462122443,56.6920055598205,14.8248580415855
82.3336668122352,-183408.0098,-253261.1212,-174296.7344,-265409.4884,-177333.8262,82.316233856821,80.9371855080886,71.5387773192072,82.3338264084945,75.2593363893672,2.19776338334819,3.00705845154253,3.35403104145191,3.02235181672876,2.80143719612924,62.3754648552618,60.812403128014,59.1214905695141,61.3504212861769,60.1336451261785,57.0389190281374,14.3826418892006
88.1906733981288,-183408.0098,-253261.1212,-174296.7344,-265409.4884,-177333.8262,82.4618551878826,81.5788277314882,73.195953650602,82.4895351763814,77.0052550730563,2.18953899896145,2.95126243998513,3.15477378316124,3.0140424761781,2.62628705787739,62.4461843237333,61.0735700080298,59.9943841969131,61.4482814137569,60.8708138684033,57.4315436735419,13.9359047561633
88.1944076402034,-183408.0098,-253261.1212,-174296.7344,-265409.4884,-177333.8262,83.8762145457946,82.0279072552004,74.8216974340269,84.0395296704469,78.3828597881497,2.06615127370147,2.92039767923427,2.95496997947852,2.84587848683116,2.49567191832946,62.6652352214591,61.3059359388401,60.7274881871262,61.7549406108456,61.4039957753561,57.8495439247778,13.2830693375749
88.1838973409111,-183408.0098,-253261.1212,-174296.7344,-265409.4884,-177333.8262,85.7499152105775,82.7665714051718,76.2691617042066,85.9672866313149,79.4591435733811,1.91772213759877,2.85259657713151,2.77719180415379,2.65343796633748,2.39646060138263,62.897234372098,61.5520760129382,61.2727307242548,62.0665083213815,61.7773698369731,58.2698335518351,12.5974090866042
88.1702691049831,-183408.0098,-253261.1212,-174296.7344,-265409.4884,-177333.8262,87.0233444609567,83.8402104117145,77.499925110908,87.1961242985996,80.37160610321,1.82727107369781,2.74478556210729,2.62806423880479,2.5423191752465,2.31151042004365,63.0394415916668,61.7924418075265,61.6525327244794,62.2506991882991,62.0400105566653,58.6826746209722,12.0539504699
88.106163920769,-183408.0098,-253261.1212,-174296.7344,-265409.4884,-177333.8262,87.6894300464101,84.9694999726745,78.5465657041025,87.7987280577818,81.2396380121281,1.78337772121916,2.6341671649437,2.5054759148962,2.49168085659946,2.23060255075687,63.1152237938662,61.9958642266868,61.9237895834207,62.3463381882603,62.2431233226394,59.0855688698952,11.6453042084154
88.1952643121862,-183408.0098,-253261.1212,-174296.7344,-265409.4884,-177333.8262,87.9936143722793,85.934416138831,79.4678531019781,88.0551187864107,82.1089040179698,1.76441830687801,2.54435326232507,2.40198885470563,2.47164382713534,2.15124616810085,63.1553479721897,62.1498270106071,62.1289028701777,62.3963924374382,62.4116351743619,59.4753650003595,11.3336504191449
68.0260543323693,-183408.0098,-253261.1212,-174296.7344,-265409.4884,-177333.8262,88.1202930037032,86.6606752934821,80.3149805488939,88.1533230853272,82.9659135137366,1.75705012182437,2.4800310040488,2.31102468479559,2.46493290733354,2.07593209002591,63.1778673989475,62.2592073914031,62.2935524425282,62.4247393969392,62.5540347603545,59.8462813128871,11.0889708080282
68.013062403939,-184438.1686,-256445.2484,-175045.9408,-268968.2188,-178176.6834,87.4263233020284,87.1553108122068,81.1203071288491,87.3216475879537,83.7788796854386,1.81308148560428,2.46374753617636,2.23447828470449,2.56991961021573,2.01440371018712,63.1189508385059,62.2837528050291,62.4014019887546,62.3132441823921,62.6435563753948,60.1947915432694,11.095630626888
68.0025696550539,-184438.1686,-256445.2484,-175045.9408,-268968.2188,-178176.6834,83.1990067464694,87.1497992155044,81.8876047236695,82.5833194728342,84.5059883931649,2.15120896703427,2.45838274701415,2.15104271462934,3.07734869722517,1.94954858125396,62.712272239195,62.2239654186816,62.442622639159,61.6985928280803,62.6675617434573,60.5214761677962,11.787531707157
67.9531780104131,-184438.1686,-256445.2484,-175045.9408,-268968.2188,-178176.6834,77.0328319327137,85.9307972007517,82.6062660061939,76.0703284708168,85.0725757753734,2.87786987103339,2.5488686836169,2.06382481913046,4.07501763533193,1.88982257458146,61.7189890724476,61.8898412445204,62.3395327731828,60.2987190979156,62.5439668655209,60.8151940134902,13.4554035836941
67.9999715895471,-184438.1686,-256445.2484,-175045.9408,-268968.2188,-178176.6834,71.97070268638,83.1944720793093,83.250843327915,71.2212947292753,85.3337489679035,3.75333515388681,2.77809226411415,1.97480620743357,5.0458195303001,1.84298319295494,60.228813094756,61.1371629853686,62.0705437666015,58.4840999195521,62.2325759053898,60.936565689365,15.3950363486896
68.0174218857315,-184438.1686,-256445.2484,-175045.9408,-268968.2188,-178176.6834,69.3276127298506,79.4679798124757,83.7777877308473,68.9884669199596,85.1242620291035,4.27786846186141,3.15204938128876,1.90012199017272,5.46688417846469,1.8277143851215,59.025461700615,60.0275357240023,61.764997359855,57.2323030368265,61.8301007321644,60.6346709614708,16.6246383969091
68.0191414016944,-184438.1686,-256445.2484,-175045.9408,-268968.2188,-178176.6834,68.3806921607913,75.6915546556266,84.1065637906593,68.2727316769877,84.3266571276856,4.42773600498713,3.60814285453568,1.84865515862606,5.52867997690604,1.85435491353762,58.4272426038031,58.7085131765394,61.4809340977367,56.6479701424803,61.3671506271019,59.997917778956,17.2675689085925
68.0100288709544,-184438.1686,-256445.2484,-175045.9408,-268968.2188,-178176.6834,68.1166720477071,72.6150746428088,84.0880053206197,68.089641689293,82.9130652007516,4.42179569438616,4.01688048147894,1.82398753599952,5.478639935567,1.921356641699,58.1498508684176,57.360142353041,61.1563864233097,56.3587035206967,60.7542047540475,59.3973103887376,17.6626602891306
67.9891325784593,-184438.1686,-256445.2484,-175045.9408,-268968.2188,-178176.6834,68.0580622082941,70.5129522780586,83.532606963645,68.0534618313264,80.9683149857705,4.37960065018494,4.28392269849905,1.83506777142747,5.41266873100987,2.02197543637665,57.9952161870618,56.2089500647318,60.7394503836852,56.17954352483,59.9121374844007,58.9807592336057,17.933235287498
67.9882523541829,-184438.1686,-256445.2484,-175045.9408,-268968.2188,-178176.6834,68.0516504301094,69.2614336917513,82.3355003582396,68.0524206458527,78.6871320214752,4.33782632168725,4.40633124496186,1.88790192416231,5.3552993018423,2.13864586628512,57.8918967403494,55.354798816964,60.1802249630181,56.0513012480949,58.7796408547819,58.669276804836,18.1260046589388
67.9759307653164,-184438.1686,-256445.2484,-175045.9408,-268968.2188,-178176.6834,68.0554281613852,68.5898049910588,80.5903670304295,68.057247872312,76.337742863207,4.30395275898149,4.43168927406508,1.9774218138127,5.31003253252297,2.24314046576421,57.8157137766647,54.7627435768808,59.4380834069687,55.9538217749201,57.3576235431931,58.3724925837294,18.2662368451465
68.0107752886242,-184438.1686,-256445.2484,-175045.9408,-268968.2188,-178176.6834,68.0595703047293,68.2567537185819,78.570999840927,68.0614735456905,74.1815347136332,4.2786412951406,4.41059642863133,2.08625466993569,5.27646236393727,2.31435091368313,57.7592801104209,54.3635669914374,58.5221593749287,55.8810424349907,55.7854161993492,58.0663899039374,18.366305671328
68.0070054089739,-184438.1686,-256445.2484,-175045.9408,-268968.2188,-178176.6834,68.0611743786808,68.1015592134148,76.5974316163371,68.0629191109644,72.3845153112031,4.26113718564665,4.37640097697484,2.19153675023715,5.25327300518919,2.35265386285754,57.7185721442935,54.0998166666409,57.5117434368173,55.8287203041152,54.2878992454448,57.765978732954,18.4350017809054
67.9964807762652,-179330.4649,-240657.8006,-171331.2472,-251323.4242,-173997.6531,68.0636694760691,68.0326535935304,74.9355224555045,68.0653211446472,70.9661322083154,4.21652169295711,4.28127307266432,2.30121095565288,5.092172670197,2.42864926816786,57.9010825581572,54.6009360122243,57.1451647238424,56.2720472721624,53.8469455524614,57.5231770413399,18.3198276596392
81.3678231468679,-179330.4649,-240657.8006,-171331.2472,-251323.4242,-173997.6531,68.6770082274463,68.0123155993841,73.6661273867154,68.7309344802287,69.9281026506902,4.09024346969443,4.29924570570059,2.39694536283935,4.95706563208555,2.48278672661988,58.2006714241657,54.6367481773526,56.5863195814223,56.6162296603231,53.1822018862003,57.376223987307,18.2262868969398
81.3825228447385,-179330.4649,-240657.8006,-171331.2472,-251323.4242,-173997.6531,73.8606519920678,68.6684239921407,72.7102850450045,74.1471486149608,69.1754849302954,3.17044839036696,4.48799488488042,2.68290044133792,3.98434385047138,2.82204750674816,60.3449712681252,55.8553855918062,57.4509166814624,59.0748081846762,54.4427421100734,57.3140684790773,17.1477350738048
81.3174355402165,-179330.4649,-240657.8006,-171331.2472,-251323.4242,-173997.6531,78.3668367118906,71.2799324196145,72.1985083101615,78.6331956450221,68.8822315659908,2.55255376901834,4.20716794056486,2.92566713431166,3.3136327271619,3.1163376551906,61.579426113125,57.6116283222133,58.2053353900587,60.5100685967657,55.5407696502323,57.5582207597343,16.1153592262474
81.2994012086463,-179330.4649,-240657.8006,-171331.2472,-251323.4242,-173997.6531,80.3874081131807,74.6804488598726,72.2260591932721,80.5417722378331,69.529486836324,2.33417928233024,3.69922470205514,3.05148594630688,3.07905928220029,3.24887606893443,62.0294488423061,59.1353399702908,58.8098525197226,61.0379623395381,56.7322919722536,57.9273093213972,15.412825281827
81.3676617671182,-179330.4649,-240657.8006,-171331.2472,-251323.4242,-173997.6531,81.1001702932649,77.4177163188966,72.5047779253195,81.1722830231775,71.1410708265234,2.26815711035068,3.31922873625001,3.09948111612158,3.01419101748493,3.19752146315748,62.2078422440351,60.0929534387567,59.2963199340307,61.2487325390663,58.1383433632609,58.2321138803849,14.8985794433647
81.3319746031002,-179330.4649,-240657.8006,-171331.2472,-251323.4242,-173997.6531,81.32064209851,79.1792183665766,72.8705495760216,81.3507198801489,73.1676263893784,2.25216626254163,3.10172530050897,3.1063423444662,3.00317228112337,3.01956120154114,62.2941745998008,60.6395847017122,59.6912661689572,61.3540692440583,59.3985727526616,58.4882359449055,14.4829673901813
81.2992437415095,-179330.4649,-240657.8006,-171331.2472,-251323.4242,-173997.6531,81.3803562543856,80.1877088112699,73.4288664137296,81.3929263027779,75.0866460617323,2.25132414086454,2.9899391928297,3.06553260085775,3.00693977019529,2.81384202983383,62.3467717881866,60.9549261050588,60.0741344804825,61.42133009694,60.3109409217303,58.7379397659886,14.1275777345811
81.3442270014093,-179330.4649,-240657.8006,-171331.2472,-251323.4242,-173997.6531,81.3929579492973,80.727038473552,74.2396783777241,81.399254624137,76.6737809380737,2.25434408005327,2.93673454392888,2.97375539352953,3.01358263960111,2.63902093006337,62.384871040521,61.1458165618345,60.4727874605481,61.4716820012857,60.9192639239283,58.9942567650326,13.8174375871762
81.3309757551004,-179330.4649,-240657.8006,-171331.2472,-251323.4242,-173997.6531,81.3927928725995,81.0031142970515,75.2140995242283,81.3970846275685,77.9019910161886,2.25788434371754,2.91376313759521,2.85099203397353,3.01993305408808,2.50738221775008,62.414509810773,61.2675187510326,60.8544080101042,61.5114163594189,61.3203546589377,59.255197552389,13.5499547871244
81.3261660153761,-179330.4649,-240657.8006,-171331.2472,-251323.4242,-173997.6531,81.3892437185035,81.1398438035849,76.2149973031314,81.3929420309518,78.8182286064224,2.26104594032911,2.90545319657183,2.72339751383529,3.02527245530773,2.41284949380415,62.4374977890508,61.3478021116629,61.1825365958325,61.542370622002,61.5869424237858,59.5157695549686,13.3280185998481
81.3945093146823,-179330.4649,-240657.8006,-171331.2472,-251323.4242,-173997.6531,81.385213255224,81.2051679177464,77.1412751617705,81.3888184843821,79.4854616969462,2.26360915632809,2.90378673447424,2.60816342636911,3.02948770023368,2.34635525672402,62.4549274874069,61.4017677169772,61.444649059595,61.5658672636252,61.7658516659323,59.770804391398,13.1514022741291
81.3240966166634,-179751.3469,-241958.7086,-171637.3432,-252777.3802,-174342.0111,81.3815255389243,81.2348630605763,77.9440531495875,81.3851836962412,79.9629167063003,2.26987262334855,2.91706416123352,2.51435058872794,3.0469147966431,2.30293231335429,62.4591697513106,61.4150381324743,61.6326813307227,61.5615877884425,61.8734645010552,60.015429310521,13.0511344833074
81.3516647629354,-179751.3469,-241958.7086,-171637.3432,-252777.3802,-174342.0111,81.3775890227653,81.2468314115611,78.6094517713748,81.3812707208772,80.298537753963,2.27148025653887,2.91906196926686,2.4376166747463,3.04948197601094,2.27117998276306,62.4686254744703,61.4405711853659,61.7846130834005,61.574363131557,61.9561851749059,60.2435631095512,12.948820859326
88.1907571573519,-179751.3469,-241958.7086,-171637.3432,-252777.3802,-174342.0111,81.3826902541002,81.2501723991761,79.1443679766884,81.3878885233727,80.530843500396,2.27183282316776,2.9212184749699,2.37802919044117,3.05015288279088,2.2496256418792,62.4766611952915,61.4585335761726,61.8979407668886,61.5853376299633,62.0127473163848,60.4528651345562,12.8708590132489
88.1957211158397,-179751.3469,-241958.7086,-171637.3432,-252777.3802,-174342.0111,82.2433596241877,81.2841558211628,79.5648988434883,82.3490564524558,80.6896378766806,2.18630971210866,2.92301605254971,2.33615533130268,2.93270285105198,2.2384972736081,62.597772755281,61.5046883326905,62.0093421618811,61.753445249473,62.0794816323581,60.6414180928419,12.6166812206211
88.1671946271318,-179751.3469,-241958.7086,-171637.3432,-252777.3802,-174342.0111,84.2842730223443,81.6257176503578,79.8905581499238,84.5057446796961,80.8088679314794,2.00312562031123,2.89074665521438,2.30905606363003,2.69318282306848,2.23468758552361,62.8421143598779,61.6254520181549,62.1289680431649,62.0784489251034,62.1669851536791,60.8120163972516,12.1307987477477
88.1895918189054,-179751.3469,-241958.7086,-171637.3432,-252777.3802,-174342.0111,86.0813111430376,82.4870746195859,80.143005345649,86.2990613569072,80.9607900456182,1.86300074387269,2.7956709640845,2.28894894038877,2.51827390490305,2.22629787387855,63.0263888555239,61.8066362838742,62.2253897046652,62.3140581463564,62.2486561020319,60.9789148258056,11.6921924271276
88.1899601759404,-179751.3469,-241958.7086,-171637.3432,-252777.3802,-174342.0111,87.1779405392603,83.6686001463332,80.3545648108651,87.3347808074519,81.241484980527,1.78611164778537,2.6686497573527,2.27162927889729,2.4265363157937,2.20324836398822,63.1305427045162,62.003823485254,62.3003392747198,62.4430009890282,62.3335921186764,61.1461853792974,11.3561753638173
88.2022124376053,-179751.3469,-241958.7086,-171637.3432,-252777.3802,-174342.0111,87.7396345093609,84.8524489159069,80.5710008639211,87.8359095759834,81.7026774945828,1.74922638661973,2.54960010449001,2.25264113764968,2.38483904324362,2.16163531699088,63.1851584849248,62.1760688522757,62.3645912187018,62.5089140853382,62.4307939872721,61.3072031591777,11.0979419889939
88.1405131172302,-179751.3469,-241958.7086,-171637.3432,-252777.3802,-174342.0111,87.9991788738703,85.8434995178225,80.8393894834606,88.0534046901337,82.3224817385568,1.73295215486821,2.45659421884216,2.22755025682334,2.36773532179893,2.10556579545099,63.2141106589712,62.3085988263525,62.4279048446315,62.5434555256067,62.5374034929187,61.4561157480541,10.8903977477836
88.1625945575192,-179751.3469,-241958.7086,-171637.3432,-252777.3802,-174342.0111,88.1105077993516,86.5858311698389,81.1911792689128,88.1402013810934,83.0329978226946,1.72634564241267,2.39088047132361,2.19374470718344,2.36154210604426,2.04323085773464,63.2305901766339,62.4040698174272,62.4959741242911,62.5633516016409,62.6443159189157,61.5909430696968,10.7157437846986
88.1797492328211,-179751.3469,-241958.7086,-171637.3432,-252777.3802,-174342.0111,88.1551477197971,87.1025914448888,81.6327350807605,88.1720359141707,83.76071828766,1.7239792749374,2.3471919986684,2.15141526438682,2.35981248307182,1.9821023872361,63.2410794383644,62.4707330317343,62.5696987555013,62.5764395998734,62.7432449812346,61.7120071315243,10.5645014083005
88.1552342154556,-179751.3469,-241958.7086,-171637.3432,-252777.3802,-174342.0111,88.1713627028472,87.4445210386618,82.147658203861,88.1820655668381,84.4497902156231,1.72337319263276,2.31932801623525,2.10307992116134,2.35977791554724,1.92684171506884,63.2485325490665,62.5167399852788,62.6464937816,62.5860943120014,62.8295482992555,61.820354228579,10.4324007606454
88.1605276418449,-180110.0987,-243067.5778,-171898.2536,-254016.7046,-174635.5353,88.1756754434641,87.6630914859059,82.7075438697831,88.1835515549815,85.0680152871302,1.72659172200833,2.31145019801088,2.05468841207498,2.37073676746848,1.8820624709776,63.2496549646871,62.5357217500254,62.7167504843065,62.5809863990179,62.8961044913303,61.9172566236043,10.3455295705403
88.165419122856,-180110.0987,-243067.5778,-171898.2536,-254016.7046,-174635.5353,88.1758046002478,87.798220580317,83.2798892943898,88.1825395653253,85.5999342284883,1.72690203228373,2.30110998491225,2.00451733233921,2.37141215532028,1.84277744167544,63.2542631249897,62.5579390934204,62.78874618744,62.5872661243184,62.9553542184908,62.0029346928592,10.2467189465309
88.1915121271559,-180110.0987,-243067.5778,-171898.2536,-254016.7046,-174635.5353,88.1745189220503,87.8796446469759,83.8373241786035,88.180829546425,86.0439089642994,1.72725101285614,2.29512293786742,1.95750625409694,2.37204888606534,1.8110596808363,63.2580126928245,62.5735214789242,62.8540698817876,62.5924266626076,63.0027460141262,62.0785998951514,10.1629887717221
71.3842398257163,-180110.0987,-243067.5778,-171898.2536,-254016.7046,-174635.5353,88.1719778756759,87.9274474261119,84.3599645847718,88.1780615050847,86.4057597329738,1.72763456685879,2.29179551210486,1.91505813682747,2.37268864936665,1.78591003856591,63.2610033867149,62.5845826527402,62.9116071028578,62.5965581869175,63.0401252287036,62.145580730244,10.0930869037237
71.3355188006195,-180110.0987,-243067.5778,-171898.2536,-254016.7046,-174635.5353,87.7033490564223,87.9483664932974,84.8354286377221,87.6360528171774,86.6949619763976,1.75844173108521,2.29012254923051,1.87738258130181,2.41931706186585,1.76592288213408,63.2288044295119,62.5869884434595,62.9566427544305,62.5475914850612,63.064869382428,62.2050638279977,10.1111868056175
71.3703505294035,-180110.0987,-243067.5778,-171898.2536,-254016.7046,-174635.5353,84.7962380559227,87.7796280205616,85.257113062326,84.3933154314353,86.9194884146123,1.9729461877048,2.3010932375166,1.84261127320416,2.73321063921633,1.74855152104648,62.982637213959,62.5391628344679,62.9654598446086,62.1861200964451,63.054637584444,62.2580553783522,10.5984128586884
71.3845138034691,-180110.0987,-243067.5778,-171898.2536,-254016.7046,-174635.5353,80.1826476106128,86.9356463434553,85.6220549011003,79.4835505001823,87.0630820400727,2.42404347903292,2.36425769513237,1.80924367549291,3.35810688189504,1.73334238866148,62.4284031040596,62.3695155570049,62.9192802148032,61.4088004426446,62.9888301833107,62.2917244348595,11.6889941202147
71.3829510219012,-180110.0987,-243067.5778,-171898.2536,-254016.7046,-174635.5353,75.9362801999135,85.0769472030959,85.9265320227751,75.2693286574038,87.0546519204505,3.00685947566589,2.51796021675694,1.77707854822704,4.07599998029484,1.72432429654789,61.6233197940284,62.0103938219231,62.8128370438426,60.378027663737,62.8544934571153,62.2475310260189,13.1022225174926
71.3985494172544,-180110.0987,-243067.5778,-171898.2536,-254016.7046,-174635.5353,73.2473756080201,82.3629642552596,86.1563658210293,72.844342488329,86.7805146982946,3.47479979627485,2.7779827770315,1.74945458331181,4.55440799443944,1.73077240061963,60.8618964021665,61.4554682723085,62.6777045804689,59.5172662512294,62.6705154842449,62.0279833634579,14.2874175516772
71.3316972961023,-180110.0987,-243067.5778,-171898.2536,-254016.7046,-174635.5353,72.0084412186806,79.3388112732315,86.2731114564043,71.8353448536288,86.1311092878893,3.70272950131076,3.12522097985143,1.73102174031517,4.7390436504106,1.76244314044663,60.3853775825086,60.7543130486438,62.5444369050119,59.0274985803641,62.4543617883568,61.6263095099833,15.0604590123346
69.2991697710219,-180110.0987,-243067.5778,-171898.2536,-254016.7046,-174635.5353,71.5575517287875,76.5885515014984,86.1982282192519,71.4987506881915,85.0436649658621,3.76837495524412,3.4966456578231,1.72594998024445,4.76991398479983,1.82519895309167,60.1369629783566,59.9781570162727,62.3998261870526,58.7737953220838,62.18099503722,61.1851501137596,15.5860835312032
69.2957808766285,-180110.0987,-243067.5778,-171898.2536,-254016.7046,-174635.5353,70.996896938637,74.453813126313,85.8141065280064,70.942220283195,83.52880432386,3.85087563501942,3.79891151386449,1.73770601551188,4.84216904890683,1.91740399190666,59.8209814585596,59.1650485579564,62.1767069042132,58.4071472727941,61.7655653847656,60.8287570463659,16.1470662052093
69.2909955660836,-178983.7383,-239586.1002,-171079.0824,-250125.6414,-173713.9677,70.1493262526826,72.8740900105325,85.0207377470392,70.0887635360149,81.684632568286,3.98062896811688,3.96922649245716,1.76640913208193,4.93377329651257,2.0266977555493,59.4053160236944,58.4509348766148,61.8782443449549,57.9748752887579,61.2036734350581,60.5368152082993,16.6767356447178
69.3052347137917,-178983.7383,-239586.1002,-171079.0824,-250125.6414,-173713.9677,69.6265380577665,71.6323318750318,83.8004071512831,69.5917050107768,79.6486765344658,4.04983310335424,4.10672927021906,1.82858188576756,4.9824649039236,2.15741993985704,59.0661230332974,57.6920972758049,61.4447707957208,57.5962008770318,60.4086977338803,60.2119637320804,17.1250291031215
69.312571289228,-178983.7383,-239586.1002,-171079.0824,-250125.6414,-173713.9677,69.4265383180029,70.6890014606654,82.239010638809,69.41388225847,77.5752377914666,4.05405418322858,4.19463214243129,1.91740779641464,4.96817976108897,2.28842614298662,58.8771187941635,57.0408989528772,60.9190223916412,57.3838871243659,59.4366957047917,59.843625860838,17.4227000261501
69.2719488904752,-178983.7383,-239586.1002,-171079.0824,-250125.6414,-173713.9677,69.3680164985975,70.0499234845959,80.5048893069228,69.3652925830663,75.6177692937264,4.03502292920258,4.23332314167468,2.02347939772449,4.93619276076937,2.39929322424338,58.7688404587958,56.5265595583264,60.302503391574,57.2573419320591,58.3173770417957,59.4935276437585,17.6273114536145
69.364248234012,-178983.7383,-239586.1002,-171079.0824,-250125.6414,-173713.9677,69.3559245842628,69.6671384133973,78.7926102219093,69.3565986767611,73.9055296881114,4.01396328514387,4.23663955984602,2.13318117970878,4.9064436588069,2.47791115201394,58.7011389489423,56.1543605021117,59.6291598439305,57.1752342288121,57.1540356431883,59.1872823105831,17.7681388355195
69.3019693048852,-178983.7383,-239586.1002,-171079.0824,-250125.6414,-173713.9677,69.3558942130618,69.4609260257007,77.2510686501014,69.3574574054181,72.5117233467899,3.99724682676613,4.22232342890187,2.23399823216315,4.88395759018039,2.52591707376147,58.6565503384543,55.9023319420508,58.952436584934,57.1200091377629,56.0785972010462,58.9169528614349,17.863443151773
69.3065191270098,-178983.7383,-239586.1002,-171079.0824,-250125.6414,-173713.9677,69.3578320522209,69.3590014684054,75.9453061472543,69.3595832998502,71.445230021948,3.98530067841193,4.202689795791,2.31922105988684,4.86815100999873,2.552164818774,58.6264163317144,55.7370659356663,58.3190813808309,57.0824008072574,55.1811104002577,58.6709168424194,17.9275273628625
69.3201204728219,-178983.7383,-239586.1002,-171079.0824,-250125.6414,-173713.9677,69.3598146430071,69.3121928359036,74.8700938035227,69.3615687136164,70.6692895644131,3.97690911070235,4.1837128658188,2.38821235383351,4.85714146017817,2.5650976341228,58.6057548541724,55.6284694785739,57.7530599606278,57.0565578669563,54.4871710537449,58.4411615795897,17.9710734246556
69.3203970005778,-178983.7383,-239586.1002,-171079.0824,-250125.6414,-173713.9677,69.3622232647091,69.292354923225,73.9867583986618,69.3639787183175,70.127099787668,3.97078351932378,4.16742647688555,2.44354693777805,4.84919063909955,2.57035692267612,58.5915735571325,55.5551552917753,57.2573430342245,57.038792352299,53.9780920212317,58.2217860491761,18.0013044957631
69.3163842876059,-178983.7383,-239586.1002,-171079.0824,-250125.6414,-173713.9677,69.3626005192263,69.2849216515943,73.2520905422249,69.3642389343818,69.760408462022,3.96657311215617,4.15389627716934,2.48824988916322,4.84368593808962,2.57109053082817,58.5805180661926,55.5029767876803,56.8232294930901,57.0250453708067,53.6160084850054,58.0084495550528,18.0234957474065
69.3053457365147,-178983.7383,-239586.1002,-171079.0824,-250125.6414,-173713.9677,69.3621033432361,69.2823254158176,72.6309772520142,69.363695212471,69.5189320608557,3.96353517660921,4.14289779333494,2.52492649848036,4.83967167595025,2.56930345298391,58.5717567345699,55.4637925148933,56.440758760826,57.0142669138004,53.3633028538023,57.7989823349041,18.0403345973587
68.6414389336349,-178983.7383,-239586.1002,-171079.0824,-250125.6414,-173713.9677,69.3624906460198,69.2814070132444,72.0984197345048,69.3641125255825,69.3632983989461,3.96101386491602,4.13404687370335,2.55550492758649,4.83638981220621,2.56628925508396,58.5652756374929,55.4332888831563,56.1019286914625,57.0063041867236,53.188693831445,57.5939481178954,18.053244733496
68.6051369905504,-178926.6186,-239409.5484,-171037.5408,-249928.3188,-173667.2334,69.2642596996585,69.2778636641672,71.6379825799838,69.2582847619524,69.2646928164504,3.97725280865091,4.12036206848597,2.5763092872711,4.85188787925285,2.55675893591484,58.5145609165124,55.393990911851,55.7745202316281,56.9496680186708,53.034165085768,57.3962066185225,18.0825709795757
68.6215887648337,-178926.6186,-239409.5484,-171037.5408,-249928.3188,-173667.2334,68.9589807535838,69.2178786659633,71.2373043977242,68.9442241979155,69.2010787752737,4.0335325837685,4.10439798532872,2.57932147610814,4.90782337857027,2.53127666520173,58.359272237662,55.2800044985906,55.3923677525991,56.7758913585837,52.8071589084666,57.199986883314,18.1563520889773
68.6125559128263,-178926.6186,-239409.5484,-171037.5408,-249928.3188,-173667.2334,68.7621018960823,69.0669019516653,70.8834378205939,68.7531509546195,69.1470557786781,4.06872381730977,4.10815856076192,2.58139143858935,4.93972282054832,2.51082610211434,58.2540724507,55.1417864026394,55.0512068906432,56.6633980359592,52.6196081887828,56.9878620581426,18.2088227393237
68.6360715369878,-178926.6186,-239409.5484,-171037.5408,-249928.3188,-173667.2334,68.6899178522495,68.8936923803458,70.5654857391273,68.6872706514825,69.0784315506742,4.0798140457551,4.1226849772585,2.58662461935357,4.94818620108347,2.49874156324284,58.2104525634078,55.0176424352514,54.7652861003572,56.6181960531944,52.4710530924631,56.7747206059702,18.2360514066935
68.5838854117216,-178926.6186,-239409.5484,-171037.5408,-249928.3188,-173667.2334,68.6698807539786,68.75859019826,70.2747109925879,68.6701197364672,68.9872948685303,4.08125675583444,4.13540999377083,2.59387395503987,4.94823814990822,2.49212240032339,58.1941199196967,54.9252380666697,54.5186696101854,56.6011718447405,52.3358066412061,56.5835190471198,18.2509012548768
68.535023139904,-178926.6186,-239409.5484,-171037.5408,-249928.3188,-173667.2334,68.6664622654662,68.6739979342599,70.0047367478751,68.6676825806163,68.8819049453777,4.08004950980026,4.1425928746936,2.6022615780722,4.94631064800375,2.48875860999968,58.1876017578367,54.8646315826218,54.2994803198796,56.5940316037617,52.207910672369,56.4181639623429,18.2599732205695
70.1762074087009,-178926.6186,-239409.5484,-171037.5408,-249928.3188,-173667.2334,68.6730177265707,68.628069298312,69.7533205007762,68.6751453238066,68.7762526369697,4.07739193357474,4.14552816111275,2.61142724279416,4.94312412186944,2.48750185302641,58.1873272720022,54.8284808191025,54.1031868471902,56.593711211545,52.0938341858847,56.2737207951836,18.2649733123775
70.1686824913443,-178926.6186,-239409.5484,-171037.5408,-249928.3188,-173667.2334,69.1377253132413,68.6368515928406,69.521911900995,69.1673072836967,68.6818998193823,3.98773829539697,4.16986587032385,2.64995766371032,4.850059876511,2.51808787804266,58.4162921322398,54.9178053617715,54.0993314062102,56.8540513842545,52.202114831778,56.1490000489705,18.1757095839848
70.2224377552564,-178926.6186,-239409.5484,-171037.5408,-249928.3188,-173667.2334,69.8106603042457,68.8533386599414,69.3158343677181,69.8463203900329,68.61543035014,3.86144657204098,4.17669946668524,2.70695985651373,4.72548388010189,2.5667388734002,58.7385740071093,55.1567384835034,54.218017058754,57.2084551676868,52.4480097994615,56.0760791081844,18.037328648742
70.2336078959916,-178926.6186,-239409.5484,-171037.5408,-249928.3188,-173667.2334,70.1444259687967,69.250420506355,69.1472603297566,70.1643677390897,68.6165426026711,3.80169620645731,4.13769744663311,2.74899937814138,4.67053827640094,2.59768870626643,58.8983222941264,55.4247158988614,54.2803288559575,57.3778269052746,52.6417467351251,56.0725859077623,17.9566200138992
70.2288611961733,-178926.6186,-239409.5484,-171037.5408,-249928.3188,-173667.2334,70.2542983278024,69.6327342196235,69.0330963908711,70.2627533425581,68.7152728054866,3.78414034836021,4.08930158653428,2.77576612104633,4.65635487057933,2.61230758622455,58.9560203197084,55.6434058607893,54.3095268990227,57.4372642965166,52.8298743827035,56.0936691410172,17.9178705127447
70.1966487460783,-178926.6186,-239409.5484,-171037.5408,-249928.3188,-173667.2334,70.283013825599,69.9003511507489,68.9877998189807,70.2866855595541,68.8976764889611,3.78114867588344,4.0540526273958,2.79098980183385,4.65508060382994,2.61666211536485,58.975796537342,55.7893891307326,54.3445412339832,57.4576857055103,53.0387138180204,56.1108711426932,17.8979338243079
70.2763040782332,-155501.529,-167004.726,-154001.112,-169005.282,-154501.251,70.2993056900056,70.0535407680709,69.0304052864254,70.3005799499869,69.1492631182741,3.57360341074142,3.49332126192965,3.05982693837604,3.77492912043103,2.88945168065396,59.9017118801206,58.6301568795976,57.0041192045746,59.6027420197997,56.3724923918676,56.2104547161961,16.7911324121321
70.2387691634821,-155501.529,-167004.726,-154001.112,-169005.282,-154501.251,70.3053416207485,70.1381700064981,69.1215177751861,70.3058819720445,69.3914292865297,3.57449136939753,3.48255832691622,3.05818001520416,3.77614983372455,2.87841874896551,59.9103307331515,58.6794818598089,57.088755171639,59.61150232438,56.5656854082237,56.4990285437238,16.769798294208
70.2166924469287,-155501.529,-167004.726,-154001.112,-169005.282,-154501.251,70.3027545902696,70.1820604945015,69.2385028798159,70.303086247531,69.5939105142755,3.57677224004119,3.47842679268704,3.05174717441641,3.7786457252552,2.86828495911902,59.9143724935441,58.7097621828955,57.1803761678937,59.6157705094069,56.7228526609147,56.7974055809938,16.7538768915189
70.190686866056,-155501.529,-167004.726,-154001.112,-169005.282,-154501.251,70.3007554106759,70.2024012115162,69.3677860282772,70.30105256593,69.748521875366,3.57862759087309,3.47807966744811,3.04264570673335,3.78065270136468,2.86062731323644,59.9177592036178,58.7289579220278,57.2735898356579,59.619410236356,56.8430093404327,57.0548336961622,16.7406329796557
70.2284983638243,-155501.529,-167004.726,-154001.112,-169005.282,-154501.251,70.2981395537597,70.2106776939476,69.494804480484,70.2984223358619,69.8589528133342,3.58033302801792,3.47934775018158,3.03257442893602,3.7824797784309,2.85540995149407,59.9200891289143,58.7414160144544,57.3604430710018,59.6219396330072,56.9298595216937,57.2831612676172,16.7301449370605
70.2463454368905,-155501.529,-167004.726,-154001.112,-169005.282,-154501.251,70.2960142487682,70.2130274574812,69.6084009278872,70.2963013263314,69.9337446940156,3.58168565385718,3.48114431777365,3.02297686991301,3.78392294245171,2.85220308807707,59.9218831011913,58.7496848959439,57.4355144965984,59.6238905657281,56.9901146267629,57.4928871507965,16.7219328720726
70.179935169563,-155501.529,-167004.726,-154001.112,-169005.282,-154501.251,70.2950565679557,70.2128693201082,69.7028365314408,70.2953530710128,69.9821368810512,3.58257814890891,3.48290945970797,3.01470902480718,3.78487990961954,2.85045641821366,59.9235098331482,58.7553363918378,57.496565936481,59.6256407174774,57.0305753652005,57.6862937301357,16.7155329612573
70.2138149935259,-155501.529,-167004.726,-154001.112,-169005.282,-154501.251,70.2946295463965,70.2120501245229,69.7770015693352,70.2949308679636,70.0121771913404,3.58317819517999,3.4843574221672,3.0080568980237,3.78552594124306,2.8496341660494,59.9248196517919,58.7592784981355,57.5437375821944,59.6270393899687,57.0568785468387,57.8609482476517,16.7107526226633
70.2019206408979,-155501.529,-167004.726,-154001.112,-169005.282,-154501.251,70.2938459384876,70.2112262501075,69.8326903031155,70.2941445298795,70.0301320225977,3.58370408145662,3.4854225782611,3.00294577712342,3.78608586173737,2.84931137460291,59.9255577489654,58.7619546267229,57.5786048640125,59.6278307158066,57.0733657043183,58.0135396762499,16.7074696731814
70.2120824976219,-155501.529,-167004.726,-154001.112,-169005.282,-154501.251,70.2929520668267,70.2104466909429,69.8730371741338,70.2932461102865,70.040479792997,3.58413973559917,3.48618947344708,2.99917261502382,3.78654570297687,2.8492449954293,59.9259241483973,58.7636936889235,57.6035352663313,59.6282276221783,57.0834116195095,58.142245609801,16.7052925224762
70.2016934897364,-155501.529,-167004.726,-154001.112,-169005.282,-154501.251,70.2911080182591,70.2094779391462,69.9014396686736,70.2913982802007,70.0461930752325,3.58468330175173,3.486741381309,2.99641749357972,3.78710746076055,2.84923697123409,59.9256521119169,58.7645368159801,57.6206562996305,59.6279617797203,57.0890884112581,58.2474276707448,16.7041866086351
70.1822033319098,-155501.529,-167004.726,-154001.112,-169005.282,-154501.251,70.2907911307022,70.2083324322662,69.9209620580041,70.2910910311669,70.0491023222891,3.58485525270206,3.48722875612571,2.99453824577651,3.7872868204083,2.84933895390019,59.9258324131913,58.7649908531714,57.6324717794898,59.6281595334248,57.0924614150316,58.3311588867771,16.7032480289128
70.2163251520354,-153836.0388,-161856.8472,-152789.8464,-163251.7704,-153138.5772,70.2903875766841,70.2072438697795,69.9342188361189,70.29059301752,70.0506058886888,3.56983727042644,3.43770398821713,3.00785426712217,3.71349744902489,2.8654885012338,59.9933047342677,58.9568653069241,57.7963555526366,59.7859981518894,57.2806182929501,58.4025275880256,16.5943814760244
70.2277590695389,-153836.0388,-161856.8472,-152789.8464,-163251.7704,-153138.5772,70.2900040813581,70.2064667737235,69.9429069698347,70.2901761427099,70.0510905570507,3.56995871036611,3.43795070870778,3.00695449041309,3.71362969660283,2.86557229015511,59.9932715166958,58.9568955810588,57.8014116504452,59.7859553604807,57.2814763539112,58.4735040373268,16.5940658962449
70.2524426074518,-153836.0388,-161856.8472,-152789.8464,-163251.7704,-153138.5772,70.2901428884136,70.2059225829199,69.9485325304001,70.2903102509584,70.051025414147,3.56995630267246,3.43812816224784,3.0063837854048,3.7136296552733,2.86567367148234,59.9934033793027,58.9569320190561,57.8047323781345,59.7860893518262,57.2818629722981,58.5325371188669,16.5937715770807
70.2696464933175,-153836.0388,-161856.8472,-152789.8464,-163251.7704,-153138.5772,70.290837932716,70.2056969891241,69.9520778790873,70.291006807387,70.0507144870989,3.56983046978624,3.43823909271435,3.00605259447058,3.71350328747329,2.86579172393339,59.9937354740304,58.9570693598141,57.8069397873176,59.7864284573026,57.2820780537912,58.5782632806147,16.5934171683778
70.192142243217,-153836.0388,-161856.8472,-152789.8464,-163251.7704,-153138.5772,70.2903516956446,70.2058047964582,69.9542357621484,70.2905126139659,70.0503686087044,3.56994165613908,3.43822971811849,3.00581346339175,3.71361735594613,2.86583709901825,59.9935699417148,58.9571464969061,57.8081314494173,59.7862569253448,57.2819343424919,58.6140770831881,16.5934392926137
70.2453051801777,-153836.0388,-161856.8472,-152789.8464,-163251.7704,-153138.5772,70.2883558222392,70.205605589631,69.9555060179258,70.2885103214605,70.050104370413,3.57035428181954,3.43820727904432,3.00558335245898,3.71403443901778,2.86577559141138,59.992764066904,58.9568738769722,57.8084717854202,59.7854342522801,57.281396057678,58.6426196536804,16.593954943752
70.231013958957,-153836.0388,-161856.8472,-152789.8464,-163251.7704,-153138.5772,70.287623763062,70.2048275129166,69.9562368720868,70.2877830273381,70.0498556890497,3.57049967594069,3.43832333170873,3.00544884504503,3.71417986675169,2.86574904632262,59.9924512539531,58.9564754752215,57.8086590049212,59.7851182033335,57.2810291013052,58.6654298372836,16.5942007657688
70.2016595430039,-153836.0388,-161856.8472,-152789.8464,-163251.7704,-153138.5772,70.2870941797395,70.203939887581,69.9566247348539,70.287256014434,70.0494913719543,3.57060009811002,3.43845965014168,3.00535293231888,3.71428040370216,2.86573160531921,59.9922112195939,58.9560337930928,57.808659190322,59.7848754731917,57.2805870724145,58.6835755281245,16.5944246895919
70.2051270467892,-153836.0388,-161856.8472,-152789.8464,-163251.7704,-153138.5772,70.2870777694023,70.2032328047433,69.9567522866593,70.2872414431437,70.048981883982,3.57059512656515,3.43857819222833,3.00531059288507,3.71427484531191,2.86575102903348,59.9921804750994,58.9557144723429,57.80861559909,59.7848451851513,57.2801641305331,58.6978359021157,16.5945097860239
92.3109254638537,-153836.0388,-161856.8472,-152789.8464,-163251.7704,-153138.5772,71.0742652914482,70.2136187014641,69.9567522737764,71.08101986226,70.048537002509,3.41259265128445,3.46432890636012,3.04144435520576,3.55351286942712,2.90405947165549,60.3027159552883,59.0497043330921,57.952941055439,60.1034920834319,57.448157095128,58.7089147273876,16.3759382539329
92.3306873715307,-153836.0388,-161856.8472,-152789.8464,-163251.7704,-153138.5772,78.2664799537848,71.0772567026682,69.9595567639262,78.3125456929752,70.0766030772763,2.29043081259745,3.46719927002284,3.28722887361897,2.40280241223191,3.15945787818534,62.21757338767,59.9225845184457,58.853264724463,62.0778415666693,58.4947893524785,58.7478639693713,14.6071192466565
92.2943400647493,-153836.0388,-161856.8472,-152789.8464,-163251.7704,-153138.5772,85.3678873987636,74.5085789046348,69.9930181311655,85.4554819074461,70.4652977014194,1.65437582561479,2.91249569181256,3.46419725169744,1.74088925417394,3.28683137163925,63.1486857286311,61.2294275008396,59.4540905764257,63.0480908898773,59.3323101888177,58.8897429597401,13.058789394938
92.3404071911647,-152800.8695,-158657.233,-152036.996,-159675.731,-152291.6205,89.2418829174686,79.1635826503551,70.2389834889696,89.3455956721414,71.8296117079382,1.41797295161897,2.25221911582042,3.53237875044403,1.47233837899821,3.16501513240915,63.4927614099813,62.3308830381307,59.9544036438148,63.4315143172797,60.3320763236434,59.0563628828771,11.8399243292908
92.3208073725084,-152800.8695,-158657.233,-152036.996,-159675.731,-152291.6205,91.0270958520387,83.275803591214,71.0542377980211,91.1129743481604,74.1260767114363,1.33272075819977,1.86260218846726,3.44475634968567,1.38544431899598,2.84025502491569,63.6308407844076,62.9220597417494,60.5080546679472,63.5735806589971,61.3138914824768,59.2057566815579,10.8657786402644
92.3588096795851,-152800.8695,-158657.233,-152036.996,-159675.731,-152291.6205,91.7980306242959,86.272420625246,72.5547196517615,91.8544825587526,76.7440131234229,1.29944432215032,1.64649064251743,3.19090121010281,1.35251455534311,2.4804850164377,63.7002066520089,63.2471286141414,61.1695250279832,63.644585382773,62.073546164117,59.3593200883561,9.96983574655135
86.0577485842051,-152800.8695,-158657.233,-152036.996,-159675.731,-152291.6205,92.1239358811987,88.2763149440675,74.4604428666773,92.1573510982874,79.2259756157896,1.28629138956223,1.52582583661037,2.86420164370858,1.34000266585987,2.18599534872843,63.7387984839922,63.4301451336687,61.7766182546536,63.6840521211086,62.5791545244867,59.5349362764482,9.20231688446949
86.0593637727158,-152800.8695,-158657.233,-152036.996,-159675.731,-152291.6205,92.136298748382,89.5775811926281,76.4416624048337,92.1489511092466,81.4004956874508,1.28650136209737,1.455816828178,2.55904826115974,1.34120163740752,1.96772981478441,63.7557941478715,63.5365799459523,62.2453567494625,63.7011059299077,62.9071673843018,59.7352383614589,8.61029790362705
86.0420967645658,-152800.8695,-158657.233,-152036.996,-159675.731,-152291.6205,91.4286160155197,90.3812838556108,78.3129160164825,91.4057049984557,83.242077707631,1.31840361713854,1.41543870516026,2.30961186596267,1.37603085649325,1.80877220269544,63.7348526255099,63.5974127495692,62.5834197155411,63.6779136083125,63.1235279961337,59.9564155793118,8.22825724745016
86.042599635582,-152800.8695,-158657.233,-152036.996,-159675.731,-152291.6205,90.2090767833287,90.7523020491743,80.0045431967502,90.1573704582511,84.7717786939954,1.37648460262663,1.39758882090643,2.11479083457508,1.43794810764722,1.69245282231167,63.6838561191122,63.6263496442838,62.8259973527261,63.6235224477876,63.2705155586374,60.1941990413927,8.01926518806702
86.0222203637862,-152800.8695,-158657.233,-152036.996,-159675.731,-152291.6205,88.9474601027753,90.7329461022651,81.5017499289352,88.8870037110712,86.0147257940135,1.44176433358111,1.39883404485679,1.96391655495834,1.50646433963555,1.60718741154109,63.6232396492988,63.6311408688958,63.003493874955,63.5599544531542,63.3727655500558,60.4437904691786,7.91816668457287
86.0349132093917,-152800.8695,-158657.233,-152036.996,-159675.731,-152291.6205,87.9115028207045,90.4054411060023,82.8096162612796,87.8579133447467,86.9907908923444,1.49985911443236,1.41525752699294,1.8466208303848,1.56659762926666,1.54544576028875,63.568177854889,63.6181411874738,63.136367316774,63.503033813169,63.4442683214691,60.6985052249901,7.87378086136552
86.0676202418027,-152800.8695,-158657.233,-152036.996,-159675.731,-152291.6205,87.168870913604,89.8772238001221,83.9385268988827,87.1286677447405,87.7178319994534,1.54427326564336,1.44235164760798,1.75494765353891,1.61199402296889,1.50218907385423,63.5256734058387,63.5931148587367,63.2376067153028,63.4596615377732,63.4932692529441,60.950069725796,7.85575566361338
70.398660564453,-152800.8695,-158657.233,-152036.996,-159675.731,-152291.6205,86.6796310642987,89.2526574936246,84.8992618106478,86.6526768756572,88.2158800103157,1.57489645043853,1.47561939982264,1.68316019484415,1.64296720400783,1.4738150224556,63.4961653733316,63.5611222359074,63.3154390624905,63.4298782451235,63.524943276565,61.1905103050797,7.85045827156875
70.3636520335985,-152800.8695,-158657.233,-152036.996,-159675.731,-152291.6205,85.8482159954364,88.6078951403395,85.7018462675136,85.8207121193271,88.5090569845733,1.62945966119032,1.51135961393032,1.62699260436735,1.69966829389375,1.4574397996673,63.4410593807732,63.5239062021099,63.3728994703667,63.3726281771141,63.5407025557939,61.4146707989343,7.92491997304904
70.3316015968725,-152877.0291,-158892.6354,-152092.3848,-159938.8278,-152353.9329,83.5364736176705,87.9027444079607,86.3557603984011,83.484691204315,88.624210794586,1.80174464861116,1.55397099143164,1.5835939382521,1.88242487505111,1.45108711976886,63.2618158932777,63.4703855499718,63.4065273266698,63.1825991205159,63.5362870971674,61.6239053394894,8.27282157311489
70.3409183052492,-152877.0291,-158892.6354,-152092.3848,-159938.8278,-152353.9329,80.0558469250394,86.9355289434718,86.8694552042009,79.9792594981423,88.5814699291421,2.13040658167267,1.61221155360549,1.54952670910373,2.22632703116642,1.45202512148324,62.9089997590554,63.3857802565489,63.4156701442782,62.8132445240981,63.5097529178822,61.8207703396588,8.97049699703155
70.2874339051526,-152877.0291,-158892.6354,-152092.3848,-159938.8278,-152353.9329,76.4324886314287,85.5005044766448,87.2503366772174,76.3517922079642,88.3800714296846,2.59896364495111,1.70571003721399,1.52356472332979,2.71216455918689,1.46056872413353,62.3769799565335,63.2416350971949,63.3968923020409,62.2607729058096,63.4550115283336,61.996452055123,10.0009716888153
70.3355268231142,-152877.0291,-158892.6354,-152092.3848,-159938.8278,-152353.9329,73.552608547729,83.5385027660723,87.5022329677517,73.4917715073231,87.9921325213787,3.09759636617905,1.85005125360055,1.50489842533811,3.22133746510731,1.47854432033632,61.7596724324249,63.016272993426,63.3529177927006,61.6280150496156,63.3701022999327,62.113301630013,11.1524278305613
70.3352320483779,-152877.0291,-158892.6354,-152092.3848,-159938.8278,-152353.9329,71.7729802487543,81.1754407233159,87.6218665291776,71.7399626198527,87.3705690755203,3.46880405444584,2.05547564858172,1.49399020517837,3.59351822634224,1.50999972497454,61.2420435097567,62.7042041782563,63.2962275430844,61.1049356777403,63.2614501551961,62.1112640384127,12.1217878595227
70.3411336371052,-152877.0291,-158892.6354,-152092.3848,-159938.8278,-152353.9329,70.9011753474359,78.668288170866,87.5937772360768,70.8878367814463,86.4655976144598,3.66012708259951,2.32124829779271,1.49195800764433,3.78221014377111,1.560112808153,60.9207142232818,62.3119264004919,63.235004272145,60.7833841726822,63.1308985152534,61.9734669893573,12.8156563399606
70.2887446624556,-152877.0291,-158892.6354,-152092.3848,-159938.8278,-152353.9329,70.5477693923538,76.3045412657123,87.3840674324409,70.5435951467769,85.2428360508863,3.72739230161938,2.62751366765738,1.5004480806735,3.84735940797858,1.63413670668198,60.7474175373915,61.8546918187204,63.1631251365797,60.6102462959085,62.9651632036825,61.7671780103605,13.3368501646108
70.319550659257,-152877.0291,-158892.6354,-152092.3848,-159938.8278,-152353.9329,70.4247403862844,74.3095950721946,86.9376826528359,70.423668463818,83.6988388823518,3.73530871240368,2.93395156215672,1.52257464211895,3.85398935322623,1.73728426171322,60.6451588657411,61.3689666694361,63.0687271516783,60.5074077657625,62.7438554398795,61.580437742693,13.7831085316188
70.3368224080714,-152877.0291,-158892.6354,-152092.3848,-159938.8278,-152353.9329,70.3884659071053,72.793520686197,86.1914765250674,70.3881602496713,81.8725442312339,3.72040792739957,3.19450332160286,1.56303607272348,3.83808820573022,1.87397805689034,60.5697157135262,60.9083626208385,62.9404031722915,60.4308166177392,62.446082536438,61.4516787440937,14.1900135843465
70.3156118034543,-152877.0291,-158892.6354,-152092.3848,-159938.8278,-152353.9329,70.3814029365714,71.7483651138483,85.1124924583231,70.3812238916107,79.8521282418238,3.69814692499805,3.38011352890725,1.62640271201672,3.81480067783821,2.045102981196,60.5035487576527,60.5158498172875,62.7673093671903,60.3630954540906,62.0511845857845,61.367690268214,14.5645668249562
70.337675217657,-152877.0291,-158892.6354,-152092.3848,-159938.8278,-152353.9329,70.3830726118909,71.0885525900101,83.7446384589667,70.3829221954792,77.7742737627653,3.67414175927956,3.48831924539181,1.71397260095421,3.78965929697092,2.24295299377595,60.4406810411011,60.2044636501235,62.5411102580517,60.2983314290563,61.5435444340238,61.297682314941,14.9090458963724
70.3182047747036,-152877.0291,-158892.6354,-152092.3848,-159938.8278,-152353.9329,70.3854508692754,70.7037104450436,82.220752551387,70.3853493225907,75.8073049264912,3.65100971841627,3.53551675913774,1.82094801062658,3.76532640958076,2.44691919421243,60.380066366165,59.9649190591919,62.2628700814623,60.2355883199643,60.9295096052666,61.2194729639554,15.2197200919738
70.3478053095431,-153028.3462,-159360.3428,-152202.4336,-160461.5596,-152477.7378,70.3868199902573,70.4946607284178,80.7085359933378,70.3867915384853,74.1094070875153,3.63180012269576,3.54980413086177,1.93793293014258,3.75067934663987,2.62831288865033,60.3185585675036,59.7676083180811,61.9418584557357,60.1640916870913,60.247151148676,61.1255169865596,15.4985294189903
70.3545245018604,-153028.3462,-159360.3428,-152202.4336,-160461.5596,-152477.7378,70.3880011098451,70.3884146283964,79.3266243214771,70.3880342477951,72.7761709312155,3.61481249010778,3.54031777667719,2.05334334543276,3.73267828696562,2.76529767733071,60.2724243902904,59.6326188608415,61.6147484823094,60.1160348275902,59.6006107560845,61.0176508769724,15.7064495765141
70.3422349411881,-153028.3462,-159360.3428,-152202.4336,-160461.5596,-152477.7378,70.389102576959,70.3377190765,78.0971310334688,70.389180735142,71.8150230011265,3.60147767062525,3.52449253338269,2.16386579491515,3.71855845148328,2.85490987998882,60.236071956019,59.533628956429,61.2899138414652,60.0781772374753,59.053027883451,60.9024766216116,15.8633043303952
70.3550254228821,-153028.3462,-159360.3428,-152202.4336,-160461.5596,-152477.7378,70.3902130750423,70.3150935523197,76.9774224518376,70.3903233807965,71.1686197329353,3.59093781973316,3.50754522289323,2.27120090942371,3.70742957024968,2.90592615185191,60.207382041447,59.4588016049918,60.9645007245764,60.0483685376894,58.6306734652362,60.7830942520023,15.9830396741517
70.2942761514182,-153028.3462,-159360.3428,-152202.4336,-160461.5596,-152477.7378,70.3914764322307,70.3060461859436,75.9214390809535,70.3916026615641,70.7562493364755,3.58217188688344,3.49100758934901,2.37805434844974,3.69821501573315,2.92988543403261,60.183726992741,59.3983257116707,60.628028140537,60.0238795745059,58.3208327407919,60.6591509631743,16.0793342744479
70.3334744533918,-153028.3462,-159360.3428,-152202.4336,-160461.5596,-152477.7378,70.3918698321336,70.3031902168269,74.9139310917377,70.3920013610707,70.5032855338149,3.57472845483759,3.47523317211534,2.48434963541608,3.69041752244491,2.93651425595945,60.1628654385255,59.3459585514173,60.2748634375606,60.002372283513,58.0959403707939,60.5299893934704,16.1612430407734
70.2833912113436,-153028.3462,-159360.3428,-152202.4336,-160461.5596,-152477.7378,70.3933277235568,70.3029276857419,73.970153536418,70.3934639222133,70.3525542157934,3.56793309387993,3.46060501174175,2.58680756566793,3.68333118824293,2.93318882415419,60.1448415248634,59.299379222689,59.9109081282287,59.9838463125048,57.9311425256248,60.3965960699849,16.2318656836867
70.3377849451448,-153028.3462,-159360.3428,-152202.4336,-160461.5596,-152477.7378,70.3942826810581,70.3039335555808,73.1190604225376,70.3944139999871,70.2647135929333,3.56210061946254,3.44742977502552,2.68056819737262,3.6772626315933,2.92497926472601,60.1290159250597,59.2583322110539,59.551577817494,59.9676174828972,57.808438641106,60.2619606945019,16.29234048818
70.3320272751157,-153028.3462,-159360.3428,-152202.4336,-160461.5596,-152477.7378,70.3949082862178,70.3053404232746,72.3860967286996,70.3950338183146,70.2144911852746,3.55725234114315,3.43612331783625,2.76154598435582,3.67222526288318,2.91525895426748,60.1156507121715,59.2233938701566,59.2164582017606,59.953934360974,57.7166834359882,60.1297600333035,16.3424058604859
70.3534433789764,-153028.3462,-159360.3428,-152202.4336,-160461.5596,-152477.7378,70.3949545611558,70.3066625010067,71.7833715425417,70.3950731674495,70.1863100190695,3.55345267049519,3.42688834301263,2.8277515266,3.66827928731366,2.90596718889397,60.1047054819709,59.1948516841103,58.9220709482796,59.9427421979609,57.6485408078183,60.0029418408894,16.3823390163154
70.36729624174,-153028.3462,-159360.3428,-152202.4336,-160461.5596,-152477.7378,70.3950397214444,70.3076682995653,71.3081823458151,70.3951535540255,70.1708086634083,3.55050872648952,3.41970197802458,2.87942341298232,3.66522465390067,2.89804966264883,60.0962583671894,59.1725064629831,58.6776806191453,59.9341115115637,57.5987860306009,59.8830861591881,16.4129084340459
70.3580971560347,-153028.3462,-159360.3428,-152202.4336,-160461.5596,-152477.7378,70.39566361428,70.3084087792425,70.9468747884577,70.3957762033269,70.1624634305984,3.54819621886015,3.41432446418348,2.91828891000369,3.66282959990396,2.8917871578287,60.0901701141948,59.1557092166688,58.484584894946,59.9278938861895,57.5632146058068,59.7704977796029,16.43542635078
70.3434674529218,-153321.9615,-160267.881,-152415.972,-161475.867,-152717.9685,70.3962527701481,70.3092018735667,70.6801764616253,70.3963798491575,70.1580509335882,3.54919172984042,3.41953432327214,2.94465707141804,3.67443065607467,2.88434610702203,60.0738822611144,59.1100775648766,58.3121532203872,59.8955866186877,57.5063970087421,59.66350105948,16.4721598876273
86.1690778085558,-153321.9615,-160267.881,-152415.972,-161475.867,-152717.9685,70.9515128514622,70.3174420226242,70.4880445451641,70.9553049422192,70.1559560087723,3.43604132468407,3.43442225645085,2.98858783496437,3.55958038539755,2.90751583863222,60.2892219820765,59.1668649809611,58.3018251305326,60.115702410015,57.6051219735271,59.5602879057047,16.3261476401291
86.1580494924021,-153321.9615,-160267.881,-152415.972,-161475.867,-152717.9685,76.1516445951515,70.9196761060365,70.3515137097842,76.1780278609952,70.1745872892654,2.55698076899619,3.45164745760043,3.18789225972549,2.66301840811738,3.10506189757415,61.8237808555298,59.82474522605,58.927166796658,61.689041813611,58.4222454844115,59.4944150122781,14.9646007920136
86.1578272958481,-153321.9615,-160267.881,-152415.972,-161475.867,-152717.9685,81.3677916252835,73.3833254182564,70.2769035644271,81.4153486003739,70.4404221426212,1.9659483280106,3.06252164176667,3.35318625943963,2.05369779921165,3.2298753140139,62.7324737377152,60.8786660415259,59.4157153455357,62.6275617244513,59.1422309749349,59.5563270103079,13.6652293424424
86.177555784308,-153321.9615,-160267.881,-152415.972,-161475.867,-152717.9685,84.1771736244689,76.850852866792,70.3704440739745,84.2332192038212,71.4076005281452,1.73686062408097,2.54791297897922,3.44059749614622,1.81647027701763,3.17967884367677,63.083902503537,61.8205946593471,59.7851933616876,62.9917835209376,59.9310487945987,59.6840285054671,12.7215202199008
86.1570796922511,-153321.9615,-160267.881,-152415.972,-161475.867,-152717.9685,85.4110865464008,79.9500499539765,70.8697245973921,85.4553937010218,73.1241295192337,1.65196233072255,2.18489000538861,3.41885263574345,1.72956719298353,2.96147137924293,63.233781796972,62.4224902737599,60.2171487255882,63.1466700413291,60.8019612209709,59.805737177226,11.9467435440811
86.1432022799041,-153321.9615,-160267.881,-152415.972,-161475.867,-152717.9685,85.9070536041659,82.1935712495056,71.9131860117904,85.934389758021,75.1699702612066,1.62125172313755,1.97218343269926,3.26651839195761,1.69904871999557,2.67912121163192,63.3096546190716,62.7756056945757,60.7638267470633,63.2249547047164,61.5491797620371,59.9246956316782,11.2381234794219
86.1496840400375,-153321.9615,-160267.881,-152415.972,-161475.867,-152717.9685,86.0965088236551,83.657526214554,73.354430422103,86.1115082058328,77.1505639924945,1.61090727097148,1.85232248292966,3.02689792486501,1.68929069940429,2.42280427294292,63.354000484912,62.9830538604807,61.3224465228116,63.2708943477525,62.0887824226634,60.0585898944801,10.6022226511134
86.1756378434422,-153321.9615,-160267.881,-152415.972,-161475.867,-152717.9685,86.1655072039756,84.5690443652323,74.9313157971401,86.1735458214198,78.8832819534255,1.60800404682569,1.7843482842636,2.77235952641748,1.68685995644849,2.22127350271952,63.3819376505701,63.1069843504396,61.7946404309993,63.3000189399261,62.4549813858265,60.2139239021377,10.0728453166748
86.2176936576292,-153321.9615,-160267.881,-152415.972,-161475.867,-152717.9685,86.1877726187573,85.1271046588654,76.455440175646,86.1922762453416,80.3263583674753,1.60771969645567,1.74512252171716,2.54713981455043,1.68688865802402,2.07062379535302,63.4001734347842,63.1826340056098,62.1572116729432,63.3191385455858,62.7028051042432,60.3883734720563,9.65749448610032
86.1593877100132,-153321.9615,-160267.881,-152415.972,-161475.867,-152717.9685,86.1913210301892,85.4670951627964,77.8386321178748,86.1940863513944,81.4976946455089,1.60833027235466,1.72215482429542,2.36315007397394,1.68770297113012,1.95939410728578,63.4123727801051,63.2299597880339,62.4271745477975,63.3319848920939,62.8736982734522,60.5761080736286,9.34073224903993
86.1500594565921,-153321.9615,-160267.881,-152415.972,-161475.867,-152717.9685,86.1872091053622,85.6734284662438,79.0542806805391,86.1891187920149,82.4339912920056,1.6092107688117,1.70863098403633,2.21718973365051,1.68872158789922,1.87716878163248,63.4207245944089,63.2602858263444,62.628267812073,63.340807480297,62.9942109682648,60.7707247162634,9.10092185603024
86.1275981546529,-153408.1421,-160534.2574,-152478.6488,-161773.5818,-152788.4799,86.1802592738786,85.7976430361298,80.1046924050066,86.1817538638667,83.1746647771059,1.61094374779764,1.70330645040171,2.10285923928762,1.69260593047813,1.81679057024367,63.4254828708622,63.2770682858247,62.7784905597694,63.3438478838058,63.0795597354865,60.9666774015547,8.92650593820878
86.1871192230643,-153408.1421,-160534.2574,-152478.6488,-161773.5818,-152788.4799,86.1729679264569,85.8709595822461,81.002745407304,86.1742662413649,83.7551378861237,1.61175919084799,1.69877591144879,2.01203848767183,1.69349354173336,1.77120634470979,63.4297039282621,63.2903237370898,62.8944617659815,63.3483302995085,63.142860013072,61.1591844733446,8.78727347641176
86.1527474211838,-153408.1421,-160534.2574,-152478.6488,-161773.5818,-152788.4799,86.1662727468326,85.9128383627616,81.7650962773942,86.1674794801762,84.2063347052673,1.61245379409847,1.69630271593484,1.93998755224901,1.69424203910394,1.73711363930303,63.4328059565688,63.2992801348551,62.9842728696456,63.351627784041,63.1895189243962,61.3448330223582,8.68009974068928
86.1751202865764,-153408.1421,-160534.2574,-152478.6488,-161773.5818,-152788.4799,86.1605873874611,85.9354276620992,82.4084574751354,86.161755187676,84.5541999070153,1.61302219192654,1.69506870801121,1.88254458621336,1.69485099417535,1.71160220633396,63.435131431278,63.3054067917623,63.0545659929127,63.354101161216,63.224128461345,61.5212310060679,8.59708868666042
86.1544451818474,-153408.1421,-160534.2574,-152478.6488,-161773.5818,-152788.4799,86.1557390895051,85.9463529928151,82.9484354239663,86.1568879376195,84.820164527716,1.6134910028549,1.69456770417803,1.83656657637301,1.69535153586816,1.69254107729324,63.4368861711358,63.3096414914855,63.1100238462206,63.35596772507,63.2498772020721,61.6867969681803,8.53251789656735
86.1862155854849,-153408.1421,-160534.2574,-152478.6488,-161773.5818,-152788.4799,86.1515983233034,85.950374220375,83.3991719428094,86.1527377922434,85.0217434214298,1.61387960723644,1.69448765308294,1.79966879063658,1.69576538499243,1.67834761178323,63.4382158537509,63.3125933140593,63.1540224899862,63.3573821117607,63.2690402916651,61.8405808571614,8.48214904773161
86.1737098555055,-153408.1421,-160534.2574,-152478.6488,-161773.5818,-152788.4799,86.1484082493841,85.9504507366401,83.7733055062327,86.1495507958576,85.1731222769865,1.61417977700391,1.69463708160076,1.77002123342413,1.69608431880965,1.66783264432798,63.4392495167607,63.3146659686624,63.1890532136565,63.3584815825756,63.2832777102489,61.9821214133462,8.44275505516642
86.166269000902,-153408.1421,-160534.2574,-152478.6488,-161773.5818,-152788.4799,86.146192744755,85.9484568566324,84.0820465517147,86.1473450792122,85.2856929111146,1.61439573561963,1.69489621564244,1.74620025505598,1.69631355748082,1.66009483221683,63.4400718289293,63.3161328919414,63.2169919701878,63.3593558356668,63.2938183271079,62.1113346388348,8.41190059601571
86.1780785373341,-153408.1421,-160534.2574,-152478.6488,-161773.5818,-152788.4799,86.1441706982331,85.9455565528703,84.3352849767242,86.1453222947217,85.3685298409077,1.61458356008185,1.69519169934391,1.72708318534271,1.69651312324462,1.65444686821761,63.4406911848444,63.3171775596302,63.2392752759586,63.3600136685064,63.3015792189139,62.2284274079309,8.38781843623071
73.1405600818209,-153408.1421,-160534.2574,-152478.6488,-161773.5818,-152788.4799,86.0894357909396,85.9421611754939,84.5417005750689,86.0892014137596,85.4288006603977,1.61825628783895,1.69548187052986,1.71175264485616,1.70044475419021,1.65034359396823,63.4374831586872,63.3176548886996,63.2567539786634,63.3565751368408,63.3069846451728,62.3338397681226,8.37627915138342
73.1444228222664,-153408.1421,-160534.2574,-152478.6488,-161773.5818,-152788.4799,85.0856620432779,85.9113283460923,84.7088461360589,85.0643799771759,85.4718778590591,1.68764660077584,1.69730345578602,1.69909754062884,1.77441393101214,1.64703428961966,63.3650809914624,63.3111032018004,63.2653664294526,63.2793982285804,63.3056135755748,62.4288462663391,8.5054958178225
73.1271128823125,-153408.1421,-160534.2574,-152478.6488,-161773.5818,-152788.4799,82.6239636769406,85.6881659515236,84.8431270988663,82.5657196167238,85.497344378362,1.88300844013279,1.71184996758707,1.68809091774126,1.98160738404879,1.64409718613253,63.1568896066897,63.2799871010032,63.2598324734973,63.0585380162128,63.2914810902246,62.5151803191716,8.90865389564243
73.1164830321907,-157874.5018,-174339.3692,-155726.9104,-177202.8244,-156442.7742,79.4386711269244,84.9900282463959,84.9519065973602,79.3051630260886,85.4855903431493,2.25675628185877,1.8966933841676,1.70861395946296,2.5133778043573,1.676712286622,62.7226900544619,63.0264609752187,63.1735926181913,62.4583637313952,63.1908971819677,62.5904710297423,10.0521537164686
73.1109898651157,-157874.5018,-174339.3692,-155726.9104,-177202.8244,-156442.7742,76.6623949546834,83.6918685770571,85.0312382018605,76.5176380772853,85.3806861928281,2.62318942530841,1.99951327155433,1.69893514201284,2.91175249518304,1.68006491352564,62.281468084228,62.8577219231673,63.1288533737444,61.9757525661397,63.1304828531402,62.6205478257937,10.9134552475842
73.1232491447688,-157874.5018,-174339.3692,-155726.9104,-177202.8244,-156442.7742,74.8148269187105,81.9029978757432,85.0720144760799,74.7107814518483,85.1074160115962,2.91935165877838,2.15954195831633,1.69172570421326,3.22083349055264,1.6947489955071,61.8928155607168,62.6127254290619,63.0762907096906,61.5643795822876,63.0499986306609,62.5728172021483,11.6862018073677
73.1219727232808,-157874.5018,-174339.3692,-155726.9104,-177202.8244,-156442.7742,73.8325309792633,79.8948024409465,85.0521294385097,73.7765147621192,84.5953376428453,3.09262369495988,2.36845959926242,1.68911501953129,3.39356221428047,1.72696637396464,61.6345078721548,62.3060908796705,63.0224092311194,61.2992508287919,62.9494118660725,62.442851012942,12.2707269019987
73.1563853829116,-157874.5018,-174339.3692,-155726.9104,-177202.8244,-156442.7742,73.3970848820889,77.966950413558,84.9353464614267,73.3727597755534,83.8027365319853,3.16810351527376,2.60291408875918,1.69357895916021,3.46507996017441,1.78153472122604,61.4896787285837,61.9625217941638,62.9636922453003,61.1530211523751,62.8198247175611,62.26887959167,12.7112112445936
73.1512317502691,-157874.5018,-174339.3692,-155726.9104,-177202.8244,-156442.7742,73.2303957303271,76.3395178077227,84.6745340678395,73.2216074852735,82.7303407882354,3.19092543919114,2.82948686082431,1.70826414328144,3.48455990076159,1.86152980469939,61.4081529322394,61.6166529261994,62.8917603529407,61.0701815871308,62.6491227193915,62.1027005883354,13.0747661487579
73.0842020762005,-157874.5018,-174339.3692,-155726.9104,-177202.8244,-156442.7742,73.1756637788446,75.1089343813933,84.2235782009556,73.1731934032712,81.4248408828716,3.19125308995468,3.0177334032049,1.7367977798061,3.48246917154959,1.96777323268666,61.3546347882397,61.3044834342952,62.7986709889431,61.0144722959417,62.4278419762535,61.9716011234593,13.3960266772019
73.1126230980859,-157874.5018,-174339.3692,-155726.9104,-177202.8244,-156442.7742,73.1612942281228,74.2630312789466,83.5585431061231,73.1610602661748,79.973939757693,3.18363644108022,3.15234595065785,1.78207796438375,3.47293887913609,2.09742274758901,61.3119841731367,61.0480626847578,62.6780137341981,60.9689737091327,62.1512161351941,61.8725207386843,13.6884219828469
73.1274584410616,-157874.5018,-174339.3692,-155726.9104,-177202.8244,-156442.7742,73.1591679388013,73.7273995994771,82.6966015629471,73.1596437382584,78.4931446002116,3.17386123326633,3.23496790640307,1.8447996897525,3.46146312433162,2.24232439499818,61.273363072062,60.8499448792907,62.5259936183158,60.9271368760278,61.8221464015539,61.7892519898645,13.9574163487517
73.1152924369217,-157874.5018,-174339.3692,-155726.9104,-177202.8244,-156442.7742,73.1612599587607,73.4115582985417,81.6959610824139,73.1619766672936,77.1036209813403,3.16371193184837,3.27732809022485,1.92277827302506,3.44970704369675,2.3889633557245,61.2373250034464,60.7005475028225,62.3433753992855,60.8877832690131,61.4559192866929,61.7083675433346,14.2024886945195
75.9065260040877,-157874.5018,-174339.3692,-155726.9104,-177202.8244,-156442.7742,73.1695631401017,73.2371204047046,80.6330843544729,73.170560441343,75.9042702003122,3.15314862671652,3.29339868682745,2.01171695319655,3.43758154271782,2.52192362359335,61.205682029938,60.5881347527151,62.1360829650634,60.8530718536344,61.0815429772896,61.6245439074974,14.4177694330517
75.9395734365859,-157874.5018,-174339.3692,-155726.9104,-177202.8244,-156442.7742,73.6595064604678,73.1687970317793,79.5726275254457,73.6732396075459,74.9483938292333,3.05667251155616,3.29985914801033,2.11085882154177,3.3340903858268,2.63814992074263,61.3180157871648,60.5445755521808,61.9443849832958,60.9734125117534,60.7786964758328,61.5392898906766,14.4396307876777
75.8494534646568,-208402.388,-330516.472,-192474.464,-351753.704,-197783.772,74.7874306204419,73.4024845008587,78.3398247024587,74.8899786555811,74.2737642994985,3.34600483507056,4.45175643072734,2.34590978849456,4.81927680739192,2.59675027003044,59.9047670464873,55.6619683475818,58.7348471593371,57.4493817286187,56.0740316879669,61.223399397291,17.5596981317148
75.875113952055,-208402.388,-330516.472,-192474.464,-351753.704,-197783.772,75.5059042044134,74.0009864639877,77.1284141582053,75.5844785000827,73.8619089143372,3.23947537916926,4.38150645937598,2.45847332607581,4.70742869702094,2.64625272763575,60.1338274177237,55.9760314394958,58.4210691429815,57.7294944553172,56.0026318770677,60.4673352149941,17.4331365892777
75.9044738899594,-208402.388,-330516.472,-192474.464,-351753.704,-197783.772,75.797157236288,74.6683043675543,76.1715861625322,75.8348173949204,73.736783513613,3.19815398525939,4.29012633408457,2.5479294814749,4.66946199441089,2.66763652051859,60.2264672361498,56.2594159760134,58.1210439257815,57.8346571242542,56.0206665651581,59.8424502396252,17.3733083157483
75.9015185445168,-208402.388,-330516.472,-192474.464,-351753.704,-197783.772,75.8907843992751,75.1808231362753,75.5221167498304,75.9066488396792,73.8573936273136,3.18580571529838,4.21918803311943,2.60971639856133,4.66028691624861,2.66877393609546,60.2597419794405,56.4624213372016,57.8989341132119,57.8710502193181,56.1488271825212,59.3912848451844,17.3437709993232
75.8973530588506,-208402.388,-330516.472,-192474.464,-351753.704,-197783.772,75.919598027118,75.5001648936463,75.1423232500882,75.927377100235,74.1276602484256,3.18277441028832,4.17661105640478,2.64762384729756,4.6591376002839,2.65843441796667,60.273668451899,56.5909450014412,57.7714611585685,57.8873294587876,56.3502194155521,59.0527308023686,17.3245813322412
75.8328847588787,-208402.388,-330516.472,-192474.464,-351753.704,-197783.772,75.9289944296427,75.6756260421641,74.9671455309694,75.934202694023,74.4492866254909,3.18248039618211,4.15523192819322,2.66753276714546,4.66009193218981,2.64357205733627,60.2816194020006,56.6691161205594,57.7259294949091,57.8978494417205,56.5718996852245,58.7944740594361,17.3089090810469
75.9288777825351,-208402.388,-330516.472,-192474.464,-351753.704,-197783.772,75.9336969684564,75.7648512165892,74.9311305055035,75.9381973150511,74.7546658351452,3.18280403329206,4.14647202085035,2.67513084901452,4.66138948245481,2.62878235860978,60.2879130130825,56.7181878187311,57.7388841005968,57.9068646848249,56.7766995654423,58.5920410407071,17.2945787442215
75.9032242624998,-208402.388,-330516.472,-192474.464,-351753.704,-197783.772,75.9366039623537,75.8084072174647,74.9776487402465,75.9408740755923,75.0106734295343,3.18330189826433,4.14414567980119,2.67512057757799,4.66273636940118,2.61629259235575,60.2932669906602,56.7510518607964,57.7853363237106,57.9147500105994,56.9468831976769,58.4274074524403,17.2815971174005
75.9357765782948,-208402.388,-330516.472,-192474.464,-351753.704,-197783.772,75.938820956464,75.8294506992262,75.0630307694449,75.9429945615783,75.2087905192638,3.18378310389906,4.14466091791536,2.67112507631006,4.66394461109382,2.60675849481786,60.2978483612532,56.7744644328235,57.8450018835949,57.9215403450652,57.078932817667,58.2910315586706,17.2702722040361
75.8923583985589,-208402.388,-330516.472,-192474.464,-351753.704,-197783.772,75.9399142479189,75.8398170106885,75.157838075913,75.9439400467217,75.3538056661871,3.18428677824524,4.14612679655331,2.66560779172044,4.66507092548467,2.59993417695839,60.3014156624925,56.7915677059575,57.9041712519798,57.9268368515654,57.1763606399575,58.1793159339549,17.261026468962
75.8813288810035,-208402.388,-330516.472,-192474.464,-351753.704,-197783.772,75.9412040493817,75.8450170770396,75.2453177551665,75.9452734747571,75.4557143744119,3.18462327825975,4.14774656063023,2.66009632758601,4.66585975655141,2.59531311629048,60.3043578901736,56.8042064307467,57.9559029904909,57.9312163314487,57.2459036672452,58.0908229723315,17.2536390393179
91.2882151997725,-208402.388,-330516.472,-192474.464,-351753.704,-197783.772,75.9426698770089,75.8479397185931,75.3181444659924,75.9467517460129,75.5251488523327,3.18480775876676,4.14914175272621,2.65531986161336,4.66637974464622,2.59230650187202,60.3067294846559,56.8135317430447,57.9976290032411,57.9347019608207,57.2942180039364,58.0239771350692,17.2479556196246
91.2436655313268,-186647.7991,-263275.0154,-176652.9448,-276601.4878,-179984.5629,77.5402409146323,75.9000368131889,75.3737238821085,77.7443559461722,75.5742811937893,2.76593492072515,3.74881294258428,2.72719117129913,3.74273091704661,2.68949324825286,61.4157707345277,59.118937258367,59.8959022717054,60.0851795488271,59.5835126569004,58.0476476644283,15.674163199908
91.2593224105953,-186647.7991,-263275.0154,-176652.9448,-276601.4878,-179984.5629,83.0552652656922,76.9001511904209,75.4159524925213,83.5639378676433,75.6474542292596,2.1606783313246,3.68175898065428,2.81227025619011,2.98144419446605,2.77926685798588,62.4139534596904,59.8134261949862,60.4063785179281,61.3956391637461,60.1732064466973,58.2797602184866,14.4154186206209
91.3256231518351,-186647.7991,-263275.0154,-176652.9448,-276601.4878,-179984.5629,87.4479427358014,79.5812454196366,75.4713430354506,87.8996793792762,75.9982444109558,1.81955679998285,3.32853543083587,2.86887093744444,2.55899492284462,2.80153394460305,62.9368996346664,60.6812804022554,60.7578967469134,62.0717479199778,60.6469886829333,58.6061853677206,13.3774920357108
91.2589105070089,-186647.7991,-263275.0154,-176652.9448,-276601.4878,-179984.5629,89.7079451188368,82.8547372651667,75.6359547414826,89.9986763591394,76.9539994688412,1.67992942892973,2.93330524326423,2.88763589684614,2.39107366916432,2.71806408443379,63.1596661368104,61.408212616438,61.0181220386351,62.3568908615712,61.1313173398083,58.9434050335329,12.6100083226382
91.2615625356063,-186647.7991,-263275.0154,-176652.9448,-276601.4878,-179984.5629,90.6924817139272,85.6643840879607,76.0697906443042,90.8533984942401,78.4942872451776,1.62585747707221,2.64643912658412,2.85290689758831,2.32993305607642,2.54963717687766,63.2612733956828,61.8931200637958,61.2740121762032,62.486254940672,61.6263719181018,59.2677667397901,12.0047737341987
91.2602171901961,-186647.7991,-263275.0154,-176652.9448,-276601.4878,-179984.5629,91.0873948753789,87.692472232414,76.8808831222706,91.1697443585496,80.3132587802307,1.60582636124549,2.46730331025205,2.75581992122284,2.30971186850449,2.35604098959859,63.314009018921,62.1953219872401,61.5638523824305,62.5542506369374,62.0593047088865,59.5840338480922,11.4947024508234
91.3024903067503,-186647.7991,-263275.0154,-176652.9448,-276601.4878,-179984.5629,91.2366756274117,89.0278592304945,78.0313914776726,91.2779397766083,82.1207675317515,1.59904154485841,2.36101745802822,2.61186754323927,2.30436302545063,2.18046476139127,63.3454458512072,62.3829045360682,61.8701667034319,62.5960243223372,62.3969614992726,59.8941424467957,11.0567543329678
91.3131406515245,-186647.7991,-263275.0154,-176652.9448,-276601.4878,-179984.5629,91.288851330833,89.8640588632961,79.3802454991718,91.3104752972497,83.7559172819703,1.59724163433304,2.29903738493152,2.45080311780799,2.30403700105591,2.03736747827613,63.3661912957619,62.500779077489,62.1569205653486,62.6245013126158,62.6467828362166,60.1936521401104,10.6884866164046
91.3012814121671,-186647.7991,-263275.0154,-176652.9448,-276601.4878,-179984.5629,91.3036067574211,90.3732499245352,80.7803782495309,91.3163633808124,85.1595687558345,1.59722528545861,2.26314265150011,2.29679685542201,2.30520021460833,1.92590291298503,63.3806609116588,62.5759729123183,62.4021841366354,62.6448644571698,62.8287109932911,60.4768506048782,10.3882679199741
91.3114719368522,-186647.7991,-263275.0154,-176652.9448,-276601.4878,-179984.5629,91.303306156932,90.6778864369468,82.1289576107902,91.312139203359,86.3274166250613,1.59783365092834,2.24249864987237,2.1616468730251,2.30672888449506,1.84057921412107,63.390991803413,62.6247131583398,62.6017263254313,62.6596408901942,62.9613676746095,60.7396159874384,10.1492872724419
91.2487317922605,-186647.7991,-263275.0154,-176652.9448,-276601.4878,-179984.5629,91.2977739220956,90.8572208608854,83.3695167247242,91.3050564931801,87.2794745090428,1.59858165487562,2.23079302071571,2.04818123389935,2.30817669161248,1.77563750902862,63.3985202222194,62.6568443052298,62.7605111600789,62.6705305003927,63.058841752831,60.979829737595,9.96137011013177
91.279248073024,-186647.7991,-263275.0154,-176652.9448,-276601.4878,-179984.5629,91.2912493898934,90.9606808877363,84.477835837786,91.2980857295183,88.044283626613,1.59927647041191,2.22433266488284,1.95494954926003,2.30939670473248,1.72627632971804,63.4041166930333,62.6783991071803,62.8859853151926,62.6786868464754,63.131085621192,61.1969597423526,9.8142317190053
91.3265155918282,-182093.2546,-249197.3324,-173340.5488,-260867.6068,-176258.1174,91.2852121958991,91.015407335334,85.4316916154566,91.2919769925016,88.640274866773,1.56357983407485,2.11271220308188,1.84995551012732,2.18973968426177,1.65822328975384,63.4574466731042,62.8310857300069,63.042241843843,62.8255996086409,63.2416236463267,61.3860893061822,9.37421052129967
91.1922431925444,-182093.2546,-249197.3324,-173340.5488,-260867.6068,-176258.1174,91.2812274595755,91.0448334120866,86.2558277761992,91.2881780893244,89.1104920425695,1.56396974648856,2.11118059363471,1.79005162866778,2.19035531013227,1.63049442074706,63.460399661278,62.8400647766177,63.117117523165,62.8298015253652,63.2799007530994,61.5602488525544,9.28605169967037
91.2703302079531,-182093.2546,-249197.3324,-173340.5488,-260867.6068,-176258.1174,91.2763244708083,91.0595668440467,86.9610530881848,91.283229270719,89.4781674362123,1.56436879245225,2.11055371923374,1.741472076362,2.19097598798385,1.60938922889859,63.4625933297013,62.8464208584625,63.1768727180681,62.8329146317294,63.3088392054635,61.7197152277043,9.21675980493043
91.3205997352871,-182093.2546,-249197.3324,-173340.5488,-260867.6068,-176258.1174,91.2705079292612,91.0656289912112,87.5593586890238,91.2773241571942,89.763232534487,1.56478608593039,2.11044045188082,1.70207890052068,2.19160604248867,1.59336580488952,63.4641940886479,62.8509688058967,63.2247135905827,62.8351885652388,63.3307367115965,61.8630699815801,9.16227728571007
91.3050276285353,-182093.2546,-249197.3324,-173340.5488,-260867.6068,-176258.1174,91.2651736440264,91.0664778599763,88.063031375251,91.2720701788887,89.982413994596,1.56515448101732,2.11062174196081,1.67014543768717,2.19214450123756,1.58124473881758,63.4654046585879,62.8542411491765,63.2631037527358,62.836920858476,63.3472992978206,61.9903168789695,9.11931090072043
91.2992957772004,-182093.2546,-249197.3324,-173340.5488,-260867.6068,-176258.1174,91.2610392429291,91.0643316809898,88.4840290047112,91.2681471397066,90.1495093031301,1.56544099323591,2.11095922027434,1.64427772826245,2.19255295040458,1.57212002246462,63.4663582636965,62.856605250623,63.2939499433811,62.8382949835206,63.3598021686503,62.1025971793946,9.0853509146419
91.272808638287,-182093.2546,-249197.3324,-173340.5488,-260867.6068,-176258.1174,91.257815652381,91.0606994011451,88.8335944141059,91.2651309636847,90.2757628290648,1.56566485704244,2.1113595607277,1.62334802979088,2.19286918542996,1.56529263782502,63.4671088462017,62.8583215121624,63.3187416446407,62.839378694112,63.3692062118945,62.2014402030092,9.058534270816
91.278610580345,-182093.2546,-249197.3324,-173340.5488,-260867.6068,-176258.1174,91.2554296152685,91.0565392755164,89.1220399669486,91.2629432797065,90.3702567438314,1.56583299292994,2.11176504207708,1.60644119434569,2.19310468460472,1.56022147357042,63.4677069173395,62.8595765430565,63.3386585898382,62.8402434139924,63.3762461526948,62.2883675026901,9.03736538752785
91.2749857161644,-182093.2546,-249197.3324,-173340.5488,-260867.6068,-176258.1174,91.2533846417726,91.0524231244776,89.3586484521624,91.2610163128463,90.4402673137019,1.56597414224323,2.1121425199853,1.59281157908829,2.19330449584195,1.55648664047289,63.4681665943809,62.8604996970882,63.3546398691611,62.8409057706102,63.3814838414049,62.3647616703167,9.02071937763165
91.2848997870038,-182093.2546,-249197.3324,-173340.5488,-260867.6068,-176258.1174,91.2512991862897,91.0486053305526,89.5516499828796,91.2589787986225,90.4915751931674,1.56611044764774,2.11247943804511,1.58184977135699,2.1934986772144,1.55376257220235,63.4684994072845,62.8611782158716,63.3674403798502,62.8413841713161,63.3853520574272,62.431846178821,9.0077009064666
91.3027158495239,-182093.2546,-249197.3324,-173340.5488,-260867.6068,-176258.1174,91.2492261185915,91.0451308529972,89.708247709107,91.2569358555735,90.5287278192021,1.56624057211416,2.11277684587238,1.57305659477748,2.19368257512723,1.55179784886349,63.4687345558727,62.8616715787774,63.3776718663639,62.8417234946893,63.388185632651,62.4906958482669,8.99755443675475
91.2379955789319,-182093.2546,-249197.3324,-173340.5488,-260867.6068,-176258.1174,91.247832112943,91.0419851230016,89.8346733635922,91.2556616992622,90.5552627342897,1.56633024059288,2.11303935909499,1.56602280344923,2.19380325126906,1.55039967481435,63.4689309137069,62.8620272178816,63.3858337410225,62.842012394771,63.3902447932725,62.5422556579052,8.98959532922051
91.236772407292,-173793.8624,-223544.6656,-167304.6272,-232196.9792,-169467.7056,91.2468745390134,91.0356552019308,89.9297691431639,91.2544324744607,90.5707126531989,1.49959449063337,1.9121940279583,1.51109725150735,1.9700407428303,1.49478259583716,63.5541850186195,63.1014132139816,63.4740193490327,63.0909798384399,63.4804350938008,62.5846712730171,8.38770910876649
91.3193200606962,-173793.8624,-223544.6656,-167304.6272,-232196.9792,-169467.7056,91.2486505082969,91.0303400243434,90.0049201895438,91.2561767738565,90.5806821997411,1.49951005771523,1.91255169142611,1.50707275775522,1.96993832083297,1.49427556977262,63.5544016955358,63.1013219777417,63.4785228442532,63.0912598498221,63.4812125762444,62.6300002348575,8.38334839750214
86.2002070764176,-173793.8624,-223544.6656,-167304.6272,-232196.9792,-169467.7056,91.2470361307732,91.0264321394646,90.0648550864765,91.2540240574575,90.586651200979,1.4995978335721,1.91281439639959,1.50387648498115,1.97008731181113,1.49397348737465,63.5544083435734,63.101249850247,63.4820797058381,63.0912371499443,63.4817020473321,62.6782627786944,8.38034951413863
86.2150778829533,-173793.8624,-223544.6656,-167304.6272,-232196.9792,-169467.7056,91.0449662563829,91.0202875826168,90.1127674150387,91.0257808389073,90.5897835930471,1.51002255846659,1.91314856824371,1.50128240326171,1.98507269411008,1.49376939454968,63.543519736422,63.0999830168639,63.4840593760829,63.0755957820292,63.4811311062996,62.7249623371674,8.40329561863176
86.1919322175911,-173793.8624,-223544.6656,-167304.6272,-232196.9792,-169467.7056,90.2950600632443,90.9707146807178,90.1509736026101,90.2053384184152,90.5903153497826,1.54991522614822,1.91606363947849,1.49906928550273,2.04069010927044,1.49355857681234,63.5014626232048,63.092887658523,63.4829528599457,63.0169138263208,63.4778364414484,62.7671828842696,8.49929683721223
86.1615859321834,-173793.8624,-223544.6656,-167304.6272,-232196.9792,-169467.7056,89.2124652552351,90.7901587403322,90.1811661292014,89.0628146126788,90.5840631686737,1.61109578454122,1.92728024491843,1.4971640339886,2.12303888078584,1.49357850608774,63.4363413065099,63.0745782762367,63.4792083657795,62.9289789802407,63.4719460304484,62.8029290200577,8.65215745032184
86.2220813679771,-173793.8624,-223544.6656,-167304.6272,-232196.9792,-169467.7056,88.1666196917244,90.419785567532,90.204083477715,88.0025193274028,90.5581200551487,1.67458758559388,1.95107194470198,1.49559469377231,2.20498453729498,1.49457016777692,63.3677946001865,63.0421735579156,63.474107123196,62.8399169538743,63.4639920675555,62.8295829303616,8.82080892914007
86.2315977090012,-173793.8624,-223544.6656,-167304.6272,-232196.9792,-169467.7056,87.3620559706607,89.8739283702701,90.2184756034901,87.222274374843,90.4920969155994,1.72661475318187,1.98740875857883,1.49448299451001,2.26891294065959,1.49765856048528,63.3104807370573,62.9968752857827,63.4686156537051,62.76864807766,63.4538410136232,62.8450316901848,8.97507800741559
86.158003015249,-173793.8624,-223544.6656,-167304.6272,-232196.9792,-169467.7056,86.8302827592059,89.2226467507602,90.2200454317287,86.730587436427,90.3649812324748,1.76258955291587,2.03258683307692,1.49407995273732,2.3107865810632,1.50399799266721,63.2696049105807,62.9429868436663,63.4629694618415,62.7200839972888,63.440693028889,62.8495160506367,9.10404091246052
74.870970347109,-173793.8624,-223544.6656,-167304.6272,-232196.9792,-169467.7056,86.4561290489858,88.5515390558327,90.2012801971154,86.385167903978,90.1626330006951,1.78865653184036,2.0811856430796,1.49476024925522,2.34090504915124,1.51439526589589,63.2388126462246,62.8855486707283,63.4563819297197,62.6835875379356,63.4231969207555,62.8458273492905,9.21990273922232
74.8534560502475,-173793.8624,-223544.6656,-167304.6272,-232196.9792,-169467.7056,85.1965687585825,87.8981520994456,90.152579212539,85.0259864568116,89.881888548401,1.88216100569801,2.12977005628192,1.49662090062801,2.46741240791287,1.52873094086211,63.1326727848146,62.8176554761858,63.4409311367285,62.5396161306349,63.393201540241,62.8376341808415,9.50469531138292
74.7880324352601,-173793.8624,-223544.6656,-167304.6272,-232196.9792,-169467.7056,82.5825547516984,87.1087997962118,90.0644019978429,82.2370116448389,89.5264905372333,2.10705042008921,2.18967217897449,1.49969561173313,2.76787729103896,1.54645524582361,62.8735794753283,62.7144218533386,63.4075187692002,62.1916327072104,63.3413969035537,62.8238624370512,10.1107507476594
74.8099133383047,-175525.4912,-228896.9728,-168563.9936,-238178.9696,-170884.4928,79.5994199425447,85.9086701626816,89.9278906530307,79.1712198807027,89.0862225846105,2.44614345739318,2.33404106714412,1.51437975020019,3.24001571899845,1.57972279042357,62.4534202541697,62.4752276554191,63.3307741331346,61.6057070947272,63.2382605152168,62.785541098454,11.1143027841595
74.8686060429128,-175525.4912,-228896.9728,-168563.9936,-238178.9696,-170884.4928,77.2675384627275,84.2152473061644,89.7338110100414,76.9176050524658,88.528614084143,2.75495580226219,2.4858933911634,1.52140155600179,3.60032349682415,1.60800446171359,62.0434920646894,62.2132510214749,63.2594495815599,61.1099873233835,63.1352673993264,62.6820226551324,11.9705787079651
74.8378472202012,-175525.4912,-228896.9728,-168563.9936,-238178.9696,-170884.4928,75.8859933323209,82.1953092359798,89.4661786237015,75.677441591706,87.7994274650637,2.96337626345854,2.69189851347487,1.53245120628786,3.81591998775973,1.6475101888689,61.7326860134474,61.8770777414692,63.1827090383869,60.7629418848499,63.014989078641,62.4940031344869,12.6511561598499
74.7964872895241,-175525.4912,-228896.9728,-168563.9936,-238178.9696,-170884.4928,75.2294805390383,80.1560881070268,89.0950589986197,75.1317135221296,86.8489361614784,3.06505616075759,2.93077403085561,1.54954790306091,3.90704332006628,1.70309347446465,61.5456937637195,61.4939133434052,63.1015840038281,60.5650622524776,62.8733791064786,62.2551244533773,13.155514889205
74.8384420218316,-175525.4912,-228896.9728,-168563.9936,-238178.9696,-170884.4928,74.9681960538343,78.3772017339013,88.575032438903,74.9307616644364,85.6568539036672,3.10046324298461,3.16627986331662,1.57547629792193,3.93125393715719,1.77859372742712,61.4406772054542,61.1031073652438,63.009344954697,60.4538190785336,62.6990450812483,62.0245773822928,13.5520670688074
74.8262425390375,-175525.4912,-228896.9728,-168563.9936,-238178.9696,-170884.4928,74.8785298920535,77.009278099887,87.8566355983201,74.8672959236,84.2469690758276,3.10595152818076,3.36328757500792,1.61378251381957,3.92852206169828,1.87600288690358,61.3749144693266,60.7470299463426,62.89779862585,60.3802861410391,62.4812164471517,61.8376216684076,13.8875465656101
74.7833758860119,-175525.4912,-228896.9728,-168563.9936,-238178.9696,-170884.4928,74.8520822932779,76.0648103760287,86.9132816543545,74.8505449202693,82.6887524389347,3.1006240014932,3.50338409156785,1.66759289470175,3.91710059968266,1.99421335284141,61.325264808157,60.4528718254845,62.7598238173629,60.3212939882304,62.2132026644606,61.6923693208228,14.1829149402869
74.7646286845423,-175525.4912,-228896.9728,-168563.9936,-238178.9696,-170884.4928,74.8467336103687,75.4692957398292,85.7696964695891,74.8483885345144,81.0868286516449,3.09200739672485,3.58773204281516,1.73772093339122,3.90342210723992,2.12755656081929,61.2822204715549,60.2243954786619,62.590983537334,60.2682237521124,61.8945704908085,61.5697222210393,14.4484390409904
74.7991736748242,-175525.4912,-228896.9728,-168563.9936,-238178.9696,-170884.4928,74.8477867096213,75.1216916188292,84.5076609599997,74.8503805703546,79.559940525354,3.08276067617646,3.62903435598866,1.82128670051825,3.88962722427592,2.26537137339809,61.242586902089,60.0502947150623,62.3924527064148,60.218506033991,61.5352513964473,61.4541053109926,14.6880803303574
74.7880187996214,-175525.4912,-228896.9728,-168563.9936,-238178.9696,-170884.4928,74.8509886015649,74.9322819633662,83.237930007713,74.8538378697336,78.213140461803,3.07385965436,3.64255428054015,1.91209381272173,3.87658873288156,2.39424101892683,61.2063920115114,59.916824966964,62.1729935472407,60.1727505890292,61.1586273846996,61.3401406018728,14.8993374994303
69.0198215580878,-175525.4912,-228896.9728,-168563.9936,-238178.9696,-170884.4928,74.8417434879635,74.8357350194389,82.0541084249806,74.8429589533991,77.1125088406055,3.06799526938543,3.64068669586026,2.0030146045576,3.86763376088807,2.50250166172345,61.1710656428228,59.8125754548701,61.9453510650502,60.1278796420216,60.7957904976878,61.2292503109167,15.0818319924148
69.0306954453744,-175525.4912,-228896.9728,-168563.9936,-238178.9696,-170884.4928,73.7264863966545,74.7348560277513,81.0028527552452,73.630195041223,76.2758174846751,3.24743748505829,3.61415645738665,2.07873351712907,4.08003139107857,2.56207188725403,60.8112031460421,59.601416786424,61.6265669833808,59.6811510061024,60.3384759252278,61.1210464438962,15.5824307379066
69.0104675045542,-191402.7636,-277972.1784,-180111.1008,-293027.7288,-183874.9884,71.3543993383885,74.1686903676692,79.9936968437802,71.1443838264929,75.6643838724414,3.78937241263177,3.9555501722388,2.16318594442176,5.03293483330338,2.50524557085452,59.2850056754551,57.3768239482545,60.0983659857624,57.232307570976,58.1265119953513,60.8707822210451,17.4462889334502
69.0688932827331,-191402.7636,-277972.1784,-180111.1008,-293027.7288,-183874.9884,69.8426774810778,72.9562398953124,79.0344683314124,69.712025582544,75.1330201910918,4.04663259085723,4.02359246262214,2.17995542743638,5.25783621640095,2.43426028273921,58.5405821322574,56.4483378837252,59.2921839112688,56.3950316123718,57.0837277001289,60.2191764709078,17.9422769800559
69.0395861077483,-191402.7636,-277972.1784,-180111.1008,-293027.7288,-183874.9884,69.2776206332098,71.5796803826995,78.110167125539,69.229444448373,74.5161028973463,4.12952211814027,4.14928309652548,2.20160071175892,5.30784726624885,2.39328327034382,58.2023857573377,55.5718379283858,58.5619811889071,56.0379244822292,56.1577763311886,59.4405477511531,18.1815364630173
69.004083215402,-191402.7636,-277972.1784,-180111.1008,-293027.7288,-183874.9884,69.1191230456224,70.4790433768159,77.1778283338209,69.1066334843929,73.7540505154442,4.13965282209634,4.25665179168263,2.23033912610394,5.30083971550099,2.37651987007623,58.0709918739964,54.8749786428126,57.8815251089098,55.8976747254227,55.2662287237903,58.779562707938,18.3040033254601
69.0286018794418,-191402.7636,-277972.1784,-180111.1008,-293027.7288,-183874.9884,69.0856995137487,69.7698490364913,76.2119480761388,69.0844837726312,72.8942063639674,4.13145454657484,4.31964928705378,2.26599810323929,5.28428001176647,2.37346557110607,58.0156449196763,54.3933530078451,57.2193019613155,55.834131211061,54.382593481452,58.267194575763,18.3748475197405
75.8294200127866,-191402.7636,-277972.1784,-180111.1008,-293027.7288,-183874.9884,69.3937807831778,69.3779561642829,75.2186834769957,69.4331762936546,72.028536485606,4.06526281845937,4.36726641307288,2.32033701135541,5.20862444278643,2.39588022441195,58.1434805133308,54.1691129600526,56.6708174294923,55.9903616006247,53.6901089654749,57.8464382028117,18.357370910086
75.8392141891674,-191402.7636,-277972.1784,-180111.1008,-293027.7288,-183874.9884,72.0792366884562,69.504782339068,74.2218382358,72.2844086879682,71.2220814765268,3.58756625385463,4.50043081787314,2.48747261895916,4.70505882963544,2.56935502242745,59.3309209369708,54.7459575075118,56.9202206245506,57.4028576329754,54.1218071046403,57.5276000723665,17.8498835427498
75.7942925913793,-191402.7636,-277972.1784,-180111.1008,-293027.7288,-183874.9884,74.4343586765606,70.7164929027579,73.3212122871578,74.6132762387187,70.6118056848084,3.21175246140596,4.42994665361665,2.66200912996722,4.32044767067039,2.7381424083942,60.1943361551824,55.7228427978972,57.1539874691819,58.4069526058023,54.5656439849643,57.4772823514158,17.3622983240544
75.7765681183486,-191402.7636,-277972.1784,-180111.1008,-293027.7288,-183874.9884,75.4451411889519,72.4411070367693,72.6795998749141,75.5354389174973,70.4603698854347,3.06791199465214,4.20924710723581,2.78919701945512,4.1829461806973,2.83578324045661,60.537468653613,56.6613087936709,57.2496034381288,58.7963822418286,54.9667047789226,57.6026241874432,17.085085542497
75.8840542567016,-191402.7636,-277972.1784,-180111.1008,-293027.7288,-183874.9884,75.769433846425,73.879052240493,72.3438525878969,75.8051221861571,70.8597734831918,3.02747894626628,4.0133661138515,2.86805081246382,4.15084166756568,2.86831481501756,60.6626640900517,57.3290868938765,57.3380863425238,58.9365979692294,55.5418329237191,57.7251231871408,16.9280523551649
75.8385216451049,-191402.7636,-277972.1784,-180111.1008,-293027.7288,-183874.9884,75.8561656259903,74.8022234691262,72.262722430217,75.8693297201721,71.6360102991085,3.02035307861956,3.89247627132157,2.90925490321547,4.14968672488755,2.8541402518731,60.7137547246742,57.7382607169587,57.4694844694878,58.9961106479875,56.2419960023481,57.8187097178582,16.8259112299172
75.7735994316815,-191402.7636,-277972.1784,-180111.1008,-293027.7288,-183874.9884,75.8757925436392,75.3128694384944,72.3877607809168,75.8816022193033,72.5302630941949,3.02199860339412,3.83199985901606,2.92213925344346,4.15540280319247,2.81567838009417,60.7416269182332,57.9796041589435,57.6597494375255,59.0315935664307,56.925968174395,57.9054198988644,16.7472188991403
75.8093430562262,-180509.9366,-244303.4404,-172189.0448,-255397.9628,-174962.6754,75.8846164463485,75.5649322497147,72.6930212278427,75.8886602900369,73.3712240611922,2.91898347332813,3.55613332174312,2.95595263696624,3.80661011053464,2.81785827827677,61.1080335255367,59.1493577646923,58.7738754470574,59.8568129156592,58.53474657815,58.0186584582854,16.0555378208489
75.818684983977,-180509.9366,-244303.4404,-172189.0448,-255397.9628,-174962.6754,75.8870313666421,75.6876856333178,73.0924936627698,75.8900846656328,74.0488790329997,2.92235585117056,3.54930678194413,2.92382824280577,3.81231634977784,2.76538303504522,61.1275005172984,59.240538342835,59.0204168312159,59.8822336095654,58.9308681223073,58.2050798537965,15.9731902607435
75.824304949852,-180509.9366,-244303.4404,-172189.0448,-255397.9628,-174962.6754,75.8834984667949,75.7449745146284,73.5196886315047,75.8860741578052,74.5546110486195,2.92601513914726,3.55052983736939,2.88399040017405,3.81797863626719,2.7253004499124,61.1424259545445,59.3034927934114,59.2532279412935,59.9019636847514,59.21425072343,58.3980654379935,15.9038144628703
75.7830656998395,-180509.9366,-244303.4404,-172189.0448,-255397.9628,-174962.6754,75.8806873708824,75.769507474853,73.9287449899108,75.8832734745477,74.9132438539469,2.92898914168363,3.55492531950903,2.84307739178126,3.8225065665553,2.69699349498403,61.1545824754169,59.3483547993289,59.4569842865372,59.9180968964863,59.4118750246146,58.575315723701,15.8464919145132
75.8453447347191,-180509.9366,-244303.4404,-172189.0448,-255397.9628,-174962.6754,75.8789666860934,75.7787996984811,74.2894665579175,75.8816252606414,75.1579917342937,2.93125592040511,3.55992583452939,2.8056301017574,3.82596810154063,2.67806421084037,61.1642496810524,59.3807132958014,59.6245484529764,59.9308931358022,59.5470550260441,58.7398602306724,15.8008441690729
75.8062716948835,-180509.9366,-244303.4404,-172189.0448,-255397.9628,-174962.6754,75.8771304613613,75.7815213737404,74.5882430733494,75.8797929177723,75.319871144176,2.9330570049976,3.56438417648396,2.77394619098712,3.82869073846785,2.66593233565781,61.17144923368,59.4039457445812,59.7558228163478,59.9404035874458,59.6378936472709,58.8952672299176,15.7660104465943
75.8050604385726,-180509.9366,-244303.4404,-172189.0448,-255397.9628,-174962.6754,75.8759538188727,75.7814830764387,74.8242215894221,75.8786866672869,75.424086890979,2.9343605430153,3.56799626573105,2.74862161879203,3.83065586005251,2.65846958388692,61.1768053312127,59.4204874155355,59.8551420356084,59.9474742234164,59.6980875605929,59.0420647752197,15.7401038714778
75.766528471685,-180509.9366,-244303.4404,-172189.0448,-255397.9628,-174962.6754,75.8752634118576,75.7805486806673,75.003975137362,75.8780392062808,75.4895466323754,2.93527686372155,3.57074449267702,2.72919112737628,3.83204529716474,2.65406163040635,61.1807036341385,59.4321452758693,59.9283231383816,59.952603160155,59.7374290413244,59.1787145370502,15.7213194113459
75.8058789770848,-180509.9366,-244303.4404,-172189.0448,-255397.9628,-174962.6754,75.8743652589355,75.7794867428647,75.1371540399674,75.8771321871155,75.5297185625475,2.93598530161072,3.57274268991731,2.71471622477358,3.83310113787632,2.65156238841579,61.1833512015936,59.4402268273695,59.9811184663187,59.956082856373,59.7627537425964,59.3030962455094,15.7081077425937
75.8139053942095,-180509.9366,-244303.4404,-172189.0448,-255397.9628,-174962.6754,75.8731008163619,75.7784093344872,75.2337488790024,75.8758352752973,75.553814083885,2.93657251522885,3.57417385026822,2.70416580433896,3.83394520469908,2.65021091550222,61.1850244571268,59.4456919381682,60.0185813737363,59.9582910623398,59.7788089129721,59.413551426277,15.6990682900373
75.8061624405911,-180509.9366,-244303.4404,-172189.0448,-255397.9628,-174962.6754,75.8714684233598,75.7772044558079,75.3026822995311,75.8741787861521,75.5678970188848,2.93708780545758,3.57521364406045,2.69659593502226,3.83464983308588,2.64952387551676,61.1859689779687,59.4492371695101,60.0448028595066,59.9595594695967,59.788801279314,59.5093697749788,15.6930710931429
75.8030648235439,-180509.9366,-244303.4404,-172189.0448,-255397.9628,-174962.6754,75.8704594130597,75.7758359962598,75.3512711239031,75.8732336073439,75.5758213825141,2.93742187308495,3.57600750771378,2.691243229051,3.83509527998856,2.64923015878722,61.1866301227122,59.4514934729787,60.063044764096,59.9604627762536,59.7949762349577,59.5907992130017,15.6889980486255
75.8095359825968,-179499.8198,-241181.2612,-171454.4144,-251908.4684,-174136.2162,75.871153065677,75.7745189007709,75.3850322051348,75.8740334865922,75.579973569628,2.9273720373536,3.55018601296772,2.68667683342849,3.80020183049188,2.64857668696347,61.2193647827701,59.5415860963678,60.1361581163155,60.0345636114908,59.8697961711252,59.6613244125463,15.6130134012051
64.535242747804,-179499.8198,-241181.2612,-171454.4144,-251908.4684,-174136.2162,75.5493797693287,75.7698785028169,75.4083152377941,75.5106119233016,75.5818747326999,2.97536202355558,3.54412552791637,2.67755224917478,3.86138550833622,2.64143359838348,61.1339120121139,59.5091872440854,60.1074759122776,59.922118548726,59.8292131359067,59.7275490921898,15.6998589073664
64.4868517020869,-179499.8198,-241181.2612,-171454.4144,-251908.4684,-174136.2162,71.929794535532,75.4283422935939,75.4231032658632,71.6150964519649,75.5741475544696,3.57776350684466,3.49654515536405,2.58182625893742,4.56785378554879,2.53837151322299,59.9415132434479,58.9463784032587,59.5549569843393,58.4375331499579,59.181901821731,59.7676757328783,16.7623602199179
64.4624562988988,-179499.8198,-241181.2612,-171454.4144,-251908.4684,-174136.2162,67.5943833153949,73.8808235308268,75.4248838206736,67.2788540092417,75.4699863877522,4.40242715672206,3.5290993761287,2.40186337475826,5.37822935256311,2.34729398905919,57.8517495841095,57.5508977198809,58.3677950699773,56.0868466649111,57.7433574270518,59.5761877525209,18.0589132492313
64.5187611380276,-179499.8198,-241181.2612,-171454.4144,-251908.4684,-174136.2162,65.4286136469956,71.3798105736066,75.3854129789812,65.2903096070245,75.0947429003216,4.79948398310996,3.71829017470247,2.25851580415523,5.68701621295833,2.20936677731711,56.4919789030216,55.8807698091917,57.2457140338048,54.7059926015224,56.2614690261385,58.8511506594301,18.6726729522431
64.4915524051996,-179499.8198,-241181.2612,-171454.4144,-251908.4684,-174136.2162,64.7470331170303,68.8836548293049,75.2273384647406,64.7065113157929,74.3349775217446,4.89210491598691,3.96321209816488,2.17370980880704,5.73467473714642,2.14361162356581,55.9795933230793,54.3424368565596,56.3799299540421,54.2101562176599,54.9239941382347,57.8670409639195,18.9073131836711
64.5032276273852,-179499.8198,-241181.2612,-171454.4144,-251908.4684,-174136.2162,64.579129540995,66.9959701335191,74.8321005888653,64.5700547777068,73.2125699037646,4.89136530879019,4.15644169678515,2.12975278685254,5.71782532517637,2.1162885533745,55.8103640514234,53.1307615739448,55.59569108481,54.0427687921867,53.5509743527294,57.0646233767108,19.0116736709788
72.5371901580983,-179499.8198,-241181.2612,-171454.4144,-251908.4684,-174136.2162,64.5493291295339,65.8024932739472,74.1034755276435,64.5484095585088,71.8587835833761,4.87429346173267,4.27101258061345,2.1184058386924,5.69472916490268,2.10763949139008,55.7498516968886,52.309222087338,54.7640288541077,53.978427971964,52.1165032855764,56.4971191954098,19.0660805373313
72.5811220900835,-179499.8198,-241181.2612,-171454.4144,-251908.4684,-174136.2162,65.8613018461428,65.1724161842147,73.0304191807718,65.9362192046893,70.428189906762,4.60643680212623,4.43684022529107,2.20451587859417,5.43129003733744,2.1935870398992,56.5501493959866,52.183458262509,54.446385766404,54.8535515512253,51.459437425599,56.0518506056169,18.8726699832481
72.548241392351,-179499.8198,-241181.2612,-171454.4144,-251908.4684,-174136.2162,69.4816557749035,65.5910706422519,71.6582812067923,69.6342892472971,68.9943021996684,3.9072870665947,4.65109408160216,2.45861192854605,4.75387537567085,2.45106111018307,58.5044138713575,53.2004524391936,54.9948963616181,56.9723707793805,52.0181405556909,55.8484967408426,18.2219295625968
72.5413484198324,-179499.8198,-241181.2612,-171454.4144,-251908.4684,-174136.2162,71.5946599776082,67.3470097068528,70.2749981746551,71.6968194293677,67.8491641214677,3.53221588721805,4.51298920850855,2.68882981515818,4.39301657023291,2.64799316014307,59.451790830845,54.5772182606459,55.0383340617616,57.99480363884,52.1355247389979,56.0628106355875,17.7750446412608
72.5315737037442,-179499.8198,-241181.2612,-171454.4144,-251908.4684,-174136.2162,72.3411022196949,69.3412885615514,69.3070135502831,72.3862455866157,67.383270879906,3.41356553957876,4.24109394528602,2.84955949190684,4.28529570898113,2.76095116164251,59.7761654052988,55.7528296084805,54.9297749396641,58.3397978030408,52.3125191100772,56.3607745614095,17.5504658473952
72.5654174372627,-175862.1968,-229937.6992,-168808.8704,-239342.1344,-171159.9792,72.5505905361208,70.8042730820213,68.9145878527069,72.5666316802401,67.6652004250446,3.35152430940385,3.95656701568298,2.97778193316858,4.14026745105061,2.85686162186043,60.0124059910233,56.9176645443428,55.3687176205522,58.753399842973,53.3493366286155,56.5694525241448,17.2830023311664
72.5272022648077,-175862.1968,-229937.6992,-168808.8704,-239342.1344,-171159.9792,72.5995159168167,71.6717370602408,68.9375973130737,72.6052282600228,68.4294907430701,3.34987214926579,3.83459991087684,3.01680815416027,4.14253900733146,2.86062421378157,60.0551475271467,57.3434372175287,55.566960008633,58.7995708918151,54.1324566668137,56.7471064552975,17.2044434354159
85.6154144817607,-175862.1968,-229937.6992,-168808.8704,-239342.1344,-171159.9792,72.6479329290999,72.1260660170245,69.1958027546024,72.6553862775434,69.341826020018,3.34696031690385,3.77878923774405,3.02727637454656,4.14091519268506,2.84288865004857,60.092651025561,57.5861449356672,55.8714006664721,58.8443151716485,54.9555988763342,56.9016971195682,17.1368297719281
85.6459828335735,-175862.1968,-229937.6992,-168808.8704,-239342.1344,-171159.9792,75.8475216172584,72.5733468684036,69.6008797496337,76.074698330254,70.2034066586206,2.84933912926814,3.82197866011516,3.16620010594509,3.57070591717147,2.96486228892661,61.0995297523942,58.1977309411748,56.8611140062693,60.0581247181216,56.4090250387559,57.0336916246207,16.3730861014265
85.6404000590272,-175862.1968,-229937.6992,-168808.8704,-239342.1344,-171159.9792,80.8556014814854,74.3657945726806,70.112819527745,81.1713130241154,71.0508004661493,2.2492651302318,3.64748806172194,3.32921908150538,2.88420971612427,3.10390512209485,62.1730416827857,59.302469794054,57.9968708145961,61.342493417161,57.8743532955616,57.2042729718387,15.2140871116782
85.651535396239,-175862.1968,-229937.6992,-168808.8704,-239342.1344,-171159.9792,83.7668108254956,77.3988321874299,70.7101764965241,83.991613991417,72.2045501126655,1.98843247513901,3.23523745553459,3.39643255767251,2.58802477858611,3.10634828731339,62.6335660087472,60.416061044654,58.8339955444731,61.893497063457,59.0384663123291,57.4275486154104,14.3144755542456
85.6452765376834,-175862.1968,-229937.6992,-168808.8704,-239342.1344,-171159.9792,84.9977779439312,80.2915309256309,71.4941157264036,85.1219309821073,73.8709012474682,1.89537744408809,2.8782161620255,3.37169788935217,2.4868782147994,2.96629847412799,62.8269800219884,61.2021734184397,59.5308114891707,62.1250371940185,60.0831984183312,57.6714925606016,13.5984681843932
85.6585036133972,-175862.1968,-229937.6992,-168808.8704,-239342.1344,-171159.9792,85.4519050908385,82.3904572596346,72.5999636832573,85.5121573899831,75.8230560439176,1.86516902025124,2.65343134894216,3.25220002750847,2.45751785407489,2.74831526572775,62.9220271857114,61.6839493178388,60.1970833852523,62.2405160162189,60.9417786396059,57.9523643142062,12.9766335165045
85.630477182141,-175862.1968,-229937.6992,-168808.8704,-239342.1344,-171159.9792,85.6070042501145,83.7192819177654,74.0002978851984,85.6350116683982,77.725345555619,1.85699660302914,2.5265287275808,3.05991720707786,2.45194764723507,2.53086703439056,62.9779750800348,61.9727263769187,60.8180302234938,62.3105029929604,61.5654915182267,58.2815051265698,12.4262572193134
66.0712001539167,-175862.1968,-229937.6992,-168808.8704,-239342.1344,-171159.9792,85.4036138951301,84.5021394583912,75.5271095135034,85.381026931123,79.3870708316509,1.87493339522186,2.45723166590232,2.84176689170184,2.48037255646823,2.35035284317115,62.9910682517616,62.1423033622269,61.3328954264359,62.3238156180425,61.9860912371921,58.6478066762211,12.0046573524654
66.1157325015457,-175862.1968,-229937.6992,-168808.8704,-239342.1344,-171159.9792,81.8661823302321,84.728089776396,77.0126384506609,81.4671176542973,80.7483160705029,2.18405087012704,2.43330094720483,2.6241096497854,2.90979909283201,2.20355262600102,62.6257741174685,62.1483520078332,61.6410827499856,61.812676799416,62.188086838301,59.0412270123653,12.3548131859503
66.091855876032,-175862.1968,-229937.6992,-168808.8704,-239342.1344,-171159.9792,75.5740337121728,83.7056357528205,78.3491469129752,74.8338453187616,81.767394614621,2.98756220050229,2.51022994123525,2.41698169036421,3.9459287296261,2.0816240670592,61.5083749983154,61.8178810107814,61.6602957697637,60.3403057522037,62.1200228768518,59.4646537240787,13.9423266287871
66.0587999576536,-182044.1517,-249045.5598,-173304.8376,-260697.9786,-176217.9423,70.0529716434065,80.9323778031754,79.4862902804226,69.4249280755031,82.3352128776577,4.07317859275606,2.90424323257786,2.24614780124463,5.26575084217222,2.01333863424525,59.3735479604684,60.4419816581885,61.0498575538697,57.5950056833555,61.4211776125879,59.7805413375605,16.502659102996
66.0522082453301,-182044.1517,-249045.5598,-173304.8376,-260697.9786,-176217.9423,67.305590541896,77.0820748993863,80.3601491759628,67.0344894131342,82.2839554470326,4.6148605239764,3.28403885830365,2.0946042983389,5.67975560975937,1.95802100889456,57.879693550575,58.9613714288869,60.5898503828296,56.0668654378621,60.7790609612962,59.5322187881113,17.6312802992729
66.0468226488755,-182044.1517,-249045.5598,-173304.8376,-260697.9786,-176217.9423,66.4014553733497,73.2670036653283,80.9113529615336,66.3216132994197,81.5344101330645,4.73730227667013,3.72729998787624,1.99738632927627,5.71805925902999,1.96041284428847,57.2191829769825,57.3012658576706,60.1787824895277,55.4274583112724,60.0557530635556,58.8267817978102,18.1404606971411
80.3523112943449,-182044.1517,-249045.5598,-173304.8376,-260697.9786,-176217.9423,66.1686025227885,70.2748494831568,81.0120083798086,66.1501033959926,80.1134371388903,4.71755814879086,4.09001066000516,1.94448437590545,5.66197759004253,2.00449327041699,56.9479000838658,55.7249865894394,59.7153842748922,55.1480422241441,59.1071130875389,58.1752650369513,18.418524045161
80.3659389269794,-182044.1517,-249045.5598,-173304.8376,-260697.9786,-176217.9423,68.253930082744,68.3610110508448,80.5007527668798,68.4069058733285,78.1532957048328,4.26173741168857,4.48511268631749,1.99376579448985,5.18628075127235,2.15599944106557,58.047013108223,55.0928729908002,59.7305334432319,56.3957119586912,58.6231258935077,57.7515275580737,18.0828960848338
80.3437970360744,-182044.1517,-249045.5598,-173304.8376,-260697.9786,-176217.9423,74.3186286220509,68.4356084420558,79.222331520829,74.6524452491394,75.7602241423226,3.1579058494171,4.83164225242966,2.19307012827768,4.03955963844289,2.50192975396842,60.5439304510004,56.1190727326926,60.3396919291515,59.2316000643174,58.9304010306445,57.7150857376135,16.7241076225357
80.3275424192941,-182044.1517,-249045.5598,-173304.8376,-260697.9786,-176217.9423,78.1412325930735,71.0376454674384,77.4029351379012,78.3903288449147,73.488745745489,2.62396515427007,4.454742775484,2.43230789473079,3.4649983529062,2.83300631977531,61.5635734509436,57.6790527638559,60.3775606278519,60.4124202127112,58.6257237666069,58.1876291134839,15.8090204971664
80.337067703516,-182044.1517,-249045.5598,-173304.8376,-260697.9786,-176217.9423,79.6965949726997,74.2889316723671,75.9165498589655,79.82805104934,72.2897029064735,2.44573377629919,3.89447944081832,2.64235750351598,3.27633525520536,3.03825741185377,61.9108488911548,59.0085597404477,60.2445778504696,60.8149101626396,58.4307602662442,58.7193142019916,15.2971633876926
80.3365536161496,-182044.1517,-249045.5598,-173304.8376,-260697.9786,-176217.9423,80.2198848301161,76.8294868652303,75.2038540698848,80.2777481581784,72.5015920194836,2.3931203702533,3.50373594477867,2.76423524016897,3.22601975148049,3.06966178954736,62.0431142551739,59.8450179227008,60.2228740759354,60.9680635938805,58.7844342073385,59.1124019574057,14.9567730962288
80.3843221342635,-182044.1517,-249045.5598,-173304.8376,-260697.9786,-176217.9423,80.3726520323463,78.4395078603178,75.0005639150277,80.3958262066357,73.6292870639764,2.38139404819601,3.28589087359714,2.81922931965957,3.21904013949448,2.97323070015396,62.1063764609987,60.3290176991604,60.31181456684,61.0442738494582,59.4672392972316,59.4157513435695,14.6787850811011
80.3407201284242,-182044.1517,-249045.5598,-173304.8376,-260697.9786,-176217.9423,80.4095327181823,79.3502746687647,75.06569542882,80.4192010943607,75.0264310731509,2.38162631030774,3.17505308001788,2.83345131561251,3.22340227351041,2.8264338578639,62.1450385193864,60.6075661731378,60.4506735989534,61.0938366149708,60.1288472928053,59.6758927601504,14.4399668373125
80.3454201928598,-182044.1517,-249045.5598,-173304.8376,-260697.9786,-176217.9423,80.4154808944262,79.8311372584561,75.3500921140331,80.4207390151014,76.3146319783974,2.38452623218158,3.12247900198736,2.81245146632477,3.22944511217531,2.68585563024789,62.1731989093299,60.7728523831881,60.6259436878718,61.1315355651245,60.6373056459889,59.9002671373199,14.2347574429169
80.3748561992862,-182789.7141,-251350.0254,-173847.0648,-263273.5578,-176827.9479,80.4136094344756,80.0742576443553,75.8252883911184,80.4175575872089,77.3638510849849,2.39519709341437,3.12070629705308,2.76420293135312,3.25991393433586,2.57662910974973,62.1782203053229,60.8286967011414,60.7972610329204,61.1198533601767,60.9653733074686,60.0881579868267,14.1166493659062
80.3142201269164,-182789.7141,-251350.0254,-173847.0648,-263273.5578,-176827.9479,80.4096214085537,80.191878875538,76.4186150658794,80.4132394102633,78.1641615429982,2.39814414729501,3.11308816060355,2.69554505849078,3.2649343676258,2.49364799042523,62.19664155549,60.8992215117445,61.0078108038116,61.1452089303304,61.2199916523924,60.2414959269829,13.9653597244404
80.3572756587456,-182789.7141,-251350.0254,-173847.0648,-263273.5578,-176827.9479,80.4070714421468,80.2463928143325,77.0418708736109,80.4108032236869,78.7511043268938,2.40046974211931,3.11223280443238,2.62240232995547,3.2688729605838,2.43464391478692,62.2117364737231,60.9484331179143,61.2012362000247,61.1659883688571,61.3962891358474,60.3714511598914,13.8386217518779
80.3645773533592,-182789.7141,-251350.0254,-173847.0648,-263273.5578,-176827.9479,80.4045064300063,80.2703759696034,77.6270550610458,80.4082601114932,79.1697531938671,2.40236796562741,3.11400886964903,2.55441491465487,3.2720630017382,2.39366375080894,62.2235484484011,60.9834228041246,61.3648115869474,61.1822076556036,61.5178189224586,60.486736828958,13.7365185024784
80.3433595060912,-182789.7141,-251350.0254,-173847.0648,-263273.5578,-176827.9479,80.4018494632834,80.2798220213082,78.1369271951647,80.405623926186,79.4618134521857,2.40390201350794,3.11652176113467,2.49626553543753,3.27460178597365,2.36569790713723,62.2324936434555,61.0084201736472,61.495862097615,61.1944773434607,61.6012087360647,60.5918906621305,13.656989003191
80.3971058384458,-182789.7141,-251350.0254,-173847.0648,-263273.5578,-176827.9479,80.3990966229534,80.2823984872025,78.5587970669758,80.4028921552331,79.6616671973746,2.405137855896,3.11898509183148,2.44910038201061,3.27660740140481,2.34691223894124,62.239076841819,61.0262169225323,61.59725576752,61.2035047390223,61.6580987229974,60.6888912610087,13.5967429700841
80.3382142242439,-182789.7141,-251350.0254,-173847.0648,-263273.5578,-176827.9479,80.3967376955908,80.2818114812873,78.8950346744068,80.4005878495958,79.7959817951785,2.40608566637676,3.12112204719692,2.41218418299155,3.27812382970923,2.33449548939323,62.2438715488095,61.0388141496879,61.6739130167447,61.2100818838786,61.6966556713509,60.7784198798589,13.5520112156677
80.3652047678424,-182789.7141,-251350.0254,-173847.0648,-263273.5578,-176827.9479,80.3947790076841,80.2799181478473,79.1555354931819,80.3986993125736,79.8846527618089,2.40680161000767,3.12286546710578,2.3840121599972,3.27925368831301,2.32642970796057,62.2473127363418,61.0476637140792,61.7309107479648,61.2148053873807,61.7225758881548,60.8606186667842,13.5193626333842
80.3807169822247,-182789.7141,-251350.0254,-173847.0648,-263273.5578,-176827.9479,80.3934797438941,80.2776717610917,79.3529045629533,80.3974878033339,79.9421138610996,2.40730360877081,3.12423515393434,2.36292208335243,3.28004417943713,2.32129348592647,62.2497977918995,61.0538488839394,61.7727576894476,61.2182171993661,61.7398505741423,60.9354809263593,13.4957985114212
80.3518011865899,-182789.7141,-251350.0254,-173847.0648,-263273.5578,-176827.9479,80.3921829427437,80.2755725343167,79.4997547579466,80.3961985879439,79.9786095888738,2.40770187419472,3.12527258774692,2.34736988069778,3.2806639794856,2.31809407378172,62.2515021933735,61.0581310025671,61.8031328418311,61.2205514312185,61.7512237053485,61.0030306718448,13.4791023959067
80.3013057098263,-182789.7141,-251350.0254,-173847.0648,-263273.5578,-176827.9479,80.3908225518795,80.2736643891043,79.607384875066,80.3948691945386,80.0012728698007,2.40803203965978,3.12605704866429,2.33604421478084,3.28115719145134,2.31615329766673,62.2526290726941,61.0610453323059,61.8249657696628,61.2221044533991,61.7586136987961,61.0633804772493,13.467443792223
82.0830275051851,-182789.7141,-251350.0254,-173847.0648,-263273.5578,-176827.9479,80.3911795841906,80.2720350116654,79.6852781517985,80.3953994240893,80.0149598671276,2.40811645788099,3.12665351320255,2.32789303661552,3.28130102990333,2.31502625254669,62.253621952173,61.0630811022541,61.8405934422379,61.223475136409,61.763419457747,61.1167427213708,13.4589902901491
82.1132325641876,-178015.7097,-236594.0118,-170375.0616,-246781.5426,-172921.9443,80.4986130393801,80.2720335989888,79.7392249512212,80.5162347580191,80.0220210373305,2.34713157318493,2.98756936598668,2.2946069698416,3.10182974636136,2.28369375780996,62.3758074270846,61.3490205657807,61.9972380154234,61.5054845365385,61.9287627524679,61.167627696187,13.0148314131845
82.1282980035202,-178015.7097,-236594.0118,-170375.0616,-246781.5426,-172921.9443,80.9899437911182,80.3258002013561,79.7772818327811,81.0434693007159,80.0270847295723,2.29421478214438,2.98361307245905,2.2929250011238,3.03316013186473,2.28570409256704,62.4491299238336,61.3776951095707,62.0222803121176,61.6023227822227,61.9497399245503,61.2342896438953,12.889617080159
82.1330666424535,-178015.7097,-236594.0118,-170375.0616,-246781.5426,-172921.9443,81.5194981685422,80.5181303911457,79.804843896944,81.579869091005,80.0428048150442,2.23946136405862,2.96199223601127,2.29276014673631,2.96599527216073,2.28697657904489,62.5253730945459,61.431715051209,62.0485657534708,61.6984784862667,61.9755183451318,61.307972159368,12.7471855980118
82.1106201443593,-178015.7097,-236594.0118,-170375.0616,-246781.5426,-172921.9443,81.8584017575952,80.8269648018185,79.8284426091491,81.9030806757397,80.0937804570726,2.2057811910199,2.92505060576257,2.29256149918899,2.92710079556928,2.2840381027814,62.5742545264532,61.4994995132511,62.0706259066866,61.7575118497895,62.00324993866,61.3822724440927,12.6345321943221
82.1572747719126,-178015.7097,-236594.0118,-170375.0616,-246781.5426,-172921.9443,82.0271343504552,81.1599858907745,79.8584638770012,82.0541779840334,80.1993782664038,2.1895990799727,2.88520729257506,2.29118262881474,2.9096964467181,2.27487542777816,62.6004686944566,61.565617681715,62.0899602362501,61.7881084412309,62.0359832518731,61.4527997195375,12.5505608758587
82.1235401627131,-178015.7097,-236594.0118,-170375.0616,-246781.5426,-172921.9443,82.0996816108756,81.4452748039607,79.9074001227477,82.1149600285449,80.359108121779,2.18298054479738,2.85166281428501,2.28740791850441,2.90324471922335,2.25979495691443,62.6141166347297,61.6204155088922,62.1095746660891,61.8038542691211,62.0745018670581,61.5158199851612,12.4850909537246
67.171497034344,-178015.7097,-236594.0118,-170375.0616,-246781.5426,-172921.9443,82.1116549035371,81.6565548482041,79.9849493706917,82.1180535052207,80.5550170190166,2.18226970606047,2.82733216177352,2.28025557854462,2.90367423832513,2.24086038434577,62.6197428226509,61.6610924067776,62.1312985498025,61.8099522177816,62.1159115342509,61.5702454741122,12.4343920690495
67.1729800111641,-178015.7097,-236594.0118,-170375.0616,-246781.5426,-172921.9443,80.3366270449186,81.7322733064994,80.0939061012627,80.1269979062145,80.7620724789503,2.36820274287159,2.81133124768391,2.26259237611901,3.16048478259033,2.21395796816509,62.3750697520098,61.6230051095361,62.1008785849448,61.4690657869198,62.0989083187791,61.61705073529,12.8165691174299
67.1792613153771,-178015.7097,-236594.0118,-170375.0616,-246781.5426,-172921.9443,75.5358400863901,81.108746186199,80.2278802549853,75.0021438915804,80.9354074963934,3.01375003947495,2.85231318984129,2.22013166140237,3.98769446402901,2.16892131575445,61.4216605127176,61.288407293707,61.8907304410842,60.2146241682024,61.8847113261585,61.636838400257,14.2428106705021
67.1446639993175,-178015.7097,-236594.0118,-170375.0616,-246781.5426,-172921.9443,70.9042865739021,79.1680895806067,80.3681040837582,70.4171553743795,80.9493959901201,3.85345986914719,3.02148502168305,2.1518832035124,4.89862448198752,2.11313517835304,59.8657366235362,60.4574841516615,61.4493789339591,58.3794679063029,61.3957671324583,61.4900981595251,16.0385877546832
67.1571826044914,-178015.7097,-236594.0118,-170375.0616,-246781.5426,-172921.9443,68.3983928570623,76.2156873853867,80.472288435822,68.1661626332719,80.6164007387353,4.34683880282863,3.33095713963652,2.08551194873247,5.31381744754013,2.08189720948074,58.6127506520576,59.2434443692703,60.9514763366807,57.0690349807343,60.7693781213747,60.9520825754305,17.1590225482185
67.1892971899707,-178015.7097,-236594.0118,-170375.0616,-246781.5426,-172921.9443,67.5069382206855,73.1465162246596,80.456253148749,67.4322045609221,79.7951613120927,4.48161414322718,3.70514274357077,2.04027699424822,5.38311221967861,2.09489540626295,58.0155791058909,57.8883148643267,60.5026453805444,56.4779260448493,60.0712835089076,60.1400673939838,17.7050415069877
67.1988013604683,-178095.8777,-236841.8038,-170433.3656,-247058.4866,-172987.5363,67.2636240433459,70.6776040034282,80.1849035633753,67.2450290146175,78.4656858573338,4.47697059769551,4.02139792869145,2.02078492473348,5.34906634705749,2.14417685929667,57.7581416301556,56.6046312184296,60.0319332774432,56.2086570394595,59.1878292091549,59.4177947860451,18.0123966574746
76.1000147940787,-178095.8777,-236841.8038,-170433.3656,-247058.4866,-172987.5363,67.6096207206945,69.0373887107331,79.518450361426,67.63944062761,76.7441549160725,4.36424404623221,4.24480583576061,2.0442883036251,5.21806416417507,2.23022163013844,57.858615774602,55.7050890019095,59.5971807096862,56.3259948614139,58.2100623562681,58.9043958455806,18.1016239799314
76.0728307357605,-178095.8777,-236841.8038,-170433.3656,-247058.4866,-172987.5363,71.0664659221451,68.4564782692005,78.375596924437,71.2480891200011,74.7834532873101,3.6727985249117,4.5317719967316,2.19102575397429,4.50447069085706,2.47073295851042,59.4797249146766,55.9684220190317,59.7884952125822,58.1423792647342,58.0535456785233,58.5893212498249,17.3707999249851
76.0640386841446,-178095.8777,-236841.8038,-170433.3656,-247058.4866,-172987.5363,74.1351495215035,69.5672422014774,76.8444642397649,74.3027965039317,72.8687149571527,3.14099740112759,4.45752640860641,2.38872782628668,3.95536232367886,2.73260718767219,60.5866616222498,56.8711820056574,59.795716327065,59.377669272852,57.7420863263191,58.6489354285947,16.6752211473717
76.1035461250505,-178095.8777,-236841.8038,-170433.3656,-247058.4866,-172987.5363,75.4983381369907,71.5918918657623,75.363753945539,75.5900426656314,71.5680448820505,2.93615787555685,4.12334704032346,2.58072411706459,3.74806071087258,2.91475632679348,61.0046470330361,57.8668711351074,59.5833695669347,59.839421082935,57.3867104967722,58.9187462909036,16.303046070611
76.0689820085087,-178095.8777,-236841.8038,-170433.3656,-247058.4866,-172987.5363,75.959374489554,73.4064000296107,74.3232662092167,75.9987562708182,71.2186514767936,2.87403431556799,3.82228253875764,2.72539286243188,3.6898783770448,2.9906911948635,61.1523956548721,58.6003193607235,59.3805329600828,59.9997774716291,57.3973869500993,59.1423601987983,16.1022792886658
76.0719983670406,-178095.8777,-236841.8038,-170433.3656,-247058.4866,-172987.5363,76.0909132025862,74.6264492790568,73.7278244489123,76.1060605118843,71.6457140752229,2.85976776600648,3.63360036946772,2.81759061488426,3.67976875887826,2.98105075119215,61.2100666574167,59.0515324324872,59.2740502464857,60.0631268945225,57.7797528515391,59.2896564825176,15.9717782604289
65.3292214957894,-178095.8777,-236841.8038,-170433.3656,-247058.4866,-172987.5363,76.1213032861045,75.3292353156075,73.4441640827803,76.1274719718257,72.444477097697,2.85949836445574,3.53358130241355,2.87049089503245,3.68266452791281,2.92381941563433,61.2390547736579,59.3134658271655,59.2567585024699,60.0971533048728,58.307101204769,59.4002204840788,15.8700545054489
65.348699845534,-178095.8777,-236841.8038,-170433.3656,-247058.4866,-172987.5363,75.0238134614101,75.6608897082143,73.3973373787168,74.9069993415334,73.2884493578039,3.02607811956656,3.46851028970712,2.86187273544801,3.89162355249178,2.81843853743372,60.9608039820447,59.3446562589248,59.1672082615189,59.7374216242522,58.6224796824457,59.4888535175988,16.0665232346472
65.286953998565,-178095.8777,-236841.8038,-170433.3656,-247058.4866,-172987.5363,70.7883107257861,75.1561955687638,73.5290544653576,70.4535815904298,73.9687187460978,3.75760219387686,3.42736800451685,2.7026488720157,4.71465236876388,2.5963145229529,59.4630657730046,58.6441012930567,58.4605714803519,57.9321311613276,58.0480227917219,59.5130117314279,17.1985859621262
65.3265423174544,-178095.8777,-236841.8038,-170433.3656,-247058.4866,-172987.5363,67.3299597974827,73.3224059431155,73.7409841259441,67.0924482242972,74.3033849923384,4.42425377453895,3.5300305942265,2.49646288082733,5.33763455281338,2.37805720223241,57.7112156093287,57.2905268708253,57.4279762878636,56.0324392743008,56.9214927136075,59.2289379571571,18.1664390046386
65.2802098412664,-178095.8777,-236841.8038,-170433.3656,-247058.4866,-172987.5363,65.8968136982592,70.869701358205,73.925844428762,65.8072741887322,74.1640226189153,4.68125159860165,3.76121398501479,2.35557390845316,5.53026344986975,2.25858362628862,56.806132630513,55.8232233238259,56.6371410702008,55.1325049917392,55.8626705499697,58.5050513197855,18.586886568228
65.3096619081224,-178606.9487,-238421.4778,-170805.0536,-248824.0046,-173405.6853,65.4837443210894,68.6870944067439,73.9649109123216,65.4593367921821,73.5360341454821,4.73230041418075,4.00579109891065,2.26838683670344,5.56390626726159,2.2032346604521,56.4653217234583,54.4650635685614,55.9725507826694,54.7732915623895,54.729571540907,57.6876579866384,18.7736192775085
65.3137812911794,-178606.9487,-238421.4778,-170805.0536,-248824.0046,-173405.6853,65.3880417651797,67.1609218478506,73.7330292334813,65.3831647274896,72.5232635063384,4.72569719194031,4.17221615017248,2.22577672981303,5.54674239722882,2.1858413834058,56.3570177150536,53.5061919658264,55.3962246777255,54.6640525408503,53.5671532572336,57.0518266997109,18.8562738525605
65.3065342859552,-178606.9487,-238421.4778,-170805.0536,-248824.0046,-173405.6853,65.3747087052086,66.2483850180611,73.1588492631879,65.3747990309818,71.3016962581053,4.7109373848881,4.26360259558195,2.215974766691,5.52760186459818,2.18405563994005,56.3153896128068,52.8863318569485,54.7409351728231,54.6185695696896,52.3300869761946,56.5835454628091,18.9021722516993
65.3006556672368,-178606.9487,-238421.4778,-170805.0536,-248824.0046,-173405.6853,65.3775221631353,65.758061919976,72.2747660592415,65.3785949806673,70.0499175713161,4.69878457356984,4.30274608627525,2.22858078246847,5.51316940095276,2.18729837324651,56.2947722890328,52.5175677337756,53.9610333014259,54.5942076886662,51.1064342506589,56.191320439384,18.9305792165128
65.3444812367599,-178606.9487,-238421.4778,-170805.0536,-248824.0046,-173405.6853,65.3817903766501,65.5137942461092,71.2032063216649,65.3830219921645,68.9007929650537,4.69008161534604,4.31323134444509,2.2522144228577,5.50301567788927,2.19084802991347,56.2821864690371,52.3054870651382,53.0816489490126,54.578736213882,49.9880022624816,55.8326332926426,18.9493910904516
65.2560576465369,-178606.9487,-238421.4778,-170805.0536,-248824.0046,-173405.6853,65.3843720830236,65.3990053057412,70.0970468836986,65.385510185625,67.9264460658804,4.6841742222338,4.31090882929123,2.27775075841819,5.49612288820096,2.19338900781746,56.2732923133062,52.1835821093775,52.1786540444072,54.567674552087,49.0355652858559,55.5028802512995,18.9623457059616
65.314693084283,-178606.9487,-238421.4778,-170805.0536,-248824.0046,-173405.6853,65.3846835294071,65.347347292151,69.0815977807468,65.3857547680115,67.1478730390994,4.68040557472876,4.30441537855744,2.30005752760452,5.49163916680109,2.19494531301676,56.2662675475828,52.1119878926322,51.3369838354436,54.5590867695533,48.270386659292,55.2049510138561,18.9714629607086
65.3062311105697,-178606.9487,-238421.4778,-170805.0536,-248824.0046,-173405.6853,65.386803732612,65.3248274754562,68.2273291872776,65.3879321735684,66.5531847847237,4.67746166197483,4.29792286688324,2.31769595456546,5.48820929761436,2.19607125998258,56.2626487788742,52.0694745283388,50.6177575784844,54.5544980237212,47.6853770746839,54.9368148887181,18.9773610410205
65.3142339309555,-178606.9487,-238421.4778,-170805.0536,-248824.0046,-173405.6853,65.3883397924721,65.3158460439984,67.5533240260773,65.3894399812895,66.1145955303261,4.675448406678,4.29246434537629,2.33072099151953,5.48588039157082,2.19682557536606,56.2602559635351,52.0436368988273,50.0421620174827,54.5514067427886,47.2532663854341,54.6927995303146,18.9813397105107
65.3328310946836,-178606.9487,-238421.4778,-170805.0536,-248824.0046,-173405.6853,65.3889664156742,65.3127746848918,67.0450371499529,65.390040690177,65.800057006639,4.67417084100118,4.28824567405052,2.33998880648756,5.48438255884595,2.19730093819748,56.2583876572639,52.027508664624,49.6032302634515,54.5490474902433,46.9428083109339,54.4663416478959,18.9840888185827
65.3109933340875,-178606.9487,-238421.4778,-170805.0536,-248824.0046,-173405.6853,65.3912439534384,65.312140792365,66.6724349272741,65.3923783827537,65.5795494122377,4.67294662925448,4.28530169487743,2.34663821318999,5.48302255768448,2.19773179581401,56.2582731793136,52.0177478659287,49.2800509415683,54.5486961981973,46.7259976140533,54.2525587822681,18.9856408908204
65.3199331489771,-178606.9487,-238421.4778,-170805.0536,-248824.0046,-173405.6853,65.3930045083704,65.3129156325915,66.4026804420994,65.3941080673924,65.4278566265587,4.67207628627948,4.28313583423536,2.35134467781809,5.4820805825356,2.19801817973109,56.2583323885339,52.0118001076867,49.0451091492324,54.548562634205,46.57676129305,54.0496554896566,18.9866555605996
65.3227038226336,-178315.3376,-237520.1344,-170592.9728,-247816.6208,-173167.0944,65.3934739372151,65.3141555152069,66.2082101623687,65.394537205248,65.3251662769713,4.66994874654572,4.27806030856769,2.35841237412565,5.4735210662907,2.20146755775402,56.2695611846697,52.047603461386,48.9241435967527,54.5760091801968,46.5295046568797,53.8600008463874,18.9814100532838
65.342452888565,-178315.3376,-237520.1344,-170592.9728,-247816.6208,-173167.0944,65.3948932207028,65.3153117847761,66.0652819616659,65.3959764536104,65.2567767998014,4.66941935051004,4.27693937840973,2.36090681747694,5.47296005614299,2.20157613386003,56.2699460433439,52.0452827402911,48.7994770760995,54.5763394666915,46.4620421336848,53.6865953288568,18.9818017363997
65.3158594967455,-178315.3376,-237520.1344,-170592.9728,-247816.6208,-173167.0944,65.3954660730779,65.3164716231542,65.955706174641,65.3965176830919,65.2118535054488,4.66912463214958,4.27603755361729,2.36278354275503,5.47264633559131,2.20156807052281,56.2699429227725,52.043643903251,48.7036152717095,54.576260458307,46.4170500028126,53.5274007070375,18.982160134636
65.2876373007649,-178315.3376,-237520.1344,-170592.9728,-247816.6208,-173167.0944,65.3958675016359,65.3174306396684,65.8679485003022,65.3969082749874,65.1827434578812,4.66890710803659,4.27533231724553,2.36428431384608,5.47241170444824,2.20150167096522,56.2699191937331,52.0424135037924,48.6268086657917,54.5761871287256,46.3873730846158,53.3839271002834,18.9824371145416
65.3259471566665,-178315.3376,-237520.1344,-170592.9728,-247816.6208,-173167.0944,65.3952733982725,65.3180459077157,65.7946583345308,65.3962872854572,65.1641332290196,4.66891060773245,4.27471181101459,2.36546558449581,5.47239115659021,2.20133058163276,56.269331930947,52.0411018043123,48.5621284128372,54.5755255093069,46.3673020631783,53.2576861676391,18.9828097414658
65.326850639176,-178315.3376,-237520.1344,-170592.9728,-247816.6208,-173167.0944,65.395831636071,65.3182673509928,65.7311872832628,65.3968884220096,65.1523759551808,4.66870528387865,4.27430976131342,2.36655710223766,5.4721689115435,2.20121169832602,56.269488821186,52.0400743929889,48.506605452967,54.5756871746468,46.3545296078162,53.1490466582264,18.9829527572992
65.3449814018265,-178315.3376,-237520.1344,-170592.9728,-247816.6208,-173167.0944,65.3963076448691,65.318524123439,65.6746474895496,65.3973615698198,65.1450131361718,4.66852904190198,4.27395186905827,2.36753013632523,5.47198780522417,2.20107909035399,56.2696203007581,52.0392192758848,48.4571448110702,54.5758021732801,46.3460342787153,53.0575149024768,18.9830779428636
65.3186560120693,-178315.3376,-237520.1344,-170592.9728,-247816.6208,-173167.0944,65.3967811769249,65.3189258127414,65.6232706386767,65.3978174126306,65.1404556343567,4.66836425396462,4.27361702753556,2.36842369402548,5.47182364658522,2.20094832578963,56.2697716711529,52.0385805203774,48.4122637709494,54.5759333615376,46.3403598764025,52.9817143218824,18.9831769479005
65.3200392235757,-178315.3376,-237520.1344,-170592.9728,-247816.6208,-173167.0944,65.3968348933313,65.3192904643457,65.5759957966847,65.3978782507156,65.1376976422722,4.66828947138125,4.27328625837761,2.36921818473882,5.47173812223125,2.20079179700431,56.2696791795416,52.0379172210409,48.3707604468412,54.5758250514249,46.3362647491302,52.9196521568606,18.9833238337332
65.3252731396332,-178315.3376,-237520.1344,-170592.9728,-247816.6208,-173167.0944,65.3981498467965,65.3196688843883,65.5321990788816,65.399226239277,65.1360858386813,4.66797395920184,4.27307688416884,2.37004643545498,5.47142817016369,2.20072621994413,56.2703772210838,52.0376448741794,48.3329763743125,54.5765599792533,46.3340927019772,52.8691313419915,18.9832516689335
89.919399797676,-178315.3376,-237520.1344,-170592.9728,-247816.6208,-173167.0944,65.5099159226286,65.3206322320393,65.4915184013043,65.5196790867972,65.1352208253402,4.64618719602199,4.28159645526277,2.37910185465789,5.44949152942461,2.20837411721039,56.3393416162764,52.0650369497615,48.3577599689979,54.6534467545439,46.3983415254584,52.8282152856397,18.9647511525776
89.9363165335773,-178315.3376,-237520.1344,-170592.9728,-247816.6208,-173167.0944,72.8571109519955,65.8785332654077,65.4626015545317,73.2123778629796,65.1454374865107,3.28873804363599,4.71330601636239,2.89798055415995,4.06033672087814,2.69226744953598,59.9013192905731,53.8370681927026,51.3966146709942,58.6285033909709,49.7762217385411,52.838692678763,17.6526287845724
89.9096255015471,-177635.9138,-235420.0972,-170098.8464,-245469.5204,-172611.2022,82.4463573461998,69.9990626047377,65.5185391390723,82.8770020683976,65.4405361519478,2.09928319074174,4.35082683412551,3.50955110641169,2.72676870008859,3.24175853967841,62.2271426513821,57.0697250525754,53.9373185194517,61.3663383169405,52.7174387648653,53.1290254086499,15.9281883710459
89.9538251434818,-177635.9138,-235420.0972,-170098.8464,-245469.5204,-172611.2022,87.2593716471873,76.4506326508491,65.8413997785102,87.5601570594802,67.0638352454426,1.7405381917592,3.37500222681934,3.88391703247705,2.3084099474819,3.49462307105879,62.8727435687031,59.7829966053378,55.376478592162,62.1510633672675,55.2613579060944,53.4382997225302,14.8024904695963
89.9195929802,-177635.9138,-235420.0972,-170098.8464,-245469.5204,-172611.2022,89.0933521579281,81.8675853052962,66.8853398955785,89.2626752204667,70.4113394231509,1.63298444453057,2.72424622491848,4.02087582210531,2.18608792911087,3.36247916835625,63.1005402355642,61.2184573906203,56.7768741191084,62.4318218707299,58.1450300898808,53.6892860737108,13.9266735890215
89.9448160617253,-177635.9138,-235420.0972,-170098.8464,-245469.5204,-172611.2022,89.7182504358706,85.3663599593318,69.1134136564299,89.8003985947489,74.3218622252264,1.60175725618365,2.40297653085866,3.86332341383314,2.15495635699379,2.95462582409418,63.2186935429861,61.9565146915906,58.5927087385727,62.5819333830321,60.3623248552517,54.0442432053683,12.9776393819634
89.9424843032356,-177635.9138,-235420.0972,-170098.8464,-245469.5204,-172611.2022,89.9224357595031,87.3561851005896,72.0659016446945,89.9609293921044,77.7551667820738,1.59415910552701,2.2502049199492,3.4344243968396,2.15035280348193,2.55284929283961,63.2965755228005,62.3569913513001,60.231346289046,62.6841938998505,61.5986276078179,54.5454593113286,11.9819905186374
89.9451439882455,-177635.9138,-235420.0972,-170098.8464,-245469.5204,-172611.2022,89.9887917574505,88.4412829621411,74.953165130986,90.0081229997419,80.4779140806563,1.59312558066184,2.17453869216588,2.97673262008105,2.15179628456583,2.26278257052031,63.3456582505517,62.572206007072,61.2989708089979,62.7496854532536,62.2502636899027,55.1602863900396,11.1589757479949
89.9311262019227,-177635.9138,-235420.0972,-170098.8464,-245469.5204,-172611.2022,90.0058113995745,89.0378816006605,77.444672098323,90.0166765010685,82.5814974885685,1.59385982786725,2.13499160547431,2.62136508122122,2.15423373176996,2.06593405110102,63.3749516484845,62.6896240125856,61.9394355594079,62.7890810128985,62.6170607807493,55.8472910613239,10.5703842974338
89.9527712218207,-177635.9138,-235420.0972,-170098.8464,-245469.5204,-172611.2022,90.0024402935488,89.3714498898199,79.5178594337856,90.0093831658587,84.1988933874298,1.59512316815415,2.11363385270574,2.36596992275145,2.15670946809348,1.93117507789367,63.3926722290885,62.7569496075678,62.3389066295502,62.8130428597842,62.8413219906816,56.5665488226102,10.1626114895985
89.9391411355718,-177635.9138,-235420.0972,-170098.8464,-245469.5204,-172611.2022,89.9907234934857,89.5586976861126,81.2313246132715,89.9958744692545,85.4418886938248,1.59649525623778,2.10205172760963,2.18193554133304,2.15898518617284,1.83685631203324,63.4038248647639,62.7975537853467,62.6034206861208,62.8282009663258,62.9876502563719,57.2826053607185,9.87632402338653
89.9294286246062,-177635.9138,-235420.0972,-170098.8464,-245469.5204,-172611.2022,89.976369213494,89.6620215863197,82.6486263689257,89.9808273602715,86.3964987602091,1.59779739525042,2.09595469996991,2.04648160578599,2.16097697792908,1.76950216723344,63.411137811188,62.8230308532556,62.7877658929396,62.8381945443433,63.0875645472489,57.9684295024842,9.67071284616884
89.9287458356604,-177635.9138,-235420.0972,-170098.8464,-245469.5204,-172611.2022,89.9623724036432,89.716355784576,83.822755352274,89.9667342147979,87.1281550149477,1.59893998993843,2.09300104434321,1.94459806626862,2.1626459262634,1.72068361373182,63.4161243856275,62.8394897068207,62.9213226376058,62.8450478012728,63.1579089589152,58.6064692065658,9.51986864054549
90.5820340838188,-177635.9138,-235420.0972,-170098.8464,-245469.5204,-172611.2022,89.9500405247929,89.7420473432138,84.79577226857,89.9546153928637,87.6869611540316,1.59989523542508,2.09184711201316,1.86659237148498,2.16400075643539,1.68495520597876,63.4196424093491,62.8503550936414,63.0208597273534,62.8499092317527,63.2084412151136,59.1872834210102,9.40729068133737
90.5710789756849,-156422.4589,-169851.2366,-154670.8792,-172186.6762,-155254.7391,89.9477042514762,89.7409514265896,85.5363544714341,89.9517724959961,88.0711285841421,1.42124580362314,1.54633410962516,1.66496481340994,1.55647318734164,1.50924638172933,63.6489939639848,63.4945410518482,63.3386516873247,63.5177998224384,63.490710804724,59.6240352228439,7.69826429572922
90.5596927700049,-156422.4589,-169851.2366,-154670.8792,-172186.6762,-155254.7391,90.0039058736133,89.7362121225734,86.1545812995303,90.0096761835065,88.3672985086006,1.41844819854138,1.54674877165531,1.62320514452466,1.55335420527144,1.49252327606722,63.6533266453881,63.4968380487554,63.3858054619593,63.5226266994355,63.5114673200013,60.0279019537663,7.63427959606
90.6028467546002,-156422.4589,-169851.2366,-154670.8792,-172186.6762,-155254.7391,90.1080385598792,89.7389744692383,86.6690900857136,90.1160431102354,88.5942807900887,1.41321093192903,1.54672307796509,1.58989821741102,1.54755890058657,1.47994954946419,63.6598058209925,63.4991645149718,63.4233290241931,63.529804818614,63.5272731962061,60.3994764867647,7.57734067735592
90.579340655941,-156422.4589,-169851.2366,-154670.8792,-172186.6762,-155254.7391,90.2218877228489,89.7583198222284,87.0960691469353,90.2310196209539,88.7679289143256,1.40750909759946,1.54575341911123,1.56320331859205,1.54131988756484,1.47047099723917,63.6665129117407,63.5020495038888,63.4533390973587,63.5371645469641,63.5393411593587,60.7383665722671,7.52825672010675
90.5701461973505,-156422.4589,-169851.2366,-154670.8792,-172186.6762,-155254.7391,90.3193308566835,89.7964180861671,87.4494710863079,90.3282621318468,88.90197363993,1.40266134138482,1.54372417750895,1.54172833235253,1.53607821253511,1.46323584144508,63.6721776672352,63.5056336254522,63.4774175808249,63.5433176117292,63.5486399228277,61.0444544871671,7.48742790522648
90.598495862998,-156422.4589,-169851.2366,-154670.8792,-172186.6762,-155254.7391,90.3914350845615,89.8492293088889,87.7414022628064,90.3993403719167,89.0080610137945,1.39909782707149,1.5408691600531,1.52439663457338,1.53227253183772,1.45755802254815,63.6764113645739,63.5097316605074,63.4967973903892,63.5478705149397,63.5559650964558,61.318863308248,7.45419417608384
67.3049305529947,-156422.4589,-169851.2366,-154670.8792,-172186.6762,-155254.7391,90.4363521523191,89.9098184638609,87.9824692691313,90.4427874344289,89.0954878627189,1.39689339633953,1.53758138558055,1.51035415137146,1.52996366491877,1.45290802485084,63.6791695822375,63.5139996810015,63.5124507370443,63.5507960461898,63.5619331156517,61.5636350346266,7.42770062306115
67.2804573040376,-156422.4589,-169851.2366,-154670.8792,-172186.6762,-155254.7391,89.8361170675702,89.9633334879571,88.181978195009,89.8141231106546,89.1710229318575,1.42729407494743,1.53457922508638,1.4987994962212,1.56453281619669,1.44880569202498,63.6488496411466,63.5158754784837,63.5233135989412,63.5163240006731,63.5651692282247,61.7817969817398,7.47401130447667
67.2806063295287,-156422.4589,-169851.2366,-154670.8792,-172186.6762,-155254.7391,87.1544846468632,89.8922552401462,88.3479698107989,87.0373476164427,89.2375066847575,1.57969220588439,1.53798957457844,1.48883855220805,1.73631583723976,1.44477623567433,63.4935895069313,63.5034420202603,63.524328577663,63.3413305561359,63.5602386906123,61.9798620325851,7.78761240558495
67.3067445100802,-156422.4589,-169851.2366,-154670.8792,-172186.6762,-155254.7391,82.597884559808,89.4010677867242,88.4869598794078,82.3620666776062,89.2846026967321,1.92055281578028,1.56412035155613,1.47966127362676,2.11847218284673,1.44099575330818,63.1363361297471,63.4531159061008,63.5093553878836,62.9406317234657,63.5399698552999,62.1645103931765,8.52380237711812
67.3353454883013,-156422.4589,-169851.2366,-154670.8792,-172186.6762,-155254.7391,77.3572132979976,88.1779126169074,88.6025114911093,77.0507679996746,89.2733621358063,2.51206851154532,1.63325574087664,1.47032981204223,2.77260161392668,1.43881675644285,62.4782673357295,63.3283323571141,63.4663864044933,62.2113588704832,63.4897406782008,62.331015813506,9.8270724348337
67.2657891830216,-156422.4589,-169851.2366,-154670.8792,-172186.6762,-155254.7391,72.7206142744773,86.0700752918147,88.6920197995346,72.4462556821476,89.1310697757208,3.32206051015203,1.76533182869493,1.46007900175491,3.63520727700217,1.44110808980601,61.4694851867993,63.0796556109514,63.3794209403957,61.1281198604004,63.3884437663312,62.4319203711279,11.6237867074101
67.2634414516551,-153980.3412,-162302.8728,-152894.7936,-163750.2696,-153256.6428,69.6646125972176,83.2562445242765,88.7417264995917,69.5179439588679,88.7679163481785,4.01157080563895,1.89665114321508,1.43627505158519,4.22188125377846,1.43727195869546,60.4927961815575,62.8085999495128,63.3050938574713,60.2500608556979,63.2887688508397,62.3441507099229,13.0036502129131
67.2811485522701,-153980.3412,-162302.8728,-152894.7936,-163750.2696,-153256.6428,68.1506290412638,79.9887706105542,88.7268495249839,68.0939619194161,88.0902441384972,4.4007511608703,2.19283883590584,1.43117235932812,4.58712005995669,1.46732839888191,59.7899220567621,62.3029982574935,63.1995252847601,59.5640125341687,63.1330060333156,61.9814261049711,14.0792108149429
67.2740685559624,-153980.3412,-162302.8728,-152894.7936,-163750.2696,-153256.6428,67.5723335638771,76.6703176703741,88.597441006686,67.5552668333712,87.0191551886947,4.52270649486376,2.58282112416992,1.43278788177112,4.6952940325145,1.52153071928694,59.4370740661567,61.6549346475775,63.0988997885302,59.2218373048844,62.9509824169003,61.452526106156,14.7551402526062
67.3311121953161,-153980.3412,-162302.8728,-152894.7936,-163750.2696,-153256.6428,67.3889929300956,73.6850082496516,88.262345384288,67.3847618337587,85.506016278865,4.52070299244033,3.02705866527757,1.44483318536016,4.68755213219229,1.6060176377818,59.2501280169904,60.8732154345212,62.9763807273313,59.0375689211149,62.7039851131487,60.9825525732631,15.2861646130521
67.2363091740793,-153980.3412,-162302.8728,-152894.7936,-163750.2696,-153256.6428,67.3410627495808,71.3764602021022,87.5766502677326,67.3401259367668,83.5466367137984,4.4761243971751,3.42924228023036,1.47508982849235,4.64014636745052,1.72798923192331,59.1211412945465,60.0672422205205,62.8093444707999,58.9076544505317,62.3541063711,60.6807118213361,15.7485921052716
67.2674244242855,-153980.3412,-162302.8728,-152894.7936,-163750.2696,-153256.6428,67.3333568089374,69.8048091093869,86.4013393245152,67.3330884324372,81.1948393160741,4.42242944065184,3.71365444858533,1.53346042943861,4.58423049462007,1.89387313518035,59.013633122782,59.3617135021597,62.5767918116786,58.797762387771,61.8585577304,60.5083668191461,16.1476479484762
67.3027444932629,-153980.3412,-162302.8728,-152894.7936,-163750.2696,-153256.6428,67.3350144312714,68.5489565890365,84.6861773359259,67.3348612663891,78.5807379373967,4.36316905878676,3.9242629445613,1.62689840059745,4.5225539423542,2.09870864729391,58.9022926017916,58.6663241032267,62.2299496779489,58.6831342921573,61.1316916981251,60.3800267831081,16.5355929935936
88.1467182315064,-153980.3412,-162302.8728,-152894.7936,-163750.2696,-153256.6428,67.3385039880379,67.9047648176686,82.496898906567,67.338388026527,75.9175450501129,4.31105086825329,3.98866736365136,1.76153360708889,4.46793335881585,2.32184205804415,58.8038352745022,58.1817057297634,61.7570159357327,58.5808934998284,60.1453851383235,60.2382659547163,16.8510272558535
88.1722728455185,-153980.3412,-162302.8728,-152894.7936,-163750.2696,-153256.6428,69.9232836168975,67.6412378540023,80.1592125767654,69.9171380812786,73.4459355830937,3.69404615710957,4.12689823833142,1.95844898354917,3.84922063211395,2.62086189360345,59.9630964933747,58.2438536155041,61.5046542159921,59.751988905614,59.4732557105802,60.0716552373839,16.2494759047076
88.1776802947434,-153980.3412,-162302.8728,-152894.7936,-163750.2696,-153256.6428,77.7632190839288,68.9595176638899,78.0469648852647,77.755442772439,71.3276980447426,2.36298158440212,4.04567930531265,2.22659037188658,2.48982407261028,3.07633996252637,62.1924710042093,59.3734764747492,61.6389172616418,62.0403156010389,59.4237912348733,60.0638506259759,14.201415296738
88.147908739895,-153980.3412,-162302.8728,-152894.7936,-163750.2696,-153256.6428,83.3685358978039,72.7224961719405,76.8665595816376,83.3957127516596,70.2263182577908,1.80640881078798,3.27754260557765,2.41098124268886,1.90767297940591,3.38310237774426,63.0002832918545,60.8898358145182,61.7133928073204,62.8849111845747,59.4017968154903,60.3519329193425,12.7857080162047
88.1842799777154,-153980.3412,-162302.8728,-152894.7936,-163750.2696,-153256.6428,86.1282893266548,77.0675718887207,76.7480890479964,86.1823706421605,70.8428324493044,1.61116513044518,2.57367768518858,2.45970305556852,1.70190128686634,3.37717706599198,63.2917778651788,61.9988440981467,61.8950762920437,63.1916706306875,59.9993192091616,60.6937497459355,11.7236242240606
88.1737678701052,-153062.4176,-159465.6544,-152227.2128,-160579.2608,-152505.6144,87.3306147465421,80.6085689469625,76.8204720164407,87.3782255303497,72.80255975695,1.53015424629854,2.12250465231967,2.46595012936066,1.59729766195837,3.07835037224434,63.4284137278015,62.6561470388801,62.0697749475136,63.3562823112616,60.9647237024005,60.9605758111327,10.7942570621816
88.1702768354831,-153062.4176,-159465.6544,-152227.2128,-160579.2608,-152505.6144,87.8383862482918,83.1411503281295,76.6758343794198,87.8702329581192,75.1850432962373,1.50187462106658,1.88987779654654,2.50043587335743,1.5690371106068,2.70857955011755,63.4861175091519,62.9789477296653,62.1285773460132,63.4156209670065,61.7311253474334,61.1627683487494,10.1698049516949
81.3822288523917,-153062.4176,-159465.6544,-152227.2128,-160579.2608,-152505.6144,88.0430830835046,84.8573049403736,76.5427017545141,88.0615231477726,77.4376387410957,1.49110049634663,1.75614181256435,2.52862115491121,1.55871978112537,2.39939477042335,63.5148541181748,63.1596841971659,62.157595755289,63.4450435186739,62.2500558246505,61.3276018865787,9.73397801537092
81.376660615312,-153062.4176,-159465.6544,-152227.2128,-160579.2608,-152505.6144,87.7091846254065,85.9770519840713,76.7261023411106,87.7010407187416,79.3869751078637,1.51110541478727,1.67768946862524,2.50841242835159,1.58117390108306,2.16977664054409,63.5056750444048,63.2648041379103,62.2251044453283,63.4341376834312,62.5921556116267,61.4722456456662,9.44815785339124
81.3762676923202,-153062.4176,-159465.6544,-152227.2128,-160579.2608,-152505.6144,86.4283067003126,86.5781643382422,77.3137259306288,86.3802371034786,81.0122441953067,1.59035705015149,1.63815708181246,2.43003774012261,1.66635197510721,2.00307009765068,63.4309210621482,63.317819256956,62.3450352207284,63.353773119435,62.8196671767441,61.6064863738863,9.32797394484444
81.3592388768802,-153062.4176,-159465.6544,-152227.2128,-160579.2608,-152505.6144,84.8187877138981,86.6451433588256,78.1986170085956,84.7521880672184,82.3251819612851,1.70125129658893,1.63411345593944,2.31613752943187,1.78341926084174,1.8830688906788,63.3204620649835,63.3272403810272,62.4938141274803,63.2372282470379,62.973257448341,61.7351480268488,9.31799043348079
81.3991871903575,-153062.4176,-159465.6544,-152227.2128,-160579.2608,-152505.6144,83.4564668892518,86.2491513521252,79.2150910776453,83.3964426774388,83.3332294996952,1.80674471351351,1.66049305981443,2.19484831811205,1.89292872105447,1.79894334083032,63.2133998354769,63.3016907800413,62.6424272424655,63.12616344676,63.076334133402,61.8580309748323,9.35395815332477
81.3684538115823,-153062.4176,-159465.6544,-152227.2128,-160579.2608,-152505.6144,82.5240630189606,85.5525511105277,80.2272598366487,82.4816244552989,84.0428898097745,1.88603768282259,1.70866203039617,2.08406385822435,1.97392929009763,1.74354379420105,63.1320568476036,63.2520034642059,62.7736279809183,63.0431400414788,63.1423496878165,61.9713711383067,9.39623665574176
81.3894022175812,-153062.4176,-159465.6544,-152227.2128,-160579.2608,-152505.6144,81.9672159455754,84.7317642455703,81.1488514016841,81.9416986414103,84.4696747232833,1.93642277390297,1.76877344750507,1.99118603700343,2.02468862355975,1.71163241170086,63.0797834708014,63.1890963170924,62.8811041046905,62.9905407729551,63.1794684991105,62.0713646575922,9.43270329367208
84.1830396502279,-153062.4176,-159465.6544,-152227.2128,-160579.2608,-152505.6144,81.6818397719211,83.9244001251257,81.9332134374308,81.6685691025099,84.6421049795726,1.9631417294655,1.83176953569562,1.91761616528796,2.05121314700989,1.69898384284708,63.0514709932669,63.1226025857641,62.9646189899499,62.9624713010799,63.1933977546566,62.1569239162991,9.46272442030604
84.1617133100163,-153062.4176,-159465.6544,-152227.2128,-160579.2608,-152505.6144,81.8251519033668,83.2234281477652,82.5595955200901,81.8230232866489,84.6003102876841,1.94966723198398,1.89004858147564,1.86241999105073,2.03617291225654,1.70211130546347,63.0660253279617,63.0630474074133,63.0288325772164,62.9787524938394,63.1910129590543,62.2295404838799,9.44042002223034
84.2090014152328,-153062.4176,-159465.6544,-152227.2128,-160579.2608,-152505.6144,82.3763460529936,82.7171886552202,83.023459506497,82.3825011429138,84.3934434983876,1.89935380092135,1.93456277402021,1.82360057572299,1.98329853390841,1.71758393889724,63.1202946701676,63.0206972660436,63.0769406089255,63.0358455166771,63.177009064047,62.2923245561996,9.35839962347018
84.1920763098323,-152894.0648,-158945.2912,-152104.7744,-159997.6784,-152367.8712,82.9964793367426,82.4666140847801,83.3310719931342,83.0053367282674,84.0797407563313,1.84367077760312,1.95182725474985,1.79753734109768,1.92095625715675,1.7400473497752,63.1806710274346,63.0080483453168,63.1116161705191,63.1031524480691,63.156118487428,62.3498437263431,9.25403898038261
84.1532160623765,-152894.0648,-158945.2912,-152104.7744,-159997.6784,-152367.8712,83.4833820738212,82.4557388856012,83.4978169166222,83.4917714753424,83.7233181849408,1.80329072912621,1.95310462249646,1.78439676943697,1.87923852171494,1.76770449428987,63.2238498062989,63.0098994199815,63.1294619182585,63.1477731045315,63.1270626488432,62.4060377776847,9.18773513706445
84.2237282542058,-152894.0648,-158945.2912,-152104.7744,-159997.6784,-152367.8712,83.8011626262593,82.6117989698624,83.5460123059393,83.8079155520476,83.3851961768826,1.77779377875674,1.9391806346299,1.78071566816773,1.85299353857421,1.79460558696066,63.2510700615268,63.0263316490861,63.1355517773233,63.1757737618767,63.0976779939245,62.461622892173,9.14528920708925
84.1748596824301,-152894.0648,-158945.2912,-152104.7744,-159997.6784,-152367.8712,83.9862552061513,82.8499133173279,83.503552437579,83.991248412445,83.1115295677561,1.7632456339072,1.91810941609298,1.78418838215838,1.8380772240309,1.81688398148109,63.2666084298251,63.0492916061915,63.1328184829852,63.1916732236002,63.0727742879483,62.5152124400303,9.12050463767055
84.1984889108612,-152894.0648,-158945.2912,-152104.7744,-159997.6784,-152367.8712,84.0858074301959,83.103583394722,83.4010305527065,84.0893411271755,82.9264434122233,1.75551370944422,1.8960638507436,1.7924545485967,1.83018782492052,1.83222255955156,63.2749037511681,63.072739531668,63.1242392185663,63.2001051134926,63.0554439602716,62.5651156260057,9.10644249325659
84.2148729097035,-152894.0648,-158945.2912,-152104.7744,-159997.6784,-152367.8712,84.1360447350563,83.3331011185281,83.2684173874219,84.1385300239575,82.8324084714472,1.75164105224489,1.8764964718907,1.8032165364158,1.82626014751991,1.84011230635138,63.279130775638,63.0933833692275,63.112642346634,63.2043682200916,63.0466087944191,62.6102880785789,9.09772651442267
84.2049936745679,-152894.0648,-158945.2912,-152104.7744,-159997.6784,-152367.8712,84.160274318553,83.5212878299915,83.1319102462174,84.1620870025068,82.8164047210769,1.74978767146208,1.86072734169381,1.81441288513263,1.82439380478967,1.8414881844737,63.281268648151,63.1100442815127,63.1005121252937,63.2065096903258,63.0453881141428,62.6504413018957,9.0908098875519
84.1923411281795,-152894.0648,-158945.2912,-152104.7744,-159997.6784,-152367.8712,84.171620308268,83.6655833667479,83.0115280163375,84.1730383179894,82.8579353903808,1.74893323010065,1.8488099577988,1.82440063912832,1.82354059061219,1.83804644725719,63.2824141992653,63.1227694401911,63.0897925826167,63.2076561263603,63.0498976060081,62.6857795996728,9.08373086489715
84.1646990479986,-152894.0648,-158945.2912,-152104.7744,-159997.6784,-152367.8712,84.1768884454085,83.7709724186184,82.9199148546558,84.1780901814718,82.9356653519802,1.7485519344303,1.84020998497044,1.83208675516312,1.82316394521525,1.83161070766623,63.2831271592391,63.1321544256619,63.0817566695159,63.2083767750233,63.0580279674007,62.7167151396959,9.07562332744535
84.1923337714023,-152894.0648,-158945.2912,-152104.7744,-159997.6784,-152367.8712,84.1792572465387,83.8451722126509,82.8625179705977,84.1803426007926,83.0313883313534,1.74839824461289,1.83421837506815,1.83695959214691,1.82301565879586,1.82373777560982,63.283659331691,63.1389359951586,63.0769837578674,63.2089234911036,63.0679407548351,62.7436935365496,9.06632964623362
84.2047560400896,-152894.0648,-158945.2912,-152104.7744,-159997.6784,-152367.8712,84.180109608655,83.8959269477639,82.8388931615618,84.1811289110607,83.1315617896364,1.74836452341002,1.83016143767887,1.83901356695208,1.82298798692225,1.81556682900285,63.2841086744788,63.1437910067976,63.0754572027597,63.2093914677,63.0782688482257,62.7671267901795,9.05609434396607
84.1918241770062,-152894.0648,-158945.2912,-152104.7744,-159997.6784,-152367.8712,84.1800661061713,83.929801274607,82.8446028176836,84.1810444702136,83.2272613977323,1.74840151658373,1.82748408816719,1.8386019620717,1.8230317276709,1.80782752680215,63.2845072954919,63.1472624856009,63.0767424500853,63.209810210359,63.0881203917844,62.7873853912633,9.04534682129567
84.1904589024792,-152790.8485,-158626.259,-152029.708,-159641.113,-152283.4215,84.1796716344695,83.9518170091577,82.8731025110534,84.1806127396044,83.3133053379393,1.74740559689168,1.82245135808099,1.83550538729648,1.81939635826192,1.80007121732621,63.2863178611216,63.1537164317663,63.0816651793494,63.2143046350033,63.0985971715772,62.8047942595177,9.02482991785728
84.2189393758952,-152790.8485,-158626.259,-152029.708,-159641.113,-152283.4215,84.1792032373556,83.9658331363714,82.9174148498511,84.1801213639206,83.3874623918328,1.7474743533918,1.82138141869652,1.83185628486829,1.81947133890272,1.79416905205477,63.2866715383796,63.1555150702643,63.0865524919477,63.2146772834915,63.1062551693337,62.8198223237025,9.01435244791409
84.1643106353529,-152790.8485,-158626.259,-152029.708,-159641.113,-152283.4215,84.1789216326608,83.974537264783,82.9710820408184,84.1798284655538,83.4492939740981,1.7475266845665,1.8207354192782,1.82743567202614,1.81952823548132,1.78928051452732,63.2870155783378,63.1568356693484,63.0922483282172,63.2150399737624,63.1126759639644,62.8327506594019,9.00450652587948
84.1942723606635,-152790.8485,-158626.259,-152029.708,-159641.113,-152283.4215,84.1787926989949,83.9798146079526,83.028752868285,84.1796925532062,83.4994963724992,1.74756451164676,1.82036006328967,1.82269606359203,1.8195695828563,1.78533444965619,63.287338862488,63.1578204282548,63.0982276587818,63.2153804592284,63.1179290174722,62.8437790142753,8.99552467104094
84.2012435625414,-152790.8485,-158626.259,-152029.708,-159641.113,-152283.4215,84.1786537541502,83.982933935785,83.0863667974248,84.1795472687204,83.5393676474903,1.74759995445195,1.82015253587122,1.8179765337524,1.8196081949483,1.78221626413822,63.2876236139971,63.1585657052239,63.1041012564599,63.2156800375155,63.122140474158,62.8531211566652,8.98755348316209
82.8380475299179,-152790.8485,-158626.259,-152029.708,-159641.113,-152283.4215,84.1715156471145,83.9846810469518,83.1411019754299,84.1722555564594,83.5704450564081,1.74816958588119,1.820045491008,1.81350433497254,1.82021085840152,1.77979222284392,63.2872927340479,63.1590880439002,63.1095590978479,63.2153293653874,63.1254100293567,62.8610031035981,8.98172249310716
82.8453082127423,-152790.8485,-158626.259,-152029.708,-159641.113,-152283.4215,84.0460434839536,83.9816142651014,83.1911962294141,84.0447227829811,83.5942360264955,1.75787341616269,1.82024924553595,1.80934786810359,1.83041425742207,1.77786718103567,63.2771058655198,63.1583524311916,63.1136365267801,63.2046181689399,63.1270634924255,62.8676516864209,8.99575196825996
82.8133556225494,-152790.8485,-158626.259,-152029.708,-159641.113,-152283.4215,83.7660144185546,83.9519581279422,83.2357063374749,83.7616867163646,83.611397166651,1.77985546880313,1.82247966472489,1.80554427171579,1.85339789505664,1.77635134652646,63.2535829535792,63.1541805853909,63.1158508380791,63.1800163079481,63.1267591427197,62.8730813003285,9.0376286468269
82.8342513972248,-152790.8485,-158626.259,-152029.708,-159641.113,-152283.4215,83.4530478229009,83.8693242431277,83.2741487861359,83.4473031872644,83.6196769311612,1.80500018725967,1.82893721222059,1.80218932841983,1.87952357892629,1.77547975375644,63.2263666407712,63.1449787655968,63.1168383017068,63.1517213497116,63.1249828858303,62.8766911991931,9.09113006058281
82.8173711719917,-152790.8485,-158626.259,-152029.708,-159641.113,-152283.4215,83.1997712794239,83.7297002766362,83.3058875377831,83.1945383961544,83.613189333764,1.82579846435822,1.84008326233266,1.79938589275819,1.90098634572625,1.77576896849754,63.2034989448325,63.130889658294,63.1171720483007,63.1281004138578,63.1218332044218,62.8777093427083,9.14202293367286
82.7882878195622,-152790.8485,-158626.259,-152029.708,-159641.113,-152283.4215,83.030036378009,83.5521840520323,83.3294842446454,83.0262848859238,83.5848789100733,1.83994718858242,1.85451038351336,1.7972690101834,1.91548309108126,1.77779891494544,63.1875302735189,63.1136214105206,63.1169898218008,63.11171357526,63.1169204525589,62.8760251648665,9.18500858830588
82.8696038118874,-152790.8485,-158626.259,-152029.708,-159641.113,-152283.4215,82.929394814798,83.3642329847661,83.3424891528261,82.9271864719724,83.5300911241158,1.84839152909586,1.87004343069578,1.79603379500785,1.92407287255105,1.78194958115512,63.1775388109759,63.0954381425687,63.1160936664735,63.1015212615211,63.1098083497122,62.8723538668637,9.22049120850565
82.7938021268466,-152793.8548,-158635.5512,-152031.8944,-159651.4984,-152285.8812,82.8746516102195,83.1889208216244,83.3418823347185,82.8736321021379,83.4487040742549,1.85300420431215,1.88484888378022,1.79593717908977,1.92881117560322,1.7882754892751,63.1715761462364,63.0781589842236,63.1141078307288,63.0953838882667,63.1003280566406,62.8677554765412,9.25087693206047
82.8342609015943,-152793.8548,-158635.5512,-152031.8944,-159651.4984,-152285.8812,82.8468525791109,83.0398356699025,83.3249290676889,82.8466130457912,83.3451075133852,1.85529375844979,1.89750727858445,1.79715037872967,1.93110421619315,1.79640918636702,63.1680920020545,63.0632340362725,63.1108096974233,63.0918500097637,63.088863916433,62.8631011183183,9.27746481832407
82.8396308994626,-152793.8548,-158635.5512,-152031.8944,-159651.4984,-152285.8812,82.8335699278765,82.921635614907,83.2900316483446,82.833792348369,83.2267134320058,1.85634408349057,1.90762818148649,1.79982613099156,1.93214443116583,1.80581448898017,63.1659436524777,63.051019648405,63.1059640562457,63.0896647492997,63.0759713148555,62.8588558276059,9.30175731611463
82.8410963006432,-152793.8548,-158635.5512,-152031.8944,-159651.4984,-152285.8812,82.8276857562313,82.832928266261,83.2372394097628,82.8281648734662,83.1020101157976,1.85676318043162,1.91525692527212,1.80397050111927,1.93255038966849,1.81582920461456,63.1644987340967,63.0414598209456,63.0995418923034,63.0881847970276,63.0624039753196,62.8551282600407,9.32437020110605
82.7843804126473,-152793.8548,-158635.5512,-152031.8944,-159651.4984,-152285.8812,82.8254122040769,82.7692516040098,83.1683124186319,82.82602853625,82.9788940808867,1.85687628267775,1.92073282807186,1.80945736526235,1.93265072130975,1.82581693738136,63.1634228657293,63.0342075379141,63.0916789596875,63.0870732412569,63.048910228813,62.8518283477659,9.34553413470306
82.8378667613852,-152793.8548,-158635.5512,-152031.8944,-159651.4984,-152285.8812,82.8245754332451,82.7252103347003,83.0864111964526,82.8252616889254,82.8636115883527,1.85687065439622,1.92450128864823,1.81604863676128,1.93263443172497,1.83525484818043,63.1625264982792,63.0288104285096,63.0826450270916,63.0861400203127,63.0361189025655,62.8488089075453,9.36530985971112
79.8706295833068,-152793.8548,-158635.5512,-152031.8944,-159651.4984,-152285.8812,82.8230441218518,82.6956889982978,82.9955722063492,82.8237406715184,82.7603306742936,1.8569297061486,1.92699896108294,1.82343083255777,1.93269046047377,1.84377615039799,63.161620454736,63.0248185065502,63.0727916800369,63.0851912405774,63.0244738724805,62.8459425401337,9.38382611066107
79.8952412692643,-152793.8548,-158635.5512,-152031.8944,-159651.4984,-152285.8812,82.6534017603503,82.6729208446952,82.900132153369,82.651332786422,82.6711783404042,1.87148483468864,1.92877008417716,1.83112285709242,1.9479712836611,1.85103277741486,63.1448911938115,63.0201134353736,63.0610415422436,63.0676220260297,63.01269226558,62.8431516408322,9.43038183703419
79.8944643939821,-152793.8548,-158635.5512,-152031.8944,-159651.4984,-152285.8812,82.0852695762562,82.6141629244938,82.8042078178547,82.0766918177606,82.5956571914271,1.92190082236312,1.93339056647313,1.83854998409089,2.00065428925345,1.85679204573496,63.0885132151507,63.0083224603283,63.0452604972452,63.0086767220569,62.9981464403241,62.8400561521682,9.55128770791555
79.8632943309999,-152793.8548,-158635.5512,-152031.8944,-159651.4984,-152285.8812,81.3628130963793,82.4461606576786,82.7110920361582,81.3502241555543,82.5265324357396,1.98955689356664,1.94762241231571,1.84553639135418,2.0709209243941,1.86176799182075,63.0120527885452,62.9835857964019,63.0269435944667,62.9291894654292,62.9813999387165,62.8345572243265,9.71540461345136
79.9033365965869,-152793.8548,-158635.5512,-152031.8944,-159651.4984,-152285.8812,80.7549220347588,82.1408077723522,82.6221236227135,80.7430176975716,82.4464826226059,2.04968689407596,1.97465530529913,1.85216184180543,2.1329121112987,1.86765374196394,62.9425030852295,62.9446741993322,63.0083882233555,62.8573739400606,62.9629449296989,62.8233152037536,9.87706989444317
79.8996555531524,-152793.8548,-158635.5512,-152031.8944,-159651.4984,-152285.8812,80.3498459784279,81.7357793253826,82.5352159475607,80.3412516649616,82.3332263769176,2.09136149756444,2.01194587127126,1.85871758689829,2.17552976376764,1.87651488275316,62.892375466917,62.895437971048,62.9906587011955,62.8059796479506,62.9416924150525,62.8047777752953,10.0140696022548
79.9177986862784,-152795.859,-158641.746,-152033.352,-159658.422,-152287.521,80.1184376713626,81.2994709959356,82.4442611284479,80.1133315684009,82.1695412060444,2.11563583162201,2.05377541387507,1.86576829863989,2.20020877629739,1.88996924842429,62.8610439234579,62.84213287413,62.9733758100729,62.7739949634095,62.9158449159337,62.7807078977281,10.1253575688586
79.9397015898735,-152795.859,-158641.746,-152033.352,-159658.422,-152287.521,80.0005154629754,80.8931648854017,82.3403198056082,79.997961742489,81.9503047206069,2.12793643052618,2.09407899932051,1.87405126348255,2.21257799569852,1.9085823658152,62.8428785854261,62.7910649873351,62.9554922497343,62.7555591480292,62.8843767530353,62.754717172792,10.217227054843
79.9210666868184,-152795.859,-158641.746,-152033.352,-159658.422,-152287.521,79.9459751901709,80.5533465203667,82.2142201235609,79.9449580852863,81.6834487382085,2.13340944707108,2.12878638167239,1.88438905148817,2.21802219135736,1.9318785912867,62.8323542565047,62.7463802758893,62.935738036867,62.7448774358993,62.8474338504541,62.729933340182,10.2964856628757
79.8582694269231,-152795.859,-158641.746,-152033.352,-159658.422,-152287.521,79.9230332473239,80.2916624131718,82.0593492111472,79.9228343755275,81.3862962768038,2.13545341968841,2.15606132389808,1.89740931712073,2.22001365365089,1.95850810222987,62.8257928032762,62.7099606220518,62.9131585364836,62.7381830510919,62.8063915700633,62.7078336148553,10.367445816588
79.8852400482775,-152795.859,-158641.746,-152033.352,-159658.422,-152287.521,79.9141749183051,80.1029097369617,81.8735126235052,79.9143753882859,81.0800809787614,2.13597649166019,2.17593282990199,1.91339523880156,2.22048534440253,1.98665072190734,62.8211213589474,62.6817712168674,62.8872834133653,62.7333745455437,62.7633766353458,62.6884415934392,10.4324406266736
79.9142806168382,-152795.859,-158641.746,-152033.352,-159658.422,-152287.521,79.911060817477,79.973776922929,81.65938725804,79.9114484966952,80.78488673225,2.13589476077767,2.18951019272695,1.93222612462804,2.22035813807756,2.01442785508743,62.8173531854664,62.6606685546453,62.8581920405443,62.7294633388828,62.720753129793,62.671081867449,10.4924170712976
79.9115546123208,-152795.859,-158641.746,-152033.352,-159658.422,-152287.521,79.910401703535,79.8892219577473,81.4237431023125,79.9108817890374,80.5162250363455,2.1355724963646,2.19827400865562,1.95341259899148,2.2199946276037,2.04024361769825,62.814114578828,62.6451354194517,62.8264633508497,62.7260831867739,62.6806618755779,62.6550095623811,10.5474973493137
79.903286217556,-152795.859,-158641.746,-152033.352,-159658.422,-152287.521,79.9108265210558,79.8359475474284,81.175947080711,79.9113584924393,80.283583032376,2.13516354629488,2.20362538103006,1.97619257279127,2.21954775698203,2.06299231457933,62.8112649268946,62.6337372414171,62.7930419561536,62.7231000044353,62.6446933236521,62.6397028549545,10.5975215716776
79.8939894213226,-152795.859,-158641.746,-152033.352,-159658.422,-152287.521,79.9115748407941,79.8036065519674,80.9262806023208,79.9121375690324,80.0906383521284,2.13475408704165,2.2066936859346,1.99965601272688,2.21910456050397,2.08211557285971,62.8087334432292,62.6253151190591,62.7590756719404,62.7204462659365,62.6137536003222,62.6248915928389,10.6423239190668
79.9291292316605,-152795.859,-158641.746,-152033.352,-159658.422,-152287.521,79.9120363704471,79.784712096926,80.6844535454327,79.9126157289119,79.9365004369957,2.13441261409084,2.20831153815659,2.02287211376468,2.21873505896262,2.09753614173845,62.8064587832249,62.6190058162865,62.7257500138149,62.71806137265,62.5881014355602,62.6104700980516,10.6818674667132
79.8849925504687,-152795.859,-158641.746,-152033.352,-159658.422,-152287.521,79.9122060390119,79.7740864794848,80.4585224158493,79.9127969265994,79.8173093381394,2.13414026566966,2.20906055658077,2.0450012174785,2.21843951252226,2.10952489461082,62.8044455226148,62.6142005147392,62.6941512932396,62.7159518658559,62.5675039436773,62.5964030165098,10.716166446862
79.9423549803945,-152795.859,-158641.746,-152033.352,-159658.422,-152287.521,79.9123402587862,79.768353387488,80.2542817566512,79.9129413030969,79.7277146026321,2.13390843687699,2.20932083618345,2.06537581425651,2.21818801763369,2.11855271670885,62.8027211474291,62.6104890251407,62.6651532684036,62.7141464894029,62.5514160759003,62.5826742589981,10.7453458216595
79.9041025223836,-157512.7437,-173221.2078,-155463.8136,-175953.1146,-156146.7903,79.9118862279901,79.7674076179076,80.0731222311053,79.9129317806542,79.662146977638,2.18797056793285,2.37859491770131,2.1184677381188,2.41058390217325,2.16446959791899,62.7098935488493,62.3659706192381,62.5378706947824,62.4716160296553,62.4241774356049,62.5665309226919,11.2600867238452
79.9063003233287,-157512.7437,-173221.2078,-155463.8136,-175953.1146,-156146.7903,79.9112000547531,79.7674509802666,79.9189834213126,79.9125136678659,79.6157617017539,2.18787712723881,2.37825187968306,2.13436321720102,2.41042965390397,2.16908625736931,62.7084727063227,62.3635040058818,62.5143241017927,62.4700818117923,62.4144812654307,62.5372758501908,11.2800081353962
66.1930116286733,-157512.7437,-173221.2078,-155463.8136,-175953.1146,-156146.7903,79.9025227230196,79.7677767491836,79.7913718295991,79.9034620262627,79.5836780479746,2.18869720173917,2.37791935144439,2.14765760419116,2.41133742991004,2.17222532006928,62.7062409980514,62.3613960068791,62.4944504828239,62.4675965764208,62.4072550227636,62.5015364447412,11.297836907354
66.2073949599312,-157512.7437,-173221.2078,-155463.8136,-175953.1146,-156146.7903,78.5783960589896,79.7288866662815,79.6881919774996,78.5268860606898,79.5615651851869,2.34304864367223,2.37845789263262,2.15482328859188,2.58361705743777,2.17039333181424,62.5149422363803,62.3264471553929,62.4487900942141,62.2536713979198,62.3706438638447,62.467359786456,11.6303402141487
66.2386107472117,-157512.7437,-173221.2078,-155463.8136,-175953.1146,-156146.7903,74.6641600502684,79.2628468929344,79.6061755324086,74.5153610071039,79.5325425242162,2.91536829738935,2.41637302577135,2.14682180590923,3.20976551395857,2.15553465265558,61.7541432522331,62.1334677928172,62.3025201674189,61.416661180204,62.2231195661499,62.4244233572618,12.8438632956842
66.242140381287,-157512.7437,-173221.2078,-155463.8136,-175953.1146,-156146.7903,70.4134871098512,77.8300217340449,79.5374086819716,70.2543470622246,79.417135455804,3.7619326967203,2.55426370250716,2.11825325821215,4.09447386810954,2.12901148659932,60.4086686492315,61.6253637869789,62.000381645435,59.9859325268325,61.8920721865675,62.2900475219969,14.6579350121485
66.2271779823435,-157512.7437,-173221.2078,-155463.8136,-175953.1146,-156146.7903,67.7594401743132,75.4579399721707,79.4576982147362,67.6723514028421,79.0633246424114,4.36590647062607,2.82154399768681,2.08202137433476,4.68219040900756,2.11495322570913,59.1386751751127,60.7883230391481,61.6154872185271,58.6928458062317,61.4217708954844,61.8796315915994,16.0666154773643
66.2403773868577,-157512.7437,-173221.2078,-155463.8136,-175953.1146,-156146.7903,66.6789473073842,72.7320003417991,79.3122385459378,66.6487085892199,78.32267388756,4.57382909795452,3.18863556936464,2.0571045063211,4.86717474742583,2.1396407186034,58.4500754178359,59.7512226062041,61.253912123848,58.0104826853082,60.8846710120407,61.1719167310869,16.8263846396695
66.1515946325371,-157512.7437,-173221.2078,-155463.8136,-175953.1146,-156146.7903,66.3501382942285,70.3037545075753,79.0072961399532,66.342256611184,77.1296151803484,4.58656066830074,3.55456879755323,2.04970812263506,4.86846175670227,2.20480195881989,58.1441084575622,58.6593126742295,60.8838061419033,57.7063142780234,60.2069791792651,60.4555775285077,17.2641013040112
66.2060070258609,-157512.7437,-173221.2078,-155463.8136,-175953.1146,-156146.7903,66.2688898874902,68.5266271442052,78.4277105174502,66.2672781193122,75.5417469810681,4.54588994264502,3.82176803996225,2.06670579109522,4.82224600482561,2.29818344868186,57.9894431418312,57.696307466786,60.4532775722499,57.5485700857515,59.3067240437198,59.9334399714772,17.5547932272099
66.2052679478158,-157512.7437,-173221.2078,-155463.8136,-175953.1146,-156146.7903,66.2558905287774,67.4102867266518,77.500098560891,66.255738998288,73.73150484728,4.50192945850766,3.96685017390762,2.11436326658768,4.77481496409476,2.3978383941193,57.8955965617918,56.9760712178362,59.9308070174135,57.4504229183486,58.1712147563842,59.5704066567969,17.755796257217
66.238514215034,-157512.7437,-173221.2078,-155463.8136,-175953.1146,-156146.7903,66.259437132046,66.7855807218099,76.2557406263063,66.2595885043547,71.9275439072886,4.46645293862401,4.0215812454071,2.1906660748561,4.73684909596008,2.47966028265211,57.8327383155683,56.4933680124419,59.2984028166456,57.3836977739667,56.8807000857316,59.2670975590921,17.8952096374994
66.223854357445,-213619.3206,-346641.5364,-196268.5968,-369775.8348,-202052.1714,66.2538901171058,66.5605045456952,74.8049055167979,66.2548252680529,70.6533413027896,4.74129334255676,4.59528502764376,1.94855950219309,6.19155241354717,1.92971788941224,55.4880421793791,48.5356119971871,50.7368124006086,51.9841833080616,45.6340941836032,58.4651206048117,19.406408175353
66.2131047978939,-213619.3206,-346641.5364,-196268.5968,-369775.8348,-202052.1714,66.2395073699574,66.393788357721,73.1157805802802,66.2402732437112,69.5691424140051,4.74008320547931,4.59486009397021,1.96997727679803,6.18865354028547,1.92240107215486,55.4709109252541,48.3672288631799,49.309357991769,51.9629466661153,44.4546699738698,56.8396030904668,19.4159751886879
66.2395286330957,-213619.3206,-346641.5364,-196268.5968,-369775.8348,-202052.1714,66.2244151665592,66.3034648940142,71.4633540706566,66.2254430979431,68.682528172408,4.74036285632354,4.59151103614488,1.98927034210934,6.1877027663519,1.91382198718417,55.4564539996139,48.263756788991,47.8878195902653,51.9459227320442,43.4554751503269,55.5679003019429,19.4226689881138
66.2180772774157,-213619.3206,-346641.5364,-196268.5968,-369775.8348,-202052.1714,66.2272027701765,66.2504963647236,70.0126734415027,66.229632786681,67.978945386064,4.73827125841398,4.58892458600411,2.00473125553351,6.18492029039748,1.90873562349983,55.4544883411576,48.2006205603421,46.6189584925442,51.943688340892,42.6846677757399,54.6681934070157,19.4255830138489
66.2300442903125,-213619.3206,-346641.5364,-196268.5968,-369775.8348,-202052.1714,66.2392246066347,66.221827829877,68.8338631069231,66.2422505616705,67.4337273059217,4.73510171726279,4.5871026901372,2.01646447292969,6.18165898572147,1.90595979201092,55.459299231847,48.1647830135183,45.5762693477427,51.9487691719108,42.102611220529,53.9855051349671,19.4262876580621
66.2059231959959,-213619.3206,-346641.5364,-196268.5968,-369775.8348,-202052.1714,66.2497558401731,66.2118008899959,67.9308664405681,66.252676604975,67.0199263316825,4.73275296046482,4.58615549650428,2.0227176048428,6.17948532834086,1.90493341469968,55.464480635547,48.1510266933552,44.7451723877082,51.9541674289732,41.6751618517486,53.4315119703521,19.4260448048524
66.2206399694482,-213619.3206,-346641.5364,-196268.5968,-369775.8348,-202052.1714,66.2578929121021,66.2140668212245,67.2716165461169,66.2606285869822,66.7117657348504,4.73133751401962,4.58655479941013,2.02334893797952,6.17834957737441,1.90544997581978,55.4693911400617,48.1548649855244,44.0931569829087,51.959490950837,41.3738721358603,52.9505531786806,19.4250408046035
66.1724650807596,-213619.3206,-346641.5364,-196268.5968,-369775.8348,-202052.1714,66.2609252144209,66.2190023617022,66.807840533869,66.2632310532181,66.4865343120355,4.73083140638038,4.58632894670625,2.0237264689234,6.17802490585652,1.90571864637865,55.4712692809459,48.1589112048016,43.6337049669374,51.9613418545372,41.1522128804515,52.5125723295156,19.4246303742452
66.1764152320606,-213619.3206,-346641.5364,-196268.5968,-369775.8348,-202052.1714,66.2612191952751,66.2233875669735,66.491643815134,66.2633680380341,66.3248247701931,4.73080703151463,4.58595714457714,2.02390618710372,6.17804772138174,1.90582468809158,55.4715076695062,48.161832205299,43.3195660577496,51.9615316562184,40.9919129618854,52.1066212864795,19.4245427726688
66.2512097196296,-213619.3206,-346641.5364,-196268.5968,-369775.8348,-202052.1714,66.262494049649,66.2261819750925,66.2821372360621,66.2647060990079,66.2105397052755,4.73060375101421,4.58580674783508,2.02409971382047,6.17787506398829,1.90596079765576,55.4723188752479,48.164034264191,43.1122749901459,51.9624700137722,40.8794369853759,51.7326038086219,19.4243460743138
66.2379439872537,-213619.3206,-346641.5364,-196268.5968,-369775.8348,-202052.1714,66.2650182170249,66.2280723798739,66.147045209342,66.2673328260512,66.1308481828235,4.73017580343089,4.58583072602838,2.0243453373297,6.1775052078702,1.90615159451574,55.4738668359074,48.1660191115488,42.9799942737138,51.9642404453791,40.8022809878384,51.3945977594836,19.4240086691749
66.2006780403175,-213619.3206,-346641.5364,-196268.5968,-369775.8348,-202052.1714,66.2676695548445,66.2298779378331,66.0622250868637,66.2699710257443,66.0759478570088,4.72972279440426,4.58586768485742,2.02459274831468,6.1771361473704,1.90634433255461,55.4754846059693,48.1679702367996,42.8980052306691,51.9660240894502,40.7499414682146,51.0960903576477,19.4236637075014
66.2131750795971,-184462.219,-256519.586,-175063.432,-269051.302,-178196.361,66.2760506308806,66.1863255344885,66.2777003688507,66.278075080555,66.0411688825566,4.54492286541544,4.31832606892398,2.37725317854764,5.49505073515516,2.20892137032406,56.5779776178622,51.9921675088747,48.6812714631383,54.5785581794047,46.764893955218,51.0146905253583,18.9444742183663
66.1843543321389,-184462.219,-256519.586,-175063.432,-269051.302,-178196.361,66.2833875771562,66.1916531107984,66.6242457972913,66.2851548532698,66.0213786289808,4.54402802869603,4.32039553522256,2.37183956668965,5.49444071876279,2.21124683391292,56.583404762573,52.0042940764878,48.9876538731691,54.5843390215353,46.7653756472182,51.2795597137809,18.9419506832839
66.2064868868249,-184462.219,-256519.586,-175063.432,-269051.302,-178196.361,66.2895679211793,66.198050116224,66.8665218536477,66.2912201558104,66.0111708012682,4.54324225904295,4.32168113976572,2.36808978935648,5.49386579607737,2.21302533369554,56.587907460612,52.0149115074006,49.2020030777107,54.5891798557854,46.7706429234712,51.5394331331383,18.9399043179381
66.2391182261859,-184462.219,-256519.586,-175063.432,-269051.302,-178196.361,66.2917778135787,66.2042034283557,66.9930163318808,66.2932402769317,66.0071271139968,4.54305724079856,4.32197327693583,2.36611969962742,5.49380744420604,2.21396357056503,56.5897222481093,52.0220235070834,49.3137896411181,54.5910756849731,46.7747530165434,51.7442274582172,18.9389212321329
66.1895308688271,-184462.219,-256519.586,-175063.432,-269051.302,-178196.361,66.2922937920472,66.2087832263763,67.0383497547559,66.2936660207229,66.0069318046372,4.54306818427114,4.32179243263893,2.36548235565783,5.49386802680475,2.2143385371513,56.5902615971667,52.0260098554193,49.3543596598228,54.5916304721884,46.7778144348885,51.9142453994001,18.938549536524
66.2051020031693,-184462.219,-256519.586,-175063.432,-269051.302,-178196.361,66.2914823591472,66.2115093820742,67.0348134101057,66.2927909290325,66.0088851803286,4.54324542948404,4.3214006245773,2.36560437788846,5.49404890507092,2.21432499474892,56.5898286687496,52.0274501028143,49.3517354879509,54.5911406417029,46.7796502088522,52.0674089791876,18.9386243317696
66.2079652668595,-184462.219,-256519.586,-175063.432,-269051.302,-178196.361,66.2908257349811,66.2126517834307,67.0039579219166,66.2921478813922,66.0117442377091,4.54333887725581,4.32102117767866,2.36619218346601,5.49412113479075,2.2141426193735,56.5893715890032,52.027346942744,49.3252728009481,54.5906514324839,46.7809253849975,52.2141159902627,18.9388159925647
66.2006133664556,-184462.219,-256519.586,-175063.432,-269051.302,-178196.361,66.2908429723184,66.2129405109001,66.9585053049723,66.2921905991515,66.0146767312935,4.54327316159004,4.32069214678176,2.36706341934952,5.49403769108425,2.21391232899678,56.5892485007437,52.0265554257952,49.2863271093041,54.590516427357,46.7818574956127,52.3552727428747,18.9389787478024
66.2319199076076,-184462.219,-256519.586,-175063.432,-269051.302,-178196.361,66.2898566164671,66.2129301110831,66.9055873011055,66.2911464666995,66.0172336929592,4.54338491855991,4.32027074491885,2.36798390760881,5.49412995181417,2.213574663399,56.5885007821244,52.0251612772606,49.2402786760003,54.5896687964457,46.7814806229192,52.4858594988058,18.9393441863007
66.2493346410653,-184462.219,-256519.586,-175063.432,-269051.302,-178196.361,66.2880343306554,66.2124565363887,66.8491596757386,66.2892895463084,66.0192456776911,4.54364842047528,4.31981854884614,2.36888600758656,5.49435237501095,2.21316035798989,56.5872411115522,52.0232025352438,49.1905782103475,54.5882855770284,46.7798916591177,52.5997484027485,18.9398657099088
66.2038368969053,-184462.219,-256519.586,-175063.432,-269051.302,-178196.361,66.2874556603746,66.2114964833215,66.7914859712791,66.2887816758517,66.0206620136396,4.54366851088476,4.31951011075121,2.3698720708348,5.4943284867055,2.21281926075369,56.5867053345651,52.021229287078,49.1402519397067,54.5877268328102,46.7783423256153,52.6929464339128,18.94019843993
66.2254711704308,-184462.219,-256519.586,-175063.432,-269051.302,-178196.361,66.2873005227111,66.2106515206303,66.733954122468,66.2886282853215,66.0214971100825,4.54360718975713,4.31921935773979,2.37087831832458,5.49424607709812,2.21251456305278,56.5864192742835,52.019429090911,49.0902116225353,54.5873979351545,46.7765274550626,52.764677881127,18.9404655059724
66.2021369011916,-177730.1112,-235711.2528,-170167.3536,-245794.9296,-172688.2728,66.2875665068568,66.2101863616386,66.7059686903795,66.2887531095348,66.0234645744659,4.50119657334445,4.23652646309851,2.45808631027613,5.30694069586529,2.28998186224882,56.8526606576813,52.9155969165849,50.1641348375503,55.2216686850555,48.004271409682,52.8572135427104,18.7927319048332
66.2349212840338,-177730.1112,-235711.2528,-170167.3536,-245794.9296,-172688.2728,66.2871426351603,66.2099808758201,66.6846576058858,66.2882506504557,66.0249148519668,4.50123946865351,4.23636335010537,2.45852151013118,5.30698953779873,2.28980784766337,56.8523266974869,52.9148795482631,50.1457519371971,55.2212680799177,48.0043523135771,53.0027431668713,18.7929217143522
66.2400835737529,-177730.1112,-235711.2528,-170167.3536,-245794.9296,-172688.2728,66.2877801834095,66.2098555953912,66.6468480546047,66.2889179676507,66.0259282866577,4.50104623219913,4.23614745718411,2.45939920113545,5.30678726985102,2.28962460875741,56.85255919538,52.9140766903198,50.1138446602271,55.2215135795915,48.0039235606922,53.1231434185738,18.7930047691271
66.2059300072443,-177730.1112,-235711.2528,-170167.3536,-245794.9296,-172688.2728,66.2869628502013,66.2099431564861,66.5959194642296,66.2880214472808,66.0266112878293,4.50111675742818,4.23569957298817,2.46046153364595,5.30684948988742,2.28927733942749,56.8518896968442,52.9127583516002,50.0700543838479,55.2207468187531,48.001872734294,53.21036914158,18.7934046933772
66.1874860337621,-177730.1112,-235711.2528,-170167.3536,-245794.9296,-172688.2728,66.2847436885154,66.2095906020431,66.5388151834214,66.2857676465985,66.0270631544265,4.50144977923934,4.23516150161567,2.46153450659526,5.30714169835298,2.28879440542961,56.8503685514207,52.9107164083404,50.0201536608805,55.219102376464,47.9985213938274,53.2742722213628,18.7940818912329
66.2068530001404,-177730.1112,-235711.2528,-170167.3536,-245794.9296,-172688.2728,66.2833682530959,66.2085653293123,66.4806966119683,66.2844201009277,66.0272855564863,4.50160933859745,4.23476344990788,2.4626538016155,5.30725693442429,2.28834993066834,56.8493275170404,52.9084410918592,49.9695429476457,55.2179951204652,47.9952420448273,53.3227813429522,18.7946334552135
69.9520030093285,-177730.1112,-235711.2528,-170167.3536,-245794.9296,-172688.2728,66.2999686316076,66.2074734261806,66.4245580451627,66.3024265573246,66.0272261974945,4.4982535118097,4.23573802021312,2.46504241000834,5.30379415855692,2.28917918340123,56.8588898292146,52.9104093180547,49.9294035701676,55.2287764568414,48.0017147744856,53.3611615694457,18.7920072839893
70.0077755193741,-177730.1112,-235711.2528,-170167.3536,-245794.9296,-172688.2728,67.4394354736725,66.2831323533616,66.3727183030049,67.4960557966952,66.0283292326479,4.27570484460034,4.30894911824193,2.55140613271805,5.08312876035353,2.36921327809814,57.5069524278027,53.2119916983103,50.435915918202,55.9416837778442,48.6117353357752,53.3992158420598,18.588402134012
69.9948444528912,-177730.1112,-235711.2528,-170167.3536,-245794.9296,-172688.2728,69.0038311539179,66.8338107299238,66.3332018329343,69.0706609571102,66.0563270019064,3.97770422734265,4.34187219035934,2.68372040946209,4.79628827984503,2.48865988166745,58.3272289102896,53.8617844862543,51.1821245459186,56.8252834297312,49.4756661315002,53.5211586432588,18.2882449886766
69.9504179076745,-177730.1112,-235711.2528,-170167.3536,-245794.9296,-172688.2728,69.739868059715,67.7915571176855,66.3258624309535,69.7760212446254,66.2005326529526,3.84588546071903,4.25576905212327,2.77486174583371,4.67566024800355,2.56397746930818,58.6973223802094,54.557079562589,51.6724277502699,57.2147234595856,50.1069335423305,53.7563214235875,18.1161539759877
69.9662942291786,-177730.1112,-235711.2528,-170167.3536,-245794.9296,-172688.2728,69.9724345402711,68.6826211543626,66.3882832673495,69.9867163233457,66.5377667517528,3.80958101381522,4.14696579990568,2.82827449373054,4.64625038633237,2.60197323419767,58.8246558937146,55.1009128120171,52.0115827629834,57.3459079653597,50.679177210021,54.0047080334085,18.0330449279815
69.9787068470854,-177730.1112,-235711.2528,-170167.3536,-245794.9296,-172688.2728,70.0313734030805,69.2889647878224,66.556819299292,70.0366418214412,67.0409066879972,3.80417940219074,4.06965527623257,2.85509618378219,4.64430428110978,2.61652313405921,58.8677658577371,55.4492471269839,52.3151781344619,57.3905365789976,51.2705032153178,54.2231006137025,17.9897582773745
69.9995725280949,-170535.0332,-213471.9208,-164934.5696,-220939.2056,-166801.3908,70.0447708146032,69.6348862500575,66.8461583995326,70.0470282400908,67.6339117070262,3.74333154449531,3.88571117311473,2.96449646886658,4.40129608849661,2.70857848382113,59.1589832771169,56.5076053220866,53.5518640034331,58.0521252487504,52.9188265093126,54.4448026487196,17.7034137587943
69.9867523413269,-170535.0332,-213471.9208,-164934.5696,-220939.2056,-166801.3908,70.0454265748748,69.812429794118,67.2182398010058,70.0468035081992,68.194649038804,3.74676282316495,3.86667614974945,2.95924352285021,4.40579870676635,2.7011748640485,59.16960822208,56.6205253782962,53.9003467350946,58.0641590136599,53.4392314297476,54.7059858708273,17.6796560665795
69.994048196165,-170535.0332,-213471.9208,-164934.5696,-220939.2056,-166801.3908,70.0432828040155,69.8966913057421,67.630456920785,70.0444661320318,68.6640618859142,3.75007295034348,3.86148726370619,2.94631961775295,4.40991994552994,2.69281387741904,59.1770643556478,56.6870602255466,54.254145486058,58.0730198768237,53.8628298036125,54.9605314744844,17.6606136547516
69.9156916204175,-170535.0332,-213471.9208,-164934.5696,-220939.2056,-166801.3908,70.0411105066662,69.9339194969733,68.0374798618718,70.042282205062,69.0253134307046,3.752893770641,3.8628269623198,2.92974939292456,4.41340023124208,2.68591798246414,59.1830595289039,56.7288697569768,54.5855140082435,58.0802763022291,54.1860802842197,55.1985001854526,17.6447883395916
69.9755283049994,-170535.0332,-213471.9208,-164934.5696,-220939.2056,-166801.3908,70.0399784203906,69.9491660200395,68.4050242421398,70.0411856335073,69.2867556530371,3.75508070569546,3.86661567490145,2.91261919310332,4.41612041088762,2.68118830358744,59.1882511022691,56.757055279493,54.8739423600218,58.0865479185744,54.4213457522133,55.423811224545,17.6316242881753
69.9682826852454,-170535.0332,-213471.9208,-164934.5696,-220939.2056,-166801.3908,70.0390225929382,69.9548696321934,68.7150687572529,70.0402421285319,69.4672905940381,3.75683491015627,3.87076737600812,2.89685047456628,4.41830054021884,2.67836309044353,59.1923623456154,56.776908463409,55.1103317715754,58.0915032102266,54.5862002383905,55.6385730677774,17.6211163913931
69.9371241998299,-170535.0332,-213471.9208,-164934.5696,-220939.2056,-166801.3908,70.0391565354217,69.9566854084737,68.9635935771447,70.0404222272653,69.5874206297192,3.75802308916712,3.87447815360965,2.88348806462983,4.41980578949719,2.6769922421138,59.1959256906699,56.7913454189036,55.295810701002,58.0957526802154,54.6987098867064,55.8416447005455,17.6127873390176
69.9850159504819,-170535.0332,-213471.9208,-164934.5696,-220939.2056,-166801.3908,70.0391289684724,69.9572436277506,69.1554775308856,70.0403876789426,69.6649987182446,3.75894197931853,3.87741059697389,2.87271897090168,4.42096930230668,2.67650515172947,59.1985487999181,56.8018604412906,55.4364576084673,58.0988617357209,54.7735784165248,56.0301563086957,17.6065460012302
69.9354417370188,-170535.0332,-213471.9208,-164934.5696,-220939.2056,-166801.3908,70.0388907828183,69.9573593239473,69.29973883412,70.0401437010033,69.7139034237941,3.75966009796049,3.87961219086562,2.86435663236585,4.4218651339855,2.67650873139443,59.2003812330183,56.8094415257378,55.5406669545972,58.1010370077834,54.8225030384284,56.2012170642212,17.6020027865719
69.9659912109109,-170535.0332,-213471.9208,-164934.5696,-220939.2056,-166801.3908,70.0373699190135,69.9571575511428,69.4062862628185,70.0385691861828,69.744125949528,3.76043804261905,3.88118750234204,2.85795230721422,4.4227810052987,2.67667457744772,59.2011025975166,56.8145762809382,55.6163819688154,58.101934848097,54.8536482314162,56.3529593522734,17.5990334349217
69.9686486160454,-170535.0332,-213471.9208,-164934.5696,-220939.2056,-166801.3908,70.0363713584831,69.9564502612466,69.484140079292,70.0375918849687,69.7624470138026,3.76097383983131,3.88240848801954,2.85318090685803,4.4234003479146,2.67694927894102,59.2016477972114,56.8180022252306,55.671174803035,58.1026288553231,54.8734973173448,56.4848190920076,17.5969128615645
69.9259560572358,-170535.0332,-213471.9208,-164934.5696,-220939.2056,-166801.3908,70.0347086798349,69.9554779089408,69.5407087499765,70.0359028336022,69.7732693857785,3.76153453061548,3.88330303389576,2.84959663996704,4.4240284375467,2.67718730176426,59.2016001322233,56.8200564058551,55.710369311562,58.1026342384847,54.8856434330272,56.5974162276618,17.5956499437892
69.9544881832712,-172175.4709,-218542.3646,-166127.6152,-226606.1722,-168143.5671,70.0338058287418,69.9543615597819,69.5817102130764,70.0350763636421,69.7790377958149,3.77564687317335,3.91789894128963,2.82932432700745,4.48193953843932,2.65909141786923,59.1373704384013,56.6256875596573,55.5515175549498,57.9538706632519,54.6694879447186,56.6848395934074,17.663901097779
69.9917096566028,-172175.4709,-218542.3646,-166127.6152,-226606.1722,-168143.5671,70.0319880074304,69.953135025012,69.6114883955817,70.0332628560736,69.781984520694,3.77610482583046,3.91840234658071,2.82739298756642,4.48242534367663,2.65925248158513,59.1368740982907,56.6261733873304,55.5717119744037,57.9533665166994,54.6733498140835,56.7405672568019,17.6635779852393
80.5010833320199,-172175.4709,-218542.3646,-166127.6152,-226606.1722,-168143.5671,70.0702495121246,69.9520333347576,69.6327540271132,70.0748941817745,69.7832207132334,3.76887786913215,3.92080735519782,2.82832026543779,4.47447792521902,2.6618009083038,59.1542438364756,56.6332464056691,55.5975806115259,57.973541933412,54.6890511186637,56.7833989316978,17.6542843232906
80.4841527129576,-172175.4709,-218542.3646,-166127.6152,-226606.1722,-168143.5671,72.8492850219928,70.146230438302,69.6490633586807,72.9981290682388,69.7875116104065,3.26724952532313,4.01783986651544,2.98032859930221,3.93331034215901,2.81985156360159,60.2573198563674,57.1490977777682,56.3297382985068,59.2318027958818,55.5393593829887,56.8280204446309,17.0185798969014
80.499335026221,-172175.4709,-218542.3646,-166127.6152,-226606.1722,-168143.5671,77.0058856558023,71.6002263151589,69.6689123839958,77.2061156096992,69.8873535311077,2.64761430528571,3.91199064328079,3.1929166435724,3.26239821445683,3.03026931767354,61.4669560888557,58.2514219555226,57.2364032296619,60.6087446141377,56.628573493773,56.9736832310995,16.0451891242693
80.5012200129144,-172175.4709,-218542.3646,-166127.6152,-226606.1722,-168143.5671,79.2753158055641,74.1563559006764,69.7459058861468,79.4102595337096,70.4069354178036,2.3788216547515,3.54243621092778,3.33467393708643,2.97253595607809,3.128189688835,61.9805799315658,59.4149760579589,57.8419038310247,61.1944215083092,57.5631892471932,57.2318841753112,15.3566574476788
80.4964497049967,-172175.4709,-218542.3646,-166127.6152,-226606.1722,-168143.5671,80.1593696708414,76.5678512042962,70.0344552754015,80.2282452010452,71.554955934431,2.28889456298573,3.20264583059429,3.39943624668292,2.88004122993265,3.0947753817653,62.1851506414561,60.262458564551,58.357235136629,61.4273916098404,58.572535764732,57.5074623825553,14.8657932519609
80.497641727648,-172175.4709,-218542.3646,-166127.6152,-226606.1722,-168143.5671,80.4531105613914,78.263306996662,70.6983545913609,80.4835297593904,73.1117352439662,2.26410499751586,2.98906698598327,3.3773800974137,2.85833098978074,2.96415211182057,62.2820927616806,60.792839456536,58.9448757837381,61.5398756849716,59.5572100977379,57.7868295752543,14.4530351825141
80.4668102592204,-172175.4709,-218542.3646,-166127.6152,-226606.1722,-168143.5671,80.5397151170292,79.2845166997558,71.7405550609825,80.5526894752369,74.7065863169602,2.26082327776127,2.87485299200276,3.27056721700185,2.85887282386067,2.79977140288621,62.3423210018139,61.1199712780771,59.6032214529521,61.6126257379923,60.3562453228707,58.0857896411889,14.0648877135128
84.907441503243,-172175.4709,-218542.3646,-166127.6152,-226606.1722,-168143.5671,80.6485209681371,79.8491077876112,72.9930497451429,80.6650547601972,76.1035454011703,2.25446260512285,2.81967405385533,3.11093373324681,2.85288792300766,2.6490320724743,62.3997852752987,61.3290956314252,60.2329047841607,61.6852578099151,60.936619053091,58.4065508734831,13.686990387707
84.91620857767,-172175.4709,-218542.3646,-166127.6152,-226606.1722,-168143.5671,81.6846065371447,80.2311104481764,74.2623715916255,81.7755945530302,77.2289216047297,2.15328930628711,2.7894471730627,2.94798977205065,2.72619573949803,2.53441151549445,62.5784455163509,61.5104125772262,60.7969363392412,61.9137655889194,61.3760602634337,58.7385882918384,13.1513335063929
84.905462550563,-172175.4709,-218542.3646,-166127.6152,-226606.1722,-168143.5671,83.0869798338257,80.7970957514045,75.4252798218945,83.2104334348943,78.1166300568462,2.02574139270098,2.73497640570666,2.7994289951934,2.57236993934413,2.44704566978668,62.7778266721676,61.7035497723889,61.2452575857898,62.1608819406007,61.6977806528544,59.0694979028333,12.5795624027319
84.8787066562792,-187546.6828,-266053.3832,-177306.6784,-279706.7224,-180720.0132,84.1021732285715,81.6898714215556,76.4670847165556,84.2163971981013,78.8976496828193,2.0874265956977,3.08511277970299,2.75412148039673,2.9570887279175,2.47319011741761,62.6336232604928,61.0834641651924,61.0838899323334,61.6145941537231,61.4372860217612,59.4133444911751,13.3569397011325
84.8671842862511,-187546.6828,-266053.3832,-177306.6784,-279706.7224,-180720.0132,84.597492128726,82.6174855086443,77.3693186025586,84.6698283810326,79.6386095101776,2.0479917125189,2.98419127793983,2.651083747771,2.91229409765563,2.40447470871402,62.7155568159537,61.3141961249091,61.3882364402257,61.7203820778779,61.6792611766108,59.7093811260745,13.0000355445994
84.9251282505808,-187546.6828,-266053.3832,-177306.6784,-279706.7224,-180720.0132,84.814001624567,83.3804767583667,78.1701343383539,84.8539100867257,80.3786289959888,2.03199904820426,2.90361779543658,2.56005652614091,2.89624196308593,2.33419255431932,62.7598465234433,61.4860351172238,61.6208172589303,61.7772687477095,61.8785276341115,59.9787798686866,12.726107887187
84.9078494759955,-187546.6828,-266053.3832,-177306.6784,-279706.7224,-180720.0132,84.9000053628512,83.9269090473884,78.9083162135944,84.9212116889048,81.1008380733894,2.02646610851767,2.84814068677832,2.47757473757184,2.8920297138135,2.26611933494474,62.7856349393491,61.6059995974128,61.8080501550715,61.810959157989,62.0450018748515,60.2322338045063,12.5103305816261
84.9231747552487,-187546.6828,-266053.3832,-177306.6784,-279706.7224,-180720.0132,84.9302319263626,84.2850436433593,79.6054022852508,84.9421668739134,81.7704711922771,2.02521267166841,2.81326217190682,2.40165125284677,2.8921917068876,2.20449471662098,62.8021745616445,61.6874020139335,61.96454492008,61.8332087595613,62.1819466530864,60.4679065149101,12.3368125199306
84.907289934408,-187546.6828,-266053.3832,-177306.6784,-279706.7224,-180720.0132,84.9385949527971,84.5055675278815,80.265017513434,84.9464316078572,82.3601049563763,2.02550948967559,2.79278406873318,2.33202502461734,2.89366884477703,2.15181652206786,62.813780231929,61.7422285780116,62.0974649592732,61.8492699772934,62.2920376234102,60.6826020103744,12.195803949871
84.8743047666208,-187546.6828,-266053.3832,-177306.6784,-279706.7224,-180720.0132,84.9390308467588,84.6349503750496,80.8803227867753,84.9452195576917,82.8569779839476,2.02626127039767,2.7815091936862,2.269264258147,2.89535043153028,2.10871014115951,62.8224248447907,61.779340005443,62.2103124341911,61.861472497127,62.3786779984874,60.874785803967,12.0810952949207
84.8784851613442,-187546.6828,-266053.3832,-177306.6784,-279706.7224,-180720.0132,84.9368412992662,84.7076817250137,81.4417484254619,84.9424513490032,83.26092892623,2.02706977210739,2.77576383463904,2.21394701981844,2.89688643269491,2.07457473932579,62.8290565594036,61.8047641291306,62.3052529207827,61.8709438646844,62.4456755470818,61.0445942276676,11.9882417985856
84.9427730164944,-187546.6828,-266053.3832,-177306.6784,-279706.7224,-180720.0132,84.9341295681489,84.7467604782632,81.9418202854375,84.9395961836402,83.579807259556,2.02779161066548,2.77317389719076,2.16627167822824,2.8981761630059,2.04822222241689,62.8342145972385,61.8224532666707,62.3841684829613,61.8783558538522,62.4967439178786,61.1932925452361,11.9136355715073
84.8974685268064,-187546.6828,-266053.3832,-177306.6784,-279706.7224,-180720.0132,84.9315552646747,84.7665640298276,82.377048743836,84.9370507166254,83.825379215084,2.02839676012731,2.77229111365536,2.12600354450449,2.89922453828647,2.02829602398903,62.8382335559475,61.8349570073071,62.4489600527947,61.8841494561235,62.5351935901478,61.3227534849262,11.8542119805627
84.9088747569029,-187546.6828,-266053.3832,-177306.6784,-279706.7224,-180720.0132,84.9292841411766,84.7756996493019,82.747940294928,84.9348464144467,84.0104937207797,2.02889176539151,2.77227048750435,2.09257968570699,2.90006810415569,2.01349664195458,62.8413527202588,61.8439220118319,62.5015489714647,61.8886507346386,62.5638233100821,61.4350656086165,11.8073066847131
84.9238993791574,-187546.6828,-266053.3832,-177306.6784,-279706.7224,-180720.0132,84.9271244449491,84.7791275192553,83.0581384557655,84.932740082687,84.1474004684533,2.02930926215896,2.77264127821753,2.06524661622792,2.90076651071465,2.00268205631017,62.8437372500592,61.8504165930297,62.5437907456912,61.8920931480683,62.584916939436,61.5322898921067,11.7706457236292
84.9018525719221,-177224.0507,-234147.0658,-169799.3096,-244046.7206,-172274.2233,84.9277827268057,84.7760930271508,83.3004092543424,84.9334747048066,84.2411631208805,1.93179470400076,2.48819930769236,1.97564898476351,2.57902100421411,1.91991557189556,63.0064867789167,62.2903060194528,62.7637086332883,62.3223255583011,62.8002781345002,61.6151960312971,10.8945795725663
84.9089103164363,-177224.0507,-234147.0658,-169799.3096,-244046.7206,-172274.2233,84.9313460549049,84.7732943006195,83.4962991486481,84.937046642497,84.3083489408613,1.93161487893607,2.48876312516838,1.95915528432113,2.57884376455525,1.91474644621228,63.0080093283364,62.2926013412657,62.786704530457,62.3243434691767,62.8095812883585,61.712378240235,10.8731234991931
84.9119220613541,-177224.0507,-234147.0658,-169799.3096,-244046.7206,-172274.2233,84.9287584052724,84.7716826044184,83.6550243033371,84.9337976723083,84.3556995714699,1.93190242707945,2.48913641705506,1.94595030964449,2.57931087557686,1.9111248753725,63.0086847911076,62.2943610393488,62.8048969741404,62.3251896404386,62.816191875747,61.8139897612281,10.8574249047284
84.9104644588642,-177224.0507,-234147.0658,-169799.3096,-244046.7206,-172274.2233,84.9236798027311,84.7700562470435,83.7828937914155,84.9283315037865,84.388613552019,1.93237053536191,2.48945728475601,1.93541517657392,2.57996835297187,1.90862195453333,63.0089162302084,62.295631797959,62.8192720199874,62.3254850343394,62.8208594649408,61.9059834205274,10.8458333041971
84.8891776780274,-177224.0507,-234147.0658,-169799.3096,-244046.7206,-172274.2233,84.9190743937774,84.7676112823598,83.8850602078433,84.9236818807023,84.4111314959518,1.93278620277867,2.48981978443136,1.9270637179093,2.58051792280401,1.9069206304084,63.0090238377023,62.296458946228,62.8305868371361,62.3256491125785,62.8241350032045,61.9843646661523,10.8371082583317
72.5020271826095,-177224.0507,-234147.0658,-169799.3096,-244046.7206,-172274.2233,84.8043388242976,84.7637451254693,83.9659947387423,84.7918845848214,84.4261427793048,1.94202370402197,2.49009704182543,1.92034861032263,2.59389381642797,1.90565396334648,62.9985064190274,62.2950948175852,62.8378977285016,62.310382755822,62.8247976493186,62.0501736923069,10.8520171359445
72.5164111127398,-177224.0507,-234147.0658,-169799.3096,-244046.7206,-172274.2233,83.0181712183289,84.6778336691127,84.0294625190052,82.8032760321962,84.4347440175225,2.09590868720896,2.49513274306146,1.91271950336846,2.80983128163408,1.90249176213088,62.8133580623903,62.2545298104074,62.8170936060912,62.0494930704155,62.7974945008849,62.105668347214,11.2160839774038
72.5145545768054,-177224.0507,-234147.0658,-169799.3096,-244046.7206,-172274.2233,79.4966582495034,84.1186546451901,84.0780904433356,79.0554226091229,84.4214759491916,2.46821386087975,2.54113091657119,1.90185166442496,3.30496825934771,1.89648049100511,62.3395374310216,62.1012452702471,62.7445067094826,61.4108874722666,62.7156428779763,62.1422042004546,12.1126451922287
72.4981453316088,-177224.0507,-234147.0658,-169799.3096,-244046.7206,-172274.2233,76.129367581008,82.7348904172871,84.1105113008747,75.6888511390309,84.3203480072288,2.93180629969969,2.66989119656396,1.88821731848597,3.86318823846322,1.89298721442579,61.6852198140484,61.7793100035697,62.622883083954,60.5939023613204,62.5744594735547,62.1122172134418,13.2460902676386
72.4781207583435,-177224.0507,-234147.0658,-169799.3096,-244046.7206,-172274.2233,74.0048875362072,80.6449482309415,84.112445957226,73.730599885457,84.0192243797183,3.28394669230094,2.89202850228184,1.87590831472972,4.22919644922029,1.9034842775806,61.1095980005254,61.2989702707217,62.4838240177666,59.9420163381009,62.3932569654272,61.9467536388263,14.1845642361134
72.5217166888056,-177224.0507,-234147.0658,-169799.3096,-244046.7206,-172274.2233,73.0245462190531,78.3227106570102,84.0453318474947,72.9023307424588,83.4123302464676,3.45280519023674,3.17817843665794,1.86999898304268,4.37534094071305,1.9387382285206,60.7598973078697,60.7185638853437,62.3483619024306,59.5743114250084,62.1796086985023,61.6528837779408,14.815061779171
71.9961354851283,-177224.0507,-234147.0658,-169799.3096,-244046.7206,-172274.2233,72.6674998836414,76.2509280285106,83.8409040678168,72.6250132725337,82.4504643655948,3.50291511367463,3.46722188498337,1.87524977180715,4.40436327151457,2.00413922941278,60.5782993056286,60.1143433156057,62.204686673012,59.3848182696809,61.9106294297581,61.3326027033458,15.2538892713925
72.0352477272965,-177303.2166,-234391.7604,-169856.8848,-244320.2028,-172338.9954,72.5117110938843,74.6911547179595,83.4150258946307,72.4955220002576,81.1632603466811,3.51383158909486,3.70029320215191,1.89751467963838,4.40506812681096,2.0998169640234,60.4546847607261,59.5551679071383,62.0254315569223,59.2426107867237,61.5519480892687,61.067556476873,15.6165245617195
71.9771196568749,-177303.2166,-234391.7604,-169856.8848,-244320.2028,-172338.9954,72.2991803708387,73.6437537854711,82.710547406014,72.284327229225,79.6558540293553,3.53473220382226,3.84663956487297,1.93991997310867,4.41978806499186,2.21700926479557,60.3134463584608,59.0836193722037,61.7885146366558,59.0755543388215,61.0812062735771,60.8589464959974,15.9580890715913
71.9462718962992,-177303.2166,-234391.7604,-169856.8848,-244320.2028,-172338.9954,72.1400765434443,72.9613619165149,81.7421232340249,72.1304462981748,78.0781575736525,3.5461683274158,3.92753745699641,2.00428384427592,4.42377631741985,2.34382244980788,60.1929956131733,58.7011315005904,61.4919628771346,58.9335817676817,60.5084964552303,60.6653430460517,16.2455883959158
71.9798416724506,-177303.2166,-234391.7604,-169856.8848,-244320.2028,-172338.9954,72.0697711295613,72.5226363023422,80.597729896794,72.0664181991386,76.5799173619719,3.54230716778377,3.96560101951557,2.08630238290052,4.41204593336088,2.46405971249202,60.1096677299156,58.3992817771851,61.1436615028899,58.8344669330007,59.8675925931752,60.4650219590654,16.4703162160528
71.9812005617674,-177303.2166,-234391.7604,-169856.8848,-244320.2028,-172338.9954,72.0472116067289,72.2546539728676,79.3977216661289,72.0474029604326,75.274798104358,3.53186226552238,3.97585585770271,2.17755863665475,4.39495536968779,2.56347437938341,60.0517381666757,58.1677275076047,60.7589265659137,58.7639969042886,59.2105976988209,60.266288992129,16.6437065089511
71.9836594371633,-177303.2166,-234391.7604,-169856.8848,-244320.2028,-172338.9954,72.0428780522633,72.103072027497,78.2451583587801,72.0444899381142,74.2217078230785,3.52083620325529,3.97017239619637,2.26939479251948,4.37878680907597,2.63592929553564,60.0098388666206,57.995979560278,60.3606239529124,58.712035237833,58.599070966081,60.0799412302683,16.7751194965827
88.8947350191251,-177303.2166,-234391.7604,-169856.8848,-244320.2028,-172338.9954,72.0937188294899,72.024266145417,77.1986215146645,72.1019361756157,73.4261328188721,3.50255135519861,3.95950311958921,2.35689089225194,4.35503211783327,2.68541570065528,59.9978619230327,57.8791607086132,59.9780240823701,58.6967590851562,58.0913873808284,59.9082833251855,16.8593931855283
88.8965268696259,-177303.2166,-234391.7604,-169856.8848,-244320.2028,-172338.9954,76.0558629659037,72.2422350730499,76.2661206429321,76.3533509075236,72.8517893189226,2.85734029131293,4.04609448452579,2.5226493418084,3.61089385731926,2.86765166269499,61.2286615545755,58.399852173159,60.1770556370853,60.1856154156986,58.4915493007282,59.7653987490514,15.9046296376614
88.9232747667255,-177303.2166,-234391.7604,-169856.8848,-244320.2028,-172338.9954,82.34092275765,74.2057622665483,75.4644440019352,82.7630979105763,72.5744979343794,2.12883141483488,3.81586635425811,2.71450004840634,2.76484904435442,3.06473779360175,62.4396944571055,59.5282070525289,60.5124939103742,61.6480294791187,59.1377314185468,59.7910557192194,14.4887846554555
88.8907951252053,-177303.2166,-234391.7604,-169856.8848,-244320.2028,-172338.9954,86.1390023764641,77.8054437591555,74.9025552981124,86.4561605645875,73.0261534459366,1.82469096636389,3.27434154333349,2.85830406552768,2.4099859228023,3.10735609037383,62.9206268920803,60.7004507818734,60.7028521465798,62.2319623143711,59.773676109192,59.9881713200663,13.4746785884012
88.951858098324,-177303.2166,-234391.7604,-169856.8848,-244320.2028,-172338.9954,87.852139546817,81.3977130876884,74.642364501495,88.0413312320638,74.4449606586476,1.71260331548882,2.81741889998753,2.94478605416219,2.28272093829409,2.96413631043763,63.1141517029084,61.5186709245971,60.8596758780054,62.4665989926417,60.5521561948762,60.2044231503865,12.7216655183703
88.9446136492357,-177303.2166,-234391.7604,-169856.8848,-244320.2028,-172338.9954,88.5395259904965,84.1356266798846,74.787242660146,88.6390308923974,76.47062295169,1.67216200700917,2.53103901177874,2.95695231346743,2.23986563014134,2.71372065214138,63.20324886997,62.0073272568812,61.0612623450567,62.5749777685903,61.2958236839837,60.3927400135297,12.1137396145381
88.8963808561325,-171874.8409,-217613.1446,-165908.9752,-225567.6322,-167897.5971,88.7954582939704,85.9147511912826,75.4451784961708,88.8446286384478,78.5660044033655,1.61238289604167,2.22214921464494,2.84184369542104,2.07215011956208,2.42280531190882,63.3243017928378,62.5147195602395,61.4951777496424,62.8334457199559,62.0071418541659,60.5614537850877,11.1713312375786
88.893959851209,-171874.8409,-217613.1446,-165908.9752,-225567.6322,-167897.5971,88.8910336866554,87.039219877997,76.5412894261072,88.9156034208113,80.4754977043463,1.60812406198414,2.13387790382354,2.69125445984012,2.06923762371577,2.21775658426682,63.3524213023879,62.6712080913728,61.8107159094745,62.8678092106342,62.385640400808,60.734454927396,10.7202506336304
88.9307505639219,-171874.8409,-217613.1446,-165908.9752,-225567.6322,-167897.5971,88.9194387245664,87.7263125072668,77.8716964235766,88.9323002665371,82.1050783077076,1.6075384815311,2.0834947329979,2.51604808732708,2.06980979285935,2.06207042859067,63.3715233516726,62.7690322760998,62.1153514346555,62.8917065943789,62.6494381961385,60.9100422991403,10.3389615233061
88.8741531144555,-171874.8409,-217613.1446,-165908.9752,-225567.6322,-167897.5971,88.9218438870531,88.1381555775893,79.2493907465762,88.929425799608,83.449146548472,1.60822938599859,2.05471016254646,2.34930586746804,2.07139258733256,1.9461191187356,63.3849040435333,62.8312471583767,62.3747375898265,62.9087302906447,62.8343240758196,61.0819806093378,10.0297571220813
88.8867156391321,-171874.8409,-217613.1446,-165908.9752,-225567.6322,-167897.5971,88.915743994886,88.3815161307689,80.5585627696613,88.9211655573985,84.535632209917,1.6092168909982,2.03834550298768,2.20537725518046,2.07303218122354,1.85994841694586,63.3944750381877,62.8714336470227,62.5826261903223,62.9210502274512,62.9657328633282,61.2462037335753,9.78592024733573
88.9043545411611,-171874.8409,-217613.1446,-165908.9752,-225567.6322,-167897.5971,88.9082691170027,88.5230981719774,81.7441689619359,88.91299391422,85.4019429416502,1.61013007267476,2.02918264383948,2.08665132166416,2.07440868125345,1.79572051318643,63.4014744910243,62.8978238431957,62.7454405874111,62.9301312885507,63.0605485828032,61.4007615926104,9.59609323261826
88.8900981029917,-171874.8409,-217613.1446,-165908.9752,-225567.6322,-167897.5971,88.9010839114887,88.6037298969392,82.7877969687049,88.9056656038113,86.0853578949954,1.61091080485631,2.02420616678894,1.99059801856939,2.07553290456747,1.747680173305,63.4066512209772,62.9154562592418,62.8723136301192,62.9368767323401,63.1298419166335,61.5450196270617,9.44892806808711
90.418783727484,-171874.8409,-217613.1446,-165908.9752,-225567.6322,-167897.5971,88.8943291528553,88.6480868242223,83.6899347313228,88.8989453365382,86.6195237270331,1.61158094235969,2.02165823206787,1.91344459009522,2.07647197678387,1.71166282259383,63.4104977142105,62.9274377615949,62.9714243141137,62.9419006968194,63.1809705179534,61.6790452725411,9.33481856390048
90.4191319129336,-171874.8409,-217613.1446,-165908.9752,-225567.6322,-167897.5971,88.9212981443462,88.6713555765122,84.4598805811726,88.9301383386716,87.033449496941,1.61019336661803,2.02050036153164,1.851608331288,2.07451784740635,1.68465634553336,63.415506146776,62.9359670056477,63.049455383386,62.9486429941553,63.2191563031161,61.8031910149812,9.24147625237738
90.4427029405664,-171874.8409,-217613.1446,-165908.9752,-225567.6322,-167897.5971,89.1275413069198,88.6932386458706,85.1105502657165,89.1556142685473,87.3516658739821,1.59824957478701,2.01942020889585,1.80212586165144,2.05832807866121,1.66448753704069,63.4311433646272,62.9440846646792,63.1122412040445,62.9697616081872,63.2488118419857,61.9177387299771,9.1426112610362
90.3931834862149,-171874.8409,-217613.1446,-165908.9752,-225567.6322,-167897.5971,89.461960903408,88.7505152943342,85.6559093503027,89.5075587435209,87.5958831867128,1.57909969253537,2.01576020363458,1.76250503267145,2.0333208522218,1.64937714472392,63.4539404605145,62.9546087089023,63.1630818475342,62.9996538373134,63.2722163578721,62.0231693084639,9.04006292578714
90.4090186411077,-171874.8409,-217613.1446,-165908.9752,-225567.6322,-167897.5971,89.7846857112937,88.8676388106369,86.109911935233,89.8344327912383,87.7874303791135,1.5610044391875,2.00774577684327,1.73071863458068,2.01057235751717,1.63772957340241,63.4751787977814,62.9687613176185,63.2039809071978,63.0266058592778,63.2907730585636,62.1205210106069,8.94777078153103
90.3997566733478,-178325.3586,-237551.1084,-170600.2608,-247851.2388,-173175.2934,90.0356365629379,89.0509861639918,86.4973276526554,90.0818856131473,87.953381770018,1.60099376436946,2.16091741494072,1.74682799671829,2.17419181842996,1.67345187197021,63.4205426288867,62.7832025942531,63.1609155973585,62.8424707313098,63.2260507268962,62.2147865424941,9.35638286642864
90.4530325366553,-178325.3586,-237551.1084,-170600.2608,-247851.2388,-173175.2934,90.1921060916678,89.2619373885082,86.8189075868297,90.2282222872188,88.1049883367716,1.59230383703241,2.14541705789788,1.72518147946913,2.16368355870464,1.66425263041087,63.4317614667771,62.8043725254046,63.1896845710047,62.8565150259377,63.2409757062353,62.2942812147993,9.29083856351493
90.4206324215704,-178325.3586,-237551.1084,-170600.2608,-247851.2388,-173175.2934,90.2829724311658,89.4684833554928,87.0885019364015,90.3091911249728,88.2548957493312,1.58732761629163,2.13037188260413,1.7073975801517,2.15796976521068,1.65519815628086,63.4387349913411,62.8240690955954,63.213161831067,62.8650100573439,63.2548688547159,62.3609154623435,9.23826500053899
90.4237289816121,-178325.3586,-237551.1084,-170600.2608,-247851.2388,-173175.2934,90.3329825861529,89.6499697633942,87.3193441461257,90.3517326589832,88.4084327559869,1.58462999544864,2.11729271245465,1.69242479869331,2.15503573824821,1.64597349505537,63.4430464187769,62.8409647383236,63.2327803279751,62.870187029001,63.2682962062503,62.4192726899203,9.19535673990018
90.4041710073325,-178325.3586,-237551.1084,-170600.2608,-247851.2388,-173175.2934,90.3588675706483,89.7976776990442,87.522831087459,90.3726220529556,88.5651591686619,1.58326467475421,2.10676008332823,1.67941430783042,2.15365208645234,1.63662093962984,63.445742995859,62.8546425537848,63.2496676809797,62.8734204189218,63.2813580019127,62.4718564131303,9.15971209199502
90.3894335475113,-178325.3586,-237551.1084,-170600.2608,-247851.2388,-173175.2934,90.3712172082529,89.9111736554797,87.7077398869371,90.3818906491176,88.7213200236945,1.58264091432456,2.09874700579178,1.66773918143507,2.15309203484289,1.62737669220912,63.4474854628817,62.8652692129253,63.2646504788742,62.8755360592953,63.293895247955,62.5195382397019,9.12959582860341
90.4129944123275,-178325.3586,-237551.1084,-170600.2608,-247851.2388,-173175.2934,90.376382577501,89.9944899940742,87.8800053039188,90.3852836104796,88.8720685971175,1.58240715826793,2.09292030400563,1.6569853256238,2.15294219490257,1.61853001033857,63.4486736096246,62.8732896028769,63.2782799351076,62.8770146401691,63.3056607093312,62.5626169515643,9.10378499313851
90.3680921638661,-178325.3586,-237551.1084,-170600.2608,-247851.2388,-173175.2934,90.3784413156262,90.0533845602345,88.0429825875628,90.3864443789454,89.0129709066151,1.58233868864679,2.08884185792349,1.64691877851688,2.15294143748431,1.61033348035722,63.449567154707,62.8792302543794,63.2908828162206,62.878165731054,63.3164310732882,62.6013047604602,9.0813742429287
90.3927171807842,-178325.3586,-237551.1084,-170600.2608,-247851.2388,-173175.2934,90.3790568408917,90.0937400119597,88.1980102981135,90.3866139106972,89.1407731254468,1.58234431921896,2.08607823717556,1.63743924574148,2.15300177056614,1.60296130025757,63.4502785029659,62.883585591004,63.3026146202802,62.8791061210787,63.3260523232103,62.6358474958346,9.06182487295969
90.3933773800868,-178325.3586,-237551.1084,-170600.2608,-247851.2388,-173175.2934,90.3788815066251,90.1206505148263,88.3450774281673,90.3862185606976,89.2536180878946,1.58238863951531,2.08426070842331,1.62853244700141,2.15309365432415,1.59650218860322,63.4508574027772,62.8867681418859,63.3135234077323,62.8798846601871,63.3344563615066,62.6665272333169,9.0447776378674
90.463151816978,-178325.3586,-237551.1084,-170600.2608,-247851.2388,-173175.2934,90.3783619775728,90.1381254304897,88.4834464985489,90.3855968553885,89.3509220050025,1.5824474952515,2.08310231630253,1.62022854497054,2.15319364325613,1.59097119392489,63.451339403752,62.8890985711204,63.3236021989979,62.8805402802863,63.3416525845703,62.6936450903414,9.02994319370559
90.4199441493403,-178325.3586,-237551.1084,-170600.2608,-247851.2388,-173175.2934,90.3777017960945,90.1491505066118,88.6121470171374,90.3848986276325,89.4330930328428,1.58251008969755,2.08239092775205,1.61257084645567,2.15329175340297,1.5863287695768,63.4517442910355,62.8908148063995,63.3328248647215,62.8810952617785,63.347706941044,62.7175110806238,9.01709238688504
90.4339786231153,-179715.2713,-241847.2022,-171611.1064,-252652.7554,-174312.4947,90.3769652986877,90.1565474847288,88.7315151122275,90.3842006622807,89.5020184686374,1.59401883627462,2.11631389378252,1.61408593554119,2.19164171749975,1.59186452679695,63.4370595841023,62.8500799288566,63.3262766515739,62.8381705391243,63.3366442109925,62.7385651797825,9.10792490989503
90.3854891286266,-179715.2713,-241847.2022,-171611.1064,-252652.7554,-174312.4947,90.3758841948346,90.160943023174,88.8397998873762,90.3831460594861,89.5582407924626,1.59409916843049,2.1160532043097,1.60771590739698,2.19175655775083,1.58870564016313,63.4373360750261,62.8511114173728,63.3339017994464,62.8385592503712,63.3408408801451,62.755215765105,9.09833047805113
90.3804403051924,-179715.2713,-241847.2022,-171611.1064,-252652.7554,-174312.4947,90.3755346453192,90.1633271103775,88.93657034505,90.3829152359917,89.6034307759286,1.59413574583382,2.11592887458514,1.60206092551677,2.19180531355518,1.58617665931488,63.4376046297984,62.8518908079901,63.3406411046038,62.8389411448391,63.3442301588284,62.7681047093938,9.09010751880577
90.4551874397226,-179715.2713,-241847.2022,-171611.1064,-252652.7554,-174312.4947,90.3758358646506,90.1645188265172,89.0219178682581,90.3833423090275,89.6392625381097,1.59413341620981,2.11588304578734,1.597102873565,2.19180083400879,1.58417828302957,63.4378664827581,62.8524909742829,63.3465285322674,62.8393119242063,63.3469370105456,62.778654663065,9.08309845260051
90.3733928786862,-179715.2713,-241847.2022,-171611.1064,-252652.7554,-174312.4947,90.3763530277731,90.1651158325204,89.0963060668341,90.383932110725,89.6673216330469,1.59411672302858,2.11587358049591,1.59280377654289,2.1917800717446,1.58261805445503,63.4381015583784,62.8529658008205,63.351616926648,62.8396408071908,63.3490757405129,62.7877615832725,9.077192206267
90.3985178431289,-179715.2713,-241847.2022,-171611.1064,-252652.7554,-174312.4947,90.3767884611217,90.1654668415493,89.1604544632074,90.3843809438125,89.6890514882134,1.59410255607062,2.11587620560688,1.58911300271673,2.1917658885663,1.58141292324538,63.438297588638,62.853350695303,63.3559723286411,62.8399113978862,63.3507495185839,62.7958257210688,9.07227057620591
90.387376845762,-179715.2713,-241847.2022,-171611.1064,-252652.7554,-174312.4947,90.3767953984835,90.1657124954738,89.2152441661999,90.3843437442055,89.7057202702972,1.59411049725661,2.11588144845016,1.58597262963784,2.19178410119114,1.58049056838669,63.4384387221967,62.8536640246375,63.3596667608227,62.8401030789841,63.3520475915493,62.8030207222901,9.06823924492243
90.3552744750556,-179715.2713,-241847.2022,-171611.1064,-252652.7554,-174312.4947,90.3767586625772,90.1658612797085,89.2616410488693,90.3842943131748,89.7184038270993,1.59411940228989,2.11588960345721,1.58332194170013,2.1918004649284,1.57979028194424,63.4385524687213,62.8539180742638,63.3627780264952,62.8402592901753,63.353049142267,62.8094447109497,9.06492169431987
90.4388179988791,-179715.2713,-241847.2022,-171611.1064,-252652.7554,-174312.4947,90.3768658894475,90.1659293964679,89.3006341310721,90.3844193340718,89.7279857065208,1.59411906103278,2.11590022582896,1.58110037927849,2.19180173520108,1.57926242281607,63.4386539288615,62.8541233041113,63.3653812996715,62.8404002743935,63.353818557758,62.8151741425318,9.06218382415738
90.3934686418758,-179715.2713,-241847.2022,-171611.1064,-252652.7554,-174312.4947,90.3769559032843,90.1659615765595,89.3331881063871,90.3845113478959,89.7351759393084,1.59411864107299,2.11591057837592,1.57924991290561,2.1918035023893,1.57886716593901,63.4387368460082,62.8542891130804,63.3675459662113,62.840514496169,63.3544062269055,62.8202786179684,9.05994980068283
89.7839641158063,-179715.2713,-241847.2022,-171611.1064,-252652.7554,-174312.4947,90.3764656571584,90.1659716145289,89.3602099234372,90.3839329683574,89.7405382313312,1.59414963454733,2.1159198543657,1.57771663340496,2.19185279662722,1.57857284921283,63.4387703330272,62.8544188828032,63.3693334756728,62.840555574441,63.3548499611439,62.8248225504663,9.05821176815803
89.785849146547,-179715.2713,-241847.2022,-171611.1064,-252652.7554,-174312.4947,90.3449702613675,90.1653124069775,89.3825277883818,90.3477770046348,89.7445104979252,1.59590605165717,2.11595832722484,1.57644154500192,2.19451041807189,1.57834445084111,63.4369219386482,62.8542562604197,63.3706288896116,62.8377555108855,63.3550040192128,62.8288654467834,9.06116079279693
89.8286949119938,-175099.5987,-227580.5778,-168254.2536,-236707.7046,-170536.0353,90.2411585517284,90.1555353415414,89.3988772673399,90.2343732344712,89.7458015573662,1.56347281046871,2.00190714600023,1.54750284748262,2.07474834529307,1.54711009636274,63.4803423416129,62.9914051327161,63.4188780774089,62.9727629688942,63.4067896008373,62.8324382973246,8.73474124560738
89.7387216700682,-175099.5987,-227580.5778,-168254.2536,-236707.7046,-170536.0353,90.103612917986,90.1271907138047,89.4117216231368,90.0902652410919,89.745384891701,1.57107078101358,2.00378824476096,1.54674132561696,2.08493302629301,1.54708990302991,63.472216652394,62.9885614089824,63.4189314531464,62.9618251064487,63.4060291462082,62.8405858782752,8.75362328071443
89.7950109813775,-175099.5987,-227580.5778,-168254.2536,-236707.7046,-170536.0353,89.9771702015684,90.0744746137923,89.4218616439063,89.9631066953897,89.7414335593831,1.57811308448496,2.00734607935296,1.54612867081442,2.09398813646389,1.54726198097847,63.464616100212,62.9839460102458,63.4187718086749,62.9519790755145,63.405007131846,62.852384493853,8.7728379520947
89.8116870295905,-175099.5987,-227580.5778,-168254.2536,-236707.7046,-170536.0353,89.8824642499503,90.0014985564257,89.4294491068993,89.8717938503849,89.7312620378669,1.58342164806619,2.01232163441323,1.54566212238534,2.10052498268741,1.54778071808744,63.4587958723173,62.9779524940265,63.4185104018934,62.9447250201126,63.4036622364441,62.8642819893326,8.7897111056396
89.8458337619474,-175099.5987,-227580.5778,-168254.2536,-236707.7046,-170536.0353,89.820468725106,89.9183594267844,89.4340563550376,89.8145909334864,89.7124218046041,1.5869088092198,2.01803424833583,1.54536703621338,2.10462733133166,1.54878365139003,63.4548651772649,62.9713111173849,63.4181508892872,62.940008461566,63.4018707540476,62.8743124635834,8.80372107649072
73.9626242360185,-175099.5987,-227580.5778,-168254.2536,-236707.7046,-170536.0353,89.7122046060952,89.8353642825079,89.4348087209942,89.69957098066,89.6836849315371,1.5930390923764,2.02373938868723,1.54526938864595,2.11294275513863,1.55031715755981,63.4480603483094,62.964282618577,63.4172592765939,62.9307526343156,63.3991591314718,62.8821668095118,8.82530778240803
73.9566642260372,-175099.5987,-227580.5778,-168254.2536,-236707.7046,-170536.0353,88.3545526225734,89.720866185254,89.4306215618022,88.1811597293818,89.6451357570924,1.67399026079913,2.03103323800633,1.54502392422646,2.22893062273807,1.55196300324042,63.3604953032122,62.9462839862408,63.4089386003924,62.8053224504944,63.3884845089104,62.8882877152299,9.03094104901041
73.946606482725,-175099.5987,-227580.5778,-168254.2536,-236707.7046,-170536.0353,85.128724661364,89.3432101509127,89.4203915868782,84.6819842786422,89.592355196591,1.9002248223952,2.05565432964365,1.5441727762998,2.54472904281116,1.55343208054959,63.1103781808,62.8893138923159,63.3843654756338,62.4552639335764,63.3605348058674,62.8905371611746,9.5982130516994
73.9732474292474,-175099.5987,-227580.5778,-168254.2536,-236707.7046,-170536.0353,81.214548271306,88.3654838850035,89.4023938431934,80.6094973578601,89.497822155232,2.25905495118814,2.12358071789475,1.5425372874469,3.02236506350531,1.55596220291611,62.6936138830298,62.7577610790444,63.3387628041296,61.895351448917,63.3086568594463,62.8738150977063,10.5035002229512
73.9567335580103,-175099.5987,-227580.5778,-168254.2536,-236707.7046,-170536.0353,77.8931487367914,86.6402274482584,89.3711973317516,77.3516710034222,89.2984453107395,2.66375288982434,2.255112889436,1.54056133633236,3.51523421725712,1.5632086401125,62.1860579288204,62.5261058738263,63.2741366202781,61.2614257188094,63.2306829657002,62.8010038797337,11.5378699729623
73.9634221976742,-175099.5987,-227580.5778,-168254.2536,-236707.7046,-170536.0353,75.7549291585253,84.3227664878412,89.3119860623969,75.4074379551064,88.9084155679872,2.98517428780406,2.45743750112973,1.53981270745079,3.85978345674424,1.58091287900188,61.7390612403932,62.1939976565165,63.2022374355176,60.7535120490558,63.1325794245735,62.6301913520066,12.4231208321307
82.0302304550884,-175099.5987,-227580.5778,-168254.2536,-236707.7046,-170536.0353,74.6696647520669,81.7782321869408,89.1935582365176,74.4981269484296,88.2470128222781,3.16435240212917,2.71942032172661,1.54258991017328,4.02557284764058,1.61504771284185,61.447430558962,61.7812990370842,63.1308163121274,60.4477090503455,63.0159617504419,62.3674811543198,13.0669831945115
81.9368572874141,-176158.8184,-230854.5296,-169024.5952,-240366.8272,-171402.6696,74.7297537763734,79.3873078170435,88.9600300511511,74.7245603920827,87.2592514965596,3.15638879527748,3.04783387883587,1.55898939875979,4.00652379366543,1.67911741280683,61.3939734423918,61.2884301034896,63.053378714683,60.3891099956215,62.8676085482738,62.0772514570122,13.4488532793454
82.0071827624219,-176158.8184,-230854.5296,-169024.5952,-240366.8272,-171402.6696,76.9049694248305,77.6483626694937,88.5293461822928,77.0944482145474,85.9420534777733,2.7985064093729,3.31617413437852,1.58496576730706,3.56424779035452,1.76801788675352,61.8637647731342,61.0140212781859,63.0472849138393,60.9801580516237,62.7768848964537,61.8495793428847,13.0319119881665
82.0219436169494,-176158.8184,-230854.5296,-169024.5952,-240366.8272,-171402.6696,79.2584514649712,77.0608301681165,87.8198238178059,79.4773189868257,84.3693105629828,2.47833267267845,3.42331223744748,1.62869988724985,3.18968860007677,1.88567611007086,62.274086094454,60.9470874423264,63.0220110917808,61.4707577491707,62.6495506409596,61.7692909088135,12.6057095075234
81.9778508742269,-176158.8184,-230854.5296,-169024.5952,-240366.8272,-171402.6696,80.7406934606381,77.5238678524526,86.8357067705439,80.899112543936,82.7324565221077,2.30625399207558,3.35198813821552,1.69153219133832,2.99466610530391,2.02196167624882,62.4890577921061,61.0672545263554,62.9590137949493,61.7199048838207,62.476665879519,61.8177048939449,12.3664021031822
82.0010458348857,-176158.8184,-230854.5296,-169024.5952,-240366.8272,-171402.6696,81.4809797759352,78.4955034477547,85.7161759687889,81.5741031284508,81.2967387968097,2.22768290368457,3.20079787286976,1.76771296368995,2.90866315451398,2.15495027616427,62.5856030807871,61.2615590203861,62.8684650448316,61.8278073027558,62.290995205206,61.9051843051968,12.2598071709225
81.93251438546,-176158.8184,-230854.5296,-169024.5952,-240366.8272,-171402.6696,81.8045631724392,79.5090496669947,84.6476606699744,81.8533340715788,80.279940744781,2.19468506012657,3.05293428292519,1.84593793687561,2.874109236227,2.25753147191447,62.6250879997993,61.4404089586782,62.7681629988446,61.869638816582,62.137809434115,61.9717558096135,12.2251979880688
73.8386424088316,-176158.8184,-230854.5296,-169024.5952,-240366.8272,-171402.6696,81.9243778323988,80.3365828895609,83.74186698631,81.9473354963201,79.7505143174981,2.1826564364059,2.9400940610134,1.91706981207272,2.8625738758249,2.31389554885771,62.6392045360581,61.574471365393,62.6741966612253,61.883111620253,62.0503063622806,62.0073132907197,12.2162897341746
73.8225362777994,-176158.8184,-230854.5296,-169024.5952,-240366.8272,-171402.6696,81.0464483277786,80.8937101808818,83.0125070026837,80.9517975792096,79.6285692450581,2.272285078611,2.86407257122739,1.97580897142823,2.98647790935183,2.32351019859572,62.5219647501319,61.6335932346701,62.5711610148045,61.7200051971264,62.0016044802006,62.0243614580149,12.4221547292142
73.8408948934757,-176158.8184,-230854.5296,-169024.5952,-240366.8272,-171402.6696,78.601833358263,80.9221838603586,82.4306869606847,78.343250631982,79.7547110207797,2.55607358083835,2.84693639675169,2.01868337533609,3.35244483022258,2.29732819683859,62.1340337072626,61.5461371291367,62.4234905452509,61.2108812672283,61.926856708194,62.0255166661261,13.0714663799873
73.8467759264224,-176158.8184,-230854.5296,-169024.5952,-240366.8272,-171402.6696,76.2293748458035,80.1605561408346,81.9617091546189,75.9676108000392,79.9301256405744,2.88537581946875,2.92285689659946,2.04832682904226,3.73931402082329,2.26101562705289,61.6410126163691,61.287797529746,62.2440575483056,60.6077552793502,61.8159507930445,61.972712743527,13.8568891929866
73.7815712519275,-176158.8184,-230854.5296,-169024.5952,-240366.8272,-171402.6696,74.807196061315,78.7912480827115,81.5709082076889,74.6476803961748,79.9596328393993,3.10733356555507,3.08401807329648,2.07080069447795,3.96944382318889,2.24053939274503,61.2608848158591,60.9047210412812,62.0672471848681,60.1783175169715,61.6799129942349,61.822251204219,14.4721355492634
73.8250676372145,-176158.8184,-230854.5296,-169024.5952,-240366.8272,-171402.6696,74.1810062789984,77.2669218887216,81.2195031797141,74.1109818867569,79.7167881362637,3.20510609733096,3.28445982786251,2.09118758006078,4.05606922843967,2.24951063098758,61.0479285136433,60.4719615130984,61.9059823956311,59.9506409577568,61.5099693565484,61.5980562664816,14.8863333646815
73.8403951403241,-175455.3442,-228680.1548,-168512.9776,-237936.6436,-170827.0998,73.9595041414512,75.9667369548102,80.8581082115859,73.9356743563093,79.176075160202,3.22600607960124,3.44845000600955,2.11046604051304,4.04736823891829,2.28620935581729,60.9636162248063,60.1211226358889,61.7789362678616,59.8883649152318,61.3216732067386,61.3719990642223,15.1184997208594
74.8912501682731,-175455.3442,-228680.1548,-168512.9776,-237936.6436,-170827.0998,73.9231605830946,75.035464070298,80.4295677601154,73.9207614868673,78.3982223344442,3.22209862595334,3.58461871836689,2.14083166018651,4.03514916179173,2.35237962439256,60.9115124941078,59.7917762232948,61.621015356312,59.8309145457869,61.0460482358138,61.1861993103907,15.335077790691
74.9434561299135,-175455.3442,-228680.1548,-168512.9776,-237936.6436,-170827.0998,74.2340229195931,74.4782625055392,79.8949631510023,74.2589153450137,77.4950263360332,3.16048083452713,3.669562506741,2.18577185797621,3.95976363847866,2.43869141854979,60.9686953874977,59.5874386830998,61.4731208524098,59.9008275234089,60.7569919631546,61.0341405263242,15.4142702562728
74.8746173618692,-175455.3442,-228680.1548,-168512.9776,-237936.6436,-170827.0998,74.6213315854617,74.2828936318613,79.2541461211391,74.6513660073462,76.5949711387482,3.08977623934413,3.69612951351972,2.24474010140896,3.87937914589136,2.53032482629696,61.052448216156,59.4991019401913,61.3162367644766,59.9957647020989,60.4630894276291,60.9122457524348,15.4403498264611
74.9696825135046,-175455.3442,-228680.1548,-168512.9776,-237936.6436,-170827.0998,74.8415839484081,74.342469751613,78.5465906604122,74.8612281325971,75.819331314228,3.04940863929188,3.67667401652835,2.31259301608348,3.83538605482939,2.60971956886179,61.0930777991476,59.4804481125815,61.1349906995457,60.0375224452688,60.1782251679713,60.8194722514042,15.4837812955949
74.9755004612098,-175455.3442,-228680.1548,-168512.9776,-237936.6436,-170827.0998,74.9316400219226,74.4972366003194,77.8294315525281,74.9419196575099,75.2446379693106,3.03147815877577,3.64057751906931,2.38388129634499,3.81607716209684,2.66683107997642,61.1018146914826,59.4878573171999,60.9385131456109,60.0432077973876,59.9384938737906,60.7404613667102,15.5388452162633
74.9277302816386,-175455.3442,-228680.1548,-168512.9776,-237936.6436,-170827.0998,74.9620741166943,74.643652799924,77.1533048857355,74.9674442315908,74.880363770102,3.02386160119939,3.60726605546896,2.45339737834047,3.80753040221967,2.70050546236011,61.097413970779,59.4956687163919,60.7409842303771,60.0352892471082,59.7650820728538,60.6637806590452,15.5925608995886
74.9405174576488,-175455.3442,-228680.1548,-168512.9776,-237936.6436,-170827.0998,74.9707711672826,74.7470636814872,76.5530499222031,74.9741597764394,74.6858916477095,3.02025879902071,3.58291025819866,2.51692951303676,3.80308148970208,2.7157503950576,61.0895721645658,59.4961070971653,60.5550077602051,60.0245368908862,59.6554599619342,60.5881448175787,15.6389304550158
74.9440730118822,-175455.3442,-228680.1548,-168512.9776,-237936.6436,-170827.0998,74.973990496434,74.8096702704495,76.048069062588,74.9767623695942,74.6041782683178,3.01798931421027,3.56696217393496,2.57164366456761,3.80004197914867,2.71941026713621,61.0823530305528,59.4905258195765,60.390400380442,60.0151818433675,59.5939750335125,60.5151552986555,15.6760473989977
74.917699299328,-175455.3442,-228680.1548,-168512.9776,-237936.6436,-170827.0998,74.9745817987711,74.8442996485854,75.6441084763501,74.9770971161584,74.5856718584398,3.01653844506657,3.55697684185539,2.616160599149,3.79800012117991,2.71714716027655,61.0762628506141,59.4821504913796,60.2528727542629,60.0074730350483,59.5629666530375,60.4452073774066,15.7048231675274
74.9666275303556,-175455.3442,-228680.1548,-168512.9776,-237936.6436,-170827.0998,74.9749396687057,74.8622536654445,75.335445080787,74.9774039945835,74.5965326215746,3.0154701777599,3.5508626172577,2.65059834143618,3.79647476649034,2.71270788336058,61.0716970705457,59.4736524484508,60.1441790791181,60.0017653900805,59.5492431441825,60.3778057076769,15.7261137863047
74.9529981095903,-175455.3442,-228680.1548,-168512.9776,-237936.6436,-170827.0998,74.975646921955,74.8712566440544,75.1085933250749,74.9781247519322,74.6172393448854,3.01462874678082,3.54712101712605,2.67613448114787,3.79529168400711,2.70809796073161,61.0685237069713,59.4664231101869,60.0622850203188,59.9978178854923,59.5443352696196,60.3127948228944,15.7412738897935
74.9084837221995,-175784.033,-229696.102,-168752.024,-239072.114,-171096.027,74.9765892706949,74.8759729747888,74.9466637847929,74.9790717275263,74.6382166586016,3.01725824630305,3.55359619373852,2.69459231318753,3.80620635387078,2.70395795671141,61.0555557570622,59.4308956535126,59.9822240512435,59.9704390221623,59.5184695220007,60.2496555505855,15.7756110638113
74.9184069082566,-175784.033,-229696.102,-168752.024,-239072.114,-171096.027,74.9773733612813,74.8786192980148,74.8335556260748,74.979863612988,74.6557628088138,3.01678111938514,3.55206905798832,2.70741808907668,3.80555748283038,2.7009216914847,61.0541381301387,59.4269016976909,59.9400065137794,59.9686718431078,59.5190186735171,60.1876776980274,15.7827474407652
69.0860847597184,-175784.033,-229696.102,-168752.024,-239072.114,-171096.027,74.9642321679192,74.8802816889136,74.7555682923536,74.9648923947207,74.6691138517636,3.0185820434454,3.55072197147926,2.71597598533301,3.80778530451734,2.69834743406497,61.0493037142513,59.4227019567505,59.9089479632581,59.962483225722,59.5179290720157,60.1301969922868,15.79141273884
69.103561564005,-175784.033,-229696.102,-168752.024,-239072.114,-171096.027,73.7268509279853,74.8106888961216,74.7019779749097,73.6251634653513,74.6774600264419,3.21811334610717,3.52963312379414,2.69127377132309,4.04411347609234,2.66216131951314,60.6746838199251,59.2607532354189,59.7190859678447,59.499458659148,59.3203288586907,60.0758007871768,16.1452950368299
69.1412754466537,-175784.033,-229696.102,-168752.024,-239072.114,-171096.027,71.3956020993788,74.2247482047158,74.6632344087308,71.2352653326017,74.6524524416791,3.62848820365144,3.54415885245552,2.61882721323354,4.4871874650106,2.57861701668305,59.8196093418992,58.7385439272587,59.2658595558125,58.5043612615069,58.7977674268157,59.9700369902315,16.8572787510341
69.0812338175999,-175784.033,-229696.102,-168752.024,-239072.114,-171096.027,69.9296063978118,73.0098207025181,74.6211389825791,69.8325711157341,74.4938071884691,3.89763632250911,3.66007052472844,2.54941852913894,4.74100344545607,2.51095804209245,59.1529844427318,58.0140528313631,58.8045659812056,57.7832330751088,58.2119100447767,59.6996338723981,17.359086863925
69.079391102378,-175784.033,-229696.102,-168752.024,-239072.114,-171096.027,69.3690100853957,71.6497250116419,74.5330954196747,69.3323985376781,74.1011609783698,3.99048488269553,3.82360012707683,2.50471008300675,4.813408277633,2.48339370331711,58.8431330552097,57.2953034830381,58.4342005612426,57.4643105070984,57.6385435050033,59.3015451907518,17.6155970737292
69.1150268261709,-175784.033,-229696.102,-168752.024,-239072.114,-171096.027,69.2069193913543,70.5623076043216,74.3361038412918,69.19698571727,73.4672496696417,4.00556271062819,3.96152081845114,2.48373272276328,4.81707266159142,2.4853535324083,58.7206641007757,56.7076365079968,58.1012393135503,57.3379258318839,57.0176138168859,58.920636253737,17.7532424458423
69.1275473453301,-175784.033,-229696.102,-168752.024,-239072.114,-171096.027,69.1698485886789,69.85774282285,73.9810176866456,69.1685103943678,72.6777458010258,3.99930411571315,4.04638854299239,2.48466506713974,4.80497746359098,2.50241493138985,58.6671831371971,56.2936553908767,57.7522451206921,57.2795986150863,56.340263131527,58.6139791761544,17.8377501208261
72.1209040782453,-175784.033,-229696.102,-168752.024,-239072.114,-171096.027,69.2944704509216,69.4626961297288,73.4665092031634,69.3061190389194,71.8538246059464,3.9650340528589,4.09375036364278,2.50967894017181,4.76542462186417,2.53070790520428,58.7010297373963,56.055535676485,57.3994881863557,57.3185297475117,55.6989927941035,58.3593875777876,17.8645958837419
72.1427560840658,-175784.033,-229696.102,-168752.024,-239072.114,-171096.027,70.462383912996,69.395180822779,72.8358279207897,70.5245704340315,71.0917516095261,3.73649991093905,4.15391829895869,2.59751811694373,4.52621927224573,2.62050523015388,59.2210205603302,56.1822180173615,57.3121385905204,57.9034511885811,55.4905003305595,58.1485446865552,17.6346608292411
72.1643089209574,-175784.033,-229696.102,-168752.024,-239072.114,-171096.027,71.5315200148968,69.8472178660764,72.1643248912916,71.5873948520381,70.485468453175,3.53944814627622,4.12432478134718,2.69979130569172,4.32808524453231,2.71022527483678,59.6643160242804,56.5394472876993,57.2287022036523,58.3884974323912,55.4006852976718,58.050823303722,17.4018747526842
72.1632461496455,-177524.6807,-235076.2858,-170017.9496,-245085.2606,-172520.1933,71.9994984484191,70.5744521717187,71.5511864142048,72.028797700156,70.1521905598566,3.47429056581518,4.0571154790843,2.77149723206081,4.31041683187321,2.74461286940332,59.7900192068749,56.729355625331,56.8928439883067,58.4424582419141,55.1324172382064,58.0420046495514,17.3579329782368
72.1509037015834,-177524.6807,-235076.2858,-170017.9496,-245085.2606,-172520.1933,72.1477459472075,71.2152584701643,71.0797945329089,72.1597259103557,70.1225815476322,3.45114588236511,3.96066869557282,2.83179199886739,4.29077273716068,2.76590791498803,59.8563853416852,57.0330180897575,56.7335588361399,58.5111852227635,55.2184472014603,58.0255194815764,17.300287228954
72.1102675074724,-177524.6807,-235076.2858,-170017.9496,-245085.2606,-172520.1933,72.1856661509516,71.6412233880296,70.7918388555453,72.190547257013,70.3214833752826,3.44697763454145,3.89696258788962,2.86978685392576,4.28862477288041,2.76660390824803,59.8794422528507,57.2271369704884,56.6355417060194,58.5351706769313,55.4210984552646,57.9906239870641,17.2689557574853
65.5448341585417,-177524.6807,-235076.2858,-170017.9496,-245085.2606,-172520.1933,72.1928109400555,71.8819119590951,70.6816916583776,72.1954250848714,70.6307101605331,3.44779685585089,3.86305376551577,2.88899211568565,4.2906309411935,2.75697795302111,59.8895110891875,57.3413026594816,56.6195018588966,58.5464333428646,55.6783007265189,57.9500905090912,17.2474516312669
65.5655854149733,-177524.6807,-235076.2858,-170017.9496,-245085.2606,-172520.1933,71.3511235777958,71.97476901645,70.7120903363239,71.2798451732373,70.9518069320885,3.59905035238062,3.81768430558606,2.85056503239297,4.46218686360867,2.69860613977521,59.564881544712,57.2613587364078,56.4603349831502,58.155610784499,55.6759715493246,57.9104142754853,17.4280926937435
65.5447783983521,-177524.6807,-235076.2858,-170017.9496,-245085.2606,-172520.1933,68.524767780953,71.5140614673562,70.824106859552,68.3566492913322,71.2012692069638,4.13261829514313,3.75307688042632,2.67460328427541,5.0128406891137,2.5129920542918,58.2602634127982,56.5473668598678,55.6347306635297,56.6740944454284,54.7971333149627,57.8172135825485,18.0861312032503
65.5389082388895,-177524.6807,-235076.2858,-170017.9496,-245085.2606,-172520.1933,66.5689533929222,70.2164251657656,70.9546067884472,66.4642060132027,71.2693273666211,4.50870384727272,3.81597167304968,2.51056028305637,5.3505680580024,2.35716546745394,57.160644491003,55.4964114129186,54.7727386476359,55.5190529659928,53.7807531772797,57.4760792609295,18.5429693288351
65.5951751541067,-177524.6807,-235076.2858,-170017.9496,-245085.2606,-172520.1933,65.8465357176135,68.6464659345443,71.0385223395078,65.8091080891182,71.0576540022291,4.63419066469784,3.96611372368017,2.41160924173028,5.44607042598629,2.2772432261066,56.6929894758602,54.4836961752233,54.1926939370474,55.0558894004812,52.9552999446866,56.906880970732,18.7352272822012
65.5893426623622,-177524.6807,-235076.2858,-170017.9496,-245085.2606,-172520.1933,65.6517901443951,67.3532188732244,70.9928320633738,65.6422025925826,70.5531220114077,4.65572710102447,4.10760590970914,2.3559806081277,5.4553906988121,2.24117195199841,56.5405863255374,53.6783053731259,53.7492455415555,54.9073552612812,52.1594137029649,56.3644658156642,18.8158762696718
65.591544233247,-177524.6807,-235076.2858,-170017.9496,-245085.2606,-172520.1933,65.6103824148826,66.5006636633108,70.7452251243224,65.6090353943822,69.8345592260138,4.65137945929045,4.20113137019379,2.32949666221907,5.44658401579563,2.22700836104068,56.4906623589995,53.1301806771587,53.305597019736,54.8568306887335,51.3238684377412,55.9533872839284,18.8555998685396
79.4797485618489,-177524.6807,-235076.2858,-170017.9496,-245085.2606,-172520.1933,65.6676294347905,66.0129167854051,70.2796862343618,65.6731753757558,69.0223852982564,4.63175411375186,4.25531489827885,2.32763115237716,5.42492631805168,2.22754069003548,56.5092679370441,52.8126820553067,52.8260809161455,54.8780451102112,50.516118122744,55.6311426474132,18.867167172495
79.4516081945319,-177524.6807,-235076.2858,-170017.9496,-245085.2606,-172520.1933,69.8442693587488,66.045203231658,69.6247309385386,70.044796389676,68.1948205371991,3.82143781951206,4.55581500367344,2.60257032089935,4.61130246161969,2.51007477038712,58.7439242672173,53.7156517765453,54.0149488958627,57.3449601130985,51.7716192682727,55.388512549892,18.1012003760917
79.4724124707679,-154985.4475,-165409.565,-153625.78,-167222.455,-154079.0025,75.2855638671089,68.0427769580112,68.9046614531649,75.3567235676414,67.44313259451,2.67888414282601,3.99948793335375,3.18896498903349,2.83338989842096,3.16343234959881,61.4613154999926,58.1604147781173,57.3935068364193,61.2543312747709,55.8048353650813,55.5468946750578,15.864159313233
79.4366100787514,-154985.4475,-165409.565,-153625.78,-167222.455,-154079.0025,78.0203289081489,71.4956121242054,68.4199658522687,78.0561312083109,67.5289714015647,2.32722136309518,3.38388505192757,3.44330380199154,2.47560363825781,3.36572727069465,62.1071199953955,59.8154315965001,57.7590799220404,61.9155926953248,56.5901867084656,56.0531995693313,14.9957411259668
79.4350255914334,-154985.4475,-165409.565,-153625.78,-167222.455,-154079.0025,79.0432572057647,74.5992961310522,68.310461938692,79.0663590884918,68.7867122603813,2.21713038738475,2.88258229364181,3.58988102648005,2.36292325871895,3.35755792607982,62.3398824525821,60.8878442919504,58.0848670553577,62.1561290508682,57.821312180804,56.5292975878393,14.4100748923054
79.4384772316305,-154985.4475,-165409.565,-153625.78,-167222.455,-154079.0025,79.3753653031232,76.7099204977565,68.7586482806749,79.3877946383453,70.7388153567842,2.18731859580839,2.59691065589104,3.61705127095381,2.33356189389823,3.18401777849909,62.4443339443972,61.4901484190148,58.6098651127568,62.2647965423149,59.1757624748446,56.9484912501867,13.9188601950506
79.4010672013581,-154985.4475,-165409.565,-153625.78,-167222.455,-154079.0025,79.4722036758116,77.9554521590329,69.8030474524907,79.4780995588329,72.7322293833536,2.18323465019614,2.45226891554417,3.51278526197939,2.33065648927902,2.95132608396181,62.5095012316059,61.8379749765818,59.353029498513,62.3337558728401,60.2575095786215,57.3589422198333,13.4302714009605
79.4462623300804,-154985.4475,-165409.565,-153625.78,-167222.455,-154079.0025,79.4966263850794,78.6357338105801,71.1944014559976,79.4995360518497,74.4256160018355,2.1863876794103,2.3827451047783,3.3138760361118,2.33487489471741,2.7406174481568,62.5583861608457,62.0479803776777,60.1171406725123,62.3861669558902,60.9917943735809,57.778365248393,12.9585011631746
79.4345023886275,-154985.4475,-165409.565,-153625.78,-167222.455,-154079.0025,79.5001119367726,78.9929394218415,72.6267851262561,79.5018379192613,75.7463495425487,2.19070247919951,2.35043569396851,3.08968799096058,2.33998998084635,2.57787450053006,62.5952332100691,62.1771684594869,60.7457572802242,62.4258776829971,61.4644417373975,58.2064580481035,12.548690645505
79.4554151559958,-154985.4475,-165409.565,-153625.78,-167222.455,-154079.0025,79.4974572366356,79.1767634795058,73.9202266840492,79.4987206346215,76.733647816364,2.19450362231885,2.33603006603992,2.88812865974422,2.34436327673433,2.46005586664865,62.6218597846595,62.2572944769001,61.210034936773,62.4546147732428,61.7677413713299,58.6360741881705,12.223081491486
79.4401447982422,-154985.4475,-165409.565,-153625.78,-167222.455,-154079.0025,79.4927655197864,79.2696226014234,75.0134495630406,79.4938306374548,77.4537388897481,2.19755066029284,2.33017542493046,2.72473243798551,2.34781850611423,2.37703681332202,62.6405671125736,62.3076428857989,61.5410555237591,62.4748081865582,61.965141597741,59.0569599153045,11.9773138426451
79.4337210860382,-154985.4475,-165409.565,-153625.78,-167222.455,-154079.0025,79.487361275965,79.3149162709919,75.905878563993,79.4883309465021,77.9698043223618,2.19995341719584,2.32837862282171,2.59803777299444,2.35051606476113,2.31931056483568,62.6535685930449,62.3398470515285,61.776496213311,62.4888402962438,62.0957051361542,59.4588034993493,11.7961964426088
79.4287818366344,-154985.4475,-165409.565,-153625.78,-167222.455,-154079.0025,79.4820257824756,79.335313998373,76.6196004361694,79.4829518234108,78.3341389071523,2.20183369450145,2.32845687939016,2.50157127756585,2.35261052232686,2.27954493293121,62.6626084805972,62.3608152900829,61.9453557383041,62.4985953024391,62.1831232294404,59.833547595851,11.6640173067155
79.4452361130761,-154985.4475,-165409.565,-153625.78,-167222.455,-154079.0025,79.4770166239546,79.3427698772609,77.1822739564967,79.4779238621118,78.5876494115513,2.20331354467145,2.32933430620845,2.42868000204814,2.354247847508,2.2524088934681,62.6688960426967,62.374665219131,62.067615366153,62.505379570106,62.2420533447855,60.1761782606525,11.5679845939041
79.4469101914315,-153594.5327,-161110.3738,-152614.2056,-162417.4766,-152940.9813,79.4730331292566,79.3431106535155,77.6190253411769,79.4738340183988,78.7603830900288,2.18832567851111,2.28005624438905,2.36391112195431,2.29780171850597,2.22282186964007,62.7016709334243,62.4588331029473,62.1924915749742,62.5840246990094,62.3195526992482,60.4816914824336,11.3529166330005
79.4271391829814,-153594.5327,-161110.3738,-152614.2056,-162417.4766,-152940.9813,79.4698595264017,79.3406012552612,77.9558651640278,79.4706023036945,78.8769935253765,2.18913579036259,2.28118518241155,2.32286158700148,2.2986780243003,2.2106609979146,62.7047037428624,62.4646795817416,62.256714191281,62.5872317450256,62.3457219364062,60.7564291516441,11.3025215819905
79.4085673211626,-153594.5327,-161110.3738,-152614.2056,-162417.4766,-152940.9813,79.4665039396384,79.3370272257485,78.2127343555976,79.4672152662385,78.9542933503935,2.18983863763848,2.28219912398253,2.29223052330967,2.29943127893947,2.20269426143406,62.7067290749804,62.4686032321437,62.303795716007,62.5893754130595,62.3632312191118,61.0000761289294,11.2663938253042
79.441917261608,-153594.5327,-161110.3738,-152614.2056,-162417.4766,-152940.9813,79.463694075295,79.3331424339141,78.4065197548884,79.4643993721583,79.0044694398774,2.19038741545266,2.28307851756626,2.26950203430365,2.30001562309929,2.19758482447253,62.7081181904848,62.4712158006556,62.3382571175653,62.5908475190474,62.3748326947101,61.2128310225272,11.2405684148944
79.456875251805,-153594.5327,-161110.3738,-152614.2056,-162417.4766,-152940.9813,79.4617668788637,79.3293835219852,78.5511276016658,79.4624820203592,79.0362085733588,2.19076948942006,2.28382082747892,2.25275143644613,2.3004208719689,2.19439757360494,62.7091131953099,62.472937518002,62.3633875105267,62.5919026614985,62.3824181266102,61.3964838328931,11.222160198919
79.4050064676407,-153594.5327,-161110.3738,-152614.2056,-162417.4766,-152940.9813,79.4601594553196,79.3260481807639,78.6578204924279,79.4608789750705,79.0556172557615,2.19106698063077,2.28442435199119,2.24050461125015,2.3007359337115,2.19248227459642,62.7097803563727,62.4740554992749,62.3815965739319,62.5926098657494,62.3872784641071,61.5536277180229,11.20921415218
79.4516182977094,-153594.5327,-161110.3738,-152614.2056,-162417.4766,-152940.9813,79.4583885176052,79.3231845510592,78.7356011190922,79.4591063871701,79.0669392631445,2.19134800218201,2.28490726963239,2.23163333077509,2.30103237456494,2.19139144540295,62.7101575108433,62.4747535565863,62.3946752867716,62.5930104085472,62.3903033182825,61.6870702336504,11.2003124225574
79.4323538640721,-153594.5327,-161110.3738,-152614.2056,-162417.4766,-152940.9813,79.4574239342087,79.3207128104024,78.791580767747,79.4581548187198,79.0730743607472,2.19151272700838,2.28529944477153,2.22527854284798,2.30120494694085,2.19082550498955,62.71045180649,62.475173137583,62.4039897129846,62.5933236654046,62.3921304588071,61.7995769083598,11.1941211665583
79.5185116670198,-153594.5327,-161110.3738,-152614.2056,-162417.4766,-152940.9813,79.4567857536375,79.3186889657305,78.8313100838198,79.4575242714728,79.0759658567626,2.19162266668232,2.285606570066,2.2207824525157,2.30132025486599,2.19058259274249,62.7106537142619,62.4754128895425,62.4105414930825,62.5935381325289,62.3931722160453,61.8937805780398,11.1899145368725
79.4100420779172,-153594.5327,-161110.3738,-152614.2056,-162417.4766,-152940.9813,79.4562412389396,79.3171078502994,78.8590690563756,79.4569828137277,79.0769064690302,2.19170943440335,2.285838468311,2.21764685422949,2.30141130561697,2.19052980603144,62.7107721632264,62.4755405239711,62.4150826418657,62.5936638647809,62.3937108115017,61.9721399564911,11.1871358685922
79.4187258811897,-153594.5327,-161110.3738,-152614.2056,-162417.4766,-152940.9813,79.4555238770932,79.3158740674438,78.8781197149228,79.4562636138643,79.0767446553575,2.19180695090662,2.28601270866049,2.21549624507856,2.30151353290942,2.19058029706687,62.710799830311,62.4755904087722,62.4181709228014,62.5936936900322,62.3939335314725,62.0369036615028,11.185409734622
79.4589711953425,-153594.5327,-161110.3738,-152614.2056,-162417.4766,-152940.9813,79.454794167173,79.3148498585411,78.8909202413957,79.4555336600878,79.076016609019,2.19189973987409,2.28615084308773,2.21405086923658,2.30161030030951,2.19068068009858,62.7107789692614,62.4755837280631,62.4202260717968,62.5936726951313,62.393969937559,62.0900946092631,11.1843924326065
79.4192783419509,-152572.3907,-157951.0258,-151870.8296,-158886.4406,-152104.6833,79.4543845758276,79.3135260710461,78.8990621733495,79.4550274492207,79.0748010649358,2.18002563507929,2.24870523936847,2.2055348317225,2.2588376102895,2.18228314414831,62.7312036445626,62.5295652670187,62.4453088490579,62.6474019228561,62.4201313044769,62.1335937536662,11.0753864606081
79.4098190266841,-152572.3907,-157951.0258,-151870.8296,-158886.4406,-152104.6833,79.4546863533223,79.3124865140807,78.9041485535537,79.455281730228,79.0735040206736,2.17999405564087,2.24883172787997,2.2049598684878,2.25881087231089,2.182433025259,62.7312631697166,62.5294697461022,62.4461047642203,62.6474572487684,62.4199780389118,62.1717534467022,11.0750295495785
79.4280191670138,-152572.3907,-157951.0258,-151870.8296,-158886.4406,-152104.6833,79.4543735803163,79.3118119552087,78.9071442905731,79.4549396247318,79.0722373879931,2.18003029060497,2.2489115155614,2.20461907413477,2.25885152998874,2.18257474776092,62.7312283619486,62.5293906210594,62.4465563844573,62.6474176718377,62.4197927801318,62.2046779136529,11.0749871580508
79.4628205636514,-152572.3907,-157951.0258,-151870.8296,-158886.4406,-152104.6833,79.4531625463477,79.3112868546365,78.9087321000055,79.4537080115634,79.0710827339747,2.18016682964244,2.24896995753741,2.20443463042177,2.25899406523095,2.18269955468696,62.7310646616614,62.529301630299,62.4467669464498,62.6472465591149,62.4195903141587,62.2318423592224,11.0752650375196
79.4142903133341,-152572.3907,-157951.0258,-151870.8296,-158886.4406,-152104.6833,79.4520607683439,79.3106513056009,78.9093971548809,79.4526019131666,79.0700672491387,2.18029025272523,2.24904005275038,2.20435413815729,2.25912120321593,2.18280755310834,62.7309094974716,62.5291891207829,62.4468308906277,62.6470862885209,62.419398692559,62.2536921243594,11.0756131999572
79.4650734185111,-152572.3907,-157951.0258,-151870.8296,-158886.4406,-152104.6833,79.4512574229076,79.3098856684106,78.9094793370264,79.4518004678824,79.0691614595092,2.18037946561699,2.24912499279776,2.20433980105316,2.25921248334394,2.18290304028501,62.7307903183844,62.529057249256,62.4468059996593,62.6469638451582,62.4192212565488,62.2710940428116,11.0759597830969
79.484244017965,-152572.3907,-157951.0258,-151870.8296,-158886.4406,-152104.6833,79.4509465566574,79.3090949252631,78.9092064891312,79.4514960587701,79.0683187539275,2.1804128289622,2.24921345694344,2.2043666448739,2.25924589692713,2.18299222537242,62.730735298508,62.5289265153421,62.4467336270584,62.6469079746432,62.4190587761897,62.2849103731738,11.0762310530791
79.4313701203749,-152572.3907,-157951.0258,-151870.8296,-158886.4406,-152104.6833,79.4505980019232,79.3084066266857,78.9087229176097,79.4511482381031,79.067510755572,2.1804503765482,2.24928976449703,2.20441729780712,2.25928427298052,2.18307731143023,62.7306746675794,62.5288074869496,62.4466283289879,62.6468455955991,62.4188996874672,62.2958693596149,11.0765190232631
79.4164139807552,-152572.3907,-157951.0258,-151870.8296,-158886.4406,-152104.6833,79.4504310028364,79.307835238484,78.9081170735798,79.4509842244883,79.0667371759696,2.18046746949624,2.24935290229848,2.2044824273564,2.25930138887556,2.1831591056817,62.7306387379924,62.5287070906487,62.4465088434734,62.6468088871246,62.4187498648219,62.3045551875148,11.0767632937084
79.3920526029655,-152572.3907,-157951.0258,-151870.8296,-158886.4406,-152104.6833,79.4505676573443,79.3074028543057,78.907444899851,79.4511250319221,79.0660114587257,2.18045041198546,2.24940071721833,2.20455613013241,2.25928331823377,2.18323660404015,62.7306445947371,62.5286313759875,62.446387014645,62.646815288116,62.41861510125,62.3114278051983,11.0769271816101
79.4241562438979,-152572.3907,-157951.0258,-151870.8296,-158886.4406,-152104.6833,79.450689976976,79.3071406122793,78.9067450210042,79.4512480958458,79.0653535366484,2.18043516270874,2.24942899491088,2.20463334940739,2.25926750857242,2.18330692393891,62.7306499804935,62.5285800607974,62.4462636992236,62.6468207606322,62.4184933581283,62.3168530986743,11.0770719395383
79.438530280239,-152572.3907,-157951.0258,-151870.8296,-158886.4406,-152104.6833,79.4506137338809,79.3070094442946,78.9060474816983,79.4511695714504,79.0647855955191,2.18044251879365,2.24944189061564,2.2047102092367,2.25927526263584,2.18336714776927,62.7306301452298,62.5285450817224,62.4461399994089,62.6467999107476,62.4183845874525,62.3211220326035,11.0772370290511
79.3883638584693,-152755.775,-158517.85,-152004.2,-159519.95,-152254.725,79.4503294070212,79.3069994590268,78.9054163154273,79.450901032645,79.0643638138263,2.18261689785309,2.25621056138394,2.20614663689317,2.26701343618034,2.1849491888965,62.726926141586,62.5188400959498,62.4417805190869,62.6371176333045,62.4136071131433,62.3243877335433,11.096936721207
79.445454554002,-152755.775,-158517.85,-152004.2,-159519.95,-152254.725,79.4500946206377,79.3069371508153,78.9048334393077,79.4506769848647,79.0640402811759,2.18264254379415,2.25621574875471,2.20621080295268,2.2670384928637,2.18498267598049,62.726887854357,62.5188163861779,62.4416764760113,62.6370794216483,62.4135387702911,62.3264145633012,11.0970902643457
74.4565666256611,-152755.775,-158517.85,-152004.2,-159519.95,-152254.725,79.4460260697034,79.3068176559636,78.9043129048812,79.4465347924893,79.0637915147204,2.18310108661845,2.25621884486857,2.20625804584727,2.26751858856599,2.18499781240783,62.7263318784972,62.5187199289555,62.4415084693367,62.6364971277322,62.4134053490799,62.3275813446389,11.0980943783081
74.4120506488804,-152755.775,-158517.85,-152004.2,-159519.95,-152254.725,78.9818676096774,79.2930477481365,78.9038490885258,78.9753371757921,79.063457755941,2.23657677597068,2.25669628172789,2.20504567930865,2.32334613829279,2.18373878684466,62.6619348674137,62.5085017869187,62.4319931610249,62.5692269319954,62.4034718790413,62.328294135905,11.2054036621447
74.3816598287979,-152755.775,-158517.85,-152004.2,-159519.95,-152254.725,77.6508399274989,79.1346950994052,78.9032656129968,77.6319832988563,79.0582211260732,2.4024197795498,2.27138853131803,2.20079730422951,2.49537453563137,2.17990661331221,62.4574990852959,62.4587182953878,62.3996127444078,62.3568923916364,62.3689477757842,62.3261328832932,11.5498867640409
74.410351410415,-152755.775,-158517.85,-152004.2,-159519.95,-152254.725,76.2377729751522,78.6594177814792,78.9008931511345,76.2164068430519,79.0212611779554,2.60048026330071,2.32261401893829,2.19484647653796,2.69891123011761,2.17761557742626,62.2016031676486,62.3512313362406,62.3524943763731,62.0932773180879,62.3144292996358,62.3085789124216,11.9944675663208
74.3693744317463,-152755.775,-158517.85,-152004.2,-159519.95,-152254.725,75.2756584200789,77.8848843017732,78.889272197643,75.2607139834011,78.8998381811217,2.74860038445697,2.41388509073309,2.18982965262681,2.8493801199223,2.18443023334479,61.9958878273226,62.1933244149406,62.3029616142782,61.8833928556147,62.245125756654,62.259920001904,12.386125481084
74.4167389647886,-152755.775,-158517.85,-152004.2,-159519.95,-152254.725,74.7751789633372,76.9878557202833,78.8509895162695,74.7675560726376,78.6435902816488,2.82845622989787,2.5287719955312,2.18848124464034,2.9295570710817,2.20680449439568,61.8703363248254,62.0091931409336,62.2544594650835,61.7563492743155,62.1577359886825,62.1807437223889,12.6820710355468
74.4508529022222,-152755.775,-158517.85,-152004.2,-159519.95,-152254.725,74.559325247717,76.1547990269393,78.7604510414343,74.5562317463758,78.2347008729539,2.86138285089078,2.64354597316384,2.19352447977046,2.96220728155268,2.24723025884488,61.802981738708,61.8264601799177,62.2020788517924,61.6884378155772,62.0454131021622,62.0895843088773,12.9078908442226
81.7925978654655,-152755.775,-158517.85,-152004.2,-159519.95,-152254.725,74.6069389583772,75.4944639324775,78.5921587826204,74.6068767347917,77.6967306733163,2.84926680826636,2.74038815987605,2.2083407802384,2.94918308079763,2.30484663064085,61.7963511780916,61.6724722103689,62.1448807772714,61.6822559720068,61.9121414238551,62.0051703218327,13.0520254598193
81.8350169777017,-152755.775,-158517.85,-152004.2,-159519.95,-152254.725,76.2190827617567,75.1338500698584,78.3303580548629,76.2272726119545,77.0844891588488,2.59095150752515,2.80633869919837,2.24295610908112,2.68416765305247,2.38499543912042,62.1312920598707,61.636682934619,62.1369093306209,62.0265676612099,61.8303478926134,61.9384299832005,12.7094094079775
81.8155169242826,-152755.775,-158517.85,-152004.2,-159519.95,-152254.725,78.5456510723703,75.4252140981906,77.976275786535,78.5591836393992,76.4915217569679,2.27935155045868,2.77080651918859,2.29325211827918,2.36444822597622,2.47213394479526,62.5319815050737,61.754962422782,62.1379846306612,62.4382669449373,61.7750629565596,61.9123983429133,12.1799923586979
81.8156308583455,-152777.8212,-158585.9928,-152020.2336,-159596.1096,-152272.7628,80.2096398897269,76.4027905079135,77.5572990469688,80.2249272592211,76.078655607557,2.09314040381746,2.62732708218945,2.35193954876914,2.17370643243024,2.53719866490845,62.7688363968651,61.9798032268524,62.1125883320055,62.6810351576206,61.7378915363643,61.9397275019219,11.7833121321147
81.8162579042583,-152777.8212,-158585.9928,-152020.2336,-159596.1096,-152272.7628,81.1121712955822,77.6786893435295,77.131081015773,81.1259291721756,76.0015021455484,2.00306016760725,2.45167729368822,2.41225661244231,2.08121146627192,2.55509439188407,62.8870320529812,62.222370852037,62.0725562458716,62.8023365295582,61.7611799207529,61.995506689136,11.5032999318938
81.8261136051027,-152777.8212,-158585.9928,-152020.2336,-159596.1096,-152272.7628,81.5367202118236,78.8800289760546,76.7784714215172,81.546803837338,76.2937325158246,1.96348535839265,2.30243264008941,2.46412563571269,2.0408469427463,2.52036038451018,62.9442462165837,62.4218254091811,62.0369235785985,62.8608013192884,61.8571592071751,62.0518314512055,11.2912509614512
81.1787930722285,-152777.8212,-158585.9928,-152020.2336,-159596.1096,-152272.7628,81.7191605725039,79.8312495874208,76.5826835076119,81.7255538118105,76.8591966639422,1.94742785074134,2.19490966034729,2.49544387130251,2.0246956003164,2.44887090746359,62.9733824159202,62.5668009523868,62.0261445417161,62.8904898618757,62.0011788957115,62.0976715168053,11.1113478901711
81.1838521089683,-152777.8212,-158585.9928,-152020.2336,-159596.1096,-152272.7628,81.7681682307972,80.5086975603201,76.594792071242,81.7712928149863,77.5555086492087,1.94382716080598,2.12383171482444,2.49786293173348,2.02134452050813,2.36302609177154,62.9876659299583,62.6664623092386,62.0523504150812,62.9050032121013,62.1577237572444,62.1335520884404,10.9498924196436
81.2080614868921,-152777.8212,-158585.9928,-152020.2336,-159596.1096,-152272.7628,81.6649855770817,80.9486985546835,76.811175202802,81.6642050670263,78.2646094817737,1.9542977874157,2.08010452198928,2.47136055870433,2.03256871726885,2.27928320111473,62.9851043936598,62.7313903910695,62.1127833304055,62.9020983854115,62.3010962871861,62.16306730172,10.8176147864929
81.1518381868933,-152777.8212,-158585.9928,-152020.2336,-159596.1096,-152272.7628,81.5021632391974,81.191829445988,77.1830163484697,81.4993701816867,78.912640813722,1.97042805689691,2.05704966042184,2.42380553451159,2.04945034074997,2.20634144197128,62.9751988376448,62.770346572388,62.1962422724956,62.8918097285965,62.4213730692843,62.1887426575762,10.7070750345516
81.1399388844887,-152777.8212,-158585.9928,-152020.2336,-159596.1096,-152272.7628,81.3690422627205,81.2884382095483,77.6440109760991,81.366418544504,79.4617268103231,1.98383937878647,2.04861734958526,2.36568244644771,2.06330904741252,2.14730835216764,62.9673254421376,62.7911306975929,62.28902281851,62.8838402032058,62.5170865966959,62.211633118806,10.6087565743996
81.1469406858011,-152777.8212,-158585.9928,-152020.2336,-159596.1096,-152272.7628,81.2856341458518,81.2949606859572,78.1333162016249,81.2840268327082,79.8988285586543,1.99247617164694,2.04893744449515,2.3058228439061,2.07215076813396,2.10213084818163,62.9636833062717,62.8005429127768,62.3797096113261,62.8803123455365,62.5900261657533,62.2324837900009,10.5215180763638
81.1595227157708,-152777.8212,-158585.9928,-152020.2336,-159596.1096,-152272.7628,81.2399786531368,81.2582308252733,78.6058624872443,81.2393285303547,80.2275202545382,1.99738725422979,2.05337090105888,2.24998679964341,2.07714789789698,2.06921949933577,62.963076971381,62.8037445607291,62.4613117922901,62.879889055813,62.6434179073117,62.2522026161988,10.4471123521648
69.5608727928929,-152777.8212,-158585.9928,-152020.2336,-159596.1096,-152272.7628,81.2100437675091,81.2084954692174,79.0334908934391,81.2098711892208,80.4613242516878,2.00067939860163,2.05894785853295,2.20114046940749,2.08051678711293,2.04637161396626,62.9632169688399,62.8039958445373,62.5306704443659,62.8801603465459,62.6808941446286,62.2716203339153,10.3876561276213
69.5217192398027,-152777.8212,-158585.9928,-152020.2336,-159596.1096,-152272.7628,80.3005079252691,81.1382298389124,79.4019010753835,80.2850097450746,80.6180226211449,2.09312413995958,2.06517086607554,2.15860954200019,2.17747126479187,2.02985290419783,62.8595689150033,62.7891887440146,62.5739267506886,62.7714509083953,62.6928974162837,62.2913886653801,10.524228717025
69.5383984570754,-152621.4936,-158102.7984,-151906.5408,-159056.0688,-152144.8584,77.4835161935682,80.8163348133531,79.7060784594874,77.4384885095745,80.7086358073446,2.42797428132683,2.08720468898679,2.11789181268352,2.52118440095749,2.01395554514037,62.4633009955771,62.716314891516,62.5674035781309,62.3637367026425,62.65719223786,62.3093644711045,11.168210729095
69.5250439385825,-152621.4936,-158102.7984,-151906.5408,-159056.0688,-152144.8584,74.1359682072136,79.8721625015079,79.9456672456823,74.0819844008674,80.7064755524319,2.95288139067279,2.17584701013534,2.08010306758519,3.06091720179353,2.00258038754046,61.7857612819,62.5095233657431,62.4956380730375,61.6653698378623,62.5524952674245,62.3033677375128,12.2723290577273
69.5258671830506,-152621.4936,-158102.7984,-151906.5408,-159056.0688,-152144.8584,71.6483020593497,78.228116174336,80.1152873492211,71.6117743302164,80.5303604995179,3.44452764175994,2.34967107051704,2.04664161982752,3.55760594865041,2.00372854969116,61.060871795012,62.14993105062,62.3799599426923,60.9286830456518,62.3867826779834,62.2126536965569,13.4021748304461
69.5784208337891,-152621.4936,-158102.7984,-151906.5408,-159056.0688,-152144.8584,70.340949647139,76.1695108241315,80.1948079605789,70.3252808693595,80.0799127232377,3.72686017086444,2.60451813030594,2.02334120221505,3.8376091464811,2.03079432397101,60.5555821987386,61.6645450064525,62.2552438516029,60.4216591993954,62.1781466775931,61.9844946064769,14.2231229738375
69.5457783767028,-152621.4936,-158102.7984,-151906.5408,-159056.0688,-152144.8584,69.8155558902651,74.1218989533107,80.14393063923,69.8108909721977,79.287397629479,3.82794316841823,2.90225433021385,2.01435897285696,3.93613212348141,2.09252618821238,60.2885868115193,61.1049672329161,62.1243722086945,60.1551609530724,61.9137537155601,61.6668201720854,14.7732147831828
89.3239076739939,-152621.4936,-158102.7984,-151906.5408,-159056.0688,-152144.8584,70.175260563107,72.4219214580261,79.9056219021626,70.1721400192545,78.151414531513,3.71884487385952,3.19447321574232,2.02869754995507,3.82544695967544,2.19841165868334,60.3688025263487,60.5957316920761,62.0134234262126,60.2370319117388,61.614564059966,61.3691887503622,14.9658742579157
89.3312195817161,-152621.4936,-158102.7984,-151906.5408,-159056.0688,-152144.8584,75.6221013877397,71.6248329186924,79.4193383532017,75.5969591209387,76.7317448568534,2.66819048155163,3.44374976283205,2.1059663524047,2.76379486709216,2.40393432559806,61.9541505975438,60.6546843732462,62.1836122600366,61.8454938597235,61.6087007339622,61.1908931033579,13.3856357894786
89.2858696288148,-152621.4936,-158102.7984,-151906.5408,-159056.0688,-152144.8584,81.7864398950441,72.9710494917691,78.6764217991878,81.7569913649714,75.2670515674648,1.93334029631461,3.21359901332849,2.20905143689516,2.00922456664568,2.63769877923645,62.9233891066058,61.2152435262689,62.2449985171269,62.8411221610663,61.4842780526378,61.2467483713829,12.0029140924204
89.3555550779639,-152621.4936,-158102.7984,-151906.5408,-159056.0688,-152144.8584,85.6319410438945,76.0496317146885,77.8177696334034,85.6349712490172,74.3548605185526,1.63315494944003,2.68422064835872,2.32585855449997,1.69663105775311,2.80233129171378,63.3017290739763,61.9753616003025,62.2115500972919,63.2339731473584,61.3818030566995,61.4544808584445,11.1421965017656
89.3111201704842,-152621.4936,-158102.7984,-151906.5408,-159056.0688,-152144.8584,87.6171518822906,79.4657623924136,77.0141839167324,87.6446667653494,74.5202718804895,1.50970352901669,2.23447253341315,2.44119772716493,1.56759344022988,2.7956512245191,63.4609546556272,62.5586642353794,62.1453108190896,63.3997138786052,61.5162159540191,61.6655319100356,10.5486184543437
89.2878677950482,-152621.4936,-158102.7984,-151906.5408,-159056.0688,-152144.8584,88.5611438695998,82.3870088518368,76.408369651163,88.5913048427499,75.6766119581784,1.45724334013324,1.94145022228698,2.53538007335553,1.51331070548821,2.63113885796268,63.5353330140275,62.9281290835413,62.0918339992005,63.4766810142735,61.8594754111921,61.8271020838134,10.0785231992266
91.480804852439,-152621.4936,-158102.7984,-151906.5408,-159056.0688,-152144.8584,88.9895649806246,84.5850503741639,76.1905042217278,89.0122124903543,77.3424785633959,1.43489019056592,1.76280780616137,2.57592323578266,1.49067834876143,2.40747691276725,63.5738945408304,63.1542135469332,62.0993004516586,63.5162836499567,62.241687905028,61.9462559258077,9.67177649403863
91.521541789631,-152917.1131,-159016.5314,-152121.5368,-160077.2998,-152386.7289,89.2293102108039,86.1290159500676,76.4788223981055,89.2464715825059,79.1082617751792,1.4254635027361,1.66330000699237,2.54374740129263,1.48754360548829,2.20043311495802,63.5960098815154,63.2848017152334,62.1891833436131,63.5327710179354,62.5603379820478,62.0405012226933,9.32048763146741
91.4843590713515,-152917.1131,-159016.5314,-152121.5368,-160077.2998,-152386.7289,89.6185470026257,87.1846261153482,77.2144574390269,89.6403649443799,80.7569327057399,1.40587186873404,1.59606887851557,2.44617222470249,1.46699694868589,2.02912157760244,63.6280318734077,63.3781462021039,62.3548200663167,63.5665200856489,62.8119264034403,62.1204014905663,8.94423149824044
91.4373796197447,-152917.1131,-159016.5314,-152121.5368,-160077.2998,-152386.7289,90.1188802043943,87.9474639124938,78.2300267530125,90.1452922191737,82.2096961105896,1.38116294641774,1.55069127715531,2.31744252475535,1.44114299731167,1.89559669163934,63.6633963175405,63.4443392375173,62.5449636621331,63.6036853698741,63.0006525103301,62.1914727360565,8.58603643727942
91.4676986068487,-152917.1131,-159016.5314,-152121.5368,-160077.2998,-152386.7289,90.5670620421077,88.5546328164679,79.3611369536684,90.5926143106977,83.4582458131795,1.35966882449653,1.51624718255057,2.1850244212679,1.4188988237473,1.79227475855429,63.693360582045,63.494878619518,62.7255186711128,63.634912881889,63.1418298594228,62.2567341191826,8.27211401061659
91.4555768164988,-152917.1131,-159016.5314,-152121.5368,-160077.2998,-152386.7289,90.8961869205184,89.0685518889795,80.4961424481033,90.9173064681416,84.5238545076859,1.3443010868349,1.48812196011928,2.06365441575121,1.40317755807723,1.71151903136971,63.7152715497629,63.5351730969014,62.8821311423183,63.6575697170197,63.2488357490179,62.3179809348887,8.01077405215233
91.4332764687434,-152917.1131,-159016.5314,-152121.5368,-160077.2998,-152386.7289,91.1116125707605,89.5083614803571,81.5744189810274,91.1274673836947,85.435222600873,1.33445649267359,1.46475703382338,1.95829384433156,1.39321944680414,1.64735745078539,63.7301773012842,63.5676895333146,63.0127346273281,63.6728901912728,63.3315805037387,62.3762701327207,7.79808426841805
80.4406307062256,-152917.1131,-159016.5314,-152121.5368,-160077.2998,-152386.7289,91.2402081468246,89.8782874865628,82.5693069226109,91.2513932220695,86.218659147722,1.32868854173342,1.44559588717376,1.86894096525838,1.38745981962518,1.59552012027153,63.7399077179488,63.5937760033283,63.1202002434978,63.6828465101359,63.3968852098218,62.4322026640227,7.62620533406225
80.4790496580727,-152917.1131,-159016.5314,-152121.5368,-160077.2998,-152386.7289,90.9800230522864,90.1762317538456,83.4731113389506,90.978025190526,86.8951432706064,1.34092486421607,1.43044832453649,1.79364154147265,1.40083251047567,1.55299122658828,63.7306707215459,63.6133835580903,63.2075056592167,63.6726545896685,63.4483916890139,62.486218263277,7.51883846728916
80.4540583769012,-152917.1131,-159016.5314,-152121.5368,-160077.2998,-152386.7289,89.7082726939202,90.3461077349791,84.2874155101555,89.6755283303739,87.4795063887595,1.40330205707729,1.42184905146918,1.72999532681392,1.46735899079456,1.51767540563307,63.6701621604149,63.622608740994,63.2762418688844,63.6081166824884,63.4871564020252,62.5391339219794,7.54018083178803
80.4343359190062,-152917.1131,-159016.5314,-152121.5368,-160077.2998,-152386.7289,87.6867789983373,90.2588691498534,85.0173879807405,87.6244295651674,87.9763905481664,1.514422179898,1.42611290108287,1.67600783366694,1.58493022483679,1.48855851278919,63.5592044295765,63.6152691461766,63.3294033066198,63.4907167689421,63.5147391012376,62.5915207383111,7.69003165227379
80.4659028466255,-152917.1131,-159016.5314,-152121.5368,-160077.2998,-152386.7289,85.5306653425129,89.8127823974808,85.6680547724089,85.4557832382536,88.3751185595257,1.6524729156244,1.44881125068449,1.63017266745068,1.72980269569934,1.46572249389295,63.4187543220123,63.5866044335924,63.3702743372117,63.3432897478885,63.5323535409606,62.6423015595264,7.92698202335185
80.445071106719,-152917.1131,-159016.5314,-152121.5368,-160077.2998,-152386.7289,83.6907303375169,89.0017877043342,86.2416415291784,83.6219646536462,88.6516129615122,1.78987006739957,1.4920429432352,1.59148439936165,1.87254618963049,1.4500654904681,63.2762126920206,63.5355088222086,63.4018121064994,63.1950982510526,63.5406095361059,62.6880595139228,8.19600909009501
80.5075778197402,-158714.2616,-176934.9904,-156337.6448,-180103.8128,-157129.8504,82.2941085697627,87.8378280439736,86.7475842889173,82.2182287654843,88.7800603002636,1.97227857730612,1.72096569701524,1.59727301470363,2.21844103392459,1.48352120635057,63.0653063206755,63.2711717016878,63.3598070709662,62.819219300732,63.4713813928946,62.725163282334,8.99247952930015
76.2606484018506,-158714.2616,-176934.9904,-156337.6448,-180103.8128,-157129.8504,81.3901443929016,86.5111423703269,87.1629799910422,81.3290004718926,88.722078768783,2.05861617249464,1.81107113093443,1.5705410514539,2.31177377281985,1.48611269816222,62.9677909450643,63.166740191257,63.3771226334445,62.7131829900617,63.4575332802546,62.738576640677,9.23811482586503
76.1890875459918,-158714.2616,-176934.9904,-156337.6448,-180103.8128,-157129.8504,80.4715367134819,85.1679230577033,87.4781115353509,80.4123198472615,88.4648824644451,2.15314888736654,1.91124097592607,1.55046953199677,2.41505323683462,1.49964271912705,62.8580056819541,63.0470218275742,63.3843356479757,62.5926055826998,63.4282778219373,62.7297843691849,9.52955535125106
76.240987701014,-158714.2616,-176934.9904,-156337.6448,-180103.8128,-157129.8504,79.258039912099,83.8599305242865,87.6797900775902,79.1897572908074,88.0120672423303,2.28988493773182,2.01808151835152,1.5371699103873,2.56533453408314,1.52422048203713,62.6962668211352,62.9101460527596,63.3775544094971,62.4139496749485,63.3791730473785,62.7077181942065,9.93469138259091
76.2025782636138,-158714.2616,-176934.9904,-156337.6448,-180103.8128,-157129.8504,78.0762534240002,82.5615910487282,87.7547163816474,78.0107450706969,87.3779612221873,2.43717003940682,2.134451822831,1.53121370963699,2.72476918030329,1.56005694509475,62.515355279872,62.7539887392225,63.3579485176828,62.2165416845195,63.3109154762906,62.6747346793297,10.3876616972728
76.2431989572808,-158714.2616,-176934.9904,-156337.6448,-180103.8128,-157129.8504,77.2069594098807,81.2689526665866,87.6915004442195,77.1577550110654,86.5795037058647,2.55463535621496,2.26222565625805,1.53330648473954,2.84889964552503,1.6076896783921,62.3615707516259,62.5801128780004,63.328031173117,62.0517267303933,63.2255179408071,62.6261772276656,10.8067568211297
76.187687241976,-158714.2616,-176934.9904,-156337.6448,-180103.8128,-157129.8504,76.6898691799965,80.0353311124987,87.4813174387177,76.6599914167184,85.6341084082577,2.62731479574135,2.39681445744056,1.54413577725847,2.92352771143432,1.66790192772132,62.255148679582,62.3959294791395,63.2887134110728,61.9395704520804,63.1232153876505,62.5609559222599,11.159694669596
74.0713064313485,-158714.2616,-176934.9904,-156337.6448,-180103.8128,-157129.8504,76.4287221380425,78.9396261735961,87.1186593084041,76.4135883746823,84.5641903224957,2.66336187816993,2.52766758994697,1.56436283084497,2.95925227223278,1.74130008952234,62.18936733839,62.2133869229979,63.2388632102341,61.8708746567918,63.0021619910674,62.4872042648656,11.455944660717
73.9879531338985,-158714.2616,-176934.9904,-156337.6448,-180103.8128,-157129.8504,76.2165000607993,78.041066344869,86.6039081372357,76.206279170445,83.4034013011736,2.69220143904282,2.64259664707128,1.59443308137912,2.98874017003413,1.82744640271606,62.129680927156,62.0422672461522,63.1744736502005,61.8070486700544,62.8578127640781,62.416383129521,11.7454177402434
74.0860271557829,-158714.2616,-176934.9904,-156337.6448,-180103.8128,-157129.8504,75.6478007520211,77.3239639723809,85.9477132764129,75.6286409176038,82.19933201115,2.777444724799,2.7363145493974,1.63393827903307,3.08046151529431,1.92336024826967,61.9933238853843,61.8731186502497,63.0847533326378,61.6581503270125,62.6783078568986,62.3534348209907,12.1515193167935
74.0426162238736,-158714.2616,-176934.9904,-156337.6448,-180103.8128,-157129.8504,74.9682843171744,76.6806801993009,85.1728899602076,74.9454720475688,81.0049871855596,2.88435735571282,2.82129835690451,1.68257552379304,3.19379252461613,2.02534347510479,61.8199292189353,61.6952488456941,62.9708164747213,61.4707211730515,62.4669158286227,62.2882331098817,12.6073672361313
74.0916896289054,-158714.2616,-176934.9904,-156337.6448,-180103.8128,-157129.8504,74.491103526982,76.0448745258069,84.3089632025597,74.4741063503228,79.8604918707401,2.9601625223936,2.90842882461636,1.74000241707376,3.2718805905546,2.13023206790567,61.6794573905853,61.5083754725723,62.8396450811756,61.320949496636,62.2352000401123,62.2043769151516,13.010706422544
74.0277928152491,-203809.7637,-316321.0878,-189134.3736,-335888.2746,-194026.1703,74.1913201509041,75.3062547221161,83.1732013292561,74.1694410952772,78.7020522707045,3.44275411428589,4.22062615403922,2.02845967040442,4.89687469611846,2.40465236703631,60.0456503196869,57.3978954975825,60.8935379131887,57.7793868870189,59.4218072566709,61.8877672034138,16.9933670018843
74.0407507195191,-203809.7637,-316321.0878,-189134.3736,-335888.2746,-194026.1703,74.0906264909756,74.7406821707649,81.910316153728,74.0839617585244,77.6558830869612,3.44592678251748,4.26558875154792,2.10750819318271,4.88833025955707,2.45928846467394,59.9579805921054,57.0210908736508,60.4663194680367,57.6652589584189,58.803972269666,61.121155709246,17.1666424514791
74.0754874954757,-203809.7637,-316321.0878,-189134.3736,-335888.2746,-194026.1703,74.0779875545872,74.3756809373053,80.6599609639272,74.0797219093683,76.732961691347,3.4373409652817,4.28588042948439,2.18993490939838,4.87024515543139,2.50347596955948,59.9100410218924,56.7399837771562,60.0230924817982,57.6000501148339,58.2137957901086,60.4260677474219,17.2868774291553
74.0629648699318,-203809.7637,-316321.0878,-189134.3736,-335888.2746,-194026.1703,74.0821444917911,74.173616189023,79.5052278242978,74.0859884635461,75.9522003687219,3.4284362258269,4.28669357629591,2.26852131075603,4.85468340289374,2.53663068806441,59.8773992951653,56.541264360342,59.5832643428898,57.5534908608004,57.6750869409833,59.9104770024076,17.374965203837
74.0314908391635,-203809.7637,-316321.0878,-189134.3736,-335888.2746,-194026.1703,74.089010232572,74.0747112217682,78.4890291747849,74.0932350560623,75.3253842685581,3.42110718677532,4.27740340544372,2.33896534519966,4.84250801667188,2.55968321317666,59.8538342056389,56.4040633649861,59.1670675209153,57.5191702441695,57.2128746535505,59.5164474884655,17.4396671672672
74.0422901769675,-203809.7637,-316321.0878,-189134.3736,-335888.2746,-194026.1703,74.0950096294059,74.0317883951918,77.6241503593621,74.0991343356582,74.8481638064389,3.41548103859731,4.26476172865877,2.3993756890366,4.83331620735177,2.57438742151208,59.836384721111,56.3087609137089,58.7886678977458,57.4935496237891,56.8391079733411,59.2014156801531,17.4873220851565
74.0498447390256,-203809.7637,-316321.0878,-189134.3736,-335888.2746,-194026.1703,74.1001919821326,74.0160624165548,76.9039614476569,74.1042074026561,74.5020205461158,3.41116641772253,4.25235549348483,2.44970596183502,4.82634138357428,2.58286317229349,59.8235320227316,56.2413280523179,58.4554621527358,57.4746250043651,56.5520620243611,58.9400665636025,17.5224324289101
74.0522164685275,-203809.7637,-316321.0878,-189134.3736,-335888.2746,-194026.1703,74.1041470858119,74.0124369713501,76.3121180361094,74.1079926738731,74.26133982948,3.40792075793257,4.24155799467679,2.49090359522483,4.82112529038569,2.58701973056572,59.8138902195411,56.1924544522248,58.1687427580315,57.4604183242736,56.3402214621696,58.7155698683828,17.5485273687856
74.0464480677739,-203809.7637,-316321.0878,-189134.3736,-335888.2746,-194026.1703,74.1066707375923,74.0134959211571,75.8292600279177,74.1103474786177,74.0999941286802,3.40554353070164,4.23267672503099,2.52429911138069,4.81728150191519,2.58837411122349,59.8064386096773,56.156122389177,57.9259146969603,57.4494897545006,56.188253082823,58.5171402353214,17.568174980252
74.0575022262473,-203809.7637,-316321.0878,-189134.3736,-335888.2746,-194026.1703,74.1083982356498,74.0158147563682,75.4366183685805,74.1119771894439,73.9952240635566,3.40376437182725,4.22560102064548,2.55126650483957,4.81438916809621,2.58805933941764,59.8006913291906,56.1285393250852,57.7225149521209,57.4411101452311,56.0813045085019,58.3386137739375,17.5830804048261
74.0378692265837,-203809.7637,-316321.0878,-189134.3736,-335888.2746,-194026.1703,74.1096158235257,74.0180818820117,75.1175678624687,74.1131421598781,73.9290820856471,3.40241381022379,4.22003674221033,2.57302894172151,4.81218515808982,2.58684126611976,59.7962295844928,56.107221399928,57.5532886672878,57.4346397573876,56.0067273523862,58.176973198959,17.5945059183652
74.0325072637029,-203809.7637,-316321.0878,-189134.3736,-335888.2746,-194026.1703,74.1104875918967,74.0199701539684,74.8580802524532,74.1139463969167,73.8883819749844,3.40137615357268,4.21566361201268,2.59061451192431,4.81049441921834,2.5852131865324,59.7927347730561,56.0905297916929,57.413030631347,57.4295820206098,55.9547403505494,58.0309417376704,17.6033618832604
74.0440002789513,-184511.3219,-256671.3586,-175099.1432,-269220.9302,-178236.5361,74.1192583123163,74.0205334226579,74.6734806488938,74.1230515496683,73.865534335371,3.22839802841599,3.85806954382687,2.67175110893336,4.23866194114003,2.70336860234945,60.46272449283,58.1236534452584,59.0134517077734,58.9460989482885,58.1113469947425,57.9797467025553,16.7002492246657
74.081696220096,-184511.3219,-256671.3586,-175099.1432,-269220.9302,-178236.5361,74.1254756025635,74.0242504615584,74.5236884401837,74.1286653757763,73.8531872359941,3.22679031331035,3.85548091195682,2.68592856314305,4.23676151066779,2.7024173839287,60.4621375554763,58.1166970633631,58.9463196808276,58.9449050409126,58.0934546108764,58.1216395567387,16.7073786830067
74.0618253708554,-184511.3219,-256671.3586,-175099.1432,-269220.9302,-178236.5361,74.1242128066185,74.0288613841881,74.3806815424151,74.1268353781343,73.847395662099,3.22643726930521,3.85268749834665,2.69931770951714,4.23623424149118,2.70081950360647,60.459379686426,58.109774121337,58.8805795937448,58.9411851740252,58.0783391385825,58.2750505594009,16.7154962222666
74.0500948342437,-184511.3219,-256671.3586,-175099.1432,-269220.9302,-178236.5361,74.1221446312067,74.0313667868526,74.2496618816991,74.1246817442361,73.8456433376096,3.2262642040428,3.8503940907112,2.71154127890441,4.23583258735356,2.69902319657369,60.4565784935735,58.1027976487912,58.8194340570753,58.9375915919913,58.0660918812708,58.3877688912652,16.7230553575857
74.0737284025337,-184511.3219,-256671.3586,-175099.1432,-269220.9302,-178236.5361,74.1211454963506,74.0319539981102,74.1368766881144,74.1237268350256,73.8459050023378,3.22598713753386,3.84869340216563,2.72205302338039,4.23532563433213,2.69733825577256,60.4544056805403,58.0963462284278,58.7662357307211,58.9348188435156,58.0564965656906,58.469272442354,16.7293974531846
74.0308662200335,-184511.3219,-256671.3586,-175099.1432,-269220.9302,-178236.5361,74.1190449267761,74.0315786404456,74.0443078778526,74.1215342842146,73.8467943260176,3.2259611150182,3.84738551889163,2.73061258214049,4.23515058735757,2.69583834815859,60.4521948669368,58.0905537076636,58.7218487479789,58.9319985057261,58.0486009954429,58.53094312489,16.7349481515665
74.0913495344151,-184511.3219,-256671.3586,-175099.1432,-269220.9302,-178236.5361,74.1181419980252,74.0305024195639,73.970719202408,74.1207493555652,73.8475713174208,3.22581462644468,3.84648686561848,2.73741580459598,4.23483754742059,2.69465453391883,60.450671308174,58.0857531911495,58.6863405489641,58.930090763918,58.0424375327019,58.5798696556996,16.7392093779985
74.0431453788691,-184511.3219,-256671.3586,-175099.1432,-269220.9302,-178236.5361,74.1184482725815,74.0295077730246,73.9133801467884,74.1211286035708,73.8479249774113,3.22553706402049,3.84583865421006,2.74273388546907,4.23442031607629,2.69378276044307,60.4498014758614,58.0820710766004,58.6586374570099,58.9289732264295,58.0376762678305,58.6195773683948,16.742312680219
74.0732675079152,-184511.3219,-256671.3586,-175099.1432,-269220.9302,-178236.5361,74.1179835382664,74.0289598774859,73.869230020539,74.1206099985333,73.8478803864248,3.22543526816255,3.84528040160721,2.7468019850211,4.23424086916299,2.69311311656087,60.4489053543033,58.0792079537923,58.6370800812541,58.9278107786176,58.0337004508365,58.6514076931537,16.7448716405147
74.062366068107,-184511.3219,-256671.3586,-175099.1432,-269220.9302,-178236.5361,74.1176834230449,74.0285581470044,73.8354751038357,74.1203129802941,73.8476071788621,3.22534838873745,3.84485115679203,2.74990959763391,4.23408511699392,2.69262209300822,60.4482370426854,58.0770255696424,58.6205386836107,58.9269548884221,58.0305433871121,58.6757507719318,16.7468163531655
74.0237665619148,-184511.3219,-256671.3586,-175099.1432,-269220.9302,-178236.5361,74.1168437599778,74.0281383580321,73.8097954352034,74.1194497467695,73.8472337644166,3.22537881670144,3.84451933044694,2.75224828952393,4.23407512274052,2.69223634203784,60.4475263360746,58.0752289794893,58.607787735308,58.9260557919839,58.0279036606007,58.6930783812637,16.7484579014507
74.074561384961,-184511.3219,-256671.3586,-175099.1432,-269220.9302,-178236.5361,74.1164005909877,74.0276216736934,73.790337957837,74.1190212783796,73.8468129209367,3.22536955982464,3.84430189536992,2.75402000351498,4.23402575928893,2.69195739002007,60.447043935863,58.0738099929449,58.5981100016253,58.9254501875985,58.0258435511842,58.7042578322475,16.7496746080185
74.0789125400592,-179202.1961,-240261.3334,-171237.9608,-250880.3138,-173892.7059,74.1190234068291,74.0267583122295,73.7756439062081,74.121751009291,73.8467747313825,3.17493799115249,3.72342265104643,2.77147393853449,4.05665996430426,2.71368063922264,60.6321084932973,58.6081177526812,59.011992373691,59.3441983398919,58.5349423242999,58.7289876627351,16.4401751842603
74.0558012068755,-179202.1961,-240261.3334,-171237.9608,-250880.3138,-173892.7059,74.1195360260616,74.0271467087911,73.7643511213176,74.1219764126926,73.8466598492768,3.17480921059922,3.72322115671961,2.77262659631184,4.0565586923659,2.71354748415125,60.6320740395407,58.6076717189284,59.0068372482256,59.344054821871,58.534076083263,58.7959192900363,16.4407631401478
74.1083051518192,-179202.1961,-240261.3334,-171237.9608,-250880.3138,-173892.7059,74.1187430984324,74.0276511690874,73.7558343125081,74.1211283794875,73.8466469375149,3.17490568025565,3.72300660996244,2.77346925493761,4.05666076734364,2.71341000069664,60.63169092907,58.607287596769,59.0028041907098,59.3435786353902,58.5332873112683,58.8607060772357,16.441452313196
74.0788088537595,-179202.1961,-240261.3334,-171237.9608,-250880.3138,-173892.7059,74.1181221567077,74.0277280911924,73.7495677430776,74.1204839751496,73.8467626465539,3.17498145490439,3.72289308778819,2.77408379789135,4.05673735556647,2.71329156234396,60.6313918716319,58.6068943057468,58.9998058609463,59.3432132203417,58.5327345742348,58.91051178882,16.4419872584944
74.0391697447146,-179202.1961,-240261.3334,-171237.9608,-250880.3138,-173892.7059,74.1177838981468,74.0274758933359,73.7450754097674,74.120184644443,73.8468981194765,3.1750171536925,3.72286200329895,2.77452261170322,4.05676092140431,2.71320049073025,60.6312052531734,58.6065133497625,58.9976463250723,59.3429997312149,58.5323560146509,58.9489237745568,16.4423631808292
71.231595717226,-179202.1961,-240261.3334,-171237.9608,-250880.3138,-173892.7059,74.0229920535796,74.0258767425306,73.7419073966827,74.0141714532218,73.8469423344056,3.19029439338398,3.72012474695679,2.77187742970927,4.07538057519199,2.70985085874357,60.6009960674996,58.5935675021672,58.9804049502099,59.3045007419104,58.5134700069332,58.9796905427203,16.4675280039856
71.2303048386525,-179202.1961,-240261.3334,-171237.9608,-250880.3138,-173892.7059,73.0567081561232,73.9227406480289,73.7393380105668,72.9840202515695,73.8440723866037,3.35036886874633,3.70450844118135,2.73925656257398,4.25877428181784,2.67368845551366,60.2759905038498,58.4253767145138,58.8020458930559,58.9077855611598,58.3032104479456,58.9992682283116,16.7265966098331
71.226921317119,-179202.1961,-240261.3334,-171237.9608,-250880.3138,-173892.7059,72.0204750616582,73.4813938291296,73.7347966315062,71.9484915425511,73.8087818953379,3.52839294489383,3.73223888907971,2.69482255662888,4.44381815637599,2.62776031367718,59.8846049329127,58.0991749481936,58.5512086214808,58.4584016750492,57.996295901904,58.965331791535,17.0270328606556
71.2224019401352,-179202.1961,-240261.3334,-171237.9608,-250880.3138,-173892.7059,71.5116616636021,72.807685096438,73.7161230008552,71.4760023039112,73.6778724304542,3.61440736810124,3.80850269986792,2.66223745810259,4.52239301449289,2.6016097765858,59.6645967974999,57.7334892688345,58.3466917972471,58.2202976156554,57.7064444599415,58.8509239920974,17.2091503171505
71.2032162571753,-179202.1961,-240261.3334,-171237.9608,-250880.3138,-173892.7059,71.3386539257571,72.1776043816858,73.6554251763567,71.3269602298681,73.4150079106693,3.63927744952825,3.88901285544702,2.64392027053525,4.54023879631966,2.59629576860993,59.5725494898439,57.41547382525,58.179513925942,58.1233581785966,57.4108901762831,58.7038485201252,17.3087451404401
71.2854440704116,-179202.1961,-240261.3334,-171237.9608,-250880.3138,-173892.7059,71.2922979831893,71.7307122053618,73.5222583347527,71.2902858600463,73.0447188112516,3.64175638082312,3.94601858334927,2.63870041046802,4.53855820951653,2.60446157164245,59.5342026949111,57.1818411610096,58.015732736904,58.0817946350908,57.0907790002225,58.5692416415022,17.3694951557994
71.7580062653049,-179202.1961,-240261.3334,-171237.9608,-250880.3138,-173892.7059,71.282477784045,71.4643303702244,73.3050700141814,71.2834618671791,72.6290337882663,3.63868273218494,3.97658082632426,2.6449824760757,4.5330188000347,2.61846822666748,59.5144502603316,57.0272755195545,57.8353737760861,58.0588296896356,56.7604344556693,58.4528427438716,17.4117330612871
71.7541725341029,-172305.7439,-218945.0266,-166222.3592,-227056.2062,-168250.1541,71.3496919935612,71.3259902444174,73.020472368444,71.3559918580106,72.2236811381694,3.5637118861872,3.84786077631148,2.69858714355745,4.27989568518105,2.69124295181759,59.796507538831,57.7297048466662,58.3021763728196,58.6793351127479,57.2851773041065,58.379387008404,17.0812984430548
71.7601006899254,-172305.7439,-218945.0266,-166222.3592,-227056.2062,-168250.1541,71.569079371815,71.2982951189057,72.7014270921557,71.5818048972873,71.8788411559717,3.52021116451092,3.85280677966788,2.73095121602616,4.2330343845966,2.71837033636632,59.8731273846972,57.7194638207388,58.1575553028016,58.7648127405506,57.0894128664245,58.3862562751199,17.0553738811679
71.7625807559943,-172305.7439,-218945.0266,-166222.3592,-227056.2062,-168250.1541,71.7226841074387,71.3752028370992,72.3800122651911,71.7323171583711,71.620446480323,3.4903378159669,3.83948157767113,2.76437779545232,4.20240478741589,2.73899445260808,59.9266279846506,57.7492452104771,58.0120035168188,58.8219072261729,56.9423798212831,58.4055844944719,17.0355964291143
71.7187101592216,-172305.7439,-218945.0266,-166222.3592,-227056.2062,-168250.1541,71.7849102513906,71.4907122809748,72.0870172419471,71.7901383692092,71.4594090838557,3.47805883777672,3.81799447964345,2.79372355401019,4.19033394869751,2.75039003503907,59.9472091988823,57.7880698165915,57.8699325587286,58.8425382087411,56.8421574788298,58.4162133693907,17.030500855167
71.7619726168035,-172305.7439,-218945.0266,-166222.3592,-227056.2062,-168250.1541,71.8033323260545,71.5888217449123,71.8448149647518,71.8061647961855,71.3853832558093,3.4741624662475,3.79927483830827,2.81730464269616,4.18660549594594,2.75453059085205,59.9523549567933,57.8186641458798,57.7467285359961,58.8470339301156,56.7901040138075,58.4145334905249,17.0318780340499
71.7646765288047,-172305.7439,-218945.0266,-166222.3592,-227056.2062,-168250.1541,71.8078570017409,71.6529753693408,71.6637181511181,71.8098337183347,71.3726916896,3.47300546847099,3.78684758596002,2.83471609143679,4.18546683637956,2.7542580396369,59.9529315953718,57.8376284091116,57.6522252651644,58.8471773104532,56.7759681526064,58.402646391472,17.0342940218842
72.378175132465,-172305.7439,-218945.0266,-166222.3592,-227056.2062,-168250.1541,71.8120131232119,71.689183746451,71.5419935634501,71.8139787762402,71.3935802126978,3.47207200636317,3.77992237311845,2.84657673806021,4.18444723630612,2.75210902933214,59.9539005353449,57.8485256266965,57.5888814559117,58.8481638327913,56.7854586863941,58.3848667420325,17.0351273831801
72.3537186012812,-172305.7439,-218945.0266,-166222.3592,-227056.2062,-168250.1541,71.9674152237507,71.7181591384117,71.4694540072736,71.9785676719288,71.4272972409968,3.44409892262383,3.78088999344195,2.8608008557038,4.15367655073036,2.75708475221674,60.0129906588288,57.8810431746338,57.5857178256114,58.9167011919711,56.8455390553632,58.3648619340505,16.9965510747167
72.3859926114537,-172305.7439,-218945.0266,-166222.3592,-227056.2062,-168250.1541,72.2204313969095,71.8043624050445,71.4328936950574,72.2352175670736,71.465955471475,3.39946700161481,3.77704809180055,2.87757047477638,4.10688903918914,2.76806180246851,60.1090560709899,57.9531717360362,57.6300677705415,59.0245444787928,56.942022834469,58.3515930347143,16.9290364098494
72.3641229386623,-172305.7439,-218945.0266,-166222.3592,-227056.2062,-168250.1541,72.362575139603,71.9536193986799,71.4217125736097,72.3721787690449,71.5184947853597,3.37543890483862,3.75954565747898,2.88917988605922,4.08330318761616,2.77474516907775,60.1649848630864,58.037944992261,57.6743496833605,59.0851985930161,57.0295450965189,58.3536070994346,16.8822128050707
72.3554124842956,-172305.7439,-218945.0266,-166222.3592,-227056.2062,-168250.1541,72.4150287455003,72.1029152404721,71.4319998730739,72.4200139099598,71.5956579703187,3.36751964801979,3.73932175009716,2.89544875850457,4.07636600120659,2.77597425593101,60.188753899904,58.1119787065447,57.7144010959577,59.1104218638795,57.1131233905307,58.3635913253385,16.8546304137591
72.376079856842,-172305.7439,-218945.0266,-166222.3592,-227056.2062,-168250.1541,72.4308476130047,72.2124604374369,71.4645882791241,72.4336508333944,71.6940501052827,3.36596649191222,3.72448616380456,2.89738120587817,4.07554195516533,2.77337470882591,60.1989312039838,58.1657944049601,57.7561386390544,59.1213676810129,57.1979407168973,58.373496629837,16.8367505255862
72.3489824583722,-173400.0371,-222327.3874,-167018.2088,-230836.4918,-169145.4849,72.4339509421513,72.2793851427141,71.5188698056804,72.4359821173062,71.7990594818406,3.37672990823315,3.74223385637338,2.88852269921859,4.11592847459413,2.76079026640345,60.1635882696016,58.0833659225319,57.7025437203358,59.0348594065454,57.1593812308409,58.3783025833362,16.8842052048227
69.0026340012093,-173400.0371,-222327.3874,-167018.2088,-230836.4918,-169145.4849,72.3116224228793,72.3135655951787,71.5898265745242,72.3022130508091,71.8967926615454,3.39911319115795,3.73448155554083,2.87910318117749,4.14186060572446,2.75063851404803,60.1220605309579,58.0880772746721,57.7282978254913,58.9849945812845,57.2030839054802,58.3742317525803,16.9051970476488
68.9777994393542,-173400.0371,-222327.3874,-167018.2088,-230836.4918,-169145.4849,71.0988918411284,72.1976204704843,71.6675766117629,71.0288694107622,71.9739302817453,3.61917482246404,3.70700471100702,2.8163904333047,4.38137399986535,2.68671220851197,59.6505085345001,57.8666908135154,57.4973923058549,58.4396536628152,56.9306066646532,58.3633807886771,17.210656175153
68.9335615815045,-173400.0371,-222327.3874,-167018.2088,-230836.4918,-169145.4849,69.8625950022074,71.653604975813,71.7396503205115,69.7976560247777,71.9901655879625,3.85074646948005,3.73489514617612,2.7373475321661,4.61252627249914,2.61065679432439,59.1026810609343,57.4296919414983,57.1602916353746,57.8393365924063,56.5085897230286,58.2855369815968,17.5461722146458
69.0075456613581,-173400.0371,-222327.3874,-167018.2088,-230836.4918,-169145.4849,69.2894853176816,70.8406810501261,71.7852149281807,69.2593407587049,71.8731393636078,3.95485722179784,3.82432837662956,2.68157603534288,4.70562142287049,2.56597587970493,58.8128237601169,56.9493990995126,56.9026343146421,57.5376025226734,56.1219853725245,58.104369057114,17.7323589363457
68.9423987105863,-173400.0371,-222327.3874,-167018.2088,-230836.4918,-169145.4849,69.1063914942899,70.0966211863213,71.7668457283081,69.0970631894217,71.5876417202176,3.98202146043062,3.91898792274801,2.64903817875513,4.7253581901409,2.5492154904256,58.7011987968136,56.540870365267,56.7014639465785,57.4242840397196,55.7329282327006,57.8919816797308,17.8246212425002
68.9361721207414,-173400.0371,-222327.3874,-167018.2088,-230836.4918,-169145.4849,69.0608638345984,69.5779999878408,71.6470406675253,69.0593184464291,71.1689641289605,3.98344791063182,3.98558174383506,2.63500142755654,4.72309306095019,2.54883932796497,58.6593971778662,56.2487479072211,56.5014050333421,57.3809411955575,55.3119107732639,57.7095201339545,17.8759634709386
69.0137667826953,-173400.0371,-222327.3874,-167018.2088,-230836.4918,-169145.4849,69.0529317614253,69.2731701426987,71.4144769287507,69.0536218266489,70.6928383882454,3.97922925881668,4.02135282020989,2.63567779577722,4.71693032453172,2.55579179964233,58.6404378018318,56.0624855480749,56.2727279709441,57.3599866101426,54.8789206722976,57.5593041390993,17.9089819989778
69.0046149834505,-173400.0371,-222327.3874,-167018.2088,-230836.4918,-169145.4849,69.0519865051509,69.1131311738704,71.09211328162,69.053191221645,70.232710001419,3.97504412965675,4.03570726596169,2.64643447899839,4.71150350638788,2.5641122374273,58.6285297409503,55.9494351348728,56.0119093944533,57.3460870070421,54.4701077920903,57.4256984730117,17.932801618432
68.9851195920996,-173400.0371,-222327.3874,-167018.2088,-230836.4918,-169145.4849,69.0530903720967,69.0353840491914,70.7238174671083,69.0544143663479,69.8359879305014,3.97148117987916,4.0385072292566,2.66254839678344,4.70702867413035,2.57104867123629,58.6202823731106,55.8808146165466,55.7348799643998,57.3361805557283,54.1159116554757,57.3001540724213,17.9506141512858
68.9825531846534,-173400.0371,-222327.3874,-167018.2088,-230836.4918,-169145.4849,69.053927217956,68.9998757303673,70.354645439533,69.055261838274,69.5213704985471,3.96874401025953,4.03615297927124,2.68001487732375,4.70359823829444,2.57577138032019,58.6139239035178,55.8376333613763,55.4633954487208,57.3284816665154,53.8301171802445,57.1812547015085,17.9642814854692
68.9853637968542,-173400.0371,-222327.3874,-167018.2088,-230836.4918,-169145.4849,69.0551753080192,68.9846106778342,70.0176318005303,69.0565109794326,69.2870919464528,3.96653808154774,4.03219456765206,2.69635482858933,4.70086676671555,2.57858645509477,58.6093659474549,55.8094469152313,55.2166230111184,57.3229168798729,53.612968963769,57.0692279733234,17.9745406995994
68.9881344886386,-189854.5191,-273186.6954,-178985.1048,-287679.2478,-182608.2429,69.0504287682854,68.9783607642427,69.7273301698046,69.0517968416773,69.1275757863227,4.09150148688855,4.28339994579122,2.53034569457898,5.19880439609707,2.38788662776447,57.9626956627663,53.7386945304478,52.8251950322308,55.8294180472009,50.8545186661989,56.8631037928245,18.4919381511203
68.9601640240092,-189854.5191,-273186.6954,-178985.1048,-287679.2478,-182608.2429,69.046699055688,68.9740129845525,69.4818583095568,69.0483755194376,69.0146280561908,4.09147315144226,4.2807307656238,2.53756962198117,5.19839487977628,2.38750025806836,57.9588891622114,53.7248443043071,52.6278399984607,55.8249550996056,50.738613803182,56.4756109200112,18.4956686768919
92.0281072353824,-189854.5191,-273186.6954,-178985.1048,-287679.2478,-182608.2429,69.1387353066418,68.9706479130305,69.2932714583604,69.1531638462777,68.9364491724779,4.07413167310389,4.28500537667475,2.54927116830443,5.17901816985173,2.39337602224981,58.003730322158,53.7366914108873,52.5166156807022,55.8802694965843,50.7053027333559,56.133994994234,18.4808024101846
92.0169071981508,-189854.5191,-273186.6954,-178985.1048,-287679.2478,-182608.2429,75.5913534919385,69.459681532602,69.1519821931302,76.1078643060542,68.8901631472309,3.01113528643688,4.56548590399729,2.92953940706001,4.00576675993198,2.77329299291814,60.5254490499176,55.1616228171957,54.5530166453437,58.9474640323369,53.1565248850844,55.9050035253173,17.2852203503443
92.0561777761335,-189854.5191,-273186.6954,-178985.1048,-287679.2478,-182608.2429,84.517524295082,73.0460758056494,69.0763461586446,85.1540485671121,69.1098346817206,2.04604578278472,4.24397544865506,3.35977574904916,2.87291802625568,3.18406508328892,62.34525578127,57.6648403792285,56.3468522670789,61.2269610639664,55.4059726047404,56.0015116883729,15.7067800900335
92.0495562131692,-189854.5191,-273186.6954,-178985.1048,-287679.2478,-182608.2429,89.2224494758287,78.8368169125777,69.2213544593486,89.6489462803997,70.4604715168829,1.72471429515084,3.44073405578848,3.62160028210802,2.48333373375217,3.32700635166739,62.9192660355317,59.8648230120626,57.4121426349951,61.9681879234786,57.3453812124559,56.2521985507599,14.5973887184669
92.0461241819505,-189854.5191,-273186.6954,-178985.1048,-287679.2478,-182608.2429,91.0875805151085,83.8862384581343,69.9782014575127,91.3171572169394,73.2576531331003,1.62295499395505,2.86860004799262,3.6972121287521,2.36497273689453,3.14097857432788,63.1351870991322,61.1303350810173,58.4105003397012,62.2510458274913,59.3658077374798,56.4781842979191,13.6947184819222
92.0379731299133,-189854.5191,-273186.6954,-178985.1048,-287679.2478,-182608.2429,91.7495930104952,87.2661874216353,71.6956013483266,91.8595657581994,76.614372196791,1.59148313519715,2.56416161380805,3.53683320322558,2.33329176822063,2.77609969268863,63.2444361010974,61.8085153434822,59.6033588203082,62.3988005252231,60.8966409998755,56.7412482104367,12.8018694131401
92.0016302818799,-189854.5191,-273186.6954,-178985.1048,-287679.2478,-182608.2429,91.9733145431318,89.2672871974912,74.1025302055747,92.0245610840818,79.7074835595507,1.58278527527577,2.40999122385114,3.193637271284,2.32769292054078,2.43895724394197,63.3115136051929,62.1810534910462,60.710826251244,62.4929332662621,61.8170556506972,57.0854962974288,11.9530639348937
89.9030252722331,-189854.5191,-273186.6954,-178985.1048,-287679.2478,-182608.2429,92.0241589049602,90.3991058129433,76.6349113456841,92.0450573395515,82.2752681523569,1.58223241286546,2.33041673255918,2.82815481705413,2.33068053820941,2.18973922959973,63.3523429829888,62.3879846226026,61.5125974551383,62.5512850800571,62.3486996570318,57.5009130705403,11.2612237302879
89.945753269605,-189854.5191,-273186.6954,-178985.1048,-287679.2478,-182608.2429,91.7343788207374,91.0182038174257,78.9620763973907,91.7005417799979,84.3282215812517,1.59880702508554,2.28907440220209,2.52741879515746,2.35888875689921,2.01429915592874,63.3597996653648,62.5011816284938,62.0403675945219,62.5594638879041,62.6661022197404,57.9614170882206,10.788488135273
89.9078863526804,-189854.5191,-273186.6954,-178985.1048,-287679.2478,-182608.2429,91.1938844783357,91.2785140967901,80.986667222328,91.1146445099392,85.9425546900433,1.62888019960063,2.27281676057688,2.29968012918992,2.4050997979468,1.89080165492877,63.3431705347456,62.5575073478146,62.3891917161943,62.5334766672298,62.8655763979107,58.4427980915512,10.497278542243
89.9083742324863,-177885.4367,-236191.3498,-170280.3176,-246331.5086,-172815.3573,90.7298989412514,91.2720846579642,82.6459042147122,90.6529578277412,87.137259837998,1.55866888146313,1.99260558926262,2.05048760284561,2.12024219630799,1.72219253353497,63.4595266393095,62.9485675391531,62.8026982003826,62.8917069507634,63.1596897450537,58.8870788767215,9.44419680341431
89.978732072479,-177885.4367,-236191.3498,-170280.3176,-246331.5086,-172815.3573,90.401421615199,91.1163670808606,84.0484151640286,90.3427886490427,88.0504823302735,1.57689200589391,2.00360348096157,1.92903983983431,2.1429564664939,1.6642319775066,63.446195427179,62.9483193334925,62.9559280661006,62.875793191145,63.2378403762066,59.3245939249343,9.3167237706903
89.9323132291095,-177885.4367,-236191.3498,-170280.3176,-246331.5086,-172815.3573,90.1913220602167,90.8886631038419,85.2238212075704,90.1526870777267,88.7269519009243,1.58878102687005,2.01931774774105,1.83656121456081,2.15715400529463,1.62349778096155,63.4378047572765,62.9398182122178,63.0692381691692,62.8664685753898,63.2917510213009,59.7431828233302,9.2253117754281
81.946930961727,-177885.4367,-236191.3498,-170280.3176,-246331.5086,-172815.3573,90.0650825059096,90.6457090597222,86.1997268663475,90.0427022660874,89.2070331096388,1.59603035625991,2.03615247809188,1.76557298268866,2.16550007938305,1.59567311319761,63.4330823523806,62.9279427697401,63.1543765285023,62.861647833418,63.3283040360944,60.1323218506424,9.15892900962111
81.9507151329486,-177885.4367,-236191.3498,-170280.3176,-246331.5086,-172815.3573,89.8293141861518,90.4197386319425,87.0002296118884,89.7931214993158,89.5281168631248,1.60952560957389,2.05188047238075,1.71085518336593,2.18416579862792,1.57749706093274,63.4206131129182,62.9144334846912,63.2178263268572,62.844354345908,63.3512109220363,60.4866019254853,9.13392412488123
81.9341868308844,-177885.4367,-236191.3498,-170280.3176,-246331.5086,-172815.3573,88.7071495928543,90.1748934917659,87.6465185428,88.5541652151471,89.7238411851214,1.6762324607093,2.06855566170076,1.66844702512023,2.28029855708521,1.56625022651245,63.3494013751848,62.8913160838871,63.2596202352782,62.7415033824355,63.3589657090433,60.807227791316,9.25978393112795
81.9493354473625,-177885.4367,-236191.3498,-170280.3176,-246331.5086,-172815.3573,86.867254003714,89.7535538522952,88.1577823876239,86.5933715288322,89.8179020672215,1.79722191932323,2.09744194494175,1.63569860747482,2.44868768736584,1.56032073518518,63.2165961545392,62.8457299410661,63.2826325604143,62.555771374531,63.3528354593108,61.0976226756569,9.53937089429083
81.9357313912886,-177885.4367,-236191.3498,-170280.3176,-246331.5086,-172815.3573,85.0384443076198,89.0203513390524,88.5511429480126,84.7349474168718,89.8136720954328,1.9341375938971,2.14989403127662,1.61085873331157,2.62941529904431,1.55958590915635,63.0619929801283,62.7690116462744,63.2924116317983,62.3495237247475,63.3361360110516,61.3550821244177,9.88389156668596
81.9326499925615,-177885.4367,-236191.3498,-170280.3176,-246331.5086,-172815.3573,83.6632989755947,87.9859016643642,88.8394609788567,83.4147001072648,89.6940237125556,2.04977100094423,2.22863406110026,1.59278271787133,2.77181664712222,1.56518411898984,62.9266017185006,62.6620499367031,63.2940758635082,62.1793216442732,63.3111900986861,61.5707485325425,10.2081885460279
81.9649365684469,-177885.4367,-236191.3498,-170280.3176,-246331.5086,-172815.3573,82.8080139527613,86.7833261331784,89.0284718716239,82.643891284562,89.4344217098218,2.12766190719071,2.32736083929304,1.58085837112078,2.86034947950369,1.57873779277001,62.8304599300578,62.5337136254496,63.2903990142511,62.0657850239684,63.2780882290563,61.7380839218671,10.4749683898782
82.0109028541446,-177885.4367,-236191.3498,-170280.3176,-246331.5086,-172815.3573,82.34610711878,85.5818280800099,89.1156465677832,82.2543976632085,89.0188596533945,2.17143029876984,2.43424282954395,1.57498785409727,2.90597467160673,1.60156150454691,62.7712302659374,62.3969601475482,63.2816391325858,61.9993775122185,63.2352777746191,61.8603713311975,10.6881971585647
81.9580537579668,-177885.4367,-236191.3498,-170280.3176,-246331.5086,-172815.3573,82.1227260710252,84.5159127684292,89.0921974413283,82.0785245089166,88.4499680636108,2.19261559742243,2.53644471042483,1.57551130580208,2.92597272218193,1.63419321103593,62.7369838812318,62.2652410756621,63.2667731595391,61.961940685207,63.1812349006555,61.9488616951281,10.8647375468672
81.9398737966195,-175791.0477,-229717.7838,-168757.1256,-239096.3466,-171101.7663,82.0253322346523,83.6681135072914,88.9500736668537,82.0074128431331,87.7571374501796,2.17949606349089,2.5615168752272,1.57046474820652,2.86037883979598,1.66142364642904,62.7525149891295,62.2391120636309,63.2734175409893,62.0339244654119,63.1490057077423,62.015675257912,10.8332801731496
81.9739805298112,-175791.0477,-229717.7838,-168757.1256,-239096.3466,-171101.7663,81.9861898647576,83.0318368316637,88.6867511140449,81.9812250479247,86.9761482763911,2.18249143456882,2.62836463186471,1.58492937650387,2.8620487107159,1.71059998575655,62.7398236918269,62.1478437388706,63.2444292697489,62.0193902620121,63.0754512626214,62.074672637385,10.9684341394098
81.989969148664,-175791.0477,-229717.7838,-168757.1256,-239096.3466,-171101.7663,81.9714299458756,82.5835280978234,88.3081802073323,81.9722192330037,86.1555080280206,2.18307226124497,2.6767159082194,1.60648234893153,2.86166090221509,1.7651970732265,62.7301844476429,62.0767762798023,63.2071989707126,62.0076792456413,62.9940533715184,62.1262730622341,11.0931284938375
81.9433679664338,-175791.0477,-229717.7838,-168757.1256,-239096.3466,-171101.7663,81.9660059082189,82.2839045506877,87.8316872332774,81.9691369774221,85.3447077283843,2.18275064201465,2.70923377738547,1.63457534716278,2.86060344294351,1.82223455819773,62.7219252924752,62.0232872221321,63.162109677563,61.9972168381674,62.9082262186918,62.1675236855303,11.2093977677042
81.9499271196528,-175791.0477,-229717.7838,-168757.1256,-239096.3466,-171101.7663,81.9647946014608,82.0924213568931,87.2834295447922,81.9688856422385,84.5868700326358,2.18204701840343,2.72968108817273,1.66814341979486,2.85926516463397,1.87847126207877,62.7145085330466,61.9835708926257,63.1102782323889,61.9876176510067,62.8220803354636,62.1977355982992,11.3176079530838
81.9623530365285,-175791.0477,-229717.7838,-168757.1256,-239096.3466,-171101.7663,81.9653983692262,81.9748778446478,86.693372016273,81.969864147066,83.913473475332,2.18121038192023,2.7416709155393,1.70576479767094,2.85785664606628,1.93091160935824,62.7077285602199,61.9539670540444,63.05336997581,61.9787482206656,62.7397792610668,62.2179612565022,11.417414350555
81.9754288995756,-175791.0477,-229717.7838,-168757.1256,-239096.3466,-171101.7663,81.9666384722452,81.9054958907875,86.0901164530295,81.9712227465207,83.342052745822,2.18036845483786,2.74811817584938,1.74588325083216,2.85649849615742,1.97727656616533,62.701532510088,61.9315554323358,62.9933353376422,61.9706018502034,62.6648583305681,62.2299173834945,11.5081449438421
81.9721792203563,-175791.0477,-229717.7838,-168757.1256,-239096.3466,-171101.7663,81.9675657530772,81.8661945697091,85.4973868967572,81.9721201520262,82.8769122813713,2.17962371213014,2.75114249492893,1.78700685699459,2.85530663582188,2.01627770217447,62.6958772110467,61.9142113778599,62.9321218897114,61.9631506088654,62.5996796723741,62.2353818758417,11.58935740205
81.9495188664363,-175791.0477,-229717.7838,-168757.1256,-239096.3466,-171101.7663,81.9680272697079,81.844895538121,84.9327357663174,81.9725119947577,82.5120402132372,2.17899539337931,2.75218488500527,1.82783319165723,2.85429331574246,2.04762635310694,62.6907816882692,61.9004691602763,62.871486697451,61.9564389452773,62.5452469995777,62.2359037298526,11.6609331388912
82.0272775464862,-175791.0477,-229717.7838,-168757.1256,-239096.3466,-171101.7663,81.96823887067,81.8339239537055,84.4079510176687,81.9726640901878,82.2349611655608,2.1784619727588,2.75216396703996,1.86729310723472,2.85342622003667,2.07182264773309,62.6862730414472,61.8893459872113,62.8129035442661,61.9505085806578,62.5013550984294,62.2327005450076,11.7231679148032
81.9600740197975,-175791.0477,-229717.7838,-168757.1256,-239096.3466,-171101.7663,81.9685530088119,81.8286563358255,83.9302218383665,81.9729614946481,82.030382084718,2.17798538924818,2.75162860310789,1.90454431115223,2.85265348352459,2.08984607356582,62.682367928619,61.8801979009892,62.7575544126896,61.9453823152955,62.4669642385575,62.2266806399163,11.7766578605987
81.9607424821135,-175791.0477,-229717.7838,-168757.1256,-239096.3466,-171101.7663,81.9690580048884,81.8264795403435,83.5033054813244,81.9734611480959,81.8829416403999,2.17755207800575,2.75088177402218,1.93895076026115,2.85196009719336,2.10286176640854,62.6790351653587,61.8726053551414,62.7063445043165,61.941012738748,62.4406118475326,62.2185185493373,11.822206475891
81.9857686332688,-170160.2478,-212313.4932,-164661.9984,-219644.4924,-166494.7482,81.9714817922302,81.8239821846562,83.1380897189408,81.9757739212596,81.7793167835631,2.11846374333534,2.57697788482775,1.93180977949081,2.65431483488591,2.06902051501192,62.7785371183979,62.1373493308278,62.7707850819694,62.2027805341826,62.5510437734544,62.2121078584311,11.3505867575517
81.9524623319092,-170160.2478,-212313.4932,-164661.9984,-219644.4924,-166494.7482,81.9749717424916,81.8233203758139,82.8232145545944,81.9791239879447,81.7065450050637,2.11788793451439,2.57648651211824,1.95843851691645,2.65356984879868,2.0754079710407,62.7768089139764,62.132933000438,62.7328425874828,62.200579360156,62.5374505998728,62.2218666163199,11.3817907833885
81.9593910354765,-170160.2478,-212313.4932,-164661.9984,-219644.4924,-166494.7482,81.9750404110725,81.8241433302531,82.5520765545688,81.9788554167172,81.6562309366236,2.11768219906506,2.57590622153079,1.98187884275346,2.65329880375036,2.07976466793245,62.7750124572532,62.1293201775334,62.6993199527039,62.1982903317615,62.5272920044536,62.2393340305006,11.4085307350321
81.9545403040308,-170160.2478,-212313.4932,-164661.9984,-219644.4924,-166494.7482,81.9731452257931,81.8252389964419,82.321292486692,81.9767184627928,81.6220370664963,2.11769959431095,2.57536753923736,2.00221110033034,2.65329169401539,2.08266524557236,62.7732749851868,62.126296333655,62.6701386832403,62.1961003740246,62.5197394645447,62.2540196980269,11.4312351734664
81.9236011227712,-170160.2478,-212313.4932,-164661.9984,-219644.4924,-166494.7482,81.9715672872466,81.825795593152,82.1278709055017,81.9751079746051,81.5991862814004,2.11771433657045,2.57495943955738,2.01952830229952,2.65326660416601,2.08455118260161,62.7718307046435,62.1237308881018,62.6452232819109,62.1943028361345,62.5141709273936,62.2631862156028,11.450019865195
81.9345406277534,-170160.2478,-212313.4932,-164661.9984,-219644.4924,-166494.7482,81.9709123190045,81.8258054053753,81.9683470252282,81.9745020356287,81.5841046963847,2.11766413149663,2.57467629546897,2.03400437180583,2.65316354531638,2.08575268519324,62.7707205536469,62.1215740111919,62.6243579832391,62.1929285362986,62.5100833090029,62.2674966640731,11.4652610292811
81.9461616693264,-170160.2478,-212313.4932,-164661.9984,-219644.4924,-166494.7482,81.9705318784577,81.8255748342244,81.8387534053952,81.9741494794251,81.5742098030162,2.11760882697002,2.57447400871373,2.045894539038,2.65306421120873,2.08650594877309,62.7698386713309,62.1197951994996,62.6071862210619,62.1918353327547,62.5070744566931,62.2681907927812,11.4775475347036
81.9677402154883,-170160.2478,-212313.4932,-164661.9984,-219644.4924,-166494.7482,81.9706429127279,81.8253217949451,81.7348820477742,81.9742988951693,81.5677198403533,2.11752425361473,2.5743208868918,2.05551057168019,2.65293521907417,2.08697403864943,62.7691828350232,62.1183700511426,62.5932834485473,62.1910228844814,62.5048610843764,62.2663348193137,11.4872649699103
81.9606729109214,-170160.2478,-212313.4932,-164661.9984,-219644.4924,-166494.7482,81.9710942400428,81.8252080362689,81.6525873094777,81.9747784827126,81.5634525883263,2.11742213302612,2.57419093882514,2.06318423060838,2.65279182483066,2.08726286854907,62.7687081002294,62.1172614632795,62.5821825943506,62.1904331050765,62.5032317001831,62.26275390389,11.4948519958394
81.9611208496677,-170160.2478,-212313.4932,-164661.9984,-219644.4924,-166494.7482,81.9711080370844,81.8252803987436,81.5880234626773,81.9747587633381,81.5606501113365,2.11737524116176,2.57407006139841,2.06923790923393,2.65272521848486,2.08743718938693,62.7682966369446,62.1164083474995,62.5734103512558,62.1899166275227,62.5020209327268,62.2580745137757,11.5008456196659
81.9384098738755,-170160.2478,-212313.4932,-164661.9984,-219644.4924,-166494.7482,81.970852358268,81.8254048870443,81.5377874233075,81.9744742802792,81.558830828437,2.11736475192742,2.57396779892564,2.07396847499503,2.65270451413725,2.08753811039804,62.7679458291294,62.1157498120217,62.5665452111209,62.1894777238539,62.5011230299531,62.2527552155566,11.5055436503834
81.976009650088,-170160.2478,-212313.4932,-164661.9984,-219644.4924,-166494.7482,81.9709602312192,81.8254838010911,81.4989744199398,81.974604701233,81.5576718554109,2.11732705714683,2.57389167594652,2.07763652836278,2.65264830611015,2.08759341772909,62.7677118326723,62.1152458120027,62.561225808745,62.1891889125936,62.5004689593403,62.2471204350173,11.5090969852954
81.9449916989391,-175100.6008,-227583.6752,-168254.9824,-236711.1664,-170536.8552,81.9693537290945,81.8273383274472,81.4697701092308,81.9730417976626,81.5581027816266,2.16872189613798,2.72540731730957,2.11394218991037,2.82545424500682,2.12504606291371,62.6768625824002,61.8740615625322,62.451134187367,61.9543817606645,62.3822609251586,62.237850111153,11.9585717112785
83.8517154246311,-175100.6008,-227583.6752,-168254.9824,-236711.1664,-170536.8552,81.9914809181558,81.8284238151177,81.4479023070192,81.9986551468762,81.5588358533093,2.1665332070914,2.72531533733403,2.11608513047932,2.82236907036957,2.12500539649468,62.6794999875451,61.8744736228441,62.4485263884019,61.9581124075533,62.3826270270343,62.2125235330707,11.955308141769
83.8906244852921,-175100.6008,-227583.6752,-168254.9824,-236711.1664,-170536.8552,82.3371806188615,81.8483456048891,81.4317259033611,82.3768911561736,81.5599569463137,2.13304076362645,2.72412560764171,2.11851913396438,2.77783036229485,2.12581229674483,62.7219680573581,61.8856807604877,62.4541786982346,62.0150257418447,62.3910268848302,62.1811777745552,11.8793281642722
83.8682746989563,-175100.6008,-227583.6752,-168254.9824,-236711.1664,-170536.8552,82.911712796787,81.9667793414453,81.420016723179,82.9754191307045,81.5660014583607,2.07936058371296,2.71222704132692,2.12117269424842,2.7098277204377,2.12681806517146,62.7901195009415,61.9165380929112,62.4662101902233,62.1025763465337,62.4061363493261,62.156312838338,11.7494061048975
83.8751871272668,-175100.6008,-227583.6752,-168254.9824,-236711.1664,-170536.8552,83.3817605618214,82.2211393768824,81.4130037089109,83.4404593466961,81.5931432281542,2.0372635045429,2.68460182035772,2.12331527964988,2.65910122680419,2.12572081380792,62.8443838859104,61.9645761550946,62.4783229975271,62.1694346069339,62.4233882088456,62.1443947440886,11.6300026451626
83.9000030570378,-175100.6008,-227583.6752,-168254.9824,-236711.1664,-170536.8552,83.6630641862785,82.555174260583,81.4143644274137,83.7044384327801,81.6629217426937,2.01291774783912,2.64812986246176,2.12439658863975,2.63127483846015,2.12027632702801,62.8772928720757,62.0196230135421,62.4893213894206,62.2084672958446,62.4439422537033,62.144392979498,11.5369953644288
83.8814296784692,-175100.6008,-227583.6752,-168254.9824,-236711.1664,-170536.8552,83.805004069122,82.8879637688361,81.431710477926,83.8305482292368,81.7868068177874,2.00098205533383,2.61235100480182,2.12369970307104,2.61843324278204,2.10948907615946,62.8952473477387,62.0711568391991,62.5004572448844,62.2291542900167,62.4695476289737,62.1510156636388,11.4649550821482
83.9031166698443,-175100.6008,-227583.6752,-168254.9824,-236711.1664,-170536.8552,83.8685658571276,83.167311929428,81.4739911174025,83.8836798090007,81.9593059835044,1.99583631545484,2.58294171993615,2.12041000423024,2.61333600310578,2.0940676377796,62.9048988184562,62.1134855578648,62.5133670920654,62.2401529476771,62.4997878165787,62.159717006502,11.4065916805066
83.9084146086286,-175100.6008,-227583.6752,-168254.9824,-236711.1664,-170536.8552,83.8942139704217,83.3764207246998,81.5475528671075,83.9035785589018,82.1626608300398,1.99392436846497,2.56140030195297,2.11397289441546,2.61171069595442,2.07586408739156,62.9104451562139,62.1455313326984,62.5291931823728,62.2465826027649,62.5324993528752,62.1684257736363,11.3568723481794
83.8981405129563,-175100.6008,-227583.6752,-168254.9824,-236711.1664,-170536.8552,83.9035888412212,83.5207524737179,81.6534490255993,83.9101639675018,82.3756500567537,1.99338016288008,2.54686212368917,2.10435942052827,2.61144720505344,2.05695840865647,62.9140913233805,62.1686714193139,62.5482066047584,62.2509828546573,62.5650661049083,62.1767622393912,11.3130073208074
83.938989903668,-175100.6008,-227583.6752,-168254.9824,-236711.1664,-170536.8552,83.9067456778847,83.6145867134758,81.7871559224708,83.9121126514775,82.580240141202,1.99334271909982,2.53765228640223,2.09208669101179,2.61163095596448,2.03901882982333,62.9168538845764,62.1850130911175,62.5698371361594,62.2544554500618,62.5953598428313,62.1849157480655,11.2737314823016
83.8879988569016,-175100.6008,-227583.6752,-168254.9824,-236711.1664,-170536.8552,83.9076181912378,83.6728826205392,81.9402230899083,83.91249594398,82.7644026766159,1.99347568535496,2.5321225886114,2.07803700431052,2.61193819326452,2.02308050758568,62.9191264387366,62.1965106849985,62.5929752851887,62.257386291408,62.6220766113159,62.1930546383957,11.2386539791271
83.9116814993828,-177643.9306,-235444.8764,-170104.6768,-245497.2148,-172617.7614,83.9071294274128,83.7092310296876,82.1050361965507,83.9118555421881,82.9240972652991,2.01867740602163,2.60263898458943,2.08040642633347,2.69562820007134,2.02865531047849,62.8796125911146,62.0930060909514,62.5673736077591,62.1502408755661,62.5920198026994,62.2000626817256,11.4260063274943
83.8797687981003,-177643.9306,-235444.8764,-170104.6768,-245497.2148,-172617.7614,83.906026904063,83.7301020752387,82.2699610658393,83.9107578044434,83.0554092785601,2.01894300843246,2.60089157617031,2.06544600249168,2.69604193855993,2.01753864299914,62.8812763465268,62.0993542806505,62.5907834179013,62.1524827066287,62.6113017712818,62.2001505387343,11.3988611686535
74.9031387168643,-177643.9306,-235444.8764,-170104.6768,-245497.2148,-172617.7614,83.8994328947402,83.7415475426399,82.4267888809824,83.9031524248201,83.1599349281069,2.01965452969219,2.60005854822402,2.051335864987,2.69711098295179,2.00876722775624,62.8820893252716,62.1038695127983,62.6122477816806,62.1535015779602,62.6265568703442,62.196868110867,11.3769271536113
74.8975070805014,-177643.9306,-235444.8764,-170104.6768,-245497.2148,-172617.7614,83.0599479399269,83.7219884140797,82.5700145868852,82.959169046408,83.2406768313143,2.09427325820304,2.60038430446569,2.03698651326083,2.80221283531084,2.00050236917499,62.7914500369378,62.0870209869213,62.6158918960139,62.0252765757009,62.6224673489766,62.1941989118031,11.5343592804154
74.9358073891174,-177643.9306,-235444.8764,-170104.6768,-245497.2148,-172617.7614,80.6409402286154,83.4272775069579,82.6961547285627,80.3577127975375,83.2936109391732,2.33758638037017,2.62447960872129,2.02024994049417,3.1282861918059,1.99062673704986,62.4821361310948,61.9909403610123,62.5767239638156,61.6058408210901,62.5731131432424,62.187392056516,12.1012288584414
74.9540814394257,-177643.9306,-235444.8764,-170104.6768,-245497.2148,-172617.7614,78.0600473417293,82.5333812552814,82.8018259703124,77.7391994792765,83.278989057244,2.65178975514155,2.71042187614273,2.00238037052594,3.5169401996057,1.98332442406907,62.0528306836693,61.7767491529487,62.5028461143618,61.0595805932319,62.4822013925515,62.1475174648877,12.864856625485
74.9130369083617,-177643.9306,-235444.8764,-170104.6768,-245497.2148,-172617.7614,76.3275368435716,81.073979625202,82.8766149328632,76.104993576214,83.1140989179,2.89791653772968,2.86774728293632,1.98681660060385,3.78870723095264,1.98787524537152,61.679850276508,61.4560620841541,62.4186225882737,60.6218172317376,62.3649211143131,62.0346288829827,13.529062897594
74.9354716106218,-177643.9306,-235444.8764,-170104.6768,-245497.2148,-172617.7614,75.4681513291194,79.3945337529004,82.8935399691586,75.3568655729378,82.7159648922859,3.02759409697538,3.07103942885331,1.97727530522485,3.91360509547977,2.01284643327264,61.4478527743757,61.0752542292846,62.3368280647258,60.3678156449862,62.2241994819954,61.8503438233112,14.002360359806
74.9334588180146,-177643.9306,-235444.8764,-170104.6768,-245497.2148,-172617.7614,75.1258646985876,77.8635056514047,82.806942868827,75.0822447713996,82.0481781897709,3.07571137866335,3.27595367387527,1.97731393581148,3.95135190110117,2.06227754589431,61.3249035821965,60.6901157546368,62.2506325788398,60.2363834958992,62.0475837015658,61.6459339628344,14.3426084353456
66.7872360002378,-177643.9306,-235444.8764,-170104.6768,-245497.2148,-172617.7614,74.8250118876038,76.6856030463146,82.5648582224014,74.7875836724432,81.1390329270791,3.11669665489547,3.4405794360014,1.9896265517423,3.99237250463673,2.1339232099441,61.2055365769409,60.3339300878222,62.1357587164347,60.0942598139347,61.8099508282705,61.4672776983528,14.67319835722
66.8664300908712,-177643.9306,-235444.8764,-170104.6768,-245497.2148,-172617.7614,72.4942379560304,75.7242304376083,82.1364588044694,72.2885695083808,80.0748296698999,3.51729541499547,3.52685184610228,1.99960928597662,4.45916329628306,2.19669557814679,60.4259388415447,59.7725454278215,61.8093483582879,59.1333611706799,61.2980918606675,61.308429507196,15.6996154215042
66.8565992098918,-177643.9306,-235444.8764,-170104.6768,-245497.2148,-172617.7614,69.4153323248253,74.3386343351237,81.5358250894523,69.1815939502963,78.946410846238,4.10205421798126,3.61640156358901,1.99799369318362,5.05574194909977,2.22277374168455,59.0674015353917,58.7819466343873,61.1922779882146,57.578703066026,60.3899666413935,61.0202469266916,16.9949651655382
66.8362995387812,-175065.5273,-227475.2662,-168229.4744,-236590.0034,-170508.1587,67.6822728180537,72.4129367327793,80.7927603134754,67.5651911710726,77.7469178696456,4.40729946049095,3.73834554154974,1.99714947543498,5.24282697240658,2.23887963243725,58.1908217398488,57.8731084280718,60.664972051926,56.7822955031355,59.5491149772483,60.4242267945436,17.6245010823195
66.758692212391,-175065.5273,-227475.2662,-168229.4744,-236590.0034,-170508.1587,67.064053219815,70.4458947814448,79.8931435716545,67.0251300025758,76.4018960791931,4.48537736773044,3.95730291148605,2.02106694205505,5.28180488103016,2.2695868852505,57.7378218268442,56.7105544414277,60.0035491540913,56.321808406667,58.450307393308,59.6880240761663,18.0151389875522
66.8162305562843,-175065.5273,-227475.2662,-168229.4744,-236590.0034,-170508.1587,66.8961747855171,68.9026598482704,78.8017838674175,66.8865068844472,74.9008760663023,4.47605155228509,4.12708004464645,2.0624214521285,5.25358858545977,2.30587635210043,57.5505122685399,55.7323550008252,59.3110043631926,56.1256992328981,57.2318062509224,59.0543710288596,18.2250179866203
66.8057886203717,-175065.5273,-227475.2662,-168229.4744,-236590.0034,-170508.1587,66.861392486908,67.9014821483711,77.5091638619267,66.8601811692287,73.3310127024019,4.4508579032005,4.22095851779036,2.12076050476844,5.21906598335994,2.3388892217039,57.4628297545034,55.0240984714863,58.5545474977329,56.0281939077626,55.9113376392048,58.5779099063528,18.3505321308231
66.7771419462939,-175065.5273,-227475.2662,-168229.4744,-236590.0034,-170508.1587,66.8598650463562,67.3334661694911,76.0670364823446,66.8607294693119,71.8266806265273,4.42875229170577,4.25600836495515,2.19113515661929,5.19168799732891,2.362711412519,57.4143904609766,54.5621326436054,57.7212025219048,55.9716205171575,54.5826405651732,58.1906883824625,18.4302952231281
66.808350669698,-175065.5273,-227475.2662,-168229.4744,-236590.0034,-170508.1587,66.8634084072945,67.0408237890126,74.5839055348496,66.864644831804,70.5021797000874,4.41261228357276,4.25796421694056,2.2639831038781,5.17221831858591,2.37650769607325,57.3833851176937,54.2753566435755,56.8283835526572,55.9345462229807,53.3582460539999,57.838995416376,18.4832856190506
66.7919784271284,-175065.5273,-227475.2662,-168229.4744,-236590.0034,-170508.1587,66.8662458690302,66.9005492876756,73.18203521756,66.8674636923021,69.4168678698838,4.40142346464205,4.24611026757448,2.32991307353526,5.15880669162951,2.38299264989536,57.3621234976441,54.0994445370798,55.9289444371277,55.9089495188141,52.3195888444176,57.5087914325341,18.5192461472767
66.83666377276,-175065.5273,-227475.2662,-168229.4744,-236590.0034,-170508.1587,66.8679801506749,66.8370106876118,71.9516128626747,66.8691531635611,68.5773361897572,4.39379454875227,4.23116841234569,2.38376573100679,5.14966041614474,2.38534571410952,57.3473558356104,53.9907003967699,55.0882939360947,55.8911756504673,51.4969230614213,57.2014910627869,18.543734822359
66.8049932189373,-175065.5273,-227475.2662,-168229.4744,-236590.0034,-170508.1587,66.869179658574,66.8096235749977,70.9315496796506,66.8703246147837,67.9567457428544,4.38857880354304,4.21770629199366,2.42495229932328,5.14340954420981,2.38571915074802,57.3372402565798,53.9223102926618,54.3546455568612,55.8790053813876,50.8790062117274,56.9171229210639,18.5603660898178
66.8435208818728,-175065.5273,-227475.2662,-168229.4744,-236590.0034,-170508.1587,66.8701718641375,66.7984789791516,70.1175848507433,66.8713046633324,67.5141930745493,4.38497116966748,4.2069723640719,2.45542085424096,5.13909584123461,2.38522050529844,57.3303902788869,53.8782842134337,53.7463783837173,55.8707594322231,50.432883333839,56.651768659892,18.5716807345134
66.8122183985486,-175065.5273,-227475.2662,-168229.4744,-236590.0034,-170508.1587,66.8713892804145,66.7944352911173,69.4811983252885,66.8725167191897,67.20757161496,4.38236807114571,4.1988511260003,2.47778639242444,5.1360128607355,2.38437089555577,57.3259411260991,53.8492508378694,53.2577652274551,55.8653682206536,50.1201753852726,56.4005346961336,18.5793893458617
66.8190274146109,-175065.5273,-227475.2662,-168229.4744,-236590.0034,-170508.1587,66.8718671251683,66.7933828259249,68.986098345093,66.8729711290883,67.0000816119211,4.38060940577727,4.19274247616819,2.49428804501487,5.13392028338574,2.38331714814405,57.3225867987643,53.8293377821955,52.869995857026,55.8613361351721,49.9051304499981,56.160300007845,18.5848773584901
66.7770985554992,-176383.2888,-231548.3472,-169187.8464,-241142.2704,-171586.3272,66.8722996155297,66.7933525230861,68.590910301528,66.873446034828,66.8628461890807,4.38789511152936,4.20674749772041,2.49123936913966,5.17209939096933,2.3657077063959,57.2671145678318,53.6411109263407,52.3631628029721,55.7327834454439,49.5317460612972,55.9215919069879,18.6236890757547
66.7731619904651,-176383.2888,-231548.3472,-169187.8464,-241142.2704,-171586.3272,66.8728474596904,66.7937052151324,68.2726489225339,66.8739968092436,66.7729285360473,4.38690934024764,4.20328988173514,2.5007632004662,5.17093715857429,2.3645711334904,57.2655040551992,53.6306446165892,52.1067026892705,55.7308302174773,49.4334979086865,55.6785873491173,18.6264707145137
66.8404983038931,-176383.2888,-231548.3472,-169187.8464,-241142.2704,-171586.3272,66.872370712698,66.7941049733361,68.0178525742922,66.8734857375389,66.7148310922134,4.38634011790402,4.20057753907745,2.50813293573135,5.17023508756891,2.36344593523686,57.2637805479507,53.622544893368,51.8994073097186,55.7288060048729,49.3671454433317,55.4540867444866,18.6287316155186
66.8332546049167,-176383.2888,-231548.3472,-169187.8464,-241142.2704,-171586.3272,66.8734912457055,66.7943225210272,67.8104091049107,66.8746741015305,66.6777407985174,4.38560366693224,4.19858249901796,2.51411166368752,5.16939342630376,2.3625187734473,57.2632875617937,53.6165037120685,51.7302945957705,55.7281798338755,49.3232471143084,55.2526868369604,18.6302100293888
66.8049762076527,-176383.2888,-231548.3472,-169187.8464,-241142.2704,-171586.3272,66.8752736700837,66.7948826836856,67.6376603356032,66.8764814239381,66.654305354644,4.38484278439053,4.19699343575577,2.51908385108574,5.16856789185812,2.36173212662372,57.2634023696656,53.6120744964814,51.5892848821875,55.7282068149664,49.2940312276922,55.0740931935975,18.6312200897139
78.2758818120108,-176383.2888,-231548.3472,-169187.8464,-241142.2704,-171586.3272,67.4314867281471,66.8038034551471,67.490811620521,67.471296961588,66.6398084546765,4.27528926567175,4.23408803245274,2.56272513106837,5.05622493543073,2.40005354615568,57.5733129539085,53.7364890765954,51.7157279212377,56.075321717334,49.5567241217086,54.9180654561658,18.5283809107793
78.2897118026694,-176383.2888,-231548.3472,-169187.8464,-241142.2704,-171586.3272,72.0476387417994,67.4076674359031,67.3716803048316,72.2558848238129,66.6470772882239,3.41790386629082,4.43468546988178,2.88477915628838,4.17720968921408,2.71293478760592,59.7165299204541,54.9314366406674,53.3577120768876,58.4618408373858,51.5341754522022,54.8488591817058,17.627512969281
78.2890963339103,-176383.2888,-231548.3472,-169187.8464,-241142.2704,-171586.3272,75.9449003979999,69.7583575744,67.3251944892062,76.1334137449055,66.8633059027359,2.82049273146266,4.22993023881645,3.18417748404317,3.55150032972842,2.98996088803683,61.0019281839667,56.6781987295099,54.6289162058968,59.9091116629866,53.1506458821103,55.0433871295717,16.7760616720875
78.2437413236045,-176383.2888,-231548.3472,-169187.8464,-241142.2704,-171586.3272,77.6107889859126,72.790249145491,67.436970451592,77.714536564609,67.7080002929271,2.61045770135189,3.79614529736636,3.37470435508871,3.33431493474137,3.13086592256703,61.4655189459874,58.2154225536564,55.4574904180595,60.4334412507923,54.6124803484001,55.3480941853323,16.2464882111154
78.31819733523,-176383.2888,-231548.3472,-169187.8464,-241142.2704,-171586.3272,78.1591046735329,75.183251156635,67.8379610809015,78.2042568510248,69.2750740174531,2.55124307626688,3.46085224142593,3.46751308838727,3.27872042591483,3.13772318629536,61.6391011865268,59.1963913987254,56.1791144059599,60.6301405164578,56.2081733706103,55.6487627151363,15.8960520182903
78.2893834101895,-176383.2888,-231548.3472,-169187.8464,-241142.2704,-171586.3272,78.3134103083669,76.6713748353419,68.6628583996521,78.3309887392953,71.1742025025945,2.54034048901131,3.27379551202929,3.47245670656913,3.273411299868,3.04722705592994,61.7225065698951,59.7710647141922,57.0206100270861,60.7283690514266,57.7192428359594,55.9772279172143,15.6072310634077
77.9875815461471,-176383.2888,-231548.3472,-169187.8464,-241142.2704,-171586.3272,78.3511302706402,77.4822593948142,69.8863540937697,78.3584122990114,72.9687309785267,2.54348850618027,3.18729402434552,3.39445578350312,3.2818573273406,2.91585402969626,61.7807607117765,60.1232837233167,57.9765794437848,60.8010938520695,58.9075616898544,56.3498517131165,15.3229496710658
77.9754407625337,-176258.0263,-231161.1722,-169096.7464,-240709.5454,-171483.8397,78.3278423670491,77.889226427636,71.2994740452838,78.3285535135562,74.4399729034146,2.55238256603336,3.15117058574657,3.25545973655253,3.29337354147998,2.78817585328549,61.8269409056697,60.3606150785465,58.8878829058351,60.8640252950245,59.7436875751345,56.7562880994485,15.0405622830979
77.9253069578412,-176258.0263,-231161.1722,-169096.7464,-240709.5454,-171483.8397,78.2095619395092,78.0656288057805,72.6730936613966,78.2028510431077,75.5522670287788,2.57345394062224,3.14500198528848,3.09292941394655,3.32158654374218,2.68348746571418,61.8437694343302,60.502636874261,59.6092859201554,60.886663615234,60.2826492612892,57.1848415541206,14.8164593493136
77.947924226702,-176258.0263,-231161.1722,-169096.7464,-240709.5454,-171483.8397,78.1042456451185,78.1012850367958,73.8728217074919,78.0981045432326,76.3496693090652,2.59174559020822,3.15367768578602,2.94226652592692,3.34477859611911,2.60654543780317,61.8539572784754,60.586608523978,60.1400633509734,60.9019842331831,60.6293111326738,57.6234769481375,14.6390138358434
77.910167042972,-176258.0263,-231161.1722,-169096.7464,-240709.5454,-171483.8397,78.0487218942323,78.068422979058,74.854856479439,78.0463411477124,76.8946035596139,2.60247797760256,3.16837214767617,2.81811967388364,3.35814839567717,2.55403915246144,61.865448269509,60.6349770586516,60.5171278174958,60.9186837686094,60.8510641151169,58.0576068797585,14.501157347301
77.940635578259,-176258.0263,-231161.1722,-169096.7464,-240709.5454,-171483.8397,78.0243482785336,78.0182187021656,75.6245211822294,78.0247767475333,77.2483106149066,2.60816563703281,3.18273646638017,2.72205631885146,3.36536393843284,2.52041422112762,61.8763657210403,60.663453368718,60.780803606953,60.9338420963089,60.9907337682833,58.4732509727527,14.3987365818249
77.9796203079026,-176258.0263,-231161.1722,-169096.7464,-240709.5454,-171483.8397,78.0136863697587,77.9744731738068,76.2074669084113,78.0155312024167,77.4652116540743,2.61129580858783,3.19405092709383,2.6505897902331,3.36949766113379,2.50027668182615,61.8850604686451,60.6811845716456,60.9635255901758,60.9455638263333,61.0766942619205,58.8597639875848,14.3257108688747
77.961323464979,-176258.0263,-231161.1722,-169096.7464,-240709.5454,-171483.8397,78.0069949476361,77.9429878449661,76.6357492325372,78.0093636793163,77.5899100574343,2.61334718341903,3.20200930551626,2.59894968990519,3.37228179775445,2.48912241457989,61.89102938398,60.6926805466466,61.0889168417565,60.9534891709514,61.1279523629106,59.2102772388518,14.2757103911748
77.9595408968244,-176258.0263,-231161.1722,-169096.7464,-240709.5454,-171483.8397,78.003370617804,77.921972351706,76.9414830889706,78.0060913613615,77.6560839949849,2.61460297472131,3.207329054125,2.56258827635804,3.37400369039253,2.48358945393697,61.8951455369585,60.7002768037564,61.174051545714,60.9589211661649,61.1574522181629,59.5212364613083,14.2421134495339
77.932022928929,-176258.0263,-231161.1722,-169096.7464,-240709.5454,-171483.8397,78.0021334761807,77.9086365523652,77.1537613874915,78.0050834882439,77.6872924672717,2.61527347673114,3.21075636814596,2.53759994716848,3.37495209377489,2.48133425276152,61.8980382109693,60.7053242611465,61.2310643263914,60.9627037592299,61.173665639406,59.7918265190332,14.219916138582
77.8953672797686,-176258.0263,-231161.1722,-169096.7464,-240709.5454,-171483.8397,78.0006115145792,77.9005870329806,77.2972058190767,78.0035624388723,77.6990001726674,2.61579527876648,3.21286643743101,2.52081754749726,3.37568726131292,2.48081372759172,61.8997287139497,60.7085731201956,61.2685030432082,60.9648942516504,61.1819084500726,60.023357184588,14.2059802525994
77.9411675695176,-176258.0263,-231161.1722,-169096.7464,-240709.5454,-171483.8397,77.9986982911749,77.8955738418157,77.3915669671716,78.001639678739,77.7007671798539,2.61624451762891,3.21416753081089,2.50981014688663,3.37628916743278,2.48110411082852,61.9005801947711,60.7105192475086,61.292566303257,60.9660090508455,61.1856085831348,60.218527457881,14.1976154735877
77.9541672071363,-176258.0263,-231161.1722,-169096.7464,-240709.5454,-171483.8397,77.9970104478701,77.892124638826,77.4519818905317,77.9999697354869,77.6980789476635,2.61658349956101,3.21500652562623,2.5027673444238,3.37672607588349,2.48169799800489,61.9009778844435,60.7115546922455,61.3076785412606,60.9665433168828,61.1868725404995,60.3808343247102,14.1927814434994
77.9666924683883,-176650.8495,-232375.353,-169382.436,-242066.571,-171805.2405,77.9950802603081,77.8896068962559,77.4896783773816,77.9980310207102,77.6938703884345,2.62104305664787,3.22724170272773,2.50014472916169,3.39125939864899,2.48428985417796,61.8906222771714,60.6842729173248,61.3011354157131,60.9419855365416,61.168976525573,60.5137820674153,14.2239787413642
68.0417417367311,-176650.8495,-232375.353,-169382.436,-242066.571,-171805.2405,77.7809622199416,77.8851617667829,77.5124104814341,77.7564386376873,77.6894637930988,2.64917223850418,3.22554950982061,2.4954149926007,3.42824558035003,2.48264169184373,61.8475030192627,60.6708014982118,61.2931842291138,60.8844050577401,61.1535994757689,60.6194900506426,14.2810240131193
68.0444102906653,-176650.8495,-232375.353,-169382.436,-242066.571,-171805.2405,75.1476260503084,77.6721257840193,77.5251003048498,74.9056051423227,77.680972927546,3.03135371262695,3.2199151005905,2.46258681581539,3.90277673740989,2.44974946423108,61.22299640318,60.4276427490529,61.089659288724,60.0850098473025,60.923085329534,60.6988884819683,15.0663818306738
68.087516749507,-176650.8495,-232375.353,-169382.436,-242066.571,-171805.2405,71.4876523948852,76.5841157821166,77.5279485351898,71.1799656506855,77.6116096226331,3.67069918078942,3.29393845946977,2.39235665718371,4.60664436554171,2.3807768656575,59.9883505728546,59.7271611032781,60.610027774132,58.6238684219449,60.3682355135114,60.6735111081648,16.3444155286421
68.1113794182075,-176650.8495,-232375.353,-169382.436,-242066.571,-171805.2405,69.2624537387777,74.587225364245,77.504089066708,69.0891069251912,77.3319317618783,4.09194656092487,3.49491005834331,2.32057208263654,4.99237773964011,2.3245070014373,58.9469529986514,58.6996144102493,60.0628293612829,57.5031497784187,59.6711434142886,60.3655722400369,17.2243134429821
68.0990509298022,-176650.8495,-232375.353,-169382.436,-242066.571,-171805.2405,68.4167159936292,72.3811462797945,77.3991615399912,68.3545036874565,76.7037031963807,4.23050335428675,3.75901831450689,2.27250054591453,5.08867114780193,2.31102370805158,58.4390669427175,57.6097973050161,59.5889566398489,56.987788709823,58.9398758406303,59.8130375055495,17.6617170705617
68.0713950718736,-176650.8495,-232375.353,-169382.436,-242066.571,-171805.2405,68.1750143972501,70.5845142040438,77.1217017469287,68.158327768761,75.7053981146544,4.24526786201516,3.98494579676136,2.25080603066035,5.08139280711318,2.331842968936,58.2320663549231,56.6506304931809,59.1398322268134,56.7753316597016,58.1001705278214,59.2694307952542,17.894255465486
78.454643745526,-176650.8495,-232375.353,-169382.436,-242066.571,-171805.2405,68.120771862545,69.3924102630687,76.586008875335,68.1179331401343,74.4429678050953,4.22866836416607,4.12572788629757,2.25718927458501,5.05393768708655,2.36983103486163,58.1387931064261,55.9339920502297,58.6549913863988,56.6730997976569,57.1199495979042,58.85111258911,18.0353542469968
78.4774187899993,-176650.8495,-232375.353,-169382.436,-242066.571,-171805.2405,69.5942821704346,68.7529110984006,75.7679596146875,69.6954706871696,73.0804292615709,3.92247483007449,4.28811978296548,2.34513115769524,4.7282245376951,2.49170169806434,58.8330970497193,55.8041656956391,58.5093511886241,57.462237241753,56.6046905337906,58.5237143529054,17.7756520064946
78.4831908371661,-176650.8495,-232375.353,-169382.436,-242066.571,-171805.2405,73.9874796398943,69.3064836483194,74.7003827589456,74.2098276490061,71.7450765579344,3.13909376821921,4.40947868066835,2.56611259801801,3.90380954878675,2.77528066006112,60.5407714831885,56.7141172151635,58.9280037956516,59.3931533647936,56.952833468556,58.382001933819,16.7937752557534
78.4344088697635,-176650.8495,-232375.353,-169382.436,-242066.571,-171805.2405,76.8419430134751,71.4615294362945,73.5935231851475,77.0088589313759,70.8195309902249,2.72560179057734,4.11498187472256,2.78035358052423,3.4653752457154,2.9939915578292,61.3552795090324,57.9679654263902,59.0364896330366,60.3176002795209,57.1078603418815,58.5626130979099,16.0803040493687
78.4444697634198,-176650.8495,-232375.353,-169382.436,-242066.571,-171805.2405,78.000931791054,73.9654211090175,72.7535676213856,78.0874441357424,70.7718219489527,2.58240640651124,3.71646489074762,2.9479895563901,3.31831311254539,3.08972115510383,61.6555271051963,59.0249405829132,59.0243126209086,60.6564565856849,57.4849833949101,58.8329985918568,15.6548951212982
78.4618321711925,-176442.4127,-231731.0938,-169230.8456,-241346.5166,-171634.7013,78.3836867497417,75.8841710494924,72.3029949253459,78.4208031438821,71.5899374344813,2.53900333807634,3.42617109188223,3.05560401272268,3.27324516416371,3.06505802774958,61.7784812903652,59.7227404056163,59.0691210751183,60.8023799430194,58.2094807886215,59.049412951147,15.3590816345945
78.4722839415863,-176442.4127,-231731.0938,-169230.8456,-241346.5166,-171634.7013,78.4926872647166,77.0840646183767,72.2549859080723,78.5074216188142,72.8511811704222,2.53112661947186,3.26547492245872,3.10162853270553,3.26965955227069,2.96318443336547,61.8358073731853,60.1273193392503,59.2174871830564,60.8696774988297,59.0107075247208,59.2238073999177,15.1310740602723
78.4280927027464,-176442.4127,-231731.0938,-169230.8456,-241346.5166,-171634.7013,78.5182346342257,77.751297062934,72.595355283156,78.5246708468265,74.1458384695715,2.53309226734436,3.18626286493496,3.08680862520225,3.27535229073601,2.83929086431366,61.8742802728629,60.3729987797388,59.4952629384381,60.917582074872,59.7014303348446,59.3807206655541,14.9208069125312
78.4793272859175,-176442.4127,-231731.0938,-169230.8456,-241346.5166,-171634.7013,78.5226258450481,78.0956709891908,73.2307407882399,78.5264884152513,75.2597998023512,2.53723990975605,3.15235894107144,3.02245759537627,3.28259696201075,2.72735133293796,61.9058794630104,60.5304674350904,59.8517348751438,60.9582583797588,60.2225453195673,59.5270543320822,14.7220047411525
78.4655489796664,-176442.4127,-231731.0938,-169230.8456,-241346.5166,-171634.7013,78.5210295873295,78.2647050200372,74.0104056701953,78.524110642864,76.1331287546261,2.54154151644182,3.14107027675754,2.93089947059979,3.28950435705286,2.6390870769326,61.9324073602074,60.6363740383226,60.2134541042155,60.9927708777205,60.592953359953,59.664657232757,14.5421026977846
78.4298515932802,-176442.4127,-231731.0938,-169230.8456,-241346.5166,-171634.7013,78.5190231541128,78.3443029342024,74.7989385046084,78.5219833583143,76.7809013220202,2.54517950826371,3.13992665427163,2.83408635582933,3.29522425377286,2.57425670172645,61.954112131565,60.7095513707611,60.5306795443806,61.0210747399146,60.8493603728045,59.7962182124314,14.388673473864
78.478269065899,-176442.4127,-231731.0938,-169230.8456,-241346.5166,-171634.7013,78.516675266695,78.3801803839227,75.5126077354311,78.5196098861469,77.2437646837141,2.54813422908096,3.14262823667743,2.74587767369563,3.29981455910122,2.52857867514111,61.9709722932662,60.7605886583516,60.7859946645009,61.0430464279503,61.0244251549336,59.9242682427073,14.2650333736963
78.4750708968991,-176442.4127,-231731.0938,-169230.8456,-241346.5166,-171634.7013,78.5145859753446,78.3951966866903,76.1152811253502,78.5175603994185,77.5653055156205,2.55041236130331,3.14631845594874,2.6720663382123,3.30332545602225,2.49732486667979,61.9836622978669,60.7962704334319,60.9818701533475,61.059571681632,61.142982331103,60.0498754559061,14.1694474781664
78.4355731241446,-176442.4127,-231731.0938,-169230.8456,-241346.5166,-171634.7013,78.5128211281416,78.4005526503158,76.6012756253661,78.5158312177257,77.783508337389,2.55212398306104,3.14982384087303,2.61340057791345,3.30594906918079,2.47644853190216,61.9929841724806,60.8212119402142,61.1281490092747,61.0716972230347,61.2227458062791,60.1726349286635,14.0977460029305
92.6340458095482,-176442.4127,-231731.0938,-169230.8456,-241346.5166,-171634.7013,78.8045769010792,78.4046966356454,76.980603614211,78.8453870882498,77.9285751283286,2.51700929293537,3.1551682988218,2.57105949196128,3.25968356000185,2.46546571473699,62.0542723991708,60.8551331159483,61.2526602635987,61.1536641093541,61.2940399927538,60.2911743877791,13.9683863584573
92.7035154722428,-176442.4127,-231731.0938,-169230.8456,-241346.5166,-171634.7013,82.2299026229167,78.6876791560373,77.2712026325812,82.5346322128534,78.0295738014703,2.14660955461097,3.14365937862641,2.56251207735568,2.78773276221431,2.48109494966728,62.5893154466237,61.073866778024,61.4907977720703,61.8477789663442,61.4998250859496,60.4057825660957,13.1216087224747
92.6749536585687,-176442.4127,-231731.0938,-169230.8456,-241346.5166,-171634.7013,86.6873279836535,80.0657452882374,77.4940065910387,87.0874594304505,78.182543332103,1.78561192597036,2.9782096065757,2.56121970941903,2.34175384176013,2.48933460544728,63.0759981769885,61.4734251394976,61.7056390832024,62.4608665264468,61.707507807508,60.5415869386608,12.1561296891725
92.697807001716,-156111.8079,-168891.0426,-154444.9512,-171113.5182,-155000.5701,89.4100990622878,82.0847538029958,77.6709521344346,89.660482214808,78.5585877980675,1.44310184873627,2.09201702007165,2.40238003560762,1.5594950952761,2.29073194065446,63.5611251732759,62.7941446953974,62.3093489151693,63.4421630963079,62.3903174717424,60.6846783123879,9.78772594034609
92.6754779955513,-156111.8079,-168891.0426,-154444.9512,-171113.5182,-155000.5701,91.0137998200719,84.3333317366065,77.8942825914438,91.1664012874055,79.2892562707439,1.36358814554519,1.89515492905871,2.38012073089165,1.48000427681072,2.211753447439,63.6575176984977,63.038881366425,62.3890149762739,63.5398999912111,62.5436405672692,60.8539008529646,9.33062152974526
92.7012308599998,-156111.8079,-168891.0426,-154444.9512,-171113.5182,-155000.5701,91.8669985386513,86.3912778535686,78.2543035209749,91.9588361473736,80.3468748240462,1.32473342035762,1.74201159120513,2.33943684957299,1.44135970979299,2.10122752334109,63.7083505918829,63.2247944705696,62.4793921803996,63.5916355146065,62.7204289250523,61.0330418814065,8.94876909426982
74.892255143337,-156111.8079,-168891.0426,-154444.9512,-171113.5182,-155000.5701,92.2946277080992,88.0706747203932,78.8086970821124,92.3489113191318,81.6047667671054,1.3061941750527,1.63295371436361,2.27520336431501,1.42322012758801,1.97972695526433,63.7363147714614,63.3570026636365,62.588428833696,63.6201579245476,62.8965438158735,61.2099872107987,8.61729833658367
74.9170621420641,-156111.8079,-168891.0426,-154444.9512,-171113.5182,-155000.5701,92.200872569582,89.3453650136352,79.558601947842,92.2148164027407,82.9254202645375,1.31063019376146,1.5582994962714,2.19051181979667,1.42996326852104,1.86377902110723,63.7392194009555,63.4477229511132,62.7112110525423,63.6215364411002,63.0533362662716,61.3803006843596,8.3531837994578
74.8911383350701,-156111.8079,-168891.0426,-154444.9512,-171113.5182,-155000.5701,90.2848116992515,90.1768000672722,80.4580505802693,90.1940531623522,84.205565548325,1.40066725741037,1.51275657383049,2.09364021880731,1.53298893678731,1.76139603072343,63.6527177384518,63.4994857664934,62.8311400168525,63.5224059700558,63.1783958399675,61.5446183826645,8.30144901755889
74.9126691203049,-156111.8079,-168891.0426,-154444.9512,-171113.5182,-155000.5701,86.7697510918545,90.3636285331069,81.4411451967692,86.5656151294023,85.3707488282685,1.59968085779466,1.50254396482873,1.99428097032476,1.75704633835203,1.67576678023247,63.4509110711054,63.504991764202,62.9360250867984,63.2951189681947,63.2691212637748,61.7065863600113,8.52931891153264
74.9337426780636,-156111.8079,-168891.0426,-154444.9512,-171113.5182,-155000.5701,82.9003249211717,89.7430228695667,82.4423407082051,82.6448683424768,86.3509823064537,1.88848391368638,1.5352254965078,1.90007944523166,2.07696566963475,1.60858563178378,63.1476006661092,63.4561466598865,63.0197797297669,62.9587749854908,63.3262999209858,61.8671088063672,9.00934015684436
74.9161529176573,-156111.8079,-168891.0426,-154444.9512,-171113.5182,-155000.5701,79.6346422148874,88.350351396897,83.4034339251008,79.4042127024734,87.0750176711231,2.21456428249062,1.6141878746027,1.8160135625875,2.42908872601834,1.56124268041266,62.7903797556302,63.3493690356722,63.0817746329166,62.5718345214156,63.3521373487256,62.0167438539872,9.63509712611181
74.9207597435311,-156111.8079,-168891.0426,-154444.9512,-171113.5182,-155000.5701,77.3757275810158,86.3935044678248,84.2744278023905,77.2142802351264,87.4812520021002,2.50090363504637,1.73902655527659,1.74505859991351,2.72774570226652,1.53489653621124,62.4600381140457,63.1872558581096,63.1264795955406,62.2248550707091,63.3511739233055,62.1318955862704,10.2476310287142
74.8152672776877,-156111.8079,-168891.0426,-154444.9512,-171113.5182,-155000.5701,76.0617975695694,84.1629512167117,85.0131558697016,75.9698814815713,87.5288001441494,2.69507110389385,1.90494361682012,1.68863109173937,2.92286241074452,1.53035864261386,62.2207148785513,62.9779238887054,63.1585251753943,61.9810806672115,63.3271703886635,62.1882370009877,10.7418668658117
74.8189408341942,-156111.8079,-168891.0426,-154444.9512,-171113.5182,-155000.5701,75.3935533618043,81.9440468438597,85.583648798418,75.3489824506806,87.202957621057,2.80090965915012,2.10071399089952,1.64709040053165,3.02582850291089,1.54813507121078,62.075486538297,62.7333009948426,63.1778301032348,61.8362073438462,63.2792225733894,62.1846366698111,11.122677624703
74.8146035100977,-153350.0203,-160354.6082,-152436.3784,-161572.7974,-152740.9257,75.0781894878763,80.0071865254373,85.9505685241685,75.0604665176789,86.5267002799937,2.81462148500321,2.2034701198545,1.60296533414829,2.93969566715855,1.56818139595696,62.0594667750858,62.6180179752558,63.2273926687342,61.9272710048389,63.253095306096,62.1495328894361,11.1289340021215
74.772171390157,-153350.0203,-160354.6082,-152436.3784,-161572.7974,-152740.9257,74.9315892697383,78.4009542003279,86.0934077330368,74.9251608087617,85.5378714890245,2.83564690653975,2.39131550355182,1.59208862738787,2.95907767154741,1.63034688874745,62.0093962526136,62.3777597483507,63.2149934592171,61.8779879290946,63.1516942964166,62.1197885580204,11.4084755977743
74.7778784354506,-153350.0203,-160354.6082,-152436.3784,-161572.7974,-152740.9257,74.8671575209681,77.1610963478995,85.9893153219026,74.8650083269295,84.2982442753031,2.84216769816408,2.55401869336128,1.59709408852276,2.96479601753798,1.71499881417946,61.97461191981,62.1586559158715,63.1826044087668,61.8430001629067,63.0170433583336,62.1047006879687,11.6730753117656
74.7908277617531,-153350.0203,-160354.6082,-152436.3784,-161572.7974,-152740.9257,74.8414695965965,76.2643915981295,85.6311551424113,74.8408115337683,82.8895128362418,2.84176086939613,2.68118062444082,1.6186700127038,2.96388546097617,1.82102260529666,61.9470782882575,61.9734807358933,63.1284443414779,61.8148027849936,62.8473484881656,62.0982451750394,11.9265195728136
74.7949356691119,-153350.0203,-160354.6082,-152436.3784,-161572.7974,-152740.9257,74.8322842541337,75.6533076196873,85.0372928092797,74.8321256298503,81.4082007256026,2.83837465920894,2.7710250679547,1.65671863996516,2.9600721289499,1.94496155833038,61.9225098042266,61.8257483700265,63.051385064086,61.789336041227,62.6431849438779,62.0933834244911,12.1711520544091
85.8820098835824,-153350.0203,-160354.6082,-152436.3784,-161572.7974,-152740.9257,74.9913233678245,75.260047376434,84.2540569335569,74.9921405229026,79.9565459667454,2.8066142186656,2.82945929458375,1.71025887971166,2.92709967724318,2.08070124643433,61.9354582578198,61.7180560204229,62.9564255573306,61.8024298187549,62.4157123658321,62.0850229167401,12.3541333166385
85.8392016052061,-153350.0203,-160354.6082,-152436.3784,-161572.7974,-152740.9257,77.1589727604529,75.1388591298783,83.345035140099,77.1688399220945,78.6279332574409,2.47362620993078,2.85790287410353,1.78127136292277,2.58368519053479,2.2276514974274,62.3455880592352,61.7316458698903,62.8964589510953,62.2259985548571,62.2442060994603,62.0739380131567,11.9241371349192
85.8509843914183,-153350.0203,-160354.6082,-152436.3784,-161572.7974,-152740.9257,80.4331692962653,75.7125745794764,82.3803676159139,80.4531061005897,77.5217521640172,2.08062671182304,2.77462638567269,1.86455950595711,2.1770513695568,2.3687882344931,62.8217561357503,61.9029627674887,62.8452103513462,62.7192122270145,62.1141974466037,62.0876811942595,11.2656522075027
85.8818941540512,-153350.0203,-160354.6082,-152436.3784,-161572.7974,-152740.9257,82.9452115839727,77.1158869948327,81.4370941223128,82.9722134799665,76.7984261364265,1.84642828934998,2.56712304888913,1.95221781104178,1.93385395512243,2.47072731129684,63.0999910216192,62.1900293013267,62.7791026973809,63.0081423344815,62.0265675949993,62.148833882016,10.7703504157001
85.8886959022483,-153350.0203,-160354.6082,-152436.3784,-161572.7974,-152740.9257,84.4320314021888,78.9402242851804,80.5696294026645,84.4604079636471,76.6187898798773,1.72918620561187,2.32921709421866,2.03905932654453,1.81208552992347,2.50173257624582,63.2412674834162,62.4898412768539,62.7062633378119,63.1547922476647,62.0300066168451,62.2370897379533,10.4112807325444
85.8419714658082,-153350.0203,-160354.6082,-152436.3784,-161572.7974,-152740.9257,85.2062100959158,80.722274823109,79.8048773350075,85.2299339816954,76.9993359124563,1.67362841971464,2.13000707965183,2.12129746524281,1.754727800821,2.45533358031136,63.3119973644141,62.733361229591,62.6340355389714,63.2278901735456,62.1348651010037,62.324114836699,10.1349943457416
85.85281060018,-153350.0203,-160354.6082,-152436.3784,-161572.7974,-152740.9257,85.5795051035002,82.2088449796225,79.1902527067024,85.5962510343219,77.7906141185972,1.6482527076922,1.98533086735192,2.19188396777519,1.7288668295337,2.35638932519083,63.3482195222833,62.9090325707489,62.5723734240739,63.265093257725,62.3019875377745,62.3968218143061,9.91072369754385
85.8881820237028,-153194.6948,-159874.5112,-152323.4144,-161036.2184,-152613.8412,85.7500255818257,83.3343770932225,78.8039669570647,85.7606276597607,78.7868637463849,1.6356389722694,1.88200774561702,2.23784779251669,1.71251937553669,2.23716207805557,63.3699878959328,63.0359511808492,62.5394691180534,63.2911691065294,62.4863605204648,62.454324407525,9.70517596399538
85.8689115416982,-153194.6948,-159874.5112,-152323.4144,-161036.2184,-152613.8412,85.8243733225424,84.1362710732389,78.7038113762042,85.8308277513287,79.823433919936,1.63108395652583,1.81750166076633,2.25205005046585,1.70810644046538,2.12369803713415,63.3818364479394,63.1174210685502,62.5418834572865,63.3033187983485,62.6520342988008,62.5004813176923,9.53244014535754
85.9220055404541,-153194.6948,-159874.5112,-152323.4144,-161036.2184,-152613.8412,85.8548628308167,84.6832966279202,78.8862593827285,85.8588690214866,80.7999261890717,1.629468143196,1.77596646373432,2.2325710596429,1.70662788779691,2.02505856745131,63.3900714860121,63.1728708563697,62.5833200302646,63.3118431552329,62.7921173007849,62.5389182656167,9.36969212182143
85.8830753326951,-153194.6948,-159874.5112,-152323.4144,-161036.2184,-152613.8412,85.8660440001516,85.044989390029,79.2913830128858,85.8687152269056,81.6674995487646,1.62912112909928,1.74964606396639,2.18755188506403,1.70638855458345,1.94368818780666,63.3964674990211,63.2109764558258,62.652933962175,63.318526978825,62.9058134413846,62.5721837604335,9.21639582051982
85.8615149741344,-153194.6948,-159874.5112,-152323.4144,-161036.2184,-152613.8412,85.8691540398978,85.2787406157517,79.8362219505082,85.8711287137479,82.4097213967431,1.62927575662178,1.73318939936308,2.12848143964427,1.7066231775409,1.8784128784019,63.4017100291895,63.2374133349833,62.7360161852621,63.3240406180193,62.9960620838471,62.6019146279081,9.07598265157195
85.876474966125,-153194.6948,-159874.5112,-152323.4144,-161036.2184,-152613.8412,85.8689912758636,85.4271891978786,80.444360371407,85.8706014634051,83.0281473764263,1.62960231342831,1.72303027380676,2.06524689814312,1.70700980188651,1.82687181019841,63.4060495272756,63.2559044725562,62.8205737829126,63.3286201064724,63.0667754472758,62.6290858763975,8.95176109746311
86.2118086908292,-153194.6948,-159874.5112,-152323.4144,-161036.2184,-152613.8412,85.8673696970754,85.5200291402225,81.0590709054954,85.8687795658743,83.5332927027472,1.6299776447197,1.71685004173561,2.00429931120319,1.70743208516705,1.78657959727193,63.409600439633,63.2689333180733,62.8993727097331,63.332373307313,63.1217377258881,62.6542424265557,8.84513868009747
86.2270378486623,-153194.6948,-159874.5112,-152323.4144,-161036.2184,-152613.8412,85.8814477729361,85.5774254081916,81.6440873617083,85.8831443042488,83.9393924178659,1.62924903495935,1.71315131045965,1.9490091751679,1.70666817033996,1.75531877731916,63.4136352688656,63.2782889818415,62.969228849414,63.3366506161629,63.1643240135128,62.6776930374176,8.753396468246
86.2192412331197,-153194.6948,-159874.5112,-152323.4144,-161036.2184,-152613.8412,85.9356592240675,85.615940755639,82.1792692894438,85.9382386297126,84.2615733284003,1.62578407632166,1.71075028759415,1.90066961045977,1.70301237368073,1.73122509382845,63.4199621071878,63.2855076889618,63.0294547266595,63.3433451780219,63.1973756106976,62.6996563428843,8.67144144188476
86.18417127487,-153194.6948,-159874.5112,-152323.4144,-161036.2184,-152613.8412,86.0086911700112,85.6505296813173,82.6555969057028,86.0118808466756,84.5146907099552,1.62104238114088,1.70858141982729,1.8593629131706,1.69804504983611,1.71272577965811,63.4271336081778,63.291750434624,63.080359426453,63.3508901185788,63.222976587727,62.7204119485931,8.59975754363299
86.1893467313349,-153194.6948,-159874.5112,-152323.4144,-161036.2184,-152613.8412,86.0743786853947,85.68950921202,83.0711767590428,86.0775908930992,84.7129087710343,1.61678723511342,1.70605678662409,1.82458214468098,1.6936230225871,1.69849466308238,63.4333897878441,63.2976433078886,63.1227898412325,63.3574326187698,63.2427985240749,62.7403158990149,8.53954385208797
86.194847953153,-153194.6948,-159874.5112,-152323.4144,-161036.2184,-152613.8412,86.1221980568698,85.7336072597762,83.4284752961882,86.1250481273169,84.8691001964936,1.61371351237679,1.70313349864434,1.79557730742344,1.69045532913465,1.68743366160571,63.4380837087231,63.3033075672813,63.1578523411384,63.3623152310121,63.2582549822586,62.7596712946502,8.49031330918493
86.2347117445054,-152935.1509,-159072.2846,-152134.6552,-160139.6122,-152401.4871,86.1527479265172,85.7791057871192,83.7321322154078,86.1550724517271,84.9938858181633,1.60927002020325,1.6922321924101,1.7696490442544,1.67976643150964,1.67662375640227,63.44453630086,63.3175877888483,63.1899987613439,63.3750361366524,63.2739705355819,62.7785911376108,8.42754144477966
86.253643062645,-152935.1509,-159072.2846,-152134.6552,-160139.6122,-152401.4871,86.1709452576289,85.8221935280408,83.9888034245845,86.1728307347948,85.0959098757468,1.60813579785316,1.68934193058832,1.74979831543526,1.6786232885017,1.66953801390809,63.4467174714019,63.3222465612145,63.2136280725109,63.3772812075464,63.2838123694571,62.7974127624356,8.39543734628652
86.2657751760684,-152935.1509,-159072.2846,-152134.6552,-160139.6122,-152401.4871,86.1809772746477,85.8599921232154,84.2050031150634,86.182543115072,85.1811145558406,1.60752921169935,1.6868057716204,1.73338182733765,1.6780187252475,1.66365795305995,63.4481747130258,63.3262158660006,63.2330705260588,63.3787807166581,63.2919240026737,62.8160973821009,8.36939348896483
86.2489902261552,-152935.1509,-159072.2846,-152134.6552,-160139.6122,-152401.4871,86.1858302863517,85.8911468442455,84.3870160370037,86.1871793910103,85.253444472091,1.60725457761957,1.68471957429388,1.71977222537966,1.67775102707797,1.65869161757856,63.4491433355366,63.329466890474,63.2491198101325,63.3797784757045,63.2987148744441,62.8344593448331,8.34818902194965
86.2404776069545,-152935.1509,-159072.2846,-152134.6552,-160139.6122,-152401.4871,86.1877437919565,85.9155114650567,84.5405032570948,86.1889565327454,85.3153935365152,1.60716581351638,1.68309418678676,1.70844270358102,1.67767028112014,1.65445579766359,63.4498010891774,63.3320433825967,63.262431269235,63.380457901486,63.304454349595,62.8523472157278,8.33082878266789
86.2150741141368,-152935.1509,-159072.2846,-152134.6552,-160139.6122,-152401.4871,86.1884754951104,85.9337250124803,84.6703190649043,86.1896136458712,85.3685227664679,1.60714851083558,1.68188596461092,1.69896394926562,1.67765912553644,1.65083610312308,63.4502879939433,63.3340335667728,63.2735337772328,63.3809633496451,63.3093214436181,62.8696637652582,8.31649365337163
86.2380144577942,-152935.1509,-159072.2846,-152134.6552,-160139.6122,-152401.4871,86.1886457736619,85.9468442871631,84.7804796307422,86.1897430506956,85.4138685202059,1.607162936716,1.68102235503986,1.69099361741116,1.67767831129789,1.64775640134543,63.4506623702662,63.3355424605603,63.2828427031796,63.381353591914,63.3134379467994,62.8863389495555,8.30461362181032
86.2655223063907,-152935.1509,-159072.2846,-152134.6552,-160139.6122,-152401.4871,86.1883537345103,85.9559912783183,84.8742288340273,86.1894253247471,85.452221399381,1.60720347129004,1.68042645646833,1.68426282962872,1.6777233207991,1.64515880426476,63.4509437958243,63.3366712237191,63.2906813054362,63.3816477631837,63.316895705947,62.9023111871197,8.29477488245095
86.2186442043005,-152935.1509,-159072.2846,-152134.6552,-160139.6122,-152401.4871,86.187741315477,85.9621461834236,84.9541549981371,86.1887958483297,85.4842845474208,1.60726150134559,1.68003134397636,1.67856180987979,1.67778570055063,1.64299251225634,63.4511523092655,63.3375064805064,63.2973017205481,63.3818662755749,63.3197733410914,62.9175208383389,8.2866328680087
86.2509727213813,-152935.1509,-159072.2846,-152134.6552,-160139.6122,-152401.4871,86.1869847321494,85.9661016013523,85.0223228695202,86.1880286523473,85.5107417442707,1.60732601678241,1.67978309366382,1.67372630716172,1.67785420377431,1.64120890169211,63.4513083354249,63.3381182679994,63.3029015529153,63.3820302380893,63.322142893585,62.9319116494284,8.27989852307437
86.2084902231874,-152935.1509,-159072.2846,-152134.6552,-160139.6122,-152401.4871,86.1862082388802,85.9684790351516,85.0803972430992,86.1872464814012,85.5322729633442,1.60738931973599,1.67963954012373,1.66962604168731,1.67792097000787,1.63976027111635,63.4514272291351,63.3385617588098,63.3076373997073,63.3821555417167,63.3240718065807,62.9454356725055,8.27433614267125
86.2329361660635,-152935.1509,-159072.2846,-152134.6552,-160139.6122,-152401.4871,86.1858458594964,85.9697658869229,85.1297461021115,86.1868881641877,85.5495458576781,1.60742323034307,1.6795678156653,1.66615574006622,1.67795644815192,1.63860041734407,63.4515444684424,63.3388822199739,63.3116375305288,63.3822794076386,63.325625025993,62.9580577773347,8.26970365157058
86.2175258099352,-152885.0459,-158917.4146,-152098.2152,-159966.5222,-152360.4921,86.1858833366421,85.9703506361926,85.1714972799613,86.1869259537423,85.5631816372912,1.60694564410343,1.67803347262353,1.66287642106639,1.67628118676135,1.63729363251629,63.4522757658177,63.3408271535722,63.3155980167492,63.3841998986936,63.3275059296022,62.9697498361775,8.26143035707099
86.2294156991798,-152885.0459,-158917.4146,-152098.2152,-159966.5222,-152360.4921,86.1859090202086,85.9705801485503,85.2066660542098,86.1869486468798,85.5738032048648,1.60695071385877,1.6780292646169,1.66041894048924,1.67628702358386,1.63658314274125,63.4523731714523,63.3409999177034,63.3184192631385,63.384301990802,63.3284743241603,62.9805651433853,8.25826908529002
86.2163277369422,-152885.0459,-158917.4146,-152098.2152,-159966.5222,-152360.4921,86.1861502739924,85.9706373613939,85.2361205937839,86.1871913068518,85.5819629883782,1.60694035366438,1.6780348982367,1.65836566845314,1.67627648643274,1.63603838368933,63.4524678585947,63.341133104206,63.3207733109994,63.384401312288,63.3292269805601,62.9905145856599,8.2556557904763
86.2163371066474,-152885.0459,-158917.4146,-152098.2152,-159966.5222,-152360.4921,86.1863848896774,85.9706454363724,85.2606336632585,86.1874249265346,85.5881521723286,1.60692940276457,1.67804215690236,1.65666022067684,1.67626544265568,1.6356259794051,63.4525475488186,63.3412390670742,63.3227256406049,63.3844846998401,63.3298053929888,62.9995938502765,8.25352320240454
86.1964181730412,-152885.0459,-158917.4146,-152098.2152,-159966.5222,-152360.4921,86.1864199972878,85.9706560681619,85.2808984677377,86.1874559298683,85.5927949623202,1.60693073493125,1.67804770822972,1.65525256069225,1.67626730197886,1.63531718263423,63.4526015030787,63.3413245615999,63.3243340079926,63.3845409962969,63.330245141709,63.0078165543731,8.25181548846631
86.1911078550529,-152885.0459,-158917.4146,-152098.2152,-159966.5222,-152360.4921,86.1863591453773,85.9706618278721,85.2975376900579,86.1873917872004,85.5962459825016,1.60693767747438,1.67805234764628,1.65409824241382,1.67627488424434,1.63508810391279,63.4526388693616,63.3413928860419,63.3256507645501,63.3845799976638,63.330577139474,63.015216308536,8.25045125569161
86.1907122508798,-152885.0459,-158917.4146,-152098.2152,-159966.5222,-152360.4921,86.1863276478371,85.9706503564749,85.3111082974761,86.187359202332,85.5987909344503,1.60694210276894,1.67805718103904,1.653157819099,1.67627967260244,1.63491955160076,63.4526699773182,63.3414465948698,63.3267223386052,63.3846125499143,63.3308266084684,63.0218392443616,8.24935632711018
86.2250314218875,-152885.0459,-158917.4146,-152098.2152,-159966.5222,-152360.4921,86.1861631154795,85.97061973448,85.3221041137917,86.1871918890202,85.6006533857452,1.60695480784399,1.67806246686769,1.6523964301209,1.67629313769813,1.63479644708622,63.452685184195,63.3414872539481,63.3275882194803,63.3846284033524,63.3310122229051,63.0277383581119,8.24850328961694
86.2365329789072,-152885.0459,-158917.4146,-152098.2152,-159966.5222,-152360.4921,86.186031975156,85.9705593465117,85.3309579252229,86.1870602552407,85.6020048222903,1.60696492265918,1.67806914396035,1.6517837770677,1.67630373864435,1.63470734876111,63.452697136558,63.3415169080467,63.3282841790768,63.384640973003,63.3311498717163,63.0329696895134,8.24782893109269
86.2600049091666,-152885.0459,-158917.4146,-152098.2152,-159966.5222,-152360.4921,86.1858599755653,85.9704727146166,85.3380442066824,86.1868870418421,85.6029742962004,1.60697741013076,1.6780770716644,1.65129366512277,1.67631683272696,1.63464359474467,63.4527017927628,63.3415371820587,63.3288399605707,63.3846458743593,63.3312507425514,63.037589778115,8.24730857438957
86.2402971174745,-152885.0459,-158917.4146,-152098.2152,-159966.5222,-152360.4921,86.1855069440909,85.9703556689474,85.3436828063979,86.186530708524,85.6036581511638,1.60700156034489,1.6780865944343,1.65090375598404,1.67634215160076,1.63459870006181,63.4526903979435,63.3415485505888,63.3292804438964,63.3846339379568,63.3313228987747,63.0416544447999,8.2469327624258
86.2007359337808,-152885.0459,-158917.4146,-152098.2152,-159966.5222,-152360.4921,86.1852866482037,85.9701933049806,85.3481435836869,86.186311601602,85.6041271091882,1.60701676162018,1.67809892903603,1.65059539611522,1.67635787107062,1.63456806047375,63.452685138894,63.3415525161025,63.3296285487276,63.384628647986,63.331374367192,63.0452172629609,8.24663701831581
86.2297914892989,-153241.7935,-160020.089,-152357.668,-161198.923,-152652.3765,86.1853983087784,85.9702072870504,85.3517612685594,86.1864749460766,85.6045506731437,1.61045124177045,1.68883293738933,1.65284603789838,1.68831603825723,1.63733407040158,63.4483448297154,63.3293767112799,63.3257197611655,63.3718713422343,63.3268272160768,63.0483613626136,8.27778032571697
86.2751486285465,-153241.7935,-160020.089,-152357.668,-161198.923,-152652.3765,86.1854281317912,85.9702241001,85.3546076461914,86.1865361736487,85.6048507923962,1.61044974496013,1.68883259810769,1.6526492684277,1.6883123394825,1.637314539529,63.4483535200874,63.3293889758514,63.325943651007,63.3718825873017,63.3268615932451,63.050765974405,8.27755849050702
86.2672187210154,-153241.7935,-160020.089,-152357.668,-161198.923,-152652.3765,86.1853403989172,85.9702405504137,85.3568336984254,86.1864640908735,85.6050607814247,1.61045589552523,1.68883205897689,1.65249536445257,1.6883176860398,1.63730089860446,63.4483526234056,63.3293981984651,63.3261180793583,63.371882753875,63.3268859765796,63.0524878488086,8.27740190359896
72.7417579793528,-153241.7935,-160020.089,-152357.668,-161198.923,-152652.3765,86.185229932373,85.9702398391779,85.3585653549043,86.186361585834,85.6052067299628,1.61046345984439,1.6888325540974,1.65237563566898,1.68832503056727,1.63729144621716,63.4483489521016,63.3294041249183,63.3262534215816,63.3718794965018,63.3269033090812,63.0537771834318,8.27728812639519
72.7097797781763,-153241.7935,-160020.089,-152357.668,-161198.923,-152652.3765,85.9696894274314,85.9683334378763,85.3599052027088,85.9658492148425,85.6053010046206,1.62479731295645,1.6888893986685,1.65220335711759,1.70360107139962,1.63720599587895,63.4333916888965,63.3282597679498,63.3252959161171,63.3559425779541,63.32583481707,63.0548391995709,8.3066971360211
72.6635095514942,-153241.7935,-160020.089,-152357.668,-161198.923,-152652.3765,84.430319768997,85.904227547953,85.3609176931142,84.3984705308216,85.6045952403378,1.73439744970368,1.69273935367242,1.65149717043041,1.81991681139442,1.63662053324338,63.3181369669445,63.3156463093483,63.316886320906,63.2336233632549,63.3171590959595,63.0557904919397,8.53517131844432
72.6852186520131,-153241.7935,-160020.089,-152357.668,-161198.923,-152652.3765,81.5824579497787,85.5655026995831,85.361431066186,81.5154566815607,85.5942385357671,1.97664291562045,1.71508919293037,1.64989976002318,2.07567783224403,1.63576849375257,63.0576572788066,63.2712800061952,63.2960569639618,62.9585011788823,63.2951933062301,63.0542756455309,9.05307819457059
72.7282801224616,-153241.7935,-160020.089,-152357.668,-161198.923,-152652.3765,78.4326422803263,84.7251325322633,85.3597774300592,78.3505949139565,85.5420219680257,2.32292265992246,1.77412282302374,1.64737790574039,2.4380290629913,1.63667498846484,62.6693469105268,63.172746243109,63.2606250077622,62.551660538831,63.2553273681077,63.0393545370686,9.81912744014271
72.7129447723709,-153241.7935,-160020.089,-152357.668,-161198.923,-152652.3765,75.8590078323867,83.3213235395461,85.3496081520564,75.789962676997,85.3876424789432,2.6874625010036,1.88217764719605,1.64459605857265,2.81388419394548,1.64364449062821,62.2339187396519,63.0062483588504,63.2130748396285,62.1013179013071,63.1954495593545,62.9871346974996,10.671764891346
72.7083465637799,-153241.7935,-160020.089,-152357.668,-161198.923,-152652.3765,74.2063893229889,81.4905623252449,85.3159181668011,74.1637995528811,85.0573712736116,2.96793920109907,2.0427480122789,1.6432263380574,3.09774532946858,1.6625283319121,61.8689007396655,62.7723551962335,63.1609328230782,61.7295103928176,63.1172485538452,62.8707792647826,11.414187212816
82.9513145592252,-153241.7935,-160020.089,-152357.668,-161198.923,-152652.3765,73.3530540629545,79.4906450716411,85.2323137285634,73.3328545915248,84.4870835076583,3.12500069841944,2.24823756151913,1.64554336653454,3.25379522513087,1.69911091723044,61.6356435586695,62.4832873703596,63.1085239965733,61.4949058253117,63.0193410210782,62.6898951530209,11.9716877688344
82.9517319530557,-153241.7935,-160020.089,-152357.668,-161198.923,-152652.3765,74.1340741640716,77.6177904849575,85.0604233449989,74.1329917774258,83.6409190544549,2.96988433340102,2.48124379458426,1.65672371291579,3.09128182380241,1.76123106199034,61.8046660461382,62.2075432171676,63.0859352923058,61.6727039853961,62.9303624361659,62.4860197425203,11.9603647266938
82.9422088803304,-152987.2601,-159233.3494,-152172.5528,-160319.6258,-152444.1219,76.8778557956476,76.3529249717837,84.7532908362012,76.8800126453285,82.5273268293525,2.51707268318215,2.66223817761874,1.6791617226034,2.61806748468298,1.85205008480891,62.3545979463232,62.0609692859217,63.0987819679274,62.2477869532313,62.8592229397857,62.3353835729009,11.3285901528962
82.9059461585655,-152987.2601,-159233.3494,-152172.5528,-160319.6258,-152444.1219,79.4813205416223,76.1384432806493,84.2725864386099,79.4799470918548,81.235727716397,2.18397394009846,2.70236552286925,1.71602122161168,2.27582429506767,1.96959179372592,62.7429818040744,62.058708419564,63.0832083846306,62.6472968753829,62.7413810234744,62.2983685227517,10.847776773373
82.9574074415559,-152987.2601,-159233.3494,-152172.5528,-160319.6258,-152444.1219,81.1781897506082,76.8583575927958,83.6259725388715,81.1785254850861,79.9664359445544,2.00524620783014,2.59592057374606,1.76643267793873,2.09110992192482,2.09712287011861,62.9479617314253,62.2012874017649,63.0413089581389,62.8589938758817,62.5967748742699,62.3558764091824,10.5558322515583
82.9160057929313,-152987.2601,-159233.3494,-152172.5528,-160319.6258,-152444.1219,82.1097692739729,78.0413337915815,82.8758144795861,82.1136941065223,78.9698127280095,1.91781322473952,2.43183374322565,1.82760902860308,2.00034857413136,2.20704228240309,63.0484263174342,62.3952847285117,62.9801902819022,62.9629546761919,62.465229301071,62.446945195227,10.3846468531027
82.9359320248542,-152987.2601,-159233.3494,-152172.5528,-160319.6258,-152444.1219,82.5725245147213,79.272238794001,82.0973873008493,82.5779176702155,78.421782509306,1.87696719911358,2.27821861815308,1.89486899657934,1.95794714262932,2.27184720255776,63.0963740414421,62.5712120547047,62.9079750095397,63.0124485730371,62.3879958023074,62.5275508021089,10.2798491590331
78.809845618119,-152987.2601,-159233.3494,-152172.5528,-160319.6258,-152444.1219,82.7540830603392,80.3269384728005,81.3503140653229,82.7580229940535,78.3399280621854,1.86150405273941,2.15931075643867,1.96354430109302,1.9420719786338,2.28254744727437,63.1161480531342,62.7062278148819,62.8320548169116,63.0326190262914,62.381305374977,62.5837042397229,10.2089785361793
78.7696495038812,-152987.2601,-159233.3494,-152172.5528,-160319.6258,-152444.1219,82.3198531119315,81.1122012315352,80.6882319224491,82.3109703770907,78.6107798678764,1.89959490234864,2.07712808462372,2.02753993088322,1.98266202569711,2.25032854873477,63.0756997621053,62.7943178321445,62.7544680248662,62.989394729545,62.4236708800875,62.6189761865303,10.2372534922874
78.8320679582793,-152987.2601,-159233.3494,-152172.5528,-160319.6258,-152444.1219,81.3133589194224,81.5327252388852,80.1656080336157,81.2891817732145,79.0741813578679,1.99304249132345,2.03453519253884,2.07963594357347,2.08090120747941,2.19574667817356,62.9715043114604,62.8313578704215,62.6810946861013,62.8797761871487,62.48469321755,62.6396937390082,10.3838615130887
78.7596376449379,-152987.2601,-159233.3494,-152172.5528,-160319.6258,-152444.1219,80.300525455857,81.541121994167,79.8215730470519,80.2729924344385,79.5796351586988,2.09539698215273,2.03250764646035,2.114326366594,2.18719754233955,2.13837655870918,62.8546209734572,62.8210989103673,62.623933653302,62.7582716232373,62.545070629666,62.6466674677483,10.5678050962558
78.7604225156731,-152987.2601,-159233.3494,-152172.5528,-160319.6258,-152444.1219,79.5827268907861,81.2192271679685,79.6602295019101,79.5616609808519,80.011453201984,2.17343718337203,2.06301737566472,2.13016490325005,2.26713847759201,2.09128120314004,62.7632412010136,62.7760523752805,62.5904606976717,62.6645218375425,62.5932726999986,62.6380511516512,10.7250391430189
78.7922116892571,-152987.2601,-159233.3494,-152172.5528,-160319.6258,-152444.1219,79.1696111329543,80.7234875810684,79.6474874044866,79.1570576721512,80.3006507515422,2.22045430923783,2.11249269462922,2.13034691724275,2.31465782649644,2.06058446470097,62.7062705223145,62.7122584031064,62.5791770184755,62.6068125886231,62.6229898253794,62.615519399809,10.8385362123072
78.797619520924,-152987.2601,-159233.3494,-152172.5528,-160319.6258,-152444.1219,78.9633999405571,80.1996515956222,79.725753814154,78.9571700923295,80.4242940457253,2.24436152718438,2.16733903669656,2.12099975152435,2.33853261825432,2.04732442726952,62.6754288803838,62.6442117611003,62.5822240295567,62.5758915016468,62.6321390792144,62.5851004840649,10.9185573609291
78.7432692636507,-158293.3796,-175634.0824,-156031.5488,-178649.8568,-156785.4924,78.8673000205943,79.7215334165794,79.8359465620393,78.8641985986031,80.3941788293646,2.31795751845703,2.40933754991087,2.14712474521091,2.57304420745353,2.09286854052225,62.549492094295,62.3028356181837,62.4715506233984,62.2736799818185,62.4935428039967,62.5485799014594,11.5403325615546
78.7931778032997,-158293.3796,-175634.0824,-156031.5488,-178649.8568,-156785.4924,78.8271061553704,79.354044159108,79.926510313214,78.8262948600742,80.240616269394,2.32232064762904,2.45294708944111,2.13662541176298,2.5773770190721,2.10753197621963,62.5399557973357,62.2450233991915,62.4767860891009,62.2636664554274,62.4645263141509,62.4977714786579,11.5968021441249
78.8067827106825,-158293.3796,-175634.0824,-156031.5488,-178649.8568,-156785.4924,78.8141645023295,79.0953816468114,79.9671377955478,78.8146912328038,80.009173913988,2.32337402420529,2.48418844210942,2.13149930010729,2.57826649133322,2.13041120831458,62.5343984494053,62.2015253012805,62.4754481648643,62.2577767443044,62.423987614452,62.4430420218632,11.6477394660698
78.7651581987893,-158293.3796,-175634.0824,-156031.5488,-178649.8568,-156785.4924,78.8120921982109,78.9253731855978,79.9453626740371,78.8132595608219,79.7436608640882,2.32310879048305,2.50476154849879,2.13295744457944,2.57782556014956,2.15727329837047,62.530467453621,62.1702761978716,62.465630811479,62.2535130498551,62.3774430459144,62.3942099977112,11.6959266420813
78.8324651814257,-158293.3796,-175634.0824,-156031.5488,-178649.8568,-156785.4924,78.8131590528735,78.8198287880138,79.8636453825328,78.8145741176749,79.4791714409315,2.32247361549531,2.51731641296129,2.14074991541977,2.57703764524291,2.18455910593092,62.5270814349642,62.1482961748944,62.447540896463,62.2497645564456,62.3298629643971,62.3527457611771,11.7421366950502
78.7749838149547,-158293.3796,-175634.0824,-156031.5488,-178649.8568,-156785.4924,78.8146328868875,78.7574432901688,79.7339713077039,78.8161251388263,79.2392548413129,2.32181177104006,2.52441877367332,2.15371803068664,2.57624559624387,2.20970788942557,62.523912838311,62.1328154297299,62.4227338688785,62.2462228407666,62.285123405157,62.3171791319519,11.7859020610695
78.83978251955,-158293.3796,-175634.0824,-156031.5488,-178649.8568,-156785.4924,78.8155928886844,78.7221566674106,79.5726156120321,78.8170925916168,79.0362660683418,2.32124608424897,2.52809470928741,2.17027097681076,2.57557078364735,2.23123544012779,62.5209027978055,62.1217015807995,62.3934132894335,62.2428488951903,62.2457125843554,62.2860626775276,11.8264179941223
78.7902581303339,-158293.3796,-175634.0824,-156031.5488,-178649.8568,-156785.4924,78.8159646850639,78.7029813715241,79.3961496872931,78.8174533646567,78.8736779244737,2.32079451900679,2.52976538682106,2.18874196429588,2.57502759575123,2.24859909100016,62.518104078391,62.1134893597918,62.3619241761603,62.2397134227615,62.2127808607077,62.2584608786666,11.8629285568751
78.7583504118479,-158293.3796,-175634.0824,-156031.5488,-178649.8568,-156785.4924,78.8161867960707,78.6929385303227,79.2188994649215,78.817674503805,78.7490979348104,2.32040978818859,2.53034538366555,2.20762898903806,2.57456246398652,2.26193475714432,62.5156239558191,62.1072491034394,62.3304076075368,62.2369395545865,62.1864283553707,62.2337614004816,11.8948813820231
78.7600790281437,-158293.3796,-175634.0824,-156031.5488,-178649.8568,-156785.4924,78.8167652061584,78.6879205996382,79.0516812096889,78.8182706910366,78.6570550852308,2.32003315655498,2.53037493665621,2.22573608510246,2.57411143000066,2.27176818224389,62.5135561504447,62.1024248818838,62.3005827955301,62.2346304771565,62.1660775789662,62.2115087160544,11.9220237905582
78.7914829510251,-158293.3796,-175634.0824,-156031.5488,-178649.8568,-156785.4924,78.8177913275642,78.685710799285,78.9015122972561,78.8193149346338,78.5910855805679,2.31965299103424,2.53014212429214,2.24223065653365,2.57366419504445,2.27877460872597,62.5119103558422,62.0986889583812,62.2736403622904,62.2327929214812,62.1508120013495,62.1913430152828,11.9444645756305
78.7191226874838,-158293.3796,-175634.0824,-156031.5488,-178649.8568,-156785.4924,78.8185340916905,78.6850966810849,78.7719754806695,78.820053288876,78.54502544908,2.31935431387974,2.52979633951537,2.25663342829572,2.57331451323284,2.28361760340747,62.5105533139575,62.0958076459588,62.2502295302634,62.2312773712605,62.1396176711181,62.1729833104621,11.9627161983312
78.7722298606038,-203918.9926,-316658.7044,-189213.8128,-336265.6108,-194115.5394,78.7909726312943,78.6970696847017,78.6584229724915,78.7899626058909,78.5174807977269,2.79440204143024,3.83761181737874,2.49042285014091,4.15876542269319,2.52243209649584,61.3539101098997,58.9803380447154,60.5039233882891,59.4692754499072,60.1290209069223,62.0425034262315,15.8036342281389
73.7297674068928,-203918.9926,-316658.7044,-189213.8128,-336265.6108,-194115.5394,78.6347176812222,78.6931573605761,78.5700774959346,78.6080154525148,78.5021010854219,2.81359004208835,3.83382074207386,2.49649615686849,4.18598841004562,2.5203930727205,61.3165716907118,58.9569288219495,60.4597429484606,59.4129776702432,60.0987647424818,61.6131112951614,15.8502884237968
73.741331880635,-203918.9926,-316658.7044,-189213.8128,-336265.6108,-194115.5394,77.0793019907611,78.5314855469421,78.5054471093925,76.8682156951089,78.4893069113768,3.01662415443043,3.819148625326,2.47601756639069,4.45873891773827,2.4902781963888,60.9267550999694,58.719435856093,60.2453260136937,58.8473790483793,59.8634194499062,61.1714948055649,16.2608074602742
73.7411071409722,-203918.9926,-316658.7044,-189213.8128,-336265.6108,-194115.5394,75.2435855244395,77.8221481738502,78.4565329386576,75.0177491038851,78.4345793983621,3.27756744750788,3.86157235083288,2.43819166943098,4.75663091739293,2.44636238424946,60.3770224752545,58.2277561834019,59.9131258865274,58.1254976169826,59.4743297917111,60.7489840995342,16.7803247694141
73.7450152717868,-203918.9926,-316658.7044,-189213.8128,-336265.6108,-194115.5394,74.2633132603383,76.6768675092191,78.4015812260494,74.1444819941152,78.2412682518896,3.42138631897876,3.97601114625923,2.40676772651753,4.88746903726109,2.42104532638644,60.0216700889596,57.6464474328355,59.6160623331268,57.7044380625007,59.0827498515248,60.281479968233,17.112679555403
73.7683869403067,-203918.9926,-316658.7044,-189213.8128,-336265.6108,-194115.5394,73.9097497192599,75.5513783261102,78.2955953209044,73.8678618626985,77.8403255119429,3.4679971692115,4.1036735893056,2.38880776134446,4.91554655653885,2.42140577286605,59.8595182084278,57.1129814373118,59.3688397531289,57.5217231855879,58.6846590171073,59.8253804125016,17.2974308492665
73.7174595557419,-203918.9926,-316658.7044,-189213.8128,-336265.6108,-194115.5394,73.8109076796212,74.7227030186488,78.0836512924761,73.8010540088257,77.2495870672772,3.47489489565945,4.19806711684554,2.3858711458397,4.91059524737577,2.44086639619784,59.788566121263,56.6988934330241,59.1335999972881,57.4384336666347,58.2466455273616,59.4447108473943,17.4102948019183
67.3250515673951,-203918.9926,-316658.7044,-189213.8128,-336265.6108,-194115.5394,73.7898254741581,74.216116326291,77.7346341747843,73.7901587581653,76.5545249531392,3.47093646150316,4.24983433751087,2.3981276687002,4.89948637100905,2.46966281530254,59.7514921175082,56.4118547168812,58.8814341606763,57.3904385420993,57.7731588709804,59.1353709728432,17.4880476540258
67.3228710747555,-203918.9926,-316658.7044,-189213.8128,-336265.6108,-194115.5394,72.9578423050244,73.9156729578521,77.2638971705932,72.8352032274028,75.8588077864687,3.59692754413281,4.23153897998348,2.3960183411805,5.04962817319943,2.4623706838712,59.4112355111753,56.0344333663897,58.3940997987185,56.9230998148326,57.0218220566151,58.8681505954282,17.7364837223674
67.3037885658743,-203918.9926,-316658.7044,-189213.8128,-336265.6108,-194115.5394,70.1865498149219,73.2758599669172,76.7331690371436,69.9073031771234,75.2423905491113,4.05562157230471,4.14519721571858,2.31303027422421,5.52602909583334,2.33546885130155,58.1720750327882,55.0221657748111,57.1863515565399,55.3669878270717,55.3818638682085,58.5457264231444,18.3753470093824
67.3237437328215,-203918.9926,-316658.7044,-189213.8128,-336265.6108,-194115.5394,68.286211285155,71.9055102773517,76.1879712896786,68.1148995598333,74.6578136347902,4.37860512579495,4.17359799793507,2.22758041444116,5.78972302224879,2.21427045474619,57.1579725638143,53.7760300592922,55.8913389866359,54.23682536212,53.7102183063738,57.9408326115663,18.7837770151662
67.2983844689086,-203918.9926,-316658.7044,-189213.8128,-336265.6108,-194115.5394,67.5885308780835,70.3171888932608,75.6100816859612,67.5277536775098,73.9810589130864,4.48688705149558,4.28629851162671,2.17796739692775,5.85264534681836,2.14877453078445,56.7288496453921,52.6643907653533,54.8511021616818,53.7988839228001,52.3949684372474,57.1422278925694,18.9525728376529
67.3350607016713,-185837.1002,-260769.2188,-176063.3456,-273800.8916,-179321.2638,67.4061680414864,69.0393502558548,74.9616744008524,67.3917553978155,73.0948672311796,4.40064409390802,4.20651822057572,2.27349255830435,5.41803408059733,2.28599667047385,57.3154815843553,54.2265185314116,56.4570637856086,55.3164627945226,54.3509337166776,56.5787684411739,18.5846856238593
67.3275734236233,-185837.1002,-260769.2188,-176063.3456,-273800.8916,-179321.2638,67.3713048064859,68.2073157676492,74.2193465506724,67.3696451788048,72.0903888109936,4.39194447523447,4.28656377770942,2.2809531186139,5.40162629289736,2.28204571818036,57.2606305911247,53.6710928678026,55.7752609687461,55.2576730966464,53.3140035421213,56.413014566392,18.6431333826355
67.3193206383756,-185837.1002,-260769.2188,-176063.3456,-273800.8916,-179321.2638,67.3721477438812,67.739014952231,73.35687156832,67.3734839801608,71.0727775938274,4.38124672856161,4.3238347966314,2.30130761604112,5.38727548213572,2.28452338013246,57.2367861648199,53.3280928245547,55.0759193675671,55.2292476078472,52.3167561066452,56.2715789551777,18.6781880035023
67.2845515008404,-185837.1002,-260769.2188,-176063.3456,-273800.8916,-179321.2638,67.374571676396,67.5008884608824,72.4240415381701,67.3762232309456,70.1379860415988,4.37357623555674,4.33452100133832,2.32811674407985,5.3774660478856,2.28806599684078,57.2214344336886,53.1254946104538,54.3536012842369,55.2098336572634,51.4110045363024,56.0835763697685,18.7017460257013
67.3345842526056,-185837.1002,-260769.2188,-176063.3456,-273800.8916,-179321.2638,67.3749479703415,67.3877379077982,71.5026028793237,67.3765220489044,69.344499703506,4.36849815989066,4.33258801192314,2.35547405896005,5.37091699413603,2.29080985222065,57.210008410847,53.0059304579054,53.6420391562612,55.1952973289439,50.639948749965,55.8739019774851,18.7182870771305
67.2814279473108,-185837.1002,-260769.2188,-176063.3456,-273800.8916,-179321.2638,67.3747202426051,67.3361454687335,70.6657056351506,67.3762538621843,68.7114129590827,4.36502857554489,4.32634006558492,2.37965314327702,5.36639153565754,2.29253040710433,57.2017009845335,52.9335683244036,52.9866188123787,55.1847567596888,50.0208998592559,55.6639996630421,18.7299437271687
67.30988618106,-185837.1002,-260769.2188,-176063.3456,-273800.8916,-179321.2638,67.3736140807093,67.3130698005668,69.9562081497616,67.3751181809571,68.2300844593746,4.36276909274184,4.31959121072624,2.39913991874706,5.36337177736907,2.29340874664195,57.195326205028,52.8879903179376,52.4207179520714,55.1767568564847,49.5467295325765,55.4651569133864,18.7382807462261
67.301901590545,-185837.1002,-260769.2188,-176063.3456,-273800.8916,-179321.2638,67.3744118778482,67.302765330713,69.3851570016355,67.3760033901466,67.8776534800509,4.3608840268433,4.31394810683421,2.41416487808883,5.36095186236619,2.29389756324704,57.1917242650352,52.8588163067366,51.9588018632983,55.1721357678492,49.1982798705851,55.2796781413389,18.7438464373796
67.2945876226414,-185837.1002,-260769.2188,-176063.3456,-273800.8916,-179321.2638,67.3755869548529,67.2985535691971,68.9414464849708,67.3772112345745,67.6271601327489,4.35944717044005,4.30952780242545,2.42539703899239,5.35915672523832,2.2941035382719,57.1895431688081,52.8397893138364,51.5957938550187,55.1692557273737,48.9494636422009,55.1052970182245,18.7476322753681
67.3193121068004,-185837.1002,-260769.2188,-176063.3456,-273800.8916,-179321.2638,67.3765846057339,67.2973377638602,68.6032644537643,67.3781719445337,67.4533672707871,4.35840689592266,4.30614817747339,2.43370204521677,5.35788231908553,2.29411509211897,57.188109591482,52.8272257335415,51.3168038491223,55.1673126980037,48.7757648466831,54.93901637212,18.7502545298173
67.3215072320266,-185837.1002,-260769.2188,-176063.3456,-273800.8916,-179321.2638,67.3769080358398,67.2973345951645,68.3466212127888,67.3784775460799,67.3352141486658,4.35774342065671,4.30357949944173,2.43983745011944,5.35704702085482,2.29396497830401,57.186881805622,52.8185857872767,51.1036304856742,55.1657143197855,48.6563894887472,54.7792851555984,18.7521723693767
67.2847160760573,-185837.1002,-260769.2188,-176063.3456,-273800.8916,-179321.2638,67.3771564060245,67.2976578754544,68.1500711992636,67.3787092533548,67.2562674791288,4.35726049725856,4.30166146504411,2.44446158769588,5.35644250110847,2.29372935522373,57.1860007959825,52.8124532507913,50.9396986821273,55.1645677136507,48.5755240391272,54.6264498870419,18.7535554063308
67.3635568075768,-180787.5183,-245161.4202,-172390.9224,-256356.8814,-175189.7877,67.3788376911288,67.2981452127686,68.0142557238062,67.380347142749,67.2044336257864,4.32213730506618,4.23498807247933,2.5096257081427,5.21333758264627,2.35253489102407,57.3840304800513,53.4655243143033,51.6004240051852,55.6304606992319,49.4102834825433,54.5135457832366,18.6326235593586
67.2990930095264,-180787.5183,-245161.4202,-172390.9224,-256356.8814,-175189.7877,67.3802829130321,67.2991055905161,67.9123369974045,67.3817230606195,67.1714293462827,4.32161428990037,4.23394105721075,2.51246080923653,5.21278503566596,2.35240500213793,57.3842660993848,53.463064010211,51.5170269098825,55.630591147698,49.3762966926557,54.4675781974761,18.6332061941515
67.338977634147,-180787.5183,-245161.4202,-172390.9224,-256356.8814,-175189.7877,67.3819396996911,67.3003508864596,67.8188103056231,67.3833901295586,67.1507686834335,4.32108772712468,4.23300580516795,2.51511178300724,5.21222469213898,2.35218834688759,57.384704782943,53.4612523327536,51.4407811744778,55.6309949037351,49.3539969565898,54.4234179415614,18.6336183543265
67.3097017371143,-180787.5183,-245161.4202,-172390.9224,-256356.8814,-175189.7877,67.3825317635392,67.3017123277576,67.7302559370591,67.3839228798729,67.1381282593289,4.3207889565172,4.23206327719148,2.51756392475076,5.2119016148748,2.35182793518238,57.3846055656433,53.4595316515261,51.3681792306027,55.6307991422743,49.3386292220602,54.3739574479264,18.6341457085166
67.2911744782544,-180787.5183,-245161.4202,-172390.9224,-256356.8814,-175189.7877,67.3818193558952,67.3027364166438,67.6477285194815,67.3831384226354,67.1306419124848,4.32075991318638,4.23115215753981,2.51974859195515,5.21184025981714,2.35134422705954,57.3838259538305,53.4575750197087,51.2998380268762,55.6298763243909,49.3274812410888,54.3260833608343,18.634845149558
67.2957886519803,-180787.5183,-245161.4202,-172390.9224,-256356.8814,-175189.7877,67.3815456709002,67.303056208729,67.5722792069781,67.3829073022993,67.1263724103969,4.32066008101542,4.23044014663163,2.52174203120706,5.2116917154857,2.35088002198901,57.383321257516,53.4555645800453,51.2373117359152,55.629310211013,49.3196963246124,54.2839715461729,18.6354139963288
67.3432443064959,-180787.5183,-245161.4202,-172390.9224,-256356.8814,-175189.7877,67.3824694419121,67.3031471403829,67.5042543112766,67.3838796302949,67.1239987666917,4.32034342594253,4.22991230521877,2.52360226727593,5.21134388216794,2.35051597089693,57.3835122190802,53.4539275138074,51.1813279197719,55.6294980402757,49.3145647588359,54.2491900138777,18.6357178515021
67.342495596249,-180787.5183,-245161.4202,-172390.9224,-256356.8814,-175189.7877,67.3835201459328,67.3035596594393,67.4434652207225,67.384920803452,67.1227105488649,4.32002070308716,4.2294198016615,2.52528321654285,5.21100910168291,2.35020471642351,57.3838159609339,53.4527273317721,51.1314041495795,55.6297840549802,49.3109179098798,54.2213634316085,18.6359375393979
67.3344874450571,-180787.5183,-245161.4202,-172390.9224,-256356.8814,-175189.7877,67.3829184760326,67.3041217380684,67.3894573577744,67.3842454157742,67.1220851703013,4.32003446445949,4.22885707569422,2.52667022728113,5.21100872773143,2.34982541019298,57.3832461448658,53.4514463064892,51.0863507610322,55.6291078237323,49.3074173713593,54.1988675589758,18.6363959053593
67.3289520744965,-180787.5183,-245161.4202,-172390.9224,-256356.8814,-175189.7877,67.3820070075384,67.3042463957723,67.3416930591648,67.3833257739687,67.1218727437883,4.32011877048267,4.22838538737604,2.52785160601668,5.21106275258083,2.34945280100057,57.3825298174435,53.4500256591706,51.0462056373025,55.6283100514127,49.3043796448537,54.1797663088237,18.6368713174568
67.296712144089,-180787.5183,-245161.4202,-172390.9224,-256356.8814,-175189.7877,67.3819413999493,67.3039780839595,67.2996187745709,67.383300444576,67.1218515585824,4.32004748579662,4.22807040418265,2.528923921663,5.21096273215576,2.34916263644486,57.3822992094476,53.4487252342961,51.0110409738235,55.6280590935268,49.3021576733383,54.1626708136691,18.6371671802429
67.3378305480345,-180787.5183,-245161.4202,-172390.9224,-256356.8814,-175189.7877,67.3823600759601,67.3037685677768,67.2626706490204,67.383737262126,67.1218590753027,4.3198925653136,4.22782356557461,2.52989449775553,5.21079242178615,2.3489401435189,57.3823592771424,53.447706788584,50.9803418456951,55.6281117008959,49.3004772986737,54.1468999490486,18.6373431939488
67.3027731308753,-173521.2912,-222702.1728,-167106.3936,-231255.3696,-169244.6928,67.3850815517842,67.3040063259265,67.2345650967515,67.3863443053632,67.1235941545341,4.26887809167064,4.12051881261789,2.62654142235793,4.98975948498784,2.43703098505361,57.6723014649588,54.3895213720097,52.0321232794526,56.3120324076073,50.5293091175114,54.1730018940617,18.4427287966879
67.2876137104707,-173521.2912,-222702.1728,-167106.3936,-231255.3696,-169244.6928,67.3864448338409,67.3051291363116,67.2097648367292,67.3875834291577,67.1251491115092,4.26855703626798,4.12023208510572,2.62746958169517,4.98947109493958,2.43692405672798,57.6729342096242,54.3897454616272,52.0126933150257,56.3126314392393,50.5301359438297,54.2727242521929,18.4426538547364
67.3033458791753,-173521.2912,-222702.1728,-167106.3936,-231255.3696,-169244.6928,67.3877068358846,67.3065479347705,67.1853463371822,67.388819730662,67.1265896785683,4.26826213750756,4.11990599643952,2.62839181632255,4.98918548083875,2.43682886769997,57.6735250949112,54.3901420134039,51.9936070743547,56.3132337369636,50.5309282654604,54.3612364376599,18.4425742988083
67.2980689938148,-173521.2912,-222702.1728,-167106.3936,-231255.3696,-169244.6928,67.3875790372279,67.3078100536206,67.1623749682322,67.3886436745156,67.1279899040339,4.26824666756044,4.11952315321184,2.62916244606711,4.98917247874831,2.43664730631593,57.673362087915,54.3902037606699,51.9750885326405,56.3130288171586,50.5310919019263,54.4273794223532,18.4427520519036
67.2997361138894,-173521.2912,-222702.1728,-167106.3936,-231255.3696,-169244.6928,67.3866432735207,67.3084733971681,67.141906035587,67.3876761347898,67.1293374819779,4.26839287535459,4.11919115057603,2.62977193018143,4.98931038624572,2.43641462830559,57.6727590710457,54.3898259582301,51.9581394526928,56.3123674139947,50.5308544732954,54.4799192633008,18.4430809706634
74.2194956908728,-173521.2912,-222702.1728,-167106.3936,-231255.3696,-169244.6928,67.7099658593504,67.3131060331816,67.124393732333,67.7318444292541,67.1306124098369,4.204254262924,4.14001570779542,2.65367986029712,4.92309206486135,2.45879284442843,57.8478900835082,54.4594402589949,52.0774230138489,56.5075666575774,50.6831972070174,54.5247613022024,18.3798347403063
74.2120344243274,-173521.2912,-222702.1728,-167106.3936,-231255.3696,-169244.6928,70.4653076162176,67.659372572793,67.1112944429116,70.5795588721543,67.1411422550811,3.67568118841755,4.25945579504894,2.85280102619153,4.38523321000172,2.64879840654386,59.185038192276,55.166138514644,53.1145793592004,57.9785978319273,51.8735451778076,54.5967792009872,17.8219696262036
74.154876095177,-173521.2912,-222702.1728,-167106.3936,-231255.3696,-169244.6928,72.8349373003886,69.0152596751614,67.1123691894151,72.9368761753037,67.2616011355299,3.26502640698381,4.16960118125539,3.05042065388567,3.9701032770612,2.82806120190947,60.1359055151705,56.2527972969577,54.0224226919513,59.0183080738599,52.961773825311,54.8167404453663,17.2832127210955
74.1507540225913,-173521.2912,-222702.1728,-167106.3936,-231255.3696,-169244.6928,73.8339571300514,70.8166358812568,67.1818896001163,73.8870897870773,67.7127180692501,3.11169117976866,3.92929410760335,3.17899901745977,3.82025570827503,2.92641520329469,60.5091534376277,57.2736490875441,54.6213814229139,59.4225729978355,53.8934942063801,55.1288717916731,16.9666552164015
74.1906177289789,-173521.2912,-222702.1728,-167106.3936,-231255.3696,-169244.6928,74.1477708815823,72.2768183286508,67.426263682322,74.1693811221,68.5695971180552,3.07077727271036,3.72294884569171,3.24665826774009,3.78476216105115,2.95493472229261,60.6454324051523,57.9832085011975,55.1275122088828,59.5692159121958,54.8837493377497,55.4374533657443,16.7800812694859
74.1798046184945,-173521.2912,-222702.1728,-167106.3936,-231255.3696,-169244.6928,74.2292928593588,73.1972122076745,67.9259928438134,74.2373978110237,69.6615598983002,3.06547267689268,3.60006389864361,3.26411434551698,3.78384075398556,2.93622335811706,60.703589487606,58.4157028494836,55.6930135644685,59.633677299441,55.8884977440744,55.7380526718312,16.6497150331559
74.2145316810641,-173521.2912,-222702.1728,-167106.3936,-231255.3696,-169244.6928,74.2459466430646,73.6992371610907,68.6649380205597,74.2495161336821,70.7528557168803,3.06965050562826,3.54235546115235,3.24103030023763,3.79143143624591,2.89462541516514,60.7386519051649,58.6769225482668,56.3448300748876,59.6750331816033,56.7818643070199,56.0435574653702,16.5390931184293
74.15825321157,-174664.6873,-226236.3062,-167937.9544,-235205.2834,-170180.1987,74.2477673903002,73.9493653856833,69.5372685211038,74.2501123321427,71.6868745950055,3.08718301551177,3.55223654431806,3.17839123184071,3.84173065601117,2.84172017579458,60.7286832157373,58.7311067326818,56.911842468215,59.6207735420561,57.3771177773315,56.3547094105173,16.5012616234763
74.1810389599998,-174664.6873,-226236.3062,-167937.9544,-235205.2834,-170180.1987,74.2468312437148,74.0659040233339,70.4196160114222,74.2489299658642,72.414150933585,3.09292613151395,3.55172016888962,3.1123864208735,3.85002192462397,2.80338874125082,60.7528500510392,58.8454328269848,57.5264407952506,59.6510963931273,57.9087332363753,56.6648786392519,16.4104433871519
74.2280162459055,-174664.6873,-226236.3062,-167937.9544,-235205.2834,-170180.1987,74.2466778300809,74.1176042621494,71.2182670986326,74.2488113848832,72.9437578415218,3.09772221046167,3.55865493337165,3.0437531195543,3.85694024939296,2.7741612714024,60.7735888268018,58.9267932562454,58.0343648935053,59.6771624422026,58.2855167800922,56.9746521157417,16.331231784183
74.1519622408755,-174664.6873,-226236.3062,-167937.9544,-235205.2834,-170180.1987,74.2467872667023,74.1398089171136,71.8876744735426,74.2489343291543,73.3112328734313,3.1015503074485,3.56721994388498,2.98127553384896,3.86247282007035,2.75376048466841,60.7903274605357,58.9854715399789,58.4274816771568,59.6981576829058,58.544398616822,57.2799830071804,16.2662790899212
74.2130958536277,-174664.6873,-226236.3062,-167937.9544,-235205.2834,-170180.1987,74.2459436274761,74.149025270352,72.4191868077222,74.2480317849789,73.5570112619286,3.10463962768749,3.5749548850748,2.92909567035932,3.86688979836395,2.74041459640569,60.8028738821893,59.0274765331167,58.7192097565007,59.7138758514873,58.7182621497201,57.5742550411476,16.2159945778913
74.2467074455814,-174664.6873,-226236.3062,-167937.9544,-235205.2834,-170180.1987,74.2445591445319,74.1522888884689,72.8250742553627,74.2466393264741,73.7166315970596,3.10704678489488,3.58118916561807,2.88798712350247,3.87027673855901,2.7321626605669,60.8119042994596,59.0570643616331,58.9300872804595,59.7252024619944,58.8330650926184,57.8511917264022,16.1786624731413
74.2392578822922,-174664.6873,-226236.3062,-167937.9544,-235205.2834,-170180.1987,74.2439628309336,74.1528820346435,73.1262336865746,74.2460870641642,73.8177227393959,3.10871234154156,3.58594727744581,2.85690497696749,3.87262852003637,2.72736523681639,60.8185048072786,59.0776870176713,59.0800740178864,59.7334688214722,58.9079761053276,58.106019543825,16.1515583528076
74.2274416472754,-174664.6873,-226236.3062,-167937.9544,-235205.2834,-170180.1987,74.2431291895642,74.1525255274327,73.3448683209257,74.2452409157999,73.8803034302388,3.10995175773003,3.58940572863065,2.83404250706617,3.87436240453057,2.72473867709865,60.8230216444081,59.0918557076685,59.1853970481054,59.7391174717648,58.9561842839586,58.3357885857036,16.1325010750561
74.1669332544695,-174664.6873,-226236.3062,-167937.9544,-235205.2834,-170180.1987,74.2415630211845,74.1517185871161,73.5009458438058,74.2436413289147,73.9182247439592,3.11097018576989,3.59186560286861,2.81754964343375,3.87573921588548,2.72339810048929,60.8258487723333,59.1013630045179,59.2585904133438,59.7426710168014,58.9867592882873,58.5391313614644,16.119522748447
74.1474345856476,-174664.6873,-226236.3062,-167937.9544,-235205.2834,-170180.1987,74.2400858657182,74.1505432434562,73.6109220337524,74.2421658244139,73.940685771292,3.11173146957203,3.59363853279561,2.80583755130802,3.87674477348454,2.72280356652164,60.8276537657451,59.1076127887835,59.309116340815,59.7449568021824,59.0059599763472,58.715941575397,16.1107558936818
74.1820699677865,-174664.6873,-226236.3062,-167937.9544,-235205.2834,-170180.1987,74.2390851041164,74.1491974606493,73.6876232579924,74.2412024526836,73.9535950008309,3.11224570175803,3.59492821607121,2.79762188814846,3.8774163206145,2.72262590964619,60.8288691223226,59.1116636689021,59.3438180301483,59.7465042671295,59.0178946846671,58.8671563392903,16.1048380362384
74.1988684730244,-174664.6873,-226236.3062,-167937.9544,-235205.2834,-170180.1987,74.2378687946637,74.1479240556807,73.7406655630598,74.2399687119699,73.9606855320673,3.1126779034043,3.59583958957153,2.79189639429291,3.87796838742729,2.72264670581729,60.8295148485844,59.1142015601458,59.3674447133233,59.7473339887832,59.0250992980497,58.994495901349,16.1010289805133
74.1586800790788,-187789.191,-266802.954,-177483.048,-280544.478,-180918.429,74.2296118447425,74.147625688962,73.7777410916807,74.2314122769121,73.9633350174843,3.23861764573642,3.90124301937921,2.75072586956368,4.32083960201716,2.67432249995504,60.3743272498784,57.8061163375914,58.3602358668955,58.7169003446874,57.7984147296099,59.0554212018024,16.8857486366515
76.5218966437459,-187789.191,-266802.954,-177483.048,-280544.478,-180918.429,74.310387496441,74.1456474348024,73.8036384014728,74.3249260695927,73.9641295718116,3.22604338436368,3.90479391844238,2.75122533166569,4.30488423974728,2.67775046693951,60.4010986774755,57.8189985476352,58.3889320966738,58.7529120898023,57.8199030766328,58.9794345289529,16.8646973411585
76.5759973833532,-187789.191,-266802.954,-177483.048,-280544.478,-180918.429,75.1413848020217,74.2364980901935,73.820902251754,75.2200241636398,73.9661164741731,3.09895008050955,3.91953384527706,2.77843910585586,4.15472079309493,2.7096594513661,60.6616519861097,57.9712477314107,58.5571772427849,59.0851932324888,58.0120045971078,58.8958188011219,16.6613032761035
76.5626650187336,-187789.191,-266802.954,-177483.048,-280544.478,-180918.429,75.9931319096803,74.6290197824748,73.8342783728666,76.0705432671476,73.9980249640955,2.97572289765808,3.88778295139388,2.81017661722753,4.019166623028,2.74276058549074,60.9137812043635,58.2309337575599,58.742938488404,59.3915339474942,58.236456030762,58.8717296550076,16.4356096747982
76.5691806746895,-187789.191,-266802.954,-177483.048,-280544.478,-180918.429,76.4115976291027,75.2076740629982,73.8578256614093,76.4551300029646,74.1217285704595,2.91921319794066,3.81601402450521,2.83178386153159,3.9628199969313,2.75672290970516,61.0403430707574,58.5011842876048,58.8816366089678,59.5389648441547,58.4399892546768,58.9057001433648,16.2865539906139
76.5794219742094,-187789.191,-266802.954,-177483.048,-280544.478,-180918.429,76.5614738599497,75.7294669077534,73.9196536590805,76.580980457253,74.3668407512984,2.90124753069569,3.74778953764967,2.84201477885404,3.94809473770666,2.75094729583152,61.0950344400538,58.7188534133962,58.997377117278,59.6017228618126,58.6521776236738,58.9587946826207,16.1900938807376
76.5432698659398,-187789.191,-266802.954,-177483.048,-280544.478,-180918.429,76.6063209378739,76.090791805713,74.046305819588,76.6150427334969,74.6991091444365,2.8977524491438,3.70223577011192,2.84042761496175,3.94744501897067,2.73160993145496,61.121226899256,58.8708730210088,59.1156910619503,59.632990484368,58.8732002040571,59.0105784143258,16.1194707846431
76.5660163704878,-187789.191,-266802.954,-177483.048,-280544.478,-180918.429,76.6176462907424,76.3044974492429,74.2441143081677,76.622483490753,75.0554752627742,2.89862773674529,3.67807967255186,2.82775502906241,3.95047377642553,2.7066354250451,61.1372282271205,58.9714853997995,59.2465879913242,59.6534510767777,59.0835384308598,59.0604927592132,16.0615716398302
76.5811289115877,-187789.191,-266802.954,-177483.048,-280544.478,-180918.429,76.6200522316911,76.4184993894381,74.4961712784756,76.6237625093733,75.383591437134,2.90045324384103,3.66813191000606,2.80668840909108,3.95397354553198,2.68220512538515,61.1493773394444,59.0384812092716,59.3860755768712,59.6697498457138,59.2661775873507,59.1118091106752,16.0114522338553
76.5952813361419,-187789.191,-266802.954,-177483.048,-280544.478,-180918.429,76.6203115457969,76.4751577189103,74.7729591028659,76.6237007470153,75.655851857923,2.90228337497459,3.66592374778997,2.78105421357226,3.95718123427721,2.66161440366983,61.1593922012067,59.0846707177588,59.5235870269885,59.6834309958958,59.413750832231,59.1656306053256,15.9680569742838
76.6093851660733,-187789.191,-266802.954,-177483.048,-280544.478,-180918.429,76.620000613355,76.5018269141028,75.0453247420569,76.6233196720724,75.8656520041299,2.90389161275048,3.66725519546742,2.75453762212626,3.95992101101012,2.64585311753687,61.1676438591972,59.1176537695806,59.6491543919807,59.6947704973948,59.5267971564023,59.221389042513,15.9314585588911
76.5596170551547,-187789.191,-266802.954,-177483.048,-280544.478,-180918.429,76.6194779478479,76.5137298962912,75.2923011117036,76.6227803452851,76.0186763547177,2.90523297673236,3.66981796023708,2.72982961886603,3.96217587253213,2.63459507067361,61.1742556420979,59.1416967399012,59.7567782450542,59.703865153395,59.6100029623436,59.2780004526901,15.9016514990412
76.5611382214553,-176714.9839,-232573.5866,-169429.0792,-242288.1262,-171857.7141,76.6251848695434,76.5169919605083,75.4977420141013,76.6287332439073,76.1247616978071,2.79481155524015,3.38350162403794,2.69601250442419,3.58633930206179,2.611295510361,61.5165445301373,60.0922506281253,60.4811775061321,60.485694343678,60.3987879439514,59.3578339289612,15.0719604961251
76.5508620505307,-176714.9839,-232573.5866,-169429.0792,-242288.1262,-171857.7141,76.6285872900909,76.5199741830761,75.6641817238259,76.631658608627,76.1963541050909,2.79503641323988,3.38518600123947,2.67694403093195,3.58696666122521,2.60523012787627,61.5211624263147,60.1034053587417,60.5406508546046,60.4914431200255,60.4337678290856,59.5105944961574,15.0493632345128
76.5928963972058,-176714.9839,-232573.5866,-169429.0792,-242288.1262,-171857.7141,76.6253562116688,76.5224846255586,75.7971509352367,76.6279739716247,76.2436613686808,2.79603160032577,3.38633214579132,2.6615981358475,3.58839020727193,2.60131969914756,61.5233085096256,60.1114721849775,60.5864227859678,60.4941614488727,60.4573800158139,59.6704310780694,15.0336717883841
76.5547303706884,-176714.9839,-232573.5866,-169429.0792,-242288.1262,-171857.7141,76.6224764036231,76.5229867971387,75.9008754768136,76.6250390575893,76.2744876530873,2.79683708516573,3.38738311623578,2.64960133941218,3.58947274849249,2.59888476385778,61.5247780684203,60.1170660419227,60.6212765859257,60.4960922960018,60.4734158893123,59.8078203737794,15.022179053164
76.5688173162119,-176714.9839,-232573.5866,-169429.0792,-242288.1262,-171857.7141,76.6197149294098,76.5219144194543,75.9800607624762,76.6222886511329,76.2941376690709,2.79751553547391,3.38835761492944,2.64041598063629,3.59035490848092,2.59740957829111,61.5256780709561,60.1207120411516,60.6473078993379,60.4973048157328,60.4840917669087,59.9236059617854,15.0140536178117
76.5521011558562,-176714.9839,-232573.5866,-169429.0792,-242288.1262,-171857.7141,76.6178640754447,76.5200110501839,76.0394298945872,76.62051658681,76.3061829495812,2.7979814228996,3.38923141992264,2.63351712917737,3.59095081585593,2.59657930122604,61.5263405010028,60.1230371976904,60.6665108281281,60.4982086434735,60.4910816583908,60.0223067205661,15.0082600890816
76.5356267089524,-176714.9839,-232573.5866,-169429.0792,-242288.1262,-171857.7141,76.6165970582763,76.5180086158996,76.0832313526339,76.6192934670654,76.3131000064514,2.79830323833024,3.38994954402565,2.62841698081582,3.59136470844041,2.59617058340984,61.5268090659869,60.124508284763,60.6804828608739,60.4988435649597,60.4955089275313,60.1071107750453,15.004205055022
76.5608163479504,-176714.9839,-232573.5866,-169429.0792,-242288.1262,-171857.7141,76.6156787790247,76.516248043874,76.1150444125091,76.6184130059876,76.3166653559856,2.79853147603186,3.39050469355657,2.62470408878793,3.59165578076482,2.59602575444246,61.5271214530898,60.1254319278739,60.6905072770971,60.4992695255185,60.4981918338238,60.1799425492371,15.0014217935836
76.5773385824716,-176714.9839,-232573.5866,-169429.0792,-242288.1262,-171857.7141,76.6147359104276,76.5148076147205,76.1377814961172,76.617470144118,76.3181458610742,2.79873162246624,3.39091530884781,2.62203939931661,3.59190872620787,2.59602968339536,61.5272576164814,60.1259763078709,60.6975689281714,60.4994617882303,60.499696279331,60.2419473769435,14.9996247402339
76.5750103169026,-176714.9839,-232573.5866,-169429.0792,-242288.1262,-171857.7141,76.6139662210882,76.513592706636,76.1537614119692,76.6167223901088,76.3184082387085,2.79888469590935,3.39122624660926,2.62015904594353,3.59209553859013,2.59611206909158,61.5273130744779,60.1262640734946,60.7024681976679,60.4995522757171,60.5004606437622,60.2939669832021,14.9984775961438
76.5500892077458,-176714.9839,-232573.5866,-169429.0792,-242288.1262,-171857.7141,76.6138729676057,76.5126190705264,76.1647948244564,76.6166777138183,76.3180082409972,2.7989260471762,3.39146333054829,2.618862187324,3.59214505648241,2.59623660659259,61.5274427108503,60.1264360114465,60.7058501411756,60.4997297753914,60.5008194088153,60.3368540244226,14.9976332281235
76.5283079862753,-176714.9839,-232573.5866,-169429.0792,-242288.1262,-171857.7141,76.6133424432654,76.5119453778642,76.1722658920941,76.6161202100971,76.3173007074494,2.79901909170561,3.39161497837911,2.61797421943083,3.59226187966392,2.59636001051864,61.5274136871276,60.1264949871834,60.7080778238941,60.4996964074925,60.5008636597631,60.3716089425158,14.9972301796981
76.6046003077975,-177352.3195,-234543.533,-169892.596,-244489.831,-172379.1705,76.612555776384,76.5115009144078,76.1773009156917,76.6153280529793,76.3165492543409,2.8057191599745,3.40977179895538,2.6190774275945,3.61522480489597,2.59821367832653,61.5083736917897,60.0752529005807,60.6773382334997,60.4557495060504,60.4634397532199,60.3979262475343,15.0480068697469
76.5984717679057,-177352.3195,-234543.533,-169892.596,-244489.831,-172379.1705,76.6121972356943,76.5109721095465,76.1805904706403,76.6150246951582,76.3158229400386,2.80577617080348,3.40986845663134,2.61868171189629,3.61528223327594,2.59830840587185,61.5083220543914,60.0751900050513,60.6782855494021,60.4557028414436,60.4632914019282,60.4139292753861,15.0479169784789
76.6221916515951,-177352.3195,-234543.533,-169892.596,-244489.831,-172379.1705,76.6122296826179,76.5105258346757,76.1826553103998,76.6150774400298,76.3151446738821,2.80577420698978,3.40994817220733,2.61843405538732,3.61527750641576,2.59839417176727,61.508343929831,60.0751279553274,60.6788841514651,60.4557344585166,60.4631363845447,60.4245920137741,15.0478281127675
83.6020317544755,-177352.3195,-234543.533,-169892.596,-244489.831,-172379.1705,76.6111928172995,76.5101676261396,76.1838872021113,76.6139700613994,76.314531700964,2.80592208463714,3.40999043272985,2.61826850052872,3.61545735361595,2.59844968792277,61.5081030691855,60.0749734331405,60.6791357294152,60.45543090975,60.4628620914792,60.43259463577,15.0480880594344
83.6331396258202,-177352.3195,-234543.533,-169892.596,-244489.831,-172379.1705,77.23288857698,76.5274346410163,76.1846162888706,77.3028346096946,76.3141657596336,2.71963725113446,3.41737078591437,2.62719579789621,3.50616974039928,2.60838024677712,61.6506291955819,60.1277348515805,60.7325504694923,60.6406323990084,60.5228462230306,60.4388308437612,14.8787538221214
83.667882405363,-177352.3195,-234543.533,-169892.596,-244489.831,-172379.1705,79.6329298471501,76.895743760392,76.1857829843028,79.8313226610514,76.3270875806232,2.42046505284072,3.39326321636992,2.65838506067026,3.14177703885701,2.64082447313246,62.1246857100353,60.3795316705621,60.9150071324211,61.2365883826521,60.7297745562696,60.4580797807608,14.2547148418704
83.6368311257888,-177352.3195,-234543.533,-169892.596,-244489.831,-172379.1705,81.7398061517518,77.9905824826564,76.1941727538025,81.9283047838321,76.4410577647564,2.19878744156872,3.25196752013734,2.6852064633841,2.88146297960949,2.65620388384981,62.466413794983,60.7567526208449,61.0759302860242,61.6537048278612,60.9340531254431,60.5286987053079,13.6736282885495
83.6278545142143,-177352.3195,-234543.533,-169892.596,-244489.831,-172379.1705,82.8740310500976,79.467123650862,76.2409028119526,82.9955821959509,76.7970609452371,2.09401180487555,3.05757955150498,2.69936229713111,2.7636007021291,2.6321103761629,62.6362783441102,61.1376398176128,61.20194252395,61.8563093789646,61.1481100794808,60.6427205272547,13.2466647318037
83.6313074718809,-177352.3195,-234543.533,-169892.596,-244489.831,-172379.1705,83.3681540983455,80.8285618367839,76.3857264375919,83.4332442655061,77.4386176367311,2.0520976884079,2.89032177141738,2.69474677295832,2.71952663698922,2.56654612939086,62.7170450844425,61.4383833755461,61.3210076310378,61.9513773828933,61.3899031881049,60.7670568748508,12.9232389991637
83.6246688397512,-177352.3195,-234543.533,-169892.596,-244489.831,-172379.1705,83.5587214288424,81.8517798301118,76.6850574809321,83.5906020177408,78.274369839729,2.03740837326344,2.77402322517304,2.66547853043027,2.70594770799433,2.47589640820894,62.7587219654995,61.6486847552002,61.4549207808878,62.0009352895453,61.6380655851348,60.8861737145454,12.65875424507
83.6075014752358,-177352.3195,-234543.533,-169892.596,-244489.831,-172379.1705,83.6250383857858,82.5336384859163,77.153753327708,83.6406126869265,79.1668500000321,2.03337489992927,2.7016165158657,2.61144411537113,2.70354631487443,2.38054055915326,62.7837793184274,61.789075136878,61.6084838920966,62.0317691919574,61.864155537867,60.9986678862912,12.4305224051938
83.6175407252932,-177352.3195,-234543.533,-169892.596,-244489.831,-172379.1705,83.6451539926641,82.9546629785054,77.7570299382223,83.6536544539626,80.0087841608709,2.03311916559564,2.65953688752371,2.53959225772801,2.70471173632285,2.29396990939096,62.8012734235316,61.8818757496107,61.7719432511948,62.0541218993596,62.0531144804624,61.1059548982231,12.2309299565612
83.5993930278085,-174193.7003,-224780.5282,-167595.4184,-233578.2374,-169794.8457,83.6508932904906,83.1966925929739,78.4257768243303,83.6566751526826,80.7346739132049,2.00287886612191,2.54502324862949,2.43956119691496,2.60286166172683,2.19875712750138,62.8691345648405,62.0923673558379,62.0102447979862,62.2136612109397,62.2823198163651,61.207996835981,11.7890821008946
83.6523141480209,-174193.7003,-224780.5282,-167595.4184,-233578.2374,-169794.8457,83.6523432728971,83.3352538750679,79.10499553842,83.6570785995247,81.3353585731033,2.00370424363496,2.53302962208168,2.36171766851789,2.60438711287576,2.14176318774621,62.8791450902454,62.1310018967556,62.1483984430036,62.2266243383656,62.3919733651896,61.313062474945,11.6446018348565
83.5933564685797,-174193.7003,-224780.5282,-167595.4184,-233578.2374,-169794.8457,83.6497558250301,83.4125109048754,79.750191192477,83.6539190466682,81.8145038224288,2.00469313007868,2.5269830550656,2.29065283739147,2.60598336007768,2.09786435563032,62.8868047638791,62.1575213759666,62.2675354602413,62.2365916163147,62.4747190643168,61.4160953870528,11.5261767382437
83.6413627327458,-174193.7003,-224780.5282,-167595.4184,-233578.2374,-169794.8457,83.6452464930859,83.4539003303469,80.3341388720108,83.6491425045997,82.1863044020469,2.0056895819107,2.52425448460609,2.22886415342543,2.60748854046489,2.06475387932589,62.8926107273874,62.1759354093373,62.3668280798128,62.2441782891538,62.5363860772285,61.512238388473,11.431050639733
83.6008305056678,-174193.7003,-224780.5282,-167595.4184,-233578.2374,-169794.8457,83.641058637216,83.4745449773041,80.8442121052417,83.6449491241738,82.468454830799,2.00652689844061,2.52333755721366,2.17686986737672,2.60871468217405,2.04018798473509,62.8970828725266,62.1888480947759,62.447754164261,62.2500456177764,62.5819319254728,61.6003149745992,11.3556369899401
71.1385387470531,-174193.7003,-224780.5282,-167595.4184,-233578.2374,-169794.8457,83.5076909394246,83.482665860052,81.2778912268307,83.4938800973702,82.6784783772176,2.01849925347566,2.52315832546176,2.13382852836458,2.62544886961212,2.02198778354671,62.8867542307398,62.1954569547925,62.5103593348108,62.2353442535234,62.6129540354043,61.6806924428992,11.3229227604608
71.1602129506165,-174193.7003,-224780.5282,-167595.4184,-233578.2374,-169794.8457,81.5114387032056,83.3834837316648,81.6384230311829,81.299356767476,82.8306275453508,2.20747484079289,2.52925933414876,2.09484027899338,2.88034424955402,2.00514511599215,62.6558012194737,62.1476232368666,62.5215980590053,61.9220900017143,62.5965583171341,61.7544061429024,11.7170638194812
71.1924581796677,-174193.7003,-224780.5282,-167595.4184,-233578.2374,-169794.8457,77.7625742257211,82.7274967178463,81.93127819985,77.3512933683279,82.9157023997831,2.65220299585081,2.58528412534262,2.05577842703721,3.44742167286718,1.98717029578456,62.0686980716084,61.9518311541896,62.4512143799863,61.161455223458,62.4986072088611,61.8093420364489,12.7278575168824
71.1595058209034,-174193.7003,-224780.5282,-167595.4184,-233578.2374,-169794.8457,74.3800757556658,81.1699706787971,82.158931113925,74.0000907376798,82.8620440395644,3.1773921303845,2.73682738020198,2.0174379867849,4.04954658653022,1.97474160354262,61.2802304597652,61.5446926054735,62.3086580346496,60.217510957888,62.3164470780072,61.7835512166501,13.9559456874442
71.1677946746587,-174193.7003,-224780.5282,-167595.4184,-233578.2374,-169794.8457,72.4018502547544,78.9199671993709,82.3085258727652,72.1868749343536,82.5501983768653,3.53689873049865,2.98976321004532,1.98608574321335,4.40352067822003,1.98231024182199,60.6335332844291,60.9549998753081,62.1448974418037,59.5121986970214,62.0830463470626,61.5913718068309,14.8985786037993
71.1559427936177,-174193.7003,-224780.5282,-167595.4184,-233578.2374,-169794.8457,71.5645510886717,76.5311850253294,82.3383605991441,71.4777234571508,81.8785432629151,3.68513785246965,3.30175791292089,1.9674970413584,4.52308401885563,2.02118222271564,60.2696288852717,60.2637905670742,61.9842283608892,59.1380899972892,61.8050216211637,61.256319443897,15.4986590483202
71.1384626159104,-174193.7003,-224780.5282,-167595.4184,-233578.2374,-169794.8457,71.2851525388124,74.4973770862611,82.1743943784195,71.2578572405225,80.8166685868914,3.71682266886567,3.59780681181374,1.96612737919373,4.5339059864849,2.09470675909133,60.0865162139989,59.5685603974983,61.8060828529444,58.9476772175557,61.447730708825,60.9106472171305,15.9093696054494
71.1259823197872,-174958.3026,-227143.8444,-168151.4928,-236219.5908,-170420.4294,71.2081547336369,73.0340918970488,81.7317816602176,71.201868698329,79.4221527038358,3.71312159492841,3.83666254078951,1.99070193080143,4.53759781613906,2.20236908847487,59.9491520447386,58.8874973094306,61.5481632337928,58.7626114186493,60.932187661965,60.6336234062177,16.2804529711333
71.1785981717742,-174958.3026,-227143.8444,-168151.4928,-236219.5908,-170420.4294,71.1921452699725,72.1194700426695,80.9701926238291,71.1921213977038,77.8352861205814,3.69328703049722,3.96104752432319,2.03865223565909,4.50835744950476,2.3263156400587,59.8726768191608,58.4171074224876,61.2613048256837,58.6721854124,60.3304700268506,60.4115284122939,16.5276598800429
71.1429607314101,-174958.3026,-227143.8444,-168151.4928,-236219.5908,-170420.4294,71.1921643322638,71.6053584724881,79.9374555302344,71.1937471330721,76.236333506475,3.67334303214491,4.01177186439984,2.11110388540291,4.48096101668916,2.45080407712451,59.8112381144654,58.0762468059726,60.904963358787,58.5972647141352,59.620673431772,60.2141785370463,16.7279838757613
71.1431186335032,-174958.3026,-227143.8444,-168151.4928,-236219.5908,-170420.4294,71.1949601844046,71.3398360291523,78.7555042216617,71.1968782146204,74.7930135794835,3.65614654159326,4.0184738116264,2.19969400746078,4.45769130189286,2.55608242772291,59.7605043862277,57.8332880016356,60.4895235735513,58.5346405574954,58.8617090904205,60.0228353142095,16.8880880902962
71.1794654094737,-174958.3026,-227143.8444,-168151.4928,-236219.5908,-170420.4294,71.1973338617146,71.2121263120251,77.5607490377258,71.1992268222966,73.6113336041497,3.64239325318233,4.00496178269949,2.2934530238719,4.4391451024435,2.63180747769553,59.7197027780912,57.660009593082,60.041502838294,58.4840879016073,58.1384208625026,59.8355747255879,17.0117606398927
71.1555468891155,-174958.3026,-227143.8444,-168151.4928,-236219.5908,-170420.4294,71.1973120219868,71.1542925196022,76.45047346578,71.1990866402009,72.7196654758703,3.63215308806691,3.98526044155911,2.38316733838595,4.42526386784117,2.6791159118041,59.6873219395603,57.535180210642,59.5907391429458,58.4440626795162,57.5199769234719,59.6568358696899,17.1049606476573
83.1003217939057,-174958.3026,-227143.8444,-168151.4928,-236219.5908,-170420.4294,71.2373629566417,71.1294195141675,75.4688335205662,71.2433508559064,72.0886345547581,3.61700135794154,3.96790898900141,2.46493592534301,4.40632457553536,2.707262921943,59.6791571711461,57.4507515597119,59.1683821542891,58.4335031701378,57.0469749046598,59.4881722791049,17.1634337697643
83.1476926706948,-174958.3026,-227143.8444,-168151.4928,-236219.5908,-170420.4294,74.1967776553723,71.3151144992701,74.6154952188582,74.3935177714039,71.6604384342361,3.10188763268164,4.04368743409674,2.62484472499609,3.83042872976689,2.8625855928835,60.7191630632011,57.892783911502,59.3080875884496,59.6577399645939,57.434932808681,59.3416966319095,16.4634341144249
83.1782392766112,-174958.3026,-227143.8444,-168151.4928,-236219.5908,-170420.4294,78.8124173329907,72.8130420032843,73.8962581413163,79.086480552427,71.471415743317,2.46700097414736,3.90046625511447,2.82128466914608,3.1209943875929,3.05489708563708,61.8663170032355,58.8978570012653,59.6546721675747,61.0011078612573,58.1414323384244,59.3455476238652,15.3646433716379
83.163574697285,-174958.3026,-227143.8444,-168151.4928,-236219.5908,-170420.4294,81.4797624090304,75.5392142254701,73.3852573868733,81.6732029933992,71.8331313128863,2.18618374973872,3.48754552945198,2.9714223241922,2.80853328485493,3.12726063585326,62.3569205955269,59.9764899324977,59.8632588998469,61.5757567672698,58.8115983493933,59.5183383418355,14.5809455240911
83.1240943523198,-174958.3026,-227143.8444,-168151.4928,-236219.5908,-170420.4294,82.5955845357631,78.2168616140555,73.1428829867953,82.7003661905898,72.9379486920127,2.08610523766616,3.11110113282175,3.06598316201777,2.70159327830803,3.05459875657493,62.555346264622,60.7710418811488,60.0379290295139,61.8073816248238,59.6066634069832,59.7149367160471,14.0193815673886
83.1517340843704,-174958.3026,-227143.8444,-168151.4928,-236219.5908,-170420.4294,82.9984561559324,80.189929450166,73.2586051131744,83.0477356058972,74.5316857727631,2.0541849347956,2.86818402692652,3.09267381378921,2.67097749910204,2.88164326609824,62.6468094695229,61.2665587652622,60.266750623737,61.915267554166,60.40026016076,59.885449680616,13.5676635407116
83.1066071640243,-178967.7047,-239536.5418,-171067.4216,-250070.2526,-173700.8493,83.129314141949,81.4626010930286,73.8078354816254,83.1511902404404,76.2240816728686,2.08521375699414,2.84444031487879,3.05423940118496,2.7962019686906,2.70515137881784,62.6210631287729,61.3402145372694,60.4243641870732,61.7815095297235,60.8809183999532,60.0450166071819,13.4852468205663
69.6830193887864,-178967.7047,-239536.5418,-171067.4216,-250070.2526,-173700.8493,82.9361391396458,82.1946324619802,74.7264057984411,82.9121877899387,77.750227646616,2.10605661167679,2.77021505697727,2.93775836295116,2.82902460155947,2.53421008602014,62.6308506172655,61.5330858406754,60.8122847910938,61.7904403011904,61.3721145958797,60.195012145276,13.1772647191848
69.7227649914122,-178967.7047,-239536.5418,-171067.4216,-250070.2526,-173700.8493,79.9653263200018,82.3731483981237,75.8315811227199,79.6334440369216,79.0046512883762,2.41212377333796,2.74485858326096,2.76716366052025,3.24907404018428,2.38416880942437,62.2365150470273,61.5207343976991,61.0596592679915,61.2423755249197,61.5958255713854,60.3457867327886,13.5573888667278
69.7032209154316,-178967.7047,-239536.5418,-171067.4216,-250070.2526,-173700.8493,75.344848246461,81.4090011702631,76.9374806815407,74.8318693862053,79.9211979584834,3.04214582234583,2.82577045904238,2.57573962145022,4.03383796767502,2.25710210638378,61.2876367773578,61.1536660747957,61.0677378659083,60.0186954926499,61.5323181795122,60.4767409105781,14.7345959768972
69.6953027648025,-178967.7047,-239536.5418,-171067.4216,-250070.2526,-173700.8493,71.9857199765763,79.2055892822727,77.9162651228136,71.6253235149065,80.3860258614945,3.63141692476593,3.04712750351149,2.40551864830553,4.65144519318926,2.17122808828035,60.2095763856499,60.4216928142656,60.9235365978268,58.7790056949977,61.2698493956553,60.4691739407899,15.9067363580526
69.7382980003465,-178967.7047,-239536.5418,-171067.4216,-250070.2526,-173700.8493,70.440828230216,76.4511122493162,78.6826717975412,70.2857373338389,80.2929335698431,3.91872143790416,3.37382202073031,2.28180262944488,4.89216053133175,2.14294525691708,59.5280629770075,59.4861012916882,60.7686222540038,58.0715135995801,60.9244596673108,60.2112057747842,16.6094518763282
69.7428152239043,-178967.7047,-239536.5418,-171067.4216,-250070.2526,-173700.8493,69.9232685378526,73.9376275215077,79.1538067247816,69.874240299453,79.6169430207652,3.99372574642436,3.71151756712449,2.2032202310267,4.93091381070075,2.16860078754595,59.2154508608749,58.5161923496081,60.600815618032,57.7560111906979,60.4776069467785,59.8207692319377,17.0079781428222
83.5632282589819,-178967.7047,-239536.5418,-171067.4216,-250070.2526,-173700.8493,69.7833052083693,72.0889235099455,79.2369652335149,69.7713848185717,78.4400758578515,3.99078837375283,3.96887833377589,2.16670268328455,4.90836418797541,2.23530207005596,59.0676061685954,57.6674868376042,60.37128252227,57.5974830897671,59.8718564484206,59.479565885866,17.2700356488446
83.6172111180163,-178967.7047,-239536.5418,-171067.4216,-250070.2526,-173700.8493,71.5200234491861,70.9797181980093,78.8712375231559,71.6654339143329,76.9288525768577,3.63632736461956,4.21060012603279,2.21082328869068,4.51028699553197,2.38276489384996,59.7597821792041,57.3861861984021,60.3820504580705,58.4170656103224,59.5097696491706,59.2315661819634,16.950802668725
83.5493074222016,-178967.7047,-239536.5418,-171067.4216,-250070.2526,-173700.8493,77.0222084851306,71.379801771337,78.0582034431345,77.3606043660785,75.2666958956116,2.74586809784538,4.32879563160843,2.36437870496846,3.52314228353402,2.66176462352763,61.448231287129,58.1574340686813,60.7698032107384,60.400192760545,59.6734391078846,59.1683627274085,15.6239493414839
83.5391094275031,-178967.7047,-239536.5418,-171067.4216,-250070.2526,-173700.8493,80.888374252754,73.8349034565689,77.0014056830771,81.1635201107533,73.9390040854516,2.29016358106001,3.94016068935989,2.53362227842527,3.00956222795694,2.90065533773667,62.2154342504637,59.3083569364382,60.867854245467,61.3088240627634,59.6299689018575,59.3995984703354,14.6741641145388
83.5880208863317,-178967.7047,-239536.5418,-171067.4216,-250070.2526,-173700.8493,82.6422740676009,76.9196654834341,76.0947887138429,82.8031730028388,73.6004311143777,2.12352173383171,3.44479406305881,2.68226413137632,2.82482488617154,3.00186666050493,62.5039884719079,60.3041794767167,60.8553032081873,61.6500234514766,59.7738412030947,59.7175655791926,14.0772714749433
83.575778634762,-175740.9427,-229562.9138,-168720.6856,-238923.2566,-171060.7713,83.3054907041227,79.4232479651178,75.5410131115463,83.3842154426397,74.3536151199203,2.03653487560108,3.00134942176255,2.77013395250749,2.66339487540852,2.92798080031956,62.6856342503048,61.146887856645,60.9873573314478,61.9490221778386,60.3935726674766,59.9873330130671,13.3993939255992
83.5885858979177,-175740.9427,-229562.9138,-168720.6856,-238923.2566,-171060.7713,83.5358723905281,81.1276010708174,75.3538310094354,83.5713692498056,75.7281505637843,2.01946279091564,2.79683742914836,2.81809908010307,2.64844840284334,2.76335289507791,62.7417003032828,61.5148262016711,61.0478840346813,62.0152068440848,60.9364327396846,60.2245278866934,13.0462005980883
83.5498607762897,-175740.9427,-229562.9138,-168720.6856,-238923.2566,-171060.7713,83.605774805653,82.1730321819853,75.5599325045288,83.6215826203663,77.2316853647501,2.01595066329635,2.68396984716788,2.80523333250223,2.6473809002077,2.58340722488792,62.7753757474617,61.735491536225,61.1883736247557,62.0567281295057,61.4096593679873,60.4416239094482,12.7359419680621
83.5540370053029,-175740.9427,-229562.9138,-168720.6856,-238923.2566,-171060.7713,83.6233626350448,82.7746949584521,76.1281907629124,83.6313527218949,78.5966968312978,2.01661267191966,2.62427115469994,2.73652605593213,2.65002936087333,2.42901946018022,62.7998017287682,61.8722273360617,61.3957982383963,62.0880503201253,61.7690275011523,60.6393196785634,12.4564587036053
83.6270756897547,-175740.9427,-229562.9138,-168720.6856,-238923.2566,-171060.7713,83.6245884242044,83.1069286995313,76.9347955169774,83.6297065849989,79.7316217336478,2.01836045890173,2.59395892262336,2.63400352517045,2.6533371561526,2.30897649279965,62.8190595540349,61.9602010605241,61.6289784881453,62.11326124277,62.0290871258396,60.8165440466165,12.2086365556478
83.5986748974061,-175740.9427,-229562.9138,-168720.6856,-238923.2566,-171060.7713,83.621865432612,83.2849854575764,77.8338355972334,83.6261123314394,80.6310599151103,2.02011660993487,2.57933986801389,2.52223642662414,2.65628623461606,2.21944205208228,62.8344234643772,62.0184034442001,61.8497765359986,62.1335551096781,62.2143879258359,60.9742108351978,11.9974211912712
83.5285555291095,-175740.9427,-229562.9138,-168720.6856,-238923.2566,-171060.7713,83.6185272367496,83.3779668062361,78.7153991300252,83.6225632592105,81.3227442752054,2.02161047824788,2.5728399597289,2.41751735981388,2.6586952931962,2.15392570484176,62.8464461410463,62.0576578472333,62.03896210429,62.1494805629869,62.3458890473207,61.1147570612273,11.8245887958286
83.5508858654679,-175740.9427,-229562.9138,-168720.6856,-238923.2566,-171060.7713,83.6151664201214,83.4250148846023,79.5170069176176,83.6191908435575,81.8433278979502,2.02283378893349,2.57040937664035,2.3270821288783,2.66062436240601,2.1064973560954,62.855647260503,62.0845454084189,62.1924890120158,62.1616770729042,62.4392037227522,61.2408113774648,11.6874470129535
83.5919343276495,-175740.9427,-229562.9138,-168720.6856,-238923.2566,-171060.7713,83.6114207890751,83.4475704619143,80.2120693556238,83.615430756917,82.2284458443178,2.02386967331437,2.56993970522991,2.25245707870332,2.66222203426751,2.07244083792802,62.8625270476522,62.1032008909631,62.3135813485775,62.1707942239727,62.5054527801263,61.354537732048,11.5809293294432
85.1757633661932,-175740.9427,-229562.9138,-168720.6856,-238923.2566,-171060.7713,83.6248122861213,83.4572208511529,80.7957238723525,83.6313079259853,82.5091048101183,2.02324039720717,2.57039490702148,2.19252915435594,2.66141374769743,2.04821214372472,62.8694651429668,62.1166312422775,62.4080203704573,62.18015853433,62.5528046789854,61.4575626404136,11.4957903500067
85.1831632687214,-175740.9427,-229562.9138,-168720.6856,-238923.2566,-171060.7713,83.8754590703623,83.4736260964209,81.2746355003269,83.907157424887,82.7109988775302,2.00201940158631,2.57032792003619,2.1456661241721,2.63267787929605,2.0315368448997,62.9001094984175,62.1324803165796,62.4853301394505,62.2218671948008,62.590893069447,61.5510200341314,11.3822281699903
85.1254665030958,-175740.9427,-229562.9138,-168720.6856,-238923.2566,-171060.7713,84.3138328871885,83.5563892762058,81.6607856638697,84.3667344024369,82.8574073057761,1.96545622278091,2.56343049621493,2.10948623205591,2.58541191803804,2.02007320552727,62.9482810568492,62.1578208638833,62.5492240917108,62.2849982208438,62.6231226469028,61.6368141882544,11.243858074617
85.1479545577039,-177484.5967,-234952.3898,-169988.7976,-244946.7886,-172487.3973,84.694849951211,83.7422652257308,81.9706504973014,84.7472802164573,82.9758598300958,1.9513791294545,2.59616251939798,2.09330726704322,2.60321364742018,2.02418660243994,62.9616562906115,62.1174438559917,62.5666240224863,62.2636478614232,62.6142851880638,61.7184011472495,11.2682491657558
85.1398028222501,-177484.5967,-234952.3898,-169988.7976,-244946.7886,-172487.3973,84.9329116901766,83.9948876272486,82.2177066230706,84.9720721649394,83.0923762346617,1.93255073837398,2.57103555967612,2.07125436927906,2.58110814449095,2.0150686074978,62.9879765929642,62.1587249504999,62.6070831129472,62.2958822055502,62.6386673923801,61.7928873116246,11.1710174193179
85.1635384976816,-177484.5967,-234952.3898,-169988.7976,-244946.7886,-172487.3973,85.059177642206,84.2551071265517,82.419706624721,85.0847582554453,83.225810812389,1.92281168985012,2.54525849601338,2.05347083191413,2.57037176006862,2.00433037100931,63.0030913652432,62.1977990705221,62.6392505313821,62.3138503659809,62.6625208522478,61.8613611391438,11.0962431488556
85.177176123817,-177484.5967,-234952.3898,-169988.7976,-244946.7886,-172487.3973,85.1188325648428,84.4809355538122,82.5942235866851,85.1348213707968,83.3813375974675,1.91835888640941,2.52317640734868,2.03825549510766,2.56584840921377,1.99163639944684,63.011550749048,62.2305885050357,62.6661087222215,62.323770499659,62.6869846490932,61.9245940904895,11.0372755975264
85.1530406076763,-177484.5967,-234952.3898,-169988.7976,-244946.7886,-172487.3973,85.1445209431641,84.6556779125381,82.7557345682211,85.1549157691795,83.5529486694812,1.91656056818137,2.50635402850596,2.02427060270705,2.56424837898136,1.97760435485035,63.0164957558727,62.2559889259589,62.6899441668239,62.3296313427723,62.711759432668,61.9823890843742,10.9890379332261
85.1138047172714,-177484.5967,-234952.3898,-169988.7976,-244946.7886,-172487.3973,85.1548588892294,84.7803348492196,82.9136969785569,85.1623928467374,83.7293617492522,1.91594311202019,2.49455598461676,2.01067285523004,2.56384956199659,1.96325563700624,63.0197024434987,62.2747061621895,62.7122059582873,62.3335578566596,62.7358518781528,62.0346550054417,10.9482771508698
85.1618337489299,-177484.5967,-234952.3898,-169988.7976,-244946.7886,-172487.3973,85.1582430104931,84.8640805462,83.0722502414366,85.1643871104449,83.8992225054751,1.91584770711476,2.48678400817461,1.99710963220408,2.56395043949093,1.94955819308383,63.0219842837724,62.2881147428798,62.7335622822775,62.3364503107679,62.7582138701869,62.0816105429737,10.9132499800682
85.1443430932124,-177484.5967,-234952.3898,-169988.7976,-244946.7886,-172487.3973,85.1586685423071,84.9177078244913,83.2312479508049,85.164184912735,84.0539900611403,1.91596282397425,2.48193191520078,1.98360816646508,2.56423032227277,1.93719922782644,63.023739829172,62.2976067713762,62.7541243351995,62.3387397560276,62.7781057829773,62.1236039150165,10.8829324557393
85.1074131153991,-177484.5967,-234952.3898,-169988.7976,-244946.7886,-172487.3973,85.158006936008,84.9506324474434,83.3879079171807,85.163272923803,84.1887359728665,1.91614344889116,2.47905994932336,1.97041568352993,2.56454559094467,1.92654313670282,63.0251647679393,62.3043262360439,62.7736842438983,62.3406337799057,62.7951705707854,62.1609858016297,10.8567078093919
85.1503500863332,-177484.5967,-234952.3898,-169988.7976,-244946.7886,-172487.3973,85.1576495896068,84.9700641421487,83.538423117298,85.1629005501937,84.3017280539955,1.91628195666191,2.47746024790709,1.95785325465436,2.56477537772962,1.91768843795422,63.0264071707912,62.309135162069,62.7919297153701,62.3423061626982,62.8093804029086,62.1940922627068,10.8340592749072
86.8816781529495,-177484.5967,-234952.3898,-169988.7976,-244946.7886,-172487.3973,85.1587976940071,84.981180344946,83.6791584188601,85.1642773254918,84.3935571987216,1.91628557456061,2.47663041053794,1.94621303563198,2.5648025308174,1.91055218982829,63.0275970584175,62.3126584331121,62.8085811048819,62.3439245353884,62.8209318528071,62.2232675131183,10.8144837413762
86.9184551020582,-177484.5967,-234952.3898,-169988.7976,-244946.7886,-172487.3973,85.3004362853575,84.9913278855311,83.8073466699884,85.3238108642889,84.4662785228091,1.90529652525015,2.47608959147145,1.93587587696368,2.54920122880378,1.90511328173447,63.0415910275995,62.3178547922452,62.8253249851385,62.3637958098209,62.8320654866908,62.2488633330099,10.7715765042235
86.9081155167119,-177175.9499,-233998.3906,-169764.3272,-243880.5542,-172234.8681,85.7145788390546,85.0409788896531,83.921148862518,85.7691884959054,84.5235922330559,1.87075789423832,2.46342158585502,1.92503721330506,2.49665668664114,1.89890962257171,63.0842053806383,62.343445405429,62.8488535034498,62.4280044007544,62.8504780414132,62.2718036466288,10.6547830026113
86.9444842073109,-177175.9499,-233998.3906,-169764.3272,-243880.5542,-172234.8681,86.169538208335,85.1835787667411,84.0205135249483,86.2344301709525,84.5749861338193,1.83710875656868,2.45059041824937,1.91759536897772,2.45330659724406,1.89554982789373,63.124658777262,62.3672021440627,62.8664403600829,62.4808058132207,62.8634571178102,62.2952294226342,10.5541509689336
86.8833990447444,-177175.9499,-233998.3906,-169764.3272,-243880.5542,-172234.8681,86.5050192605745,85.4169215325109,84.107228074229,86.560176189431,84.6363080232172,1.81303668172225,2.42914153390047,1.9111454510543,2.42383434907228,1.89133511030088,63.1541680485198,62.3990803938249,62.8817621037641,62.517723219167,62.8763962733324,62.3209052599771,10.4684931260502
86.9125264064911,-177175.9499,-233998.3906,-169764.3272,-243880.5542,-172234.8681,86.7058890032407,85.6927687784807,84.1859478394339,86.7451029769244,84.7231033220144,1.79895769911371,2.40392313509009,1.90527397706877,2.40750092605806,1.88504447571667,63.1722896208032,62.433458564051,62.8950714488529,62.5395366510589,62.8905759627015,62.3479750711442,10.4007002130473
86.9045762547785,-177175.9499,-233998.3906,-169764.3272,-243880.5542,-172234.8681,86.8123406073718,85.959608302639,84.2637730708072,86.8379341093844,84.8428360636572,1.79164310662081,2.37987438891237,1.89942017036715,2.39950101087869,1.87615703523404,63.182662553497,62.4652616298896,62.9072805112276,62.5516666391569,62.9068870376889,62.3744636074875,10.3465957120131
80.6494359905283,-177175.9499,-233998.3906,-169764.3272,-243880.5542,-172234.8681,86.8162029262074,86.1855181503142,84.3483251737935,86.8251908431672,84.9926738908709,1.79150672333022,2.35978663703686,1.89295032934865,2.40087726080239,1.86493066799458,63.1847259992353,62.4911751732243,62.9188390921805,62.5528449399848,62.9246765138631,62.3988800633639,10.3100516185127
80.6841784433714,-177175.9499,-233998.3906,-169764.3272,-243880.5542,-172234.8681,86.0573491788807,86.3268433600077,84.4454315835781,85.9706746341409,85.1620637503226,1.84601783106364,2.34655384267795,1.88475684596364,2.47917794051387,1.8516009827771,63.1236867383068,62.4988821541849,62.9227864620947,62.4649300915762,62.9351987440837,62.4207029365034,10.4081074429962
80.615411431738,-177175.9499,-233998.3906,-169764.3272,-243880.5542,-172234.8681,84.4926686397358,86.2246383508354,84.5574564997008,84.2964975019104,85.3314753508316,1.96815829181525,2.35373844033445,1.87440347465261,2.64575371315025,1.83743742783172,62.9822291730775,62.4694100839426,62.9159298569486,62.2706668073769,62.9332785653382,62.4373522800421,10.6794913477843
80.6985960147222,-177175.9499,-233998.3906,-169764.3272,-243880.5542,-172234.8681,82.9275856904248,85.7388878537531,84.6820621807499,82.7090519882709,85.4625630020205,2.10527234717952,2.39513191172381,1.86265325863087,2.8217333191496,1.82580040351406,62.8180973130127,62.3942053930434,62.9040138252665,62.0568794566572,62.921607807578,62.439624127269,11.0105912401979
80.6825893998967,-177175.9499,-233998.3906,-169764.3272,-243880.5542,-172234.8681,81.821893137815,84.9159386338791,84.809754715781,81.6538799086771,85.5014459853467,2.21219144438818,2.47017797142357,1.85082519304842,2.94902133203368,1.82104863748654,62.684331646792,62.2804870277417,62.8925294217224,61.8931129341318,62.9016733914585,62.4180896441866,11.3032645783804
80.6288322978419,-177175.9499,-233998.3906,-169764.3272,-243880.5542,-172234.8681,81.1939446645358,83.9364068659224,84.9216755964358,81.0929406353231,85.4003954368737,2.27661154551011,2.56590151555778,1.8405783906743,3.0195134728879,1.82677515478533,62.5979088672177,62.1453936131982,62.8824335073767,61.7934992291068,62.8714678992961,62.3739961955197,11.5293800794154
74.0292983270858,-177175.9499,-233998.3906,-169764.3272,-243880.5542,-172234.8681,80.8881778740893,82.9896494439168,84.9910500996771,80.8378762446913,85.1376688791005,2.30850130139629,2.66490960048653,1.8338564575352,3.05130398617401,1.84472060461733,62.5490286731393,62.0082270645247,62.8710239824295,61.7395092483729,62.8279028437486,62.3190662568138,11.7032919502094
74.0980644506491,-176817.1981,-232889.5214,-169503.4168,-242641.2298,-171941.3439,80.464483927222,82.194355404123,84.9892128048842,80.4042681335972,84.7241781942656,2.35026422427863,2.74118369191722,1.8298599696655,3.09485391890572,1.8714298112202,62.4876853567718,61.8934061014589,62.8549461255794,61.6703343189839,62.7702969217874,62.2659687381081,11.8875916159873
74.0412381038032,-176817.1981,-232889.5214,-169503.4168,-242641.2298,-171941.3439,78.8234952816082,81.4698452024194,84.8945842327749,78.6408837997709,84.1945893617043,2.54463746232789,2.81777496310304,1.83229989847261,3.34684055980386,1.90732575943691,62.2198622797814,61.7207055842511,62.7897920051906,61.3174447393592,62.6538810259484,62.2172384158831,12.4488786431443
74.0593001244148,-176817.1981,-232889.5214,-169503.4168,-242641.2298,-171941.3439,76.7541352418627,80.5158406671134,84.6982646033834,76.5233255232026,83.5798207681501,2.82667505761415,2.92023803170706,1.83950697959417,3.68774672143876,1.94757433796512,61.8071655031997,61.4596436877285,62.6800776632629,60.801316160245,62.4842727911565,62.1447611477219,13.2217411283193
74.1000949477611,-176817.1981,-232889.5214,-169503.4168,-242641.2298,-171941.3439,75.2795446851496,79.2197969670601,84.3997323358259,75.111857827455,82.8723397613807,3.05207070978324,3.07270747727537,1.85348274428022,3.9325944003396,1.9953243862258,61.4364097893028,61.1091790281714,62.5475685218652,60.3687181643184,62.2816287126283,62.0020321640332,13.9061797179042
74.0849171058219,-176817.1981,-232889.5214,-169503.4168,-242641.2298,-171941.3439,74.5371421286172,77.7804340099664,83.9943987596444,74.4522901033258,82.0353080355513,3.16817176622561,3.25977366198478,1.8761820885221,4.04239729726044,2.05624073685094,61.2013037761635,60.7091165108802,62.4066174871638,60.1096156408308,62.0545989925891,61.7876620676518,14.4027655508439
74.0829197988362,-176817.1981,-232889.5214,-169503.4168,-242641.2298,-171941.3439,74.2430064790917,76.4810999767427,83.4679097928234,74.2101027917096,81.0458254895079,3.20798486317565,3.44181797629723,1.90924277152904,4.07141486915161,2.13391832215959,61.0726742146907,60.3127170052618,62.2539451999792,59.9696506771459,61.7924419561938,61.5556944760972,14.7643788023131
82.9795433919909,-176817.1981,-232889.5214,-169503.4168,-242641.2298,-171941.3439,74.1639941438517,75.4920353030754,82.8051143158654,74.156958146801,79.9273586625768,3.21026779376774,3.58479936976735,1.95452152828767,4.06431246085462,2.22783057086555,61.0030277505761,59.9685358212864,62.0825958026799,59.8916207641321,61.4855846683621,61.3532762702952,15.0417317235429
83.0066121247008,-176817.1981,-232889.5214,-169503.4168,-242641.2298,-171941.3439,75.7996395718833,74.9129006974173,82.0063947958683,75.9451902907538,78.7486037117807,2.93618922522819,3.69997472775616,2.0250632051432,3.72985825233721,2.35302720807307,61.41016283647,59.8726273838077,62.0057308899254,60.4006884463887,61.2880542781216,61.1930961968008,14.7441126185378
83.0015971639771,-176817.1981,-232889.5214,-169503.4168,-242641.2298,-171941.3439,78.9777423173217,75.2404662902411,81.0997096217807,79.2247534655996,77.6242652139354,2.498520330803,3.68084920314752,2.12049371499655,3.21610713359954,2.50112362261984,62.0676431573065,60.1220444023476,61.9991538088026,61.1971237647863,61.1975890137925,61.1201543633815,14.0170940051664
82.9867244427682,-176817.1981,-232889.5214,-169503.4168,-242641.2298,-171941.3439,81.2108755631493,76.6168675397317,80.1802852505027,81.4096418183507,76.7905896476867,2.24962952939603,3.46594564648962,2.22183080043752,2.9308077716378,2.62111149709823,62.4299047432404,60.5610383852085,61.9509004807961,61.6271132459372,61.1158852595715,61.1716554588525,13.4893252450592
82.9839965779332,-176817.1981,-232889.5214,-169503.4168,-242641.2298,-171941.3439,82.3137872324856,78.3849595904304,79.3722255658174,82.433347580658,76.5041177533619,2.14234977783101,3.20092996992502,2.31608179137198,2.81213826712256,2.67210066273587,62.5923453911968,60.9998147476009,61.8846702017349,61.8160155097135,61.1285189002712,61.2801835447347,13.1436004689865
83.0177829807602,-176817.1981,-232889.5214,-169503.4168,-242641.2298,-171941.3439,82.7738968967797,79.949592979899,78.7421584785797,82.8355983730652,76.808934334977,2.10104022567207,2.98913451201312,2.39433247427861,2.76923176097941,2.64367532397196,62.664702398289,61.3326217679135,61.8261248911541,61.8988211413284,61.2680138926071,61.3823316017982,12.8974142969152
82.9766332244417,-176686.9251,-232486.8594,-169408.6728,-242191.1958,-171834.7569,82.9462670759551,81.094616276676,78.3196114186203,82.9757805975539,77.5205830371472,2.08550156817814,2.84423329485276,2.44970367996172,2.75180121480907,2.56096055268309,62.7021691394987,61.5630202828544,61.795176264746,61.9454630131067,61.4876617080457,61.4638217593985,12.6922003104848
82.9865077203215,-176686.9251,-232486.8594,-169408.6728,-242191.1958,-171834.7569,83.004908157383,81.8450155748078,78.1352458196583,83.019181171599,78.3983961031435,2.08151215960121,2.75845932600059,2.47756682410016,2.74923879298882,2.46069198208547,62.7220105542673,61.7060868968983,61.7966473156858,61.9692623270493,61.712163382012,61.5315200445132,12.5274690847762
82.9797952249521,-176686.9251,-232486.8594,-169408.6728,-242191.1958,-171834.7569,83.0234845504266,82.3026304607491,78.1994556816576,83.0314381426645,79.267533173085,2.0810269530788,2.70923810158104,2.47437168528084,2.74991919070091,2.36552863090496,62.7358578426754,61.7978193129871,61.8397592599213,61.9867275662959,61.9100264696499,61.5909643639525,12.3800845615465
83.0113020683022,-176686.9251,-232486.8594,-169408.6728,-242191.1958,-171834.7569,83.028909357309,82.5682886235863,78.4765126088402,83.03447239664,80.0372456668932,2.0816173052855,2.68237090747127,2.44455275252802,2.751426676589,2.28533297748429,62.747036274475,61.8580969522895,61.9172587478332,62.0012920581959,62.0706388430163,61.6437604201864,12.2453006193581
82.9956255238539,-176686.9251,-232486.8594,-169408.6728,-242191.1958,-171834.7569,83.0294685102395,82.7171609285757,78.8961055390693,83.0341114774791,80.6755536850771,2.0825269239162,2.6684631959329,2.39773770521317,2.75310263866732,2.22184450024621,62.7564542658722,61.8990302112738,62.0135376427881,62.0137351704353,62.1955569690376,61.690140251533,12.1236749639758
82.9874482351114,-176686.9251,-232486.8594,-169408.6728,-242191.1958,-171834.7569,83.0279383606497,82.7981326726733,79.3826529057075,83.0322281912062,81.1825984971691,2.08349202944641,2.66176609257493,2.34402107516905,2.75471797252313,2.17335747778339,62.7643148880659,61.9276227573937,62.1131965708001,62.0241779828226,62.2903180104923,61.730529290784,12.0173546474969
83.0328205889724,-176686.9251,-232486.8594,-169408.6728,-242191.1958,-171834.7569,83.0262880918508,82.8407565234397,79.8758807597377,83.0305149744168,81.573117236388,2.08432991284155,2.65893293592368,2.2908894323356,2.75607742557792,2.13718051004387,62.7708104283964,61.9480085805729,62.2059011289596,62.0328271229707,62.3610390449873,61.7658115790968,11.9274102167226
83.0060904547516,-176686.9251,-232486.8594,-169408.6728,-242191.1958,-171834.7569,83.0247079774271,82.862288364105,80.3367727389081,83.0289502287943,81.8667373499487,2.08503091129832,2.65806786316746,2.24263810512703,2.75719741526861,2.11065058804641,62.7760403130508,61.9627408404982,62.2866158664323,62.039791760769,62.413172036656,61.7970995937081,11.8535848829078
82.9983771797138,-176686.9251,-232486.8594,-169408.6728,-242191.1958,-171834.7569,83.0232219855662,82.8724815889699,80.744787653481,83.0274897112631,82.0831316657121,2.08560816779086,2.65813756838916,2.20109906144859,2.75810960561367,2.09147588055306,62.7801587655218,61.9734821211189,62.3539890225942,62.045272993365,62.4512155389803,61.8254725319209,11.7944302837954
83.0060078114441,-176686.9251,-232486.8594,-169408.6728,-242191.1958,-171834.7569,83.0216763329408,82.8766882822082,81.0924589821983,83.0259665359389,82.2398495801505,2.08609393660359,2.65860293406163,2.16658276501887,2.7588641131021,2.07780069173286,62.7833269220943,61.9813470052125,62.4086725793363,62.0494881360545,62.4787246409451,61.8518166541552,11.747944440519
83.0148780133446,-176686.9251,-232486.8594,-169408.6728,-242191.1958,-171834.7569,83.0204593786943,82.8778009942899,81.3804232577149,83.0248015532254,82.3515550112973,2.08647066471132,2.65919592280211,2.13860454085489,2.75944409554277,2.06817444206173,62.7857641553742,61.9871192844961,62.452206828532,62.0527320084284,62.4984525683677,61.8767654123187,11.7118896659728
83.0299998151707,-176686.9251,-232486.8594,-169408.6728,-242191.1958,-171834.7569,83.0192024179285,82.8774236589193,81.6137447466818,83.0235564537623,82.4299845518557,2.08678806922666,2.65978266393109,2.11633622427998,2.7599264536433,2.0614866469409,62.7875849310232,61.9913503791066,62.4863635955574,62.0551522412848,62.5124754430628,61.9007076805426,11.6843200580219
82.9916757601311,-156829.3115,-171108.781,-154966.772,-173592.167,-155587.6185,83.0200720827771,82.8690139625415,81.7809450081182,83.0232928526212,82.4758077655649,1.88252481365859,2.04412803005684,1.95902517535437,2.06414952032463,1.90090717164251,63.1137482804672,62.8672295718073,62.8791474621053,62.9280384204858,62.9180680585138,61.9256042596409,9.85073471103695
83.0135293560209,-156829.3115,-171108.781,-154966.772,-173592.167,-155587.6185,83.0266304570261,82.8624964226681,81.9119646633549,83.0292381799105,82.5064251797018,1.8820229773201,2.04484921136577,1.94711365461491,2.06367315150723,1.89837279757243,63.1149986872949,62.8677662992939,62.8945348567656,62.9293450516801,62.922575412263,61.9869064379343,9.83603179238045
89.1267666486478,-156829.3115,-171108.781,-154966.772,-173592.167,-155587.6185,83.0273126128594,82.8588092661547,82.0156674257147,83.0294537981912,82.526199844312,1.88200987950746,2.04527720451468,1.93776660713536,2.06370776086996,1.89674891581333,63.1155422684983,62.8682632247661,62.9065047867571,62.9298977547484,62.9255835685888,62.0736976197759,9.82551036784079
89.1168124619719,-156829.3115,-171108.781,-154966.772,-173592.167,-155587.6185,83.4126108544481,82.8651830658617,82.0974370008558,83.4295939098029,82.538626624081,1.84961227186796,2.04514046690103,1.93084369004448,2.02746768332739,1.8961281100817,63.1520681036556,62.8733004612367,62.9197596761637,62.9707672966857,62.9315929681911,62.1618576811434,9.74919222222255
89.1003401781845,-156829.3115,-171108.781,-154966.772,-173592.167,-155587.6185,84.6381165101675,82.9758251671994,82.1613719871568,84.6859705244714,82.5487430935347,1.75288548555961,2.03617987426174,1.92634608051953,1.92067518366681,1.89648044039654,63.2595673606163,62.8959645217457,62.9389188534478,63.0896016279337,62.9453520548813,62.2400006545907,9.53256706440423
89.0862369222529,-156829.3115,-171108.781,-154966.772,-173592.167,-155587.6185,86.0934310867297,83.3405858028223,82.2115096192486,86.1572130286391,82.5742512939908,1.64941635384,2.00456977052144,1.92328481663941,1.80794820249551,1.89567663285616,63.3737894272253,62.9440854038276,62.9584603923575,63.2142936797113,62.9625479971913,62.3093722929024,9.28089577635252
89.0996740713722,-156829.3115,-171108.781,-154966.772,-173592.167,-155587.6185,87.2689033084636,83.9837770563196,82.2543666168781,87.3299770745051,82.652054435565,1.57379158137424,1.94977318126483,1.92072086314019,1.72650063920898,1.89018506197798,63.4575238665628,63.0140516969164,62.9756166627843,63.3047268922068,62.9833730889106,62.3750067561381,9.06097132696621
89.0897507199574,-156829.3115,-171108.781,-154966.772,-173592.167,-155587.6185,88.0539244007612,84.7968813208389,82.3020724818574,88.103067755164,82.8230088028862,1.52684813001793,1.88379996094898,1.91752897069302,1.67650411975227,1.87654606454673,63.5104562130436,63.092767841796,62.9912313847824,63.3613392331828,63.0113727484144,62.4388793401022,8.88122724595894
89.1055749387048,-156829.3115,-171108.781,-154966.772,-173592.167,-155587.6185,88.5235856878595,85.6392984968067,82.3727051797335,88.5591893886374,83.109316756992,1.50006518556434,1.81944504087318,1.91214221077772,1.64833632173783,1.85324399261583,63.5419056467532,63.1674968178555,63.0074628649216,63.3946587950496,63.0485757976888,62.5001759656979,8.73323275156891
89.0584763794839,-156829.3115,-171108.781,-154966.772,-173592.167,-155587.6185,88.7851107073734,86.407353238091,82.4864492143378,88.8092500272053,83.5047684341264,1.48560282913919,1.76415252370958,1.90285069342019,1.63335549150534,1.82145169647764,63.5602337944202,63.2312346345365,63.0266474652396,63.4139150786173,63.093879832389,62.5575589334078,8.60741323425194
89.1039967105835,-156829.3115,-171108.781,-154966.772,-173592.167,-155587.6185,88.9233853946303,87.0495761335249,82.6595396611528,88.9391749064187,83.9808917329229,1.47813448595152,1.72026038301627,1.88836828109807,1.62576240616863,1.78420888112444,63.5710586187295,63.2821229456742,63.0504953752794,63.425231639243,63.1439549462274,62.6103021103268,8.49673443735894
89.1140776052601,-156829.3115,-171108.781,-154966.772,-173592.167,-155587.6185,88.9933332876386,87.5548101676452,82.8993210272381,89.0036066933355,84.5000046174983,1.4744546001653,1.68716533743685,1.8682931707267,1.6221100595293,1.745005439549,63.5777331719281,63.3211401075622,63.079574409159,63.4322161744146,63.1949434253341,62.6583465832381,8.39702860740716
89.0733838674937,-154407.2358,-163622.3652,-153205.2624,-165224.9964,-153605.9202,89.0264582400034,87.9261914774816,83.1989507522939,89.0329585841052,85.0196987275395,1.45154672987749,1.59583621353322,1.82535976002087,1.54714562273281,1.68792631343572,63.6084705952017,63.4265974569423,63.1436237120032,63.5148138806998,63.2747189306907,62.7008264991596,8.10781463960011
89.1481367393486,-154407.2358,-163622.3652,-153205.2624,-165224.9964,-153605.9202,89.0423123055377,88.1983692899077,83.5497912933956,89.0466800554502,85.5192022438163,1.45081219252632,1.57958692727164,1.79711378868942,1.54650055986103,1.65321984872045,63.6114556888506,63.4467467740326,63.1792464877145,63.5178914453225,63.3177245561165,62.7411834225322,8.02723331706886
89.0743738949314,-154407.2358,-163622.3652,-153205.2624,-165224.9964,-153605.9202,89.0484382605798,88.3930138543614,83.9355546580368,89.0516069244187,85.980468891408,1.45059055750832,1.56819356764835,1.76686288966572,1.54634388199938,1.62229121744139,63.6136960758151,63.4615639610495,63.2162406877654,63.5202316994661,63.3557248321279,62.7797656327022,7.95428211426315
89.0752283809609,-154407.2358,-163622.3652,-153205.2624,-165224.9964,-153605.9202,89.0497176559375,88.5293656714121,84.338835274456,89.0522283389199,86.3934830714304,1.45061808249579,1.56033886121104,1.73614810968774,1.54641897124018,1.59547585487318,63.6154580868029,63.4724114887202,63.2529689539902,63.5220928372362,63.3884821044011,62.8159324101426,7.88899987950794
89.0827889357234,-154407.2358,-163622.3652,-153205.2624,-165224.9964,-153605.9202,89.0488919334046,88.6231227629384,84.7437944892795,89.0510507289608,86.7543601430095,1.45074724535008,1.5550122751511,1.7062257879587,1.54658313346629,1.57270008708179,63.6168968259627,63.4803377318431,63.2881423641277,63.5236251261413,63.4162018471484,62.8492378329741,7.83126852900797
89.1136079146269,-154407.2358,-163622.3652,-153205.2624,-165224.9964,-153605.9202,89.0472714301279,88.6864542434544,85.137563403148,89.0492443836634,87.0634563320261,1.45090805389117,1.55146178069292,1.67799095416531,1.54677032441489,1.55366233133807,63.6180950278543,63.4861303673632,63.3208862258774,63.5249081231584,63.4393245989625,62.8796243795056,7.78079344450237
89.0941908967822,-154407.2358,-163622.3652,-153205.2624,-165224.9964,-153605.9202,89.0455731810579,88.7284560432494,85.5106473634789,89.0474510762275,87.3238094309668,1.45106273077108,1.54914056606974,1.65199808843061,1.5469449254458,1.53795434793496,63.6191074167058,63.4903722881833,63.3507022583471,63.5259957039499,63.4583912971241,62.9072698197181,7.73710065865218
89.1221373877239,-154407.2358,-163622.3652,-153205.2624,-165224.9964,-153605.9202,89.0440918653435,88.7557570314884,85.8567242769923,89.0459221819947,87.5399681912219,1.45119639522782,1.54765760368253,1.62852599130776,1.54709374651381,1.52513560230437,63.6199680408862,63.4934901955878,63.3773858146031,63.5269218194762,63.4739615169482,62.9324430175333,7.69960933903629
89.1002594990253,-154407.2358,-163622.3652,-153205.2624,-165224.9964,-153605.9202,89.0428734249508,88.7730896715437,86.1721570220654,89.0446790423449,87.717167308467,1.45130762425602,1.54673742371304,1.60765169776888,1.54721678166849,1.5147757674121,63.6206981195659,63.4957938904775,63.4009392239502,63.5277079585892,63.4865687117283,62.9554265486433,7.66768929481852
89.0848907802308,-154407.2358,-163622.3652,-153205.2624,-165224.9964,-153605.9202,89.0418232431797,88.7837682537248,86.4554251111304,89.043612767742,87.860775463425,1.4514025590491,1.5461889872255,1.58931594582282,1.54732144123801,1.50647705919231,63.6213107769135,63.497506562652,63.4214984399598,63.5283676312512,63.4966981213458,62.9764838122314,7.64070599252773
81.0975578325994,-154407.2358,-163622.3652,-153205.2624,-165224.9964,-153605.9202,89.0390331364165,88.7900605136708,86.7065849810065,89.0407449777913,87.9759459188846,1.45158515977871,1.54588227390489,1.57337405602099,1.5475218716842,1.49988407271522,63.6217184185513,63.4987818601682,63.4392717738814,63.528804500227,63.5047722782547,62.9958474866485,7.618247434104
81.0840864732123,-154407.2358,-163622.3652,-153205.2624,-165224.9964,-153605.9202,88.7899228925865,88.7900541919846,86.9268028177849,88.7840966681369,88.0673955747149,1.46517621086745,1.54588132480507,1.55957925684871,1.56234786089231,1.49463922561428,63.608380514121,63.4987600108037,63.4536854416436,63.5142532060108,63.5103499979507,63.0137582484825,7.62762387902782
81.0740330817795,-153315.9489,-160249.2966,-152411.5992,-161455.0962,-152713.0491,87.8146311023076,88.7407218477076,87.1168083579203,87.7908326592189,88.1379212927536,1.51067750780288,1.51861464647753,1.54037879276076,1.58755629737475,1.48249919295396,63.5641639104163,63.5260636484535,63.4742196691013,63.4896639581061,63.5236932141945,63.0302237150018,7.63972643736989
81.0940600144606,-153315.9489,-160249.2966,-152411.5992,-161455.0962,-152713.0491,86.2934762551333,88.541212986781,87.2801783718851,86.2518848635293,88.1869088787479,1.60496493801069,1.5297085479124,1.53010741599545,1.68731978698725,1.47939667359415,63.4676596451397,63.5094189894419,63.4788806057873,63.3875329472264,63.521061028086,63.0458053664926,7.83149736249993
81.0667650427651,-153315.9489,-160249.2966,-152411.5992,-161455.0962,-152713.0491,84.6906550075457,88.1033474105254,87.4185368653523,84.6414370957972,88.2023734036088,1.71677992096042,1.5548662244982,1.52132394560777,1.80480145075436,1.4780690378513,63.3514985476966,63.4765668914041,63.4798206390243,63.2654162659754,63.5143701187989,63.0583322920509,8.07584057967206
81.0628044041014,-153315.9489,-160249.2966,-152411.5992,-161455.0962,-152713.0491,83.3449361974404,87.4122537452268,87.5316392554624,83.2997759643016,88.1614404162602,1.82216347499438,1.5963972259799,1.51407380713242,1.91454839886309,1.47986621488406,63.2399149722647,63.4261501463511,63.4782925489387,63.1490848520124,63.5034187014342,63.0637950893303,8.32704912185385
81.0603399698396,-153315.9489,-160249.2966,-152411.5992,-161455.0962,-152713.0491,82.3804037502395,86.5269365172513,87.6159716168287,82.3461009639461,88.0365625553724,1.9050321679094,1.652872323149,1.50858652008586,1.99997883010241,1.48643117676174,63.1499487702037,63.3603865599258,63.4751339934424,63.0561600784006,63.4874452924089,63.0588511838041,8.5529010180084
81.0717007478247,-153315.9489,-160249.2966,-152411.5992,-161455.0962,-152713.0491,81.7674502779087,85.5467714758552,87.6641515632403,81.7449769686366,87.8042813646263,1.96110040397825,1.71996970675662,1.50528526894406,2.05719177809328,1.49925930781794,63.0867976880742,63.2839670224451,63.4703705081919,62.9915122621155,63.4652140189261,63.0431655677443,8.74280646559015
81.0828291978841,-153315.9489,-160249.2966,-152411.5992,-161455.0962,-152713.0491,81.4130749451301,84.5740558172681,87.6655572393946,81.4000139427425,87.452167964139,1.99464709497272,1.79172738230668,1.50475926047289,2.0911007301402,1.5193810464374,63.0466002775885,63.2028641809516,63.4633189286783,62.9506523940852,63.4354321050135,63.0198016536901,8.90161551432989
81.1095315927592,-153315.9489,-160249.2966,-152411.5992,-161455.0962,-152713.0491,81.2235683211052,83.6885307942617,87.6080728048648,81.2167305653012,86.9820562494559,2.01275234899803,1.86193675247019,1.50769620949935,2.10924233272074,1.54720650202147,63.0223050813732,63.1231978437672,63.4529797610774,62.9260520564673,63.3972450339052,62.9934993260333,9.03883414570976
81.0615351983793,-153315.9489,-160249.2966,-152411.5992,-161455.0962,-152713.0491,81.1290974045809,82.9373041044523,87.4805196731941,81.1258884657074,86.4097540292852,2.02161302253956,1.9254289656771,1.51477881648736,2.11803752345901,1.58247220433617,63.0076097944144,63.0501257510061,63.4383678911448,62.9111623441357,63.3505349405328,62.9684012770581,9.16233053249922
81.0804313609818,-153315.9489,-160249.2966,-152411.5992,-161455.0962,-152713.0491,81.0849423751667,82.3366238721274,87.2751882838144,81.083665278743,85.76224935925,2.02549076689345,1.97892094164238,1.52656707479238,2.12183256874342,1.62424023182524,62.9981478366316,62.9870134649868,63.4186916885533,62.9015174630624,63.2960078842174,62.9467504834693,9.27705158389686
81.0424709980901,-153315.9489,-160249.2966,-152411.5992,-161455.0962,-152713.0491,81.0655937066158,81.8799299970726,86.9898101484725,81.0652827030632,85.0734612255451,2.02689641027888,2.02121236159227,1.5433966660945,2.12316107471541,1.67094466390856,62.9913422773278,62.9351867454795,63.3934508830494,62.8945118348242,63.2351717538324,62.9288814609919,9.38561117658963
92.4425581770081,-153315.9489,-160249.2966,-152411.5992,-161455.0962,-152713.0491,81.0579790975413,81.5474873357793,86.6284169359581,81.0581386397695,84.3793987147622,2.02713577862475,2.05280153482018,1.56531668130928,2.12333005369614,1.72050958864565,62.985861912892,62.8942719139261,63.3624908412074,62.8888138389165,63.1702328359638,62.9139551781873,9.489093637096
92.519569089358,-152975.2349,-159196.1806,-152163.8072,-160278.0842,-152434.2831,81.3364900195419,81.3180477341949,86.2016305354503,81.3400947665228,83.7143779555242,1.99535450074313,2.06322613724433,1.58993030557997,2.08045006935611,1.76798361577037,63.0173280938221,62.8810436950488,63.3331233205922,62.9314683981754,63.1123982855432,62.9008685327308,9.4969446286939
92.4585333111933,-152975.2349,-159196.1806,-152163.8072,-160278.0842,-152434.2831,83.0736636574013,81.2541687299282,85.7232349079046,83.0923765353666,83.1054334835574,1.83797325893588,2.07076005835822,1.62198220156842,1.91633932438307,1.81751829191198,63.1858758342584,62.8842429278029,63.3066309346189,63.1072791585706,63.0649405371873,62.8899494175915,9.26457313515757
92.386839436394,-152975.2349,-159196.1806,-152163.8072,-160278.0842,-152434.2831,85.6860079747476,81.5921657197813,85.2104377263383,85.7186666434596,82.5856837980932,1.6399772524355,2.0388728149314,1.65808770663025,1.71038763199358,1.86257854939587,63.397148696948,62.9349408318595,63.2819640280617,63.327117915912,63.0300186043892,62.8861730614971,8.9099039553866
92.4881208689828,-152975.2349,-159196.1806,-152163.8072,-160278.0842,-152434.2831,88.0600741654699,82.4701085371393,84.6846246155046,88.0993813363838,82.2142438426616,1.49161645280144,1.95716944018243,1.69658288665816,1.55626934199356,1.89635365495613,63.55429580021,63.0340250560384,63.2537042931288,63.4903840559264,63.0068758426231,62.8959505583006,8.59799177659173
92.4474570531843,-152975.2349,-159196.1806,-152163.8072,-160278.0842,-152434.2831,89.7842371397002,83.7713257157898,84.1726010815385,89.824240095073,82.0686509797276,1.3988220948445,1.84553375129113,1.73556238725722,1.4599997783443,1.91054362212415,63.6528067504834,63.1595603663711,63.2230040337843,63.5925730956365,63.0039397178805,62.9185648529032,8.35046163386131
92.4551467315949,-152975.2349,-159196.1806,-152163.8072,-160278.0842,-152434.2831,90.895498933328,85.2532116557245,83.7082302035991,90.9316137501603,82.2040541753116,1.34464412332135,1.73151462564651,1.77232699580579,1.40396321068205,1.89945586721943,63.7111892975273,63.2841748005826,63.1932051826399,63.6529587872759,63.0280558604464,62.9477845737524,8.15190482267512
90.4578132519444,-152975.2349,-159196.1806,-152163.8072,-160278.0842,-152434.2831,91.5610793660229,86.6986425661044,83.3332763478413,91.5904978670619,82.6198123463791,1.31411308244979,1.6321163071824,1.8031394088986,1.37257140080286,1.86392881648839,63.745191459189,63.3916585854619,63.1688162485048,63.6879581650273,63.0783136653391,62.9775044516398,7.98586901582205
90.4575776057245,-152975.2349,-159196.1806,-152163.8072,-160278.0842,-152434.2831,91.8720346691634,87.9736865955738,83.0923898917853,91.8918225452126,83.2615573942662,1.30036138557171,1.55285917521441,1.82364203555128,1.35872750028779,1.81078139734842,63.7619857213038,63.477126164849,63.1546323958161,63.7049874390805,63.1465050956855,63.0043389603782,7.84637149397362
90.4469315388416,-152975.2349,-159196.1806,-152163.8072,-160278.0842,-152434.2831,91.8227341190013,89.0102651673415,83.0207765128289,91.82938341653,84.048263177272,1.30266515904324,1.49355800501228,1.83018444403098,1.36173690484759,1.74894471459811,63.7623980114675,63.5410778318736,63.1542910430936,63.7048405122123,63.2220116640385,63.027375761889,7.7370892275322
90.4634198407126,-152975.2349,-159196.1806,-152163.8072,-160278.0842,-152434.2831,91.5562271463884,89.7783218014491,83.1317604423606,91.5516948809325,84.8985868608597,1.31470523239472,1.45232214858281,1.82139679343877,1.37480220752963,1.68613521345684,63.7528676573977,63.5859865381159,63.1694256039253,63.6944309086869,63.2965455665048,63.0468911798575,7.64936159540277
90.4651027507323,-152975.2349,-159196.1806,-152163.8072,-160278.0842,-152434.2831,91.2368199586726,90.2861799200579,83.4126354125541,91.2265241484599,85.7448501317304,1.32938796087519,1.42626012866184,1.79872526838682,1.3903789416094,1.62753181046731,63.7405410136889,63.6152326912832,63.1986909579426,63.6813514918258,63.3649726542498,63.0633854533188,7.57228411000055
90.4645902149824,-152975.2349,-159196.1806,-152163.8072,-160278.0842,-152434.2831,90.9579825709283,90.5748875181293,83.8302443721208,90.9467886192814,86.5377557708449,1.3424700773259,1.41189257598462,1.76570835766283,1.40405900854566,1.57590542299324,63.7296496525972,63.632534202391,63.2383201698681,63.6699948579931,63.4247174009548,63.0773035018535,7.50003544251225
90.4725703328021,-152938.1572,-159081.5768,-152136.8416,-160149.9976,-152403.9468,90.7497490578605,90.7007817643901,84.3414317990614,90.7404039523754,87.2461044378259,1.35210798060423,1.40482714184793,1.72637348544335,1.41326405353828,1.53199828930763,63.7220537427832,63.6424177328597,63.2840594646671,63.66292908709,63.4753770512996,63.0890570781727,7.42857095074142
70.1728713942424,-152938.1572,-159081.5768,-152136.8416,-160149.9976,-152403.9468,90.5594577156037,90.7191802239693,84.9031336558758,90.5512558787239,87.8545642184863,1.36131620097266,1.4040378322709,1.68515689753266,1.42279883181208,1.49627358801766,63.7145832428365,63.6456047605401,63.3307273568344,63.6552386540285,63.5162921381758,63.0991176390415,7.36958335060596
70.1635808420161,-152938.1572,-159081.5768,-152136.8416,-160149.9976,-152403.9468,89.4149453051921,90.6528869188576,85.4783395795006,89.3825925275307,88.3593420180052,1.41882390306569,1.40728665461178,1.64450497999139,1.48396761171481,1.46762736930997,63.6581459914133,63.6418127493366,63.3726666180256,63.5952225164875,63.5460178368963,63.1080791172221,7.42221051869365
70.2220798234935,-152938.1572,-159081.5768,-152136.8416,-160149.9976,-152403.9468,86.4587262747656,90.3840023902399,86.0385222400116,86.3751201965437,88.7616487318897,1.59067003442379,1.42034732401533,1.60605577129271,1.66640434077042,1.44509741392308,63.4845319151583,63.6213059970544,63.4036362534892,63.410932603272,63.561469601478,63.1164317029724,7.72857488442533
70.1666430556261,-152938.1572,-159081.5768,-152136.8416,-160149.9976,-152403.9468,82.3041149816357,89.6713325607877,86.5629424895833,82.1759477307506,89.0538867176541,1.90833757628168,1.45616617077792,1.5707221394813,2.00206841089395,1.4284052658623,63.1542732622999,63.5669462837814,63.4188813234171,63.0619046343876,63.5592217496052,63.1217970681218,8.36569956329717
70.2151644032812,-152938.1572,-159081.5768,-152136.8416,-160149.9976,-152403.9468,78.0174108631767,88.3226424977199,87.0355545871714,77.8788187436802,89.2065989378622,2.37696314885627,1.52873653846646,1.53891230278057,2.49258447632311,1.41846158242493,62.6430191522915,63.4574526831115,63.4130978652889,62.526230997429,63.5332115560903,63.1125041108673,9.35565804885133
70.1895065770728,-152938.1572,-159081.5768,-152136.8416,-160149.9976,-152403.9468,74.4995250755395,86.3039201962405,87.4407792746161,74.3895189287315,89.1679443031995,2.92355392147351,1.65045024523614,1.51115600646582,3.0547609405349,1.41757737929352,61.9995461066424,63.2724326883834,63.3844349159513,61.8623121742176,63.4785433409005,63.056229571585,10.5574984930039
70.2541638046808,-152938.1572,-159081.5768,-152136.8416,-160149.9976,-152403.9468,72.2016003392441,83.7557325067712,87.759669605571,72.1374568849916,88.8746651700539,3.38292009191359,1.83162878130159,1.48880875048735,3.51627667091214,1.42950121634533,61.3989914865521,63.0024419964072,63.3422356945285,61.254461754302,63.399546103797,62.8994377121385,11.64913551096
70.2138725141102,-152938.1572,-159081.5768,-152136.8416,-160149.9976,-152403.9468,71.0067082987543,80.9463418592734,87.966335348536,70.9785068969156,88.2667048394612,3.65017667844025,2.07753095149646,1.4736782188458,3.77890635003167,1.45876315208672,60.9950387955479,62.6494668220494,63.2982030477963,60.851867508942,63.3026017637404,62.6169102068383,12.4390553509009
70.1839987958186,-152938.1572,-159081.5768,-152136.8416,-160149.9976,-152403.9468,70.4958746757795,78.1857414233297,88.0224104523247,70.4861120703246,87.3002095050289,3.75950425029936,2.38063347116254,1.46747115861048,3.88429063050664,1.5098227932442,60.7753476860985,62.2184265611501,63.2499377138291,60.6342174702795,63.1803499727015,62.2677208696983,13.0017223038232
70.1760427329698,-152938.1572,-159081.5768,-152136.8416,-160149.9976,-152403.9468,70.3093012380746,75.7415903740848,87.869415007016,70.3065321241781,85.9579304552821,3.78518111334351,2.71267546747322,1.47275212266863,3.90786593352984,1.58729530256462,60.6547136665502,61.7287367683775,63.1857708881842,60.5140718559395,63.0153099908246,61.9512881988727,13.4657699395798
70.1783146310086,-152938.1572,-159081.5768,-152136.8416,-160149.9976,-152403.9468,70.2516229114572,73.782650577293,87.427324194821,70.2508952218334,84.2575122610584,3.77590305291251,3.0273996719728,1.49394094812911,3.89736780741991,1.6962342381781,60.5733123137666,61.2265534892844,63.093772512787,60.4320575399398,62.7883584896601,61.7230738569743,13.8908457186124
70.2002290748269,-153273.8607,-160119.2058,-152380.9896,-161309.7006,-152678.6133,70.237394545283,72.3527794112107,86.6144137312772,70.237137119954,82.25583174852,3.75797198877262,3.29408134804347,1.53885727434019,3.89154596219435,1.84360866473976,60.4915586177244,60.7379283535355,62.9532017998651,60.3324021635588,62.4672803209306,61.5736923189549,14.3260652380904
70.1821257343778,-153273.8607,-160119.2058,-152380.9896,-161309.7006,-152678.6133,70.2363555715942,71.4026464666223,85.4028963227313,70.2361901876971,80.0623445002598,3.73321506952806,3.46340341203259,1.60866248598312,3.86554629939008,2.02544508846572,60.4258898628589,60.3556329721889,62.7684230148603,60.2648359880989,62.0503307052142,61.4624671928117,14.6962723553996
70.1877052897598,-153273.8607,-160119.2058,-152380.9896,-161309.7006,-152678.6133,70.2387976825684,70.8204793940486,83.8716475921582,70.2386734642461,77.8314985628231,3.70777321990647,3.55412815449796,1.70552578114606,3.83873465265112,2.23513394772856,60.3610149135719,60.0554583913674,62.5226721015086,60.1976743294023,61.5092799720192,61.3570406565128,15.0412957559302
70.1963653531154,-153273.8607,-160119.2058,-152380.9896,-161309.7006,-152678.6133,70.2414496448205,70.4891904752581,82.2066261630696,70.2413815290933,75.7468247608886,3.68324721646381,3.58702712194302,1.82181112124964,3.81277804035495,2.44919632666033,60.2978927042953,59.8229025078937,62.2203456559099,60.1320253278662,60.851185535307,61.2423641355652,15.3540598266718
70.1767281535381,-153273.8607,-160119.2058,-152380.9896,-161309.7006,-152678.6133,70.2436709416945,70.3133770858987,80.62131512966,70.2436678971529,73.9745992158399,3.66153482165146,3.5864059300433,1.94346188582534,3.78972692708253,2.63590564636494,60.2411500844928,59.6452416389643,61.8860734632686,60.0728212721064,60.1340640188145,61.1178828587361,15.6170352109675
70.2148332544546,-153273.8607,-160119.2058,-152380.9896,-161309.7006,-152678.6133,70.2455696289417,70.2262271662378,79.2422247153994,70.2456254556852,72.6059645818994,3.64405657744176,3.57168543471403,2.05829521392573,3.77114535072281,2.77398881406435,60.1950729792297,59.5141236149199,61.5522316308252,60.0246639860412,59.4543813132202,60.9895849800474,15.8191713908687
70.2214429388393,-153273.8607,-160119.2058,-152380.9896,-161309.7006,-152678.6133,70.2464710402541,70.1858547494366,78.0644041244086,70.2465707844854,71.635662995413,3.6309107453603,3.55361856791261,2.16341570817347,3.75717124736004,2.86229420566546,60.1595862360106,59.4192900497635,61.2339688258225,59.987594339574,58.889822682303,60.8620183432341,15.9674104744719
70.1778830886149,-153273.8607,-160119.2058,-152380.9896,-161309.7006,-152678.6133,70.2478535351701,70.1684896703568,77.0095068896541,70.247984261558,70.9931036590648,3.62065213545044,3.53606566815299,2.26345101725669,3.74630517832049,2.91161342832621,60.1323889578522,59.3484801399977,60.9229082300158,59.9592518995445,58.4631625207165,60.7349771305684,16.0780874275068
70.212571337937,-153273.8607,-160119.2058,-152380.9896,-161309.7006,-152678.6133,70.2491972933751,70.1619837056701,76.0067048984731,70.2493449685527,70.5887548244361,3.612186604815,3.51952333575476,2.363596320995,3.73738099798698,2.93415259462163,60.1100260849666,59.2911183698147,60.6016935702144,59.9360450007609,58.1550644494281,60.6053768530623,16.1668398541734
65.013055843784,-153273.8607,-160119.2058,-152380.9896,-161309.7006,-152678.6133,70.0739031401233,70.1582287637885,75.0300916022742,70.0727375192359,70.3437155620827,3.64186324458115,3.49753880765699,2.4610007448865,3.76721803003918,2.93081133994589,60.0173535216185,59.2190322792122,60.2347981932762,59.841120708418,57.8958502296026,60.4707016295021,16.2984321671097
64.9224628154565,-153273.8607,-160119.2058,-152380.9896,-161309.7006,-152678.6133,68.2516180958931,69.9821218386957,74.0983393113447,68.2433109090487,70.1956855871652,4.02917856390905,3.43836059435272,2.50199553082386,4.15705017470148,2.82020187640915,59.1617805912961,58.8546489691454,59.5454643554215,58.9711756914524,57.259609918354,60.3132044291972,16.9467867401963
64.9573847991494,-153273.8607,-160119.2058,-152380.9896,-161309.7006,-152678.6133,66.3030592472235,69.2140227234813,73.2397396793583,66.2970884720601,70.0516664310549,4.44889550316512,3.45570003071722,2.49155863998844,4.57484432994456,2.66568472541887,58.0707736390578,58.1423834349722,58.625904180577,57.8717239030689,56.3657475650046,60.0044560563234,17.6366832292342
64.9352600688644,-153257.8271,-160069.6474,-152369.3288,-161254.3118,-152665.4949,65.3924351384407,68.0152891077649,72.4569467640042,65.3911224030247,69.7776126703143,4.62431800119562,3.57971773134277,2.48170624391583,4.74774159318759,2.56564493210137,57.4732679862724,57.3305298087532,57.7862169556399,57.2753697883932,55.559273337982,59.4610886914402,17.9991285017432
64.972870008115,-153257.8271,-160069.6474,-152369.3288,-161254.3118,-152665.4949,65.1076589446686,66.8615706820597,71.7271304970018,65.107722550531,69.2980505634615,4.65847465368098,3.72753419890469,2.4833489320642,4.78185006590712,2.51654143215753,57.246556343775,56.6005186629955,57.0661050977412,57.0498588121376,54.8022787932264,58.8660698777012,18.1677492827145
64.9774506628216,-153257.8271,-160069.6474,-152369.3288,-161254.3118,-152665.4949,65.0379050270668,66.0185492244757,71.0057665864254,65.0379677013963,68.6411248389422,4.65110500033739,3.83789553510659,2.49520063073404,4.77489516009077,2.49638534557762,57.1643465471803,56.0525608415377,56.4143780945471,56.9683672271161,54.0283126320771,58.3834018974725,18.2554816718464
70.0738031749523,-153257.8271,-160069.6474,-152369.3288,-161254.3118,-152665.4949,65.0265173771002,65.5009732307892,70.25459662715,65.0264309197947,67.9011148019311,4.63761534127059,3.90032954613291,2.51660077919514,4.76166217260334,2.49074501945195,57.1300566917223,55.6945140930674,55.787287362522,56.9344044694091,53.2552116821799,58.0114532365945,18.3069528586539
69.9875865866661,-153257.8271,-160069.6474,-152369.3288,-161254.3118,-152665.4949,65.804520788541,65.2430170200967,69.4679873096154,65.7982174309919,67.1756958589709,4.45574940881647,3.98252995733598,2.59449157777477,4.58215951178788,2.54914850096953,57.5857580493735,55.6389656438236,55.4350098738411,57.389191915974,52.8653446820889,57.6989220149413,18.1640789566846
70.0212174551475,-153257.8271,-160069.6474,-152369.3288,-161254.3118,-152665.4949,68.046587858799,65.5594088701981,68.6631924431772,68.0338480958842,66.5294207018767,3.96588770671926,4.07108500200694,2.78656668592803,4.09371570788163,2.72971110231587,58.8126533845063,56.1642667154785,55.5974933690873,58.6214953586578,53.1656584268333,57.5055997502912,17.6469662048517
70.0798098680254,-153257.8271,-160069.6474,-152369.3288,-161254.3118,-152665.4949,69.4176062724205,66.6488759684498,67.9248011381554,69.410426920881,66.1182110747347,3.68604661494473,3.94709345468804,2.95787626573079,3.81075311354465,2.8691301311068,59.482640429131,56.9586006413296,55.6158204718445,59.2991719798162,53.4038312509016,57.5428939298011,17.270899580015
70.0632296519284,-153257.8271,-160069.6474,-152369.3288,-161254.3118,-152665.4949,69.9186473300407,67.899947627356,67.3620087059821,69.9165447870202,66.1230294985513,3.59381130765542,3.74131781386662,3.07955783237048,3.7162745489833,2.94270194996413,59.7287002011416,57.6766989698804,55.5393887877862,59.5482321823855,53.7265276199493,57.6577010150219,17.07366345284
70.056306717764,-153257.8271,-160069.6474,-152369.3288,-161254.3118,-152665.4949,70.0620523352193,68.8462906856876,67.0395230892163,70.0617299305213,66.5346000970682,3.5731518412289,3.58013799385767,3.15514497187148,3.69481823620472,2.96565900688763,59.8131883508514,58.162785641071,55.5001351711315,59.6332071222963,54.2340590820106,57.7245298796871,16.9689120500504
70.0287410566285,-153257.8271,-160069.6474,-152369.3288,-161254.3118,-152665.4949,70.0956250906627,69.4242437194133,66.977313459822,70.0956784473755,67.1748983676134,3.57287717616442,3.48544938166907,3.19311320049863,3.69443898139666,2.95807221236411,59.8459732244987,58.4505017052671,55.5751364989381,59.6660850930037,54.8428092122437,57.7458856756243,16.9039509520929
89.0522435244591,-153257.8271,-160069.6474,-152369.3288,-161254.3118,-152665.4949,70.1607332741246,69.735251947535,67.149905394118,70.1612727202085,67.8511562870977,3.56498360181668,3.4415838101023,3.20557530842726,3.68653295286657,2.94075305514355,59.8883866642869,58.6216413460647,55.7920559396053,59.7093123712455,55.4464390031721,57.7502560104979,16.8394287283564
89.0356574547661,-153257.8271,-160069.6474,-152369.3288,-161254.3118,-152665.4949,74.7117491039803,70.2096728206136,67.499641125237,74.7353860063154,68.4662079589136,2.75352625140716,3.49794958188065,3.42706212202453,2.86118512144571,3.13624428667891,61.4121674502613,59.2751463437518,56.8758355238633,61.2684152885881,56.8347127957849,57.7606266284508,15.675967363437
89.0418171751928,-158573.9676,-176501.3544,-156235.6128,-179619.1608,-157015.0644,81.8153135111966,72.7132074343561,67.9714864575471,81.9396994952814,69.1526840087897,1.97486169767874,3.3443353381465,3.62497483015623,2.19196518699013,3.30321702740284,62.6286374370568,60.1024038322251,57.6728535657121,62.3592098327049,57.7945039087346,57.8392341042805,14.4393540803744
89.0599079861226,-158573.9676,-176501.3544,-156235.6128,-179619.1608,-157015.0644,86.004767789698,76.9667224618712,68.5935843575521,86.1402639609072,70.4667209973142,1.65651985473673,2.71593743607394,3.7336538218488,1.847362065757,3.30321145480176,63.1308906211024,61.4381040302189,58.5947235099133,62.90727001773,59.1085217357227,57.9537202822414,13.2566846332182
89.0514328180739,-158573.9676,-176501.3544,-156235.6128,-179619.1608,-157015.0644,87.8704032151664,80.9827272197579,69.6191961980186,87.9714912135698,72.6558525973577,1.54407866339421,2.25389370391774,3.67917383310613,1.72740265019403,3.06383288085408,63.3308298223866,62.2707728557506,59.4722755274061,63.1250828328909,60.4102323674608,58.066182152283,12.2683817314662
89.0327139266929,-158573.9676,-176501.3544,-156235.6128,-179619.1608,-157015.0644,88.6201544828952,83.9062874299936,71.2284165722531,88.6809861458571,75.2426507105037,1.50409075165993,1.99185308524726,3.44562701443692,1.68644237199122,2.71805231465013,63.4281694628617,62.7326594945795,60.3937310820647,63.2311087012388,61.4391879498395,58.2128821262399,11.3460655379855
89.0108632394176,-158573.9676,-176501.3544,-156235.6128,-179619.1608,-157015.0644,88.9089314439171,85.7971910349394,73.2109722311644,88.9421055301434,77.7109893107452,1.49023302052531,1.84914259884374,3.10928772711685,1.6732011778485,2.40604744864758,63.4826852376486,62.9894550845567,61.2042722103405,63.2908256644571,62.1175587124007,58.4192312583021,10.527911972982
89.0447658889619,-158573.9676,-176501.3544,-156235.6128,-179619.1608,-157015.0644,89.0169454361488,86.9670993205623,75.2379981853199,89.0346938724301,79.8436283046765,1.48580735119283,1.76970924075275,2.78021542089311,1.66949379993664,2.16879316342556,63.5149638675637,63.1356386727709,61.8101591994011,63.3264512385151,62.544360426337,58.6821139120299,9.8740189762009
89.018654233803,-158573.9676,-176501.3544,-156235.6128,-179619.1608,-157015.0644,89.0536089256802,87.6848778009257,77.1163754145566,89.063430634661,81.6095955764737,1.48482121591205,1.72401373288639,2.50882863532466,1.66905185907738,1.99665746115823,63.5346903659711,63.2217570469962,62.2360107326978,63.3483808288909,62.8189243488479,58.9863571965997,9.38337290435869
89.062948569654,-158573.9676,-176501.3544,-156235.6128,-179619.1608,-157015.0644,89.0610154120838,88.1265202114517,78.7807113094192,89.0668745190252,83.0442279930967,1.48511646534259,1.69703060641521,2.2980467050538,1.66973489139358,1.87204043897243,63.5471701556131,63.2744309388123,62.535486642827,63.3623438741835,63.0027090569972,59.3149799548175,9.02196910717762
89.0287798535994,-158573.9676,-176501.3544,-156235.6128,-179619.1608,-157015.0644,89.0565357208986,88.3987260827646,80.2267146805853,89.0604613482694,84.1980374105159,1.48585505504759,1.68087280364195,2.13623173129223,1.67075169237636,1.78085643300921,63.5553729016394,63.3077399964574,62.7509490737621,63.3715741961983,63.1303459271475,59.6528781884065,8.75456771536733
89.0356968556718,-158573.9676,-176501.3544,-156235.6128,-179619.1608,-157015.0644,89.047799829614,88.5657513992184,81.4718953133971,89.050821903499,85.119828697977,1.48669065992217,1.67118891604585,2.01124640761155,1.6717909337911,1.71331372188117,63.5609701171226,63.3293728401618,62.9101293971785,63.3779038267995,63.2216010542879,59.9880276381363,8.55423063925182
89.0079306172257,-158573.9676,-176501.3544,-156235.6128,-179619.1608,-157015.0644,89.0383503591469,88.6668851663646,82.5391897577893,89.0409956802077,85.8521554664125,1.48747319250017,1.66546124229271,1.91362926018897,1.67272405688872,1.66276831218344,63.5649288039658,63.3437163900239,63.030559849907,63.3823991485007,63.2882578795364,60.3116431688705,8.402056064054
89.0097325716053,-158573.9676,-176501.3544,-156235.6128,-179619.1608,-157015.0644,89.0293979026314,88.7265961412194,83.4511063787461,89.0319132209234,86.4307915969327,1.48816399974067,1.66217626516535,1.83652798712851,1.67352983584248,1.62466396415596,63.5678011356147,63.3533809095384,63.1234635224606,63.3856709099931,63.3376875861587,60.6178206298765,8.28506205203298
89.0392953956927,-203620.3668,-315735.6792,-188996.6304,-335233.9944,-193871.2092,89.0063445819862,88.7903847756812,84.3475812005512,89.0072926457437,86.9779211075976,1.87265135372128,2.79969843432882,2.07228496742179,2.95020201259671,1.91057117145549,63.0245691783399,61.8429800790615,62.5549774461185,61.8553545670744,62.7311095989693,60.995746939772,11.6054079395241
89.0556467742559,-203620.3668,-315735.6792,-188996.6304,-335233.9944,-193871.2092,88.9767077655254,88.8186765526602,85.0968826609867,88.9789100361954,87.3884158413605,1.87502053290973,2.79849897657855,2.01158874923607,2.95388199876723,1.88256031705357,63.0277615925382,61.8597219953174,62.6467247057681,61.8607982094462,62.7808329403224,61.2501934261997,11.5215505745452
88.9667021608192,-203620.3668,-315735.6792,-188996.6304,-335233.9944,-193871.2092,88.9841505023653,88.8250341558179,85.7295801630747,88.9926945345537,87.6932951349928,1.8748341038514,2.79904002499014,1.96262523431151,2.95328677325524,1.86224284440573,63.0326240276917,61.8712907063591,62.7193363468972,61.8691171390211,62.8172381764368,61.4199634500508,11.452028980814
89.0248296574072,-203620.3668,-315735.6792,-188996.6304,-335233.9944,-193871.2092,89.0048736166651,88.8262829072968,86.2571573886838,89.0166953088302,87.9169171412168,1.87369340173383,2.7998122456691,1.92332146539711,2.95154296987556,1.84760651016048,63.0375478862667,61.8799736127885,62.7766909280413,61.8770930116058,62.8437975059777,61.5513110787937,11.3959765928361
89.0842781938986,-203620.3668,-315735.6792,-188996.6304,-335233.9944,-193871.2092,89.0210205330071,88.8306007574036,86.6893454267785,89.0327998468306,88.0792079937101,1.87280253200884,2.80009239578566,1.8921117570236,2.95043028210734,1.83712496011575,63.0413424568933,61.8869874495354,62.8215770491165,61.8829624650174,62.8630359456303,61.6618710935429,11.3525619270412
89.0273205872563,-203620.3668,-315735.6792,-188996.6304,-335233.9944,-193871.2092,89.0303825481339,88.8381770808553,87.037320187022,89.0411247645948,88.1964307339094,1.87232038127092,2.79990620843125,1.86760900873174,2.94996467347041,1.82962989537502,63.0440143130704,61.8927720843708,62.8564102909202,61.8870021793385,62.8769608317164,61.7562776423043,11.3194301672793
89.0759465342664,-203620.3668,-315735.6792,-188996.6304,-335233.9944,-193871.2092,89.0343895987687,88.8466836689821,87.3133271665271,89.0440628496428,88.2812537817844,1.87216090698804,2.79950636996062,1.84856002993913,2.94993754088291,1.82424680237532,63.045807794656,61.8974302049108,62.883238649046,61.8896905094012,62.8870697230369,61.8361246116249,11.294411650146
89.0189819175657,-203620.3668,-315735.6792,-188996.6304,-335233.9944,-193871.2092,89.0351315201084,88.8540985829366,87.5296485921225,89.0440859659453,88.3430283532161,1.87219256984308,2.79911054451585,1.83386370265226,2.95012873334756,1.82034764334413,63.0469892395317,61.9010341939056,62.9037807612821,61.8914734510681,62.8944503096305,61.9027314297032,11.2756431937029
89.0440993091442,-203620.3668,-315735.6792,-188996.6304,-335233.9944,-193871.2092,89.0351608726808,88.8595029352524,87.6977116693128,89.043880019193,88.3883676271669,1.87225189369263,2.79882937162523,1.82258564100801,2.95029456247465,1.81749774314715,63.0478420478838,61.9037308173752,62.9194602965468,61.8927936888837,62.8998853207823,61.9575660779441,11.2614592119477
89.0449475220126,-203620.3668,-315735.6792,-188996.6304,-335233.9944,-193871.2092,89.0350133768664,88.8630035386342,87.8275350387662,89.0436656294194,88.4218428658582,1.87230790249977,2.79867045231906,1.81395604859838,2.95042516982667,1.81539999384267,63.0484719448936,61.9057007680148,62.9314052807242,61.8937812043563,62.9039078514136,62.0022248160843,11.2507595670866
89.0864509933832,-203620.3668,-315735.6792,-188996.6304,-335233.9944,-193871.2092,89.0352967523091,88.8651009814198,87.9275065097618,89.0440132029406,88.4466235806019,1.87232399072585,2.7986016533995,1.8073594726093,2.95047473459623,1.81385120390382,63.0489786136101,61.9071355108042,62.9405098188978,61.8945848664348,62.9068996118452,62.0383377061179,11.2426110552347
88.9976039996059,-203620.3668,-315735.6792,-188996.6304,-335233.9944,-193871.2092,89.0349417215071,88.8663286220394,88.0044097698722,89.0435536370989,88.4649564729445,1.87237380143383,2.79858167081923,1.80231277374218,2.95058140475175,1.81270719924349,63.0493148961042,61.9081706647387,62.9474463952396,61.8951068135038,62.9091143118754,62.0674593688776,11.2365568499905
89.048101130536,-185675.7621,-260270.5374,-175946.0088,-273243.5418,-179189.2599,89.0360984649598,88.8606335208094,88.0534339737272,89.0447207027461,88.4729122986528,1.72222286452004,2.36194202026154,1.690863756175,2.46124254453579,1.6921453945426,63.2746426407787,62.5300602982959,63.1891852089198,62.5169942769853,63.1695148522585,62.0926883923324,9.92841658003497
89.0432069592954,-185675.7621,-260270.5374,-175946.0088,-273243.5418,-179189.2599,89.0423234953975,88.8563801414854,88.0886940132861,89.0511225116273,88.4776505438931,1.72184195853986,2.36231424407266,1.6886555813252,2.46071748601007,1.6918660514567,63.2751687204312,62.5299557600241,63.1919314491054,62.5177357006305,63.1700752672738,62.1461742480048,9.92539532140449
89.0720650570725,-185675.7621,-260270.5374,-175946.0088,-273243.5418,-179189.2599,89.0405858732981,88.8543792132335,88.1155570740206,89.0482536312841,88.4800793280392,1.72195450042447,2.36249041347461,1.68697329564592,2.46096800542342,1.69172280248955,63.2751151638276,62.5299179764319,63.1939669282593,62.5175678421954,63.1703610974949,62.2182728889025,9.92410901745798
89.0035230071999,-185675.7621,-260270.5374,-175946.0088,-273243.5418,-179189.2599,89.0339120366627,88.8530198058983,88.1366772303396,89.040629256166,88.4810201443842,1.72237296578078,2.36260652038831,1.68564990265822,2.46161544323984,1.69166719678531,63.2747012703609,62.529852247042,63.1955213031018,62.5169213926191,63.1704699743728,62.2886291514337,9.92391202885246
89.0777213130812,-185675.7621,-260270.5374,-175946.0088,-273243.5418,-179189.2599,89.0274280537733,88.850813179666,88.153517804331,89.0339261656974,88.4810304709271,1.72277883515565,2.36278925399835,1.68459491304651,2.46218334029724,1.6916675592533,63.2742858985766,62.5296814043344,63.1967422998267,62.5163359357972,63.1704857241232,62.3486362029396,9.92401390175104
88.9800853788482,-185675.7621,-260270.5374,-175946.0088,-273243.5418,-179189.2599,89.0230827769326,88.847536005882,88.1670030789005,89.0298163238948,88.4803660855018,1.7230508635573,2.36305895304504,1.68375070922416,2.46253152658346,1.69170925849239,63.2740064251583,62.5294082961656,63.1977146737873,62.5159755124943,63.1704452227676,62.3975517417712,9.92410131090235
89.0290350294389,-185675.7621,-260270.5374,-175946.0088,-273243.5418,-179189.2599,89.0209120451132,88.8437713814329,88.1777766790406,89.0279932495101,88.4791113512551,1.7231868952316,2.36336850783159,1.68307682707376,2.46268621880044,1.69178745263359,63.2738683747488,62.5290908287631,63.1984908944296,62.5158178897553,63.1703603089512,62.4370711847003,9.92410590157099
89.0238318483933,-185675.7621,-260270.5374,-175946.0088,-273243.5418,-179189.2599,89.0194562330437,88.8401880640924,88.1863079565667,89.0267220647199,88.4773264668126,1.7232779440953,2.36366245471514,1.68254317039232,2.46279370642127,1.69189801660942,63.2737728998656,62.5287800253659,63.1990994256088,62.5157038179806,63.1702293280602,62.4690984779463,9.92417529223344
89.0479297073864,-185675.7621,-260270.5374,-175946.0088,-273243.5418,-179189.2599,89.0184024358391,88.8371001633048,88.1929519966795,89.0257821521666,88.4751179184602,1.72334365842664,2.36391525067846,1.68212744286891,2.46287279591226,1.69203450090236,63.273700833935,62.5285058539366,63.19956802975,62.5156152457572,63.1700621218067,62.4952281931988,9.92429364878862
89.0029260657813,-185675.7621,-260270.5374,-175946.0088,-273243.5418,-179189.2599,89.0175901166259,88.834586616291,88.1979942070193,89.0250237547747,88.4726315071023,1.72339412774509,2.36412054300261,1.68181173965761,2.46293625344684,1.69218796913403,63.2736424441466,62.5282768572968,63.1999185784767,62.515539882622,63.1698706813599,62.5167232247719,9.92445063298616
89.0225216268182,-185675.7621,-260270.5374,-175946.0088,-273243.5418,-179189.2599,89.0166548945715,88.8325844977619,88.201681101392,89.0240948608678,88.4700218838896,1.72345210111077,2.36428333433177,1.68158047743262,2.46301377050793,1.69234876052344,63.2735731952699,62.5280860441511,63.2001675698361,62.5154453069417,63.1696650933933,62.5345708759149,9.92467844390654
89.0273355397579,-185675.7621,-260270.5374,-175946.0088,-273243.5418,-179189.2599,89.0160481321631,88.8309692383245,88.2042371705122,89.0235344961907,88.467424058372,1.72348952185549,2.36441436228781,1.68141988261498,2.46306008812212,1.69250883333762,63.2735253717332,62.5279284922636,63.2003357086434,62.5153834349358,63.1694601057927,62.5495270053875,9.92489268821802
89.0067986634509,-181028.0223,-245904.7962,-172565.8344,-257187.7134,-175386.5637,89.0161112937068,88.8278293361711,88.2042374552643,89.0235661560882,88.4636182863592,1.68394966643997,2.24719833339508,1.65277593283319,2.33201342648339,1.66081025400298,63.32864683656,62.6803316646187,63.2556838049374,62.6709516922169,63.2299238760982,62.5624328260869,9.5767476131546
89.0325844096263,-181028.0223,-245904.7962,-172565.8344,-257187.7134,-175386.5637,89.0178040903729,88.825463182461,88.2032828187675,89.0253046635136,88.4599778086813,1.68384497994496,2.24738284918754,1.65283346591811,2.33187112735379,1.66103155152567,63.3287426152988,62.6801122863259,63.2555975966794,62.6710820687053,63.229645257535,62.5807002535315,9.57696397393007
89.0116743213992,-181028.0223,-245904.7962,-172565.8344,-257187.7134,-175386.5637,89.0177896933165,88.8240642362666,88.2019112518873,89.0250507979766,88.4565811402273,1.68384478251632,2.24749024923461,1.65291619226365,2.33188969299415,1.66123742927006,63.328725206233,62.6799627390633,63.2554746295997,62.6710380257085,63.2293753931516,62.6027023438915,9.5773783462788
89.0511449328839,-181028.0223,-245904.7962,-172565.8344,-257187.7134,-175386.5637,89.0162135950995,88.8232086293379,88.200353274114,89.023206953582,88.4535178058233,1.68394019052444,2.24755405254961,1.65300996511605,2.33203658397473,1.66142247506724,63.3286045887312,62.6798493079864,63.2553318269122,62.6708541753316,63.2291218127191,62.6239268278362,9.57796326723206
89.0205009282775,-181028.0223,-245904.7962,-172565.8344,-257187.7134,-175386.5637,89.0143618994949,88.8223912425403,88.1987204775307,89.0212470662445,88.450836451569,1.68405254559396,2.24761486092542,1.65310837742861,2.33219290371718,1.66158419841298,63.3284666954086,62.6797392199553,63.2551840492673,62.6706606054341,63.2288955695079,62.6422595769004,9.57855288607814
89.0292385056775,-181028.0223,-245904.7962,-172565.8344,-257187.7134,-175386.5637,89.0129977051814,88.8214028166338,88.19708042266,89.0199130605807,88.4485193728398,1.68413514804921,2.2476896150283,1.65320753073462,2.33229882056063,1.66172395091578,63.3283623275477,62.6796202515068,63.2550400159513,62.6705232607282,63.2286996790553,62.6574334619716,9.57905506528853
89.069331287991,-181028.0223,-245904.7962,-172565.8344,-257187.7134,-175386.5637,89.0121643418076,88.8203008023673,88.1954787696459,89.0191526707164,88.4465044415226,1.68418533130567,2.24777380470536,1.65330461973108,2.33235857533219,1.66184553546465,63.3282942829429,62.679497369672,63.2549030643866,62.6704379393483,63.2285298893801,62.6698388372973,9.57946786653895
89.0191299498047,-181028.0223,-245904.7962,-172565.8344,-257187.7134,-175386.5637,89.0119118139378,88.8192304828847,88.1939432688013,89.0189951554266,88.4447227851373,1.68420005165323,2.24785606253153,1.65339798916412,2.33236985188524,1.66195321703292,63.3282662387936,62.6793836442085,63.2547759887539,62.670407814952,63.2283821604848,62.6799652652456,9.57977717226704
89.0217324977819,-181028.0223,-245904.7962,-172565.8344,-257187.7134,-175386.5637,89.0119279062805,88.8183333735156,88.1924861951154,89.0190693491794,88.4431241813393,1.68419841352141,2.24792504366744,1.65348676938474,2.33236261165272,1.66204994764242,63.328257349996,62.6792886773896,63.2546579670725,62.6704002161489,63.2282511371295,62.6882466514448,9.58002278586872
91.6800488966589,-181028.0223,-245904.7962,-172565.8344,-257187.7134,-175386.5637,89.0274654910479,88.8177468330858,88.1911094727585,89.0374087904488,88.4416851934287,1.68324864511229,2.24798182600729,1.65357825285475,2.33088400548795,1.66214480640682,63.3293029944339,62.6793623896817,63.2546609187993,62.6720252672892,63.2282511644553,62.6950414349414,9.57783753586911
91.6279963129641,-181028.0223,-245904.7962,-172565.8344,-257187.7134,-175386.5637,89.2952385579649,88.826963094771,88.1898170861921,89.3409918724589,88.4404879579984,1.66704327280046,2.24745888500706,1.65378504739173,2.30667340887056,1.66234896806822,63.3472635353161,62.6824967457104,63.256486664992,62.6988801125722,63.2301505210642,62.7006499736725,9.53730958213802
91.6587102263179,-181028.0223,-245904.7962,-172565.8344,-257187.7134,-175386.5637,89.8642584505043,88.8963328672604,88.1886545926027,89.9556418894483,88.4411836836491,1.6335537745046,2.24243180657888,1.65412806225685,2.25904547631683,1.66258441595833,63.38432379551,62.6932559141164,63.2604945709422,62.7518288644513,63.2344164237848,62.7059535690896,9.45174353561549
91.6314911988959,-172604.3697,-219868.0518,-166439.5416,-228087.8226,-168494.4843,90.4356914598517,89.0599815907244,88.1850792552714,90.5326772574658,88.4477312353981,1.53182999757566,2.01417563436768,1.60188378505599,1.98401542797604,1.60365283736354,63.5113088230571,62.9762736992911,63.3577477372385,63.0624917642231,63.3415956793357,62.7127237916727,8.73555768233891
91.6363555978181,-172604.3697,-219868.0518,-166439.5416,-228087.8226,-168494.4843,90.8927996296521,89.3242451344745,88.1827095257216,90.9770821982228,88.4744015136218,1.50769777235836,1.99569527291916,1.6022301665495,1.95467792385241,1.60226668612713,63.5374650623444,62.9989991904675,63.3607453564946,63.0946003003651,63.3465461645037,62.7315180117274,8.66256782180655
91.6168441288951,-172604.3697,-219868.0518,-166439.5416,-228087.8226,-168494.4843,91.2015240036844,89.6516123168992,88.1849167492832,91.2659871476004,88.5337466318922,1.491818722967,1.9731290580558,1.60227439286594,1.93606730026701,1.59891496355805,63.5550168548666,63.0252907012946,63.3636377211574,63.1154823482887,63.3532170619395,62.7606534231651,8.60220443771379
69.9373885834516,-172604.3697,-219868.0518,-166439.5416,-228087.8226,-168494.4843,91.3889411602196,89.9935671147234,88.1963801409261,91.4344855969641,88.633662295031,1.48235229995782,1.95001240225032,1.60173604637154,1.92540085002966,1.59315739686088,63.5658811559137,63.0516005773513,63.3667586342868,63.1280309555228,63.3621319371118,62.7929234597206,8.55265899547022
70.0005405308893,-172604.3697,-219868.0518,-166439.5416,-228087.8226,-168494.4843,91.1431474878062,90.308148854148,88.2225730780383,91.1277575342521,88.7745224553462,1.49489613917214,1.92904807803251,1.60018872869294,1.94513858342733,1.5849240516167,63.5535538642065,63.0733849894377,63.3689423332252,63.1085344864393,63.3717118420273,62.8235560613216,8.55419558094163
69.9756789011615,-172604.3697,-219868.0518,-166439.5416,-228087.8226,-168494.4843,88.666745112915,90.4672985414516,88.2685034952634,88.37757204659,88.948401227388,1.63281327211408,1.91770068888903,1.59670704393526,2.13942365115884,1.57413342017135,63.4075328725299,63.0713815491472,63.3606783960971,62.9028271084214,63.3714552050295,62.8510620564674,8.86077807626857
70.0177942969019,-172604.3697,-219868.0518,-166439.5416,-228087.8226,-168494.4843,83.9718190890428,90.0920896551168,88.3371163215799,83.3306017494519,89.1295322172198,1.97007764274499,1.93975120519769,1.59044084333064,2.60291466433747,1.56169023297857,63.0368183081695,63.0076013206788,63.3311565263946,62.3920467615844,63.3487949944969,62.8713514346593,9.66487458858936
69.9922596461263,-172604.3697,-219868.0518,-166439.5416,-228087.8226,-168494.4843,78.6799252031542,88.7799733628627,88.4266828828144,77.8711139458933,89.2537994312891,2.52943349335354,2.02447209010185,1.5806591132173,3.33286440996158,1.55040514016396,62.3744650684557,62.8289270897349,63.2659765341845,61.5184319510727,63.285409313945,62.8605372688195,11.0178342467982
70.0014182673783,-172604.3697,-219868.0518,-166439.5416,-228087.8226,-168494.4843,74.355781251429,86.4070318116667,88.5260109475655,73.6917498033973,89.2163115356244,3.20160462585551,2.19607335025083,1.56776217788599,4.11174956712024,1.54562126872303,61.4736231435313,62.4838013408412,63.1583242244595,60.4367421872286,63.1675463339286,62.7464143154589,12.6228109898356
69.9817746601394,-172604.3697,-219868.0518,-166439.5416,-228087.8226,-168494.4843,71.7574431037094,83.2330781116481,88.6088339272362,71.3895473432484,88.8961282095505,3.71556135110374,2.47003620819272,1.55511155394533,4.61013370673419,1.55548193526685,60.6572154148312,61.9632810476895,63.0347844746113,59.5674885278294,63.0124939436172,62.4251846519594,13.9063247552428
75.4620801230496,-172604.3697,-219868.0518,-166439.5416,-228087.8226,-168494.4843,70.605411020799,79.7849900648201,88.6257556820518,70.4569534259912,88.1870239483591,3.95161715634739,2.84093863777012,1.54710882917916,4.7945053262861,1.58808361553163,60.168272159055,61.2920989511543,62.9194194277064,59.0895092124763,62.8347533714504,61.9104062967741,14.7222535651144
75.4364547423073,-172604.3697,-219868.0518,-166439.5416,-228087.8226,-168494.4843,71.1956117351021,76.6386918247585,88.4873631979482,71.2265881395254,87.0198354742724,3.79347451430193,3.27989917440274,1.55206529242073,4.5761042270434,1.65433757845182,60.3233686677629,60.6207699023702,62.863119179891,59.3166164422308,62.6828887445781,61.3882152697886,14.8558807866206
75.4619004937826,-172120.3554,-218372.0076,-166087.5312,-226415.7732,-168098.4726,73.0726744795114,74.4463215496045,88.0465747971163,73.1884248403901,85.3822754417296,3.38387292208821,3.65638069151639,1.57552543252086,4.10689940293861,1.75948378165501,60.9185766796756,60.1754631283619,62.8572718735742,60.0150469187309,62.5534778779814,61.0770122824463,14.4821622307191
75.5183621892295,-172120.3554,-218372.0076,-166087.5312,-226415.7732,-168098.4726,74.4582590467686,73.5508362503725,87.1425515318538,74.5527562296797,83.3571942510023,3.11935478908254,3.83476452758731,1.62902184283219,3.82370991612303,1.90885642477521,61.273506039121,59.9438231450267,62.7804550024945,60.4037388858112,62.3148054433526,61.0501724667641,14.3157075004003
75.4781179293453,-172120.3554,-218372.0076,-166087.5312,-226415.7732,-168098.4726,75.132442405453,73.6113153580623,85.7552090631234,75.185563811318,81.1607783223663,2.99878303639707,3.81534640090916,1.71630872225702,3.69761746331646,2.09339535126294,61.4175714267611,59.9350496406528,62.6321037214904,60.5540508281924,61.9733376681832,61.1607025047462,14.3214509741426
75.4863678032069,-172120.3554,-218372.0076,-166087.5312,-226415.7732,-168098.4726,75.3981017166381,74.0646121128227,84.1094958787562,75.4231186971563,79.0926893611465,2.94987790817154,3.71255919459286,1.82988197439544,3.6468595892646,2.29016581460787,61.4558560652685,60.0097005416367,62.4215466345848,60.5879607765146,61.5538287197488,61.247065188763,14.4293444810323
75.4802096292674,-172120.3554,-218372.0076,-166087.5312,-226415.7732,-168098.4726,75.488574349439,74.5437882002551,82.547587591383,75.4996140028443,77.4207832916103,2.92993164019215,3.60704176827783,1.94877779968294,3.62534760356869,2.46415758863348,61.4514132521997,60.077725832558,62.1828300546493,60.5764276391724,61.1203245655208,61.260864060266,14.5752564003551
75.4640945754058,-172120.3554,-218372.0076,-166087.5312,-226415.7732,-168098.4726,75.5149268143528,74.9071573060324,81.2961977075145,75.5201878480129,76.2671379410439,2.92115008492193,3.52836324158617,2.05250886673096,3.61499307664675,2.5895324871553,61.4355672328081,60.1185180390224,61.9606479192589,60.5542565795272,60.7558828139746,61.227958519732,14.7065477570411
75.436596575336,-172120.3554,-218372.0076,-166087.5312,-226415.7732,-168098.4726,75.5217848507537,75.1402384530522,80.3673166796139,75.525055915104,75.5876950353023,2.91672355822692,3.47812967839607,2.13485116765325,3.6092432776582,2.66348209213586,61.4210579164954,60.1380113920824,61.7775489314772,60.5352827800966,60.5070984032858,61.1825780144073,14.8024297740703
75.4712853524737,-172120.3554,-218372.0076,-166087.5312,-226415.7732,-168098.4726,75.523275490587,75.2750256745994,79.6475851365902,75.5259338636484,75.2491878850512,2.91414462516366,3.44842953195858,2.20217428315174,3.60567466202687,2.6986052345492,61.4100698239444,60.143589552963,61.6261289388939,60.5213250200056,60.3648696624898,61.1398558346441,14.86902833685
75.4892744766755,-172120.3554,-218372.0076,-166087.5312,-226415.7732,-168098.4726,75.5241894619151,75.3478452798694,79.0259776413744,75.5267317728477,75.1150668211493,2.91220528671964,3.4310769511899,2.2629963160178,3.60294398179082,2.71000872280329,61.4015853224235,60.1398823209798,61.4888799878754,60.5107508987138,60.2933805549329,61.0989963226788,14.9192312585214
75.5368803856456,-172120.3554,-218372.0076,-166087.5312,-226415.7732,-168098.4726,75.5252647225406,75.3856768453806,78.4462993915378,75.5277761469213,75.0856949292087,2.91046908357972,3.42035345666172,2.32191708254872,3.60052084285808,2.70912821774365,61.3942359240176,60.1300338704808,61.3542216072831,60.501689566014,60.2591914049295,61.054504115036,14.9623886833919
75.4835741394461,-172120.3554,-218372.0076,-166087.5312,-226415.7732,-168098.4726,75.5259244881559,75.4050419875209,77.8981645376761,75.5283985553062,75.101235916283,2.90888887081586,3.41300188218024,2.37946756466267,3.59831275400051,2.70299956151173,61.3872192079707,60.1165384987788,61.2194806283459,60.4930912821966,60.2411154634199,61.0032994411293,15.002670633171
79.000582190472,-172120.3554,-218372.0076,-166087.5312,-226415.7732,-168098.4726,75.5264134490503,75.4149917397669,77.3920744179898,75.5288466301515,75.1305852468149,2.90741004693808,3.40743096007825,2.43409489447296,3.59624597173772,2.69541738400323,61.3805166634939,60.1014925686503,61.0877029353384,60.4848984835777,60.2286634492918,60.9461154806949,15.0405992572302
79.0578995299208,-184725.7713,-257334.2022,-175255.1064,-269961.7554,-178411.9947,75.8859738552767,75.4337320542125,76.9074292030496,75.9335290960387,75.1601266117167,2.9790215508539,3.74717284405298,2.52369940767123,3.97051928027809,2.70144658923162,61.0690386657144,59.0241196319386,60.3139447514434,59.6870419279632,59.3792108706767,60.8439950352645,15.9218596720878
79.0272171274749,-184725.7713,-257334.2022,-175255.1064,-269961.7554,-178411.9947,77.2129396275525,75.6620832759537,76.4919018083154,77.336959475385,75.1936377567254,2.7917120698098,3.73847954101764,2.59174142141032,3.74477412794333,2.7278338468391,61.4018645082193,59.2143126313561,60.3340526742251,60.1110899479584,59.5653761406509,60.656534440037,15.5945410070202
79.0519255734229,-184725.7713,-257334.2022,-175255.1064,-269961.7554,-178411.9947,78.2864489542323,76.3039793059561,76.176374223125,78.3917849200039,75.2847202658966,2.65309941724864,3.65934382475173,2.65013442922897,3.58790298907194,2.74529361007257,61.6493154339639,59.5005148065931,60.374546806429,60.4127618711339,59.7558526623847,60.5290048728873,15.2957742703739
79.068838136299,-184725.7713,-257334.2022,-175255.1064,-269961.7554,-178411.9947,78.800658834502,77.1256024967524,75.9663746274518,78.8595224286103,75.5156201977248,2.59175114724424,3.54639855238994,2.69201298973566,3.5239844950255,2.73844884493224,61.7697146042872,59.7869832914347,60.4103698676707,60.5543934960928,59.9479381201584,60.4807621997637,15.0925960293276
79.0411497755715,-184725.7713,-257334.2022,-175255.1064,-269961.7554,-178411.9947,78.994199694649,77.836396425298,75.8719739810855,79.0215477116873,75.9056861734411,2.57079151185903,3.44994169549319,2.71631035703038,3.50515470248641,2.70734266107571,61.8244023603669,60.0130070820793,60.4551175186661,60.6180830965946,60.1591382330908,60.4670021070762,14.9495409279447
79.0409820909899,-184725.7713,-257334.2022,-175255.1064,-269961.7554,-178411.9947,79.0575487678595,78.3307850875627,75.9057089425453,79.0699919688859,76.3954143492145,2.5655149930471,3.38592976185071,2.72210311044499,3.50237908616851,2.66128516257864,61.8524381499378,60.1704396654623,60.5216602189557,60.6519427084893,60.3763489731926,60.4649401287653,14.83721211409
73.057977757817,-184725.7713,-257334.2022,-175255.1064,-269961.7554,-178411.9947,79.0646507952947,78.6317750627496,76.0651729692468,79.0692253105143,76.9012443575278,2.56679918417592,3.34959784539748,2.71001279253114,3.50629009769374,2.61143548726047,61.8681480383082,60.2744507246446,60.6124906065899,60.6717200441748,60.5763911449728,60.4708212860155,14.7441354070587
73.0446366300368,-184725.7713,-257334.2022,-175255.1064,-269961.7554,-178411.9947,78.0066851112697,78.7438227244168,76.3235475946142,77.8831557700607,77.3587193053668,2.70118587254049,3.32595134251708,2.6695540388548,3.68781049118204,2.55214553124895,61.6657254994094,60.2559833913122,60.6366702090248,60.3912074468271,60.654616627209,60.4832788191303,14.9366472763433
73.0780252531661,-184725.7713,-257334.2022,-175255.1064,-269961.7554,-178411.9947,75.785113796209,78.3376899813954,76.635083591303,75.556818963884,77.7125050070213,3.01347191968676,3.3516899637253,2.59925199376839,4.07040132086566,2.48282343328262,61.137567569231,59.9918242492813,60.5239227719138,59.7089982079897,60.5420125619665,60.4760299522503,15.5176386313287
73.04478008896,-184725.7713,-257334.2022,-175255.1064,-269961.7554,-178411.9947,74.1695566681456,77.2726583277487,76.9483525216044,74.0039635738726,77.8725624803755,3.26593879424381,3.46797172318876,2.52801841391575,4.33928561124446,2.43259299905125,60.6543097427873,59.5419330052134,60.3832172950553,59.1381547019061,60.347517797516,60.3809455989656,16.033807541644
73.0676627777379,-184725.7713,-257334.2022,-175255.1064,-269961.7554,-178411.9947,73.4430852610243,75.9478442157533,77.204186757695,73.3682744720954,77.7492078098982,3.38081689783734,3.63626797226211,2.47297927393959,4.44172112940409,2.41778636742127,60.3870782126841,59.0377444873423,60.270374443527,58.8453027099558,60.116838971185,60.188591593472,16.3495716408644
73.0704996405261,-184725.7713,-257334.2022,-175255.1064,-269961.7554,-178411.9947,73.1970140221446,74.7965879022722,77.3335134656418,73.1724027517311,77.3269429807787,3.41355614177614,3.79243277879912,2.43863244029651,4.46193677009914,2.43606684071597,60.266226475658,58.5828123031566,60.1611974619112,58.715230034736,59.8268890860938,59.9724726810371,16.5426249716869
73.0557809003964,-175124.6512,-227658.0128,-168272.4736,-236794.2496,-170556.5328,73.1352986740454,74.0169433500564,77.2824069213165,73.1300789188369,76.6802563305994,3.32908848685953,3.66962899529041,2.41493297026824,4.13226536075577,2.4738730706479,60.565553244901,59.1929463093198,60.6324721765378,59.4374295709202,60.2063920652215,59.829754136787,16.0197888838219
76.6659753285419,-175124.6512,-227658.0128,-168272.4736,-236794.2496,-170556.5328,73.2353342229054,73.5421481513715,77.0418426326743,73.247296976444,75.9250159859691,3.30370332640163,3.73721974846646,2.43036290938459,4.09900431345016,2.53936848221561,60.5690047566642,58.986255528491,60.4976153435234,59.4435397050236,59.8760457553593,59.8095159045943,16.1096587799185
76.659949576044,-175124.6512,-227658.0128,-168272.4736,-236794.2496,-170556.5328,74.3974998101673,73.3963911465563,76.6400067182865,74.4783608829382,75.1770587593163,3.10307610269262,3.78240491624217,2.48537848321976,3.86864134044192,2.63359710394115,60.9122376360913,59.0143853667967,60.4619973569551,59.8526420276183,59.7023116483634,59.8117148782201,15.8730979465376
76.6496905748199,-175124.6512,-227658.0128,-168272.4736,-236794.2496,-170556.5328,75.6678166183571,73.7858898113215,76.1346078686394,75.7546261011422,74.5525546104977,2.90359677889784,3.73799292369209,2.56043041576015,3.6492056895781,2.72613098229044,61.2561065988949,59.2330079634191,60.4308120847405,60.2494270494786,59.6030714637319,59.8446888749825,15.5773567902186
76.6436376635958,-175124.6512,-227658.0128,-168272.4736,-236794.2496,-170556.5328,76.3388722081192,74.542218568125,75.6086257702499,76.3920521978577,74.1864574420229,2.80628362780433,3.62001395291315,2.63607754344846,3.54713012162723,2.7847531446128,61.4274090985757,59.5150473819449,60.3554794931564,60.440660887912,59.5516776036491,59.9249218986414,15.394258390406
76.6732040897394,-175124.6512,-227658.0128,-168272.4736,-236794.2496,-170556.5328,76.5991634553881,75.2972160838667,75.1484418465441,76.6244831301632,74.1423869578541,2.77095936158871,3.50114837064974,2.70235196968871,3.51269761150004,2.80118955260057,61.4976086036676,59.7598655897227,60.2693747157689,60.5167315229278,59.5934789277667,60.0139476117362,15.2883468660278
76.6464487294365,-175124.6512,-227658.0128,-168272.4736,-236794.2496,-170556.5328,76.6835347954236,75.8583140422617,74.820263646857,76.6946305732069,74.3607544983118,2.76087216849475,3.41603484842561,2.75160229677594,3.50432116884118,2.78393628590716,61.5268045170585,59.9338367519151,60.2075136811031,60.548376314188,59.7216805432312,60.0868851272295,15.2167667684446
76.6893004709987,-175124.6512,-227658.0128,-168272.4736,-236794.2496,-170556.5328,76.7071975040236,76.2107523051704,74.6577959799337,76.712588926358,74.7184562500038,2.75933059542986,3.365522845503,2.77936813730931,3.50420251330012,2.74884515431678,61.5419995171542,60.047269879409,60.1910271383989,60.5657879402229,59.8925032087323,60.1433835839084,15.1572692458591
76.6323105945225,-175124.6512,-227658.0128,-168272.4736,-236794.2496,-170556.5328,76.7131756505775,76.4096715095886,74.6565248459559,76.7166359048318,75.1050791673557,2.76024499379124,3.33953687057212,2.78578407719926,3.50624882927283,2.70966832367253,61.5530015047876,60.1204160004957,60.2230744227611,60.5792585102257,60.0647700566113,60.1892333383653,15.101483094508
76.6466695369551,-175124.6512,-227658.0128,-168272.4736,-236794.2496,-170556.5328,76.7133488077826,76.5140078097953,74.7800494271075,76.7161613195397,75.4537367490835,2.76190024595242,3.32817047253041,2.7752241169335,3.50889970244396,2.67441528472272,61.562260403252,60.1691210872631,60.2916785158567,60.5909752511085,60.2151724885398,60.2281406603688,15.048609822583
76.6795041754263,-175124.6512,-227658.0128,-168272.4736,-236794.2496,-170556.5328,76.712583102791,76.5656182874558,74.9779941472771,76.7152527769651,75.7367979085865,2.76354434519815,3.32459014072913,2.75417771866522,3.51139677415199,2.64623073335324,61.5705084465151,60.2031293597663,60.3789085125753,60.601533867761,60.335930303975,60.2619051792532,14.9999397120977
76.7019814659188,-175124.6512,-227658.0128,-168272.4736,-236794.2496,-170556.5328,76.7115512805672,76.5898777990182,75.2037844507179,76.7141692175022,75.9511376633109,2.7650239397477,3.32466313418088,2.72876360992106,3.51360906338526,2.62533319813306,61.5775793140394,60.2277481120992,60.4687314685564,60.6105960604883,60.427679839135,60.2918155525061,14.957392945368
76.6476685023526,-176159.8205,-230857.627,-169025.324,-240370.289,-171403.4895,76.7098551514017,76.6007523602937,75.4244030398361,76.7124726926446,76.1056559483081,2.77713359670037,3.35592873716154,2.70566570153732,3.55303838387822,2.61344440569975,61.552807207114,60.1632421793091,60.4970715096583,60.5471110800879,60.43414281947,60.3169072186363,15.0052108249772
76.7015495380794,-176159.8205,-230857.627,-169025.324,-240370.289,-171403.4895,76.7097019233519,76.6049197259995,75.6203533937276,76.712464798469,76.2126267376854,2.77804123989475,3.35787435517712,2.6831245541852,3.55440256819162,2.60372271040054,61.5576060982827,60.1769337596093,60.5676161386941,60.5533074726549,60.482599822065,60.3336651329073,14.9771654278492
84.5820352114689,-176159.8205,-230857.627,-169025.324,-240370.289,-171403.4895,76.7259276289321,76.6064283972265,75.7835588569199,76.7309313547923,76.2843261370196,2.77643896287814,3.35989074640199,2.66451692786737,3.55248411702161,2.59769089524782,61.5650875616092,60.1883014558001,60.6257009674583,60.5630475848179,60.5177742388174,60.348819130126,14.9510216494169
84.5991201556573,-176159.8205,-230857.627,-169025.324,-240370.289,-171403.4895,78.1767646485995,76.6847498633562,75.9139136019917,78.3101126633329,76.3324485264744,2.58291191177154,3.37033201044927,2.66961532488327,3.31147979260146,2.61470834645506,61.8799846922096,60.3174861597431,60.7850039945956,60.965555578307,60.6685109515859,60.3668619080914,14.5490473861606
84.6343234125674,-176159.8205,-230857.627,-169025.324,-240370.289,-171403.4895,80.9831201519693,77.3542136903505,76.0168604635507,81.2092333230912,76.3980741205028,2.26188961583758,3.30118472079696,2.69139172487787,2.92559691128462,2.64321522144998,62.3733936745381,60.6441179370798,61.0103608286782,61.5769490268019,60.9030709202167,60.413209287763,13.823278194247
84.6389189187106,-176159.8205,-230857.627,-169025.324,-240370.289,-171403.4895,82.98291531051,78.7770783676395,76.1101619865208,83.1678352986293,76.6169573612617,2.07146652637414,3.11349517950751,2.7057559006215,2.70397975459695,2.64288144667262,62.662458022427,61.0596548280671,61.1833280738971,61.9264964161763,61.1199972660684,60.5150085451842,13.2375788077727
84.6298196927233,-176159.8205,-230857.627,-169025.324,-240370.289,-171403.4895,83.9873145283414,80.4248616046365,76.245346344284,84.1006815328521,77.1292855631879,1.98681671126012,2.9051672673885,2.70649753411699,2.6095862659324,2.59667285609746,62.8010889271977,61.4369315797542,61.3226026774011,62.0910047313979,61.3565523059975,60.6486073819926,12.8047406347955
84.6801367324902,-176159.8205,-230857.627,-169025.324,-240370.289,-171403.4895,84.4159239470322,81.8360168413241,76.4975843357698,84.4759832838955,77.9303196381925,1.95349344967336,2.7419201669662,2.68584357285096,2.57493880446497,2.51038754879522,62.8682975242676,61.7175927353492,61.4600857468973,62.1701520932315,61.6154568852012,60.7861918557621,12.4665835427507
84.6244382640767,-176159.8205,-230857.627,-169025.324,-240370.289,-171403.4895,84.5815639325517,82.8598854420334,76.92085977581,84.6113712967753,78.892252307343,1.94183178968672,2.6329503806189,2.63860296914204,2.56435610048204,2.40572169158746,62.9045333594401,61.9088211189812,61.6141351912428,62.2134873648639,61.867577982531,60.9186352754985,12.1834629315172
84.6519965705469,-176159.8205,-230857.627,-169025.324,-240370.289,-171403.4895,84.6397124304267,83.532844512041,77.5139586447437,84.6546875482542,79.8719633273566,1.93865673390392,2.56602569780169,2.5675666420873,2.56260399431417,2.30297896031645,62.9271800688491,62.0353541201834,61.7837461257631,62.241489712723,62.0877677176041,61.0455928820213,11.9378320284235
84.6195775748064,-176159.8205,-230857.627,-169025.324,-240370.289,-171403.4895,84.65690228126,83.948093124724,78.2266457160468,84.6653167514856,80.772137273625,1.93855118499237,2.52702206329153,2.48228407310198,2.56372763594538,2.21323303816643,62.9431877305426,62.1187970591806,61.955998301302,62.2619422691936,62.266797976258,61.1674032579882,11.7248179954977
84.646936915644,-176159.8205,-230857.627,-169025.324,-240370.289,-171403.4895,84.6602200010764,84.1934553012518,78.9905619560004,84.666030952774,81.5462818451581,1.93934228953223,2.50522674708815,2.39363407856256,2.56546717796796,2.13985998531384,62.9553629987408,62.1742457235685,62.1173191749095,62.277847314354,62.4064182108534,61.2834962784588,11.5435302784647
84.6532918743938,-173458.1589,-222507.0366,-167060.4792,-231037.2762,-169193.0391,84.6605720567496,84.3308989752565,79.7383229018994,84.6654940902579,82.1767281908855,1.91416212731401,2.41635507203026,2.29133068139932,2.47987185212319,2.06196501617249,63.0074486592661,62.3276134083174,62.31662454322,62.4038438900688,62.5699725416381,61.3920735963018,11.1636847490393
84.5949814323458,-173458.1589,-222507.0366,-167060.4792,-231037.2762,-169193.0391,84.6599883484317,84.4083527506497,80.436026260508,84.6645473212211,82.6798769230268,1.91484304078481,2.41047397250697,2.21731222294473,2.48100788049212,2.01808843283157,63.0145647483167,62.3513833382368,62.4327556528569,62.4130905050858,62.6468379482849,61.4995254264969,11.0417255495602
84.618697035474,-173458.1589,-222507.0366,-167060.4792,-231037.2762,-169193.0391,84.6567674487248,84.4509542726631,81.0615909640645,84.6610256255681,83.0719708030207,1.91560094200488,2.40762827834325,2.15393047150928,2.48217613020983,1.98492369233956,63.0199077893532,62.3679146443076,62.5285544991712,62.4200415788015,62.7042133998436,61.6027687910594,10.9442595144068
84.6353829450939,-173458.1589,-222507.0366,-167060.4792,-231037.2762,-169193.0391,84.6525852382544,84.4731791135333,81.6060116245679,84.6567072950371,83.37169168374,1.91632709698611,2.40647292243706,2.10102224446243,2.48324344495324,1.96017455383858,63.0239244471472,62.3795373420897,62.6062737224402,62.4252825728825,62.7467712396805,61.6983980451898,10.8672402626774
84.6379128432621,-173458.1589,-222507.0366,-167060.4792,-231037.2762,-169193.0391,84.6485335834099,84.483535118456,82.0690804253445,84.6526578801322,83.59701672018,1.91695583980381,2.40624168259092,2.0576257440234,2.48414094345578,1.9419144301575,63.0269667820789,62.3877701478504,62.668627215,62.4292651782421,62.7781569385409,61.7855575906982,10.8068786400314
84.6334472503615,-173458.1589,-222507.0366,-167060.4792,-231037.2762,-169193.0391,84.6450519220407,84.4871622872255,82.4558099963302,84.6492452806273,83.7638359695949,1.91747004887051,2.40648558308309,2.02248295499562,2.4848623675685,1.92859190725655,63.0292833889496,62.3936367515823,62.7182533100181,62.4323046428719,62.801161555545,61.8646031995356,10.7598928617743
84.6591223101851,-173458.1589,-222507.0366,-167060.4792,-231037.2762,-169193.0391,84.6426912724829,84.4871901894509,82.7739135375058,84.6470274158402,83.8855279653282,1.91784019364181,2.4069413237858,1.99430734286509,2.48537695206241,1.9189853800419,63.0310946009092,62.3978479376931,62.7575042743391,62.434686681188,62.8179134593188,61.9361685051076,10.723451192397
84.60977099486,-173458.1589,-222507.0366,-167060.4792,-231037.2762,-169193.0391,84.6414131852067,84.4855827077224,83.0321724975067,84.6458933740942,83.9730027336711,1.91808115952806,2.40744941123278,1.97190654145972,2.48571520400488,1.91214498108777,63.0325315486665,62.4009023680521,62.7883774027474,62.4365752573944,62.8300221389716,62.0008646818563,10.6952972973132
84.6015676142507,-173458.1589,-222507.0366,-167060.4792,-231037.2762,-169193.0391,84.6405747379595,84.4834978536957,83.2394378823006,84.6451413543062,84.0349551787759,1.91825405400328,2.4079208573631,1.95422954372091,2.4859620541958,1.90733893076348,63.0336407351245,62.4031414672208,62.8125273898314,62.438028570712,62.8386991923227,62.0592269382922,10.6737054400466
84.6406905359963,-173458.1589,-222507.0366,-167060.4792,-231037.2762,-169193.0391,84.6397587560058,84.4814768920141,83.404056277543,84.6443545531329,84.0781803374443,1.91839985720504,2.40832149217095,1.9403768672543,2.48617092709629,1.90400952186384,63.0344669343593,62.4047936693451,62.8313146390526,62.439107475556,62.8448599337652,62.1117171731577,10.6572786655904
77.7514479592552,-173458.1589,-222507.0366,-167060.4792,-231037.2762,-169193.0391,84.6343903950017,84.4796586247371,83.5335689972646,84.6383368918621,84.1078826040608,1.91889237873737,2.40864538916646,1.92958725705822,2.48686578975973,1.90173193828538,63.0346439971385,62.4059441127794,62.8457914296489,62.4392942492772,62.8491324008953,62.1587418498312,10.6457227530071
77.7105098497783,-173458.1589,-222507.0366,-167060.4792,-231037.2762,-169193.0391,84.0902402262969,84.4634803217818,83.6345578695918,84.0327912437014,84.1278523723242,1.96362815880423,2.40945068264152,1.9205710174304,2.54816757618112,1.89954224837227,62.9825836877189,62.3971433496073,62.8496602485004,62.3677954917353,62.8445962278325,62.2007795195862,10.7413596834295
77.7279737230757,-175201.8129,-227896.5126,-168328.5912,-237060.8082,-170619.6651,82.4089239812952,84.2812560687518,83.7134951588659,82.2235259316371,84.1372217241427,2.13200445510277,2.47450141343584,1.92336885657031,2.80776219608505,1.90943366687382,62.7728334595706,62.2745769573033,62.8012892374701,62.0489703771872,62.7856894560854,62.2360584796018,11.2470705880678
77.749304421496,-175201.8129,-227896.5126,-168328.5912,-237060.8082,-170619.6651,80.4947162922371,83.7050976573138,83.7727560078036,80.2629574993706,84.1118482856722,2.32954420265529,2.52759824266038,1.91466460052581,3.05646422164573,1.90759826368055,62.5237190364649,62.1607091357457,62.7654811146699,61.7299892390382,62.7397725566294,62.2475192814295,11.7358695311678
77.7389919077102,-175201.8129,-227896.5126,-168328.5912,-237060.8082,-170619.6651,79.096470691595,82.719049983576,83.8101465085616,78.9143179237271,83.9982161891381,2.49305791090539,2.62666364757982,1.90755581350349,3.24646135576388,1.91253549347244,62.304148182763,61.9872145175152,62.7245849188722,61.4659801180015,62.6813126905527,62.2178857575892,12.186274221225
77.6952042697032,-175201.8129,-227896.5126,-168328.5912,-237060.8082,-170619.6651,78.3193478764836,81.5242444425268,83.8127454166489,78.2133491274386,83.7369401547171,2.5906312698809,2.75768443220986,1.90369135998626,3.34963248404855,1.92975295467968,62.1594902541972,61.7774025159216,62.6843805793528,61.3024328766691,62.6102283374843,62.146978685431,12.5313925008053
77.7014158943767,-175201.8129,-227896.5126,-168328.5912,-237060.8082,-170619.6651,77.9626825367021,80.3682857523825,83.7555767949769,77.9132451540998,83.2948839728818,2.63560482571821,2.89547574334704,1.90506662981506,3.39217180867662,1.96252174137592,62.0785742422388,61.5611661654092,62.6424645489749,61.2143992219118,62.5209309040165,62.0554102125638,12.7908407489329
85.2266200945941,-175201.8129,-227896.5126,-168328.5912,-237060.8082,-170619.6651,77.9396066878859,79.4173970550431,83.6079018579565,77.9366639971407,82.6804973165641,2.6357921774852,3.01746609261137,1.91438967438138,3.38366093654163,2.01163080880177,62.0566274337853,61.3706131327153,62.5976101030162,61.1958157056159,62.413689722652,61.9668071316383,12.9629396898214
85.1226765007126,-175201.8129,-227896.5126,-168328.5912,-237060.8082,-170619.6651,79.458494291008,78.8213575100867,83.3449549246191,79.5999146033758,81.9401646364041,2.4406792880851,3.1072147301618,1.93788247140025,3.13302195486685,2.07999140435526,62.3057972211836,61.2958360075954,62.5893692866858,61.5198132748138,62.3394420244716,61.895687474404,12.6987898488693
85.2405033700805,-175201.8129,-227896.5126,-168328.5912,-237060.8082,-170619.6651,81.7653997603614,78.9194104342872,82.9605611811096,81.9788962828355,81.1625596180121,2.18777893006138,3.10298084909507,1.97443292829357,2.82427291363551,2.15901043689304,62.6299048993959,61.3699761275338,62.5892003640267,61.9222813094312,62.279216649721,61.8654792374694,12.2484760579786
85.1602103405384,-175201.8129,-227896.5126,-168328.5912,-237060.8082,-170619.6651,83.4705682031706,79.7578898212869,82.4828449953819,83.6511729045156,80.5009700721486,2.0284576282008,2.99147736746093,2.01972763529076,2.6364474899485,2.23013738912406,62.8321127130991,61.5543228618188,62.5683352918954,62.1656873696951,62.2198835566741,61.8902798152601,11.9062475100251
85.1810409782769,-175201.8129,-227896.5126,-168328.5912,-237060.8082,-170619.6651,84.4164303387168,80.9634152699829,81.9736228925927,84.535417062884,80.1230892428474,1.94889196307626,2.83720421990677,2.06891495971641,2.545990700655,2.27340816189736,62.9353871273542,61.7700282785813,62.5325697925121,62.2865713015742,62.1899546499172,61.9468685466763,11.6744100052518
85.1929479590829,-175201.8129,-227896.5126,-168328.5912,-237060.8082,-170619.6651,84.8680094195814,82.1489612418903,81.5035670983838,84.9364136922998,80.1090294851227,1.91312151476886,2.69691776821822,2.1158120334785,2.50721850298286,2.27770554256374,62.9853259883744,61.9571855755949,62.4934258594804,62.3435067154204,62.2097296019244,62.0065950457059,11.5107753620122
78.4128724505094,-175201.8129,-227896.5126,-168328.5912,-237060.8082,-170619.6651,85.0642168907017,83.1132537434145,81.1336110797018,85.1008291767624,80.4150800654892,1.89823501564157,2.5911949837134,2.15416378549422,2.49213497316633,2.24745898044542,63.0099232294035,62.0976378177194,62.4619177468896,62.3711796920747,62.2748893404548,62.0571904025436,11.3831877384609
78.438150187251,-177992.6614,-236522.7716,-170358.2992,-246701.9212,-172903.0866,84.8579507894677,83.8201251673416,80.9073780604575,84.8377667455983,80.9312958451656,1.94153264038655,2.59821868013118,2.19750607911996,2.60754885754044,2.21696963715619,62.9520085441566,62.0679948580419,62.3832511349142,62.2306792722292,62.2955173980257,62.0983114348621,11.5617758943343
78.3930059888436,-177992.6614,-236522.7716,-170358.2992,-246701.9212,-172903.0866,83.3561448987859,84.1592737157763,80.8527116167414,83.186289512676,81.5290666532152,2.06904848450571,2.56097898070544,2.2010950267767,2.78480944739697,2.15562459813277,62.8002699610101,62.0908413982638,62.3587888037483,62.0182037865226,62.3629488524318,62.1250342638112,11.7715565375176
78.3841376295515,-177992.6614,-236522.7716,-170358.2992,-246701.9212,-172903.0866,81.3754460581714,83.9219029895172,80.9615254156064,81.132207863742,82.0921214957825,2.2605070476637,2.58073390471432,2.18537833131973,3.03381927265274,2.09802992857889,62.5605956768593,62.0223994416973,62.3345989260916,61.7015563266264,62.3998595221587,62.132065893723,12.1584684849294
78.326029806147,-177992.6614,-236522.7716,-170358.2992,-246701.9212,-172903.0866,79.8769350162303,83.1179667512449,81.1926821822461,79.6777731817077,82.509174900992,2.42559649780193,2.66063716298873,2.15724537682099,3.23102122431112,2.0557337029427,62.3426493565025,61.8761408877048,62.3228392025575,61.4330508413062,62.4117493818511,62.1048286763382,12.5302339648655
78.4087016678182,-177992.6614,-236522.7716,-170358.2992,-246701.9212,-172903.0866,79.0409603771524,82.0122282682267,81.4821908332359,78.9237122258967,82.6957033507389,2.52554104109946,2.78042532091281,2.12486540333517,3.33921225907464,2.03558755379287,62.2005680827635,61.6855570653778,62.3247978683083,61.2701219357614,62.3993742122071,62.0393023697778,12.805631578215
78.3712288056122,-177992.6614,-236522.7716,-170358.2992,-246701.9212,-172903.0866,78.6593527151749,80.9074748940731,81.7566624225019,78.604564136401,82.6188866190088,2.57217267162011,2.91014807659895,2.09548563560391,3.38447186106348,2.03922920639423,62.1242645552865,61.486885352004,62.330673125496,61.1870504050333,62.3588026360356,61.9530388980422,13.0015074512807
65.7280147866906,-177992.6614,-236522.7716,-170358.2992,-246701.9212,-172903.0866,78.4926546886178,79.9950117041939,81.9485523976037,78.4693005036674,82.3004701641811,2.59170296247563,3.02439863585438,2.07476031765197,3.40182784041294,2.06444364727144,62.0821699596626,61.3080599802178,62.3285118642762,61.1406501783338,62.2878362341223,61.8682686883919,13.1571334036664
65.6871240238068,-177992.6614,-236522.7716,-170358.2992,-246701.9212,-172903.0866,76.6593085982502,79.2680920273487,82.010374085767,76.4512396626246,81.8020566528092,2.84236224309088,3.10339852701745,2.05809861740638,3.72604847033131,2.09738794457878,61.6960146018297,61.0568340112582,62.2314960548542,60.6304349729157,62.1037671261302,61.7932978199227,13.8272958024248
65.7025640306623,-177992.6614,-236522.7716,-170358.2992,-246701.9212,-172903.0866,72.1180276632233,78.1200761256724,81.9250218384226,71.6738016764104,81.1887994388908,3.61279211065806,3.18879427242037,2.02778614469431,4.63428897280008,2.10848452545205,60.3456641878316,60.3965146557214,61.8504781614276,58.9536011322733,61.5941785235578,61.6724862222609,15.5721460260249
65.7117684734921,-177992.6614,-236522.7716,-170358.2992,-246701.9212,-172903.0866,68.239258687961,75.9263999123843,81.6995053864481,67.9068101097329,80.4416084839902,4.38205374327388,3.36975538961224,1.98389308226611,5.37460814730244,2.09389050369763,58.5335123919517,59.154621320831,61.1808182187035,56.9387388573035,60.7104167578134,61.255100056926,17.2042008661523
65.7155310574529,-177992.6614,-236522.7716,-170358.2992,-246701.9212,-172903.0866,66.4497701642355,73.0536885559374,81.3240362940955,66.3158551047008,79.4412607308062,4.70056904476244,3.66394246637845,1.95314127867054,5.60061272541448,2.09235622010748,57.4016950306335,57.6285578883882,60.4822866604082,55.7903844100389,59.6956005105037,60.3611015303619,18.0106217353334
65.6752600867065,-177992.6614,-236522.7716,-170358.2992,-246701.9212,-172903.0866,65.8913903526937,70.3389279354984,80.7353919851932,65.853118780379,78.0848139029382,4.74801853288143,3.97144901256416,1.94488323319554,5.59852817798567,2.11645173380257,56.9337374722019,56.1081544511928,59.8051475188518,55.3237290480386,58.5639553252425,59.3455516310932,18.3793306904294
65.7059527969161,-175595.6382,-229113.7908,-168615.0096,-238421.2956,-170941.8858,65.7549032857784,68.323707740335,79.8355354898958,65.7466343768883,76.3833196540488,4.71351111143287,4.16078390175019,1.96242557277084,5.48829287528181,2.16670911313376,56.8531874532469,55.1659887113114,59.304655015451,55.3662770785073,57.5315372445298,58.5918634829259,18.4917225743695
65.6991255303589,-175595.6382,-229113.7908,-168615.0096,-238421.2956,-170941.8858,65.7322523730223,67.052651716727,78.5580406601493,65.73160288085,74.4824742599062,4.67685908878307,4.27956213481977,2.00886531088675,5.44159196652287,2.21089939083332,56.7607747871169,54.2601220618167,58.5017807127031,55.2621591309197,56.0074912213863,58.103151320998,18.6177778918458
65.6502516851338,-175595.6382,-229113.7908,-168615.0096,-238421.2956,-170941.8858,65.7368768662733,66.3432899459874,76.9440153611132,65.737912757264,72.5863622676604,4.64793654161317,4.32132380846792,2.07782638355762,5.40699413872867,2.24278028193468,56.7095727901956,53.6743884828677,57.553403521077,55.2014779948288,54.3739992134049,57.7035699077589,18.6968611543021
65.6939611839824,-175595.6382,-229113.7908,-168615.0096,-238421.2956,-170941.8858,65.7425603316941,65.9813086977121,75.1521845967001,65.7437554658533,70.8711761519683,4.62785984062267,4.32176220605567,2.15572480307609,5.38336608210205,2.26019873832371,56.6760937721084,53.3136923621806,56.4622642427384,55.1610753852635,52.7991685656737,57.3229393132152,18.7489116701802
65.638818239343,-175595.6382,-229113.7908,-168615.0096,-238421.2956,-170941.8858,65.7452289448075,65.8083257752465,73.3899691890293,65.7463372310523,69.4360768154596,4.61456324859235,4.30618176408039,2.227599740055,5.36772696588838,2.26767901634696,56.6526378961846,53.094876014167,55.3030911246795,55.1328240315867,51.423682446119,56.9591846440292,18.7837507349631
65.6924467460001,-175595.6382,-229113.7908,-168615.0096,-238421.2956,-170941.8858,65.746230021514,65.7295156074258,71.8257339222051,65.7472621366185,68.3047659103908,4.60589672706862,4.28815544906434,2.28488994774644,5.35750811950478,2.27034214765755,56.6365302228041,52.9626217366221,54.1923573500468,55.1135048500593,50.313500238094,56.6223280577163,18.8067923910417
65.6752630387446,-175595.6382,-229113.7908,-168615.0096,-238421.2956,-170941.8858,65.7483802189108,65.6949709723089,70.5426318295533,65.7494480629499,67.4524156193683,4.59993619581072,4.2730321034739,2.32670653983416,5.3505342743957,2.2712922567929,56.626876202036,52.8828918224225,53.226170047732,55.1018308191525,49.4686759120021,56.3147843885093,18.8215013703074
74.9433733357519,-175595.6382,-229113.7908,-168615.0096,-238421.2956,-170941.8858,65.749897028131,65.6808159917169,69.5465443502951,65.7509360589549,66.8323874993591,4.59603292034497,4.26156856918556,2.35584908112611,5.34598275905375,2.27159458552296,56.6206463864046,52.8342726049526,52.4442922589629,55.0942535421433,48.8510412653804,56.0308006891694,18.8310279152333
74.8795309321101,-175595.6382,-229113.7908,-168615.0096,-238421.2956,-170941.8858,67.2106498918587,65.7260803516708,68.795789012037,67.2880219562425,66.3903650404286,4.30580807025683,4.36051819549432,2.47443137189358,5.05612771328855,2.37552662765421,57.4660593753213,53.1710529294065,52.5131289503359,56.0204187163453,49.195723536513,55.7671858923707,18.5724119785875
74.9456137599111,-175595.6382,-229113.7908,-168615.0096,-238421.2956,-170941.8858,71.2914227283008,66.6369701054623,68.2810221879024,71.4528603106494,66.0966820013179,3.53855780206498,4.50254228700988,2.77449745825796,4.28881032235721,2.67211053964294,59.4339545634542,54.4779670289871,53.7593563796917,58.1693535286866,50.810514704145,55.6774165723104,17.7765184093329
74.8980631471278,-175595.6382,-229113.7908,-168615.0096,-238421.2956,-170941.8858,73.7332829886758,68.8643998999391,68.1242470755828,73.8465012204547,66.1487032309691,3.13902118151955,4.27937768564155,3.00061747921172,3.88760594146004,2.89104894017395,60.3665887036937,56.071318863086,54.6969024861164,59.1921247580635,52.0201534932182,55.9039037720263,17.1976712280068
74.8902296705294,-175595.6382,-229113.7908,-168615.0096,-238421.2956,-170941.8858,74.6301699235939,71.2191458269564,68.3124492212997,74.6837465210087,66.8305716204594,3.01182262015771,3.94853565024109,3.12785159221192,3.76570658123635,3.00635208573679,60.6989588998657,57.3541512139863,55.4312994330965,59.5549945126991,53.2438966134602,56.1822826940662,16.8602685295839
74.9070005536065,-177122.8386,-233834.2284,-169725.7008,-243697.0788,-172191.4134,74.8925432644078,72.9101699376218,68.6690789212769,74.9136053731164,68.0807340099837,2.99763791892336,3.74711247907866,3.17087147437042,3.79636223869668,3.01362826910927,60.7736736512518,57.9988567836851,55.8789916097737,59.57495260785,54.4277887975648,56.3960412273471,16.7256123801784
74.8802956099559,-177122.8386,-233834.2284,-169725.7008,-243697.0788,-172191.4134,74.9562881844303,73.9035150105777,69.1432333112675,74.9641877672168,69.5628147573123,2.99595491345623,3.6177990216382,3.18724313212578,3.79976259531836,2.98045318485662,60.8294871652835,58.4592166224198,56.4188438218145,59.6392613567396,55.7579001698936,56.5814309417404,16.5812128473952
74.9189054622239,-177122.8386,-233834.2284,-169725.7008,-243697.0788,-172191.4134,74.9683633359965,74.4222611515336,69.7597212387874,74.972044475453,70.9532707581929,3.00097855132909,3.56008554550764,3.17065378751181,3.80871920761697,2.91917123713739,60.8652105807105,58.7275912105058,56.968755801158,59.6831562754296,56.858550611151,56.7734896317522,16.4596083291029
74.9007822217673,-177122.8386,-233834.2284,-169725.7008,-243697.0788,-172191.4134,74.9684704624524,74.6730256235029,70.4955730252909,74.9710179229051,72.0893350524007,3.00711184181811,3.54146864676987,3.12709892539065,3.81815900743251,2.85520055734111,60.8940824280046,58.8958514701955,57.5264524511197,59.7199291030881,57.678823138288,56.9778170413473,16.3490389787523
74.936028569382,-177122.8386,-233834.2284,-169725.7008,-243697.0788,-172191.4134,74.9683154283978,74.787700687202,71.2714943917087,74.9707457073902,72.941604692955,3.01257202810603,3.54135353658023,3.06659784332761,3.82640888503017,2.80177817426685,60.9194367526772,59.0100137035629,58.0465053051889,59.7525387932384,58.2563230291016,57.195080882298,16.2487104673109
74.9528209758249,-177122.8386,-233834.2284,-169725.7008,-243697.0788,-172191.4134,74.9684645054695,74.8382706282905,72.0026145829086,74.9708874352386,73.5461532200859,3.01714320903555,3.5482685219971,3.00103530955006,3.83331126424796,2.7622541910131,60.9408708539702,59.0913317333959,58.4887039395737,59.7800828967081,58.6507457725711,57.4265056166419,16.1620124958438
74.9050473870518,-177122.8386,-233834.2284,-169725.7008,-243697.0788,-172191.4134,74.967735970524,74.8599240595444,72.6343400071552,74.9701039010366,73.9582735412127,3.02094154520308,3.55662820655905,2.93975430054425,3.83899111907352,2.73513186047863,60.957779706413,59.1499975916825,58.8387234812284,59.8017744247781,58.9151590781516,57.6699417023651,16.0914470318586
74.8604191839571,-177122.8386,-233834.2284,-169725.7008,-243697.0788,-172191.4134,74.9660578870456,74.8685458836111,73.1467135306686,74.9683735628217,74.230764350603,3.02402374588938,3.56418516879698,2.88774286564324,3.84352432465506,2.71749107399058,60.9703811063119,59.1919283813207,59.1026227311511,59.817934218129,59.0899964406187,57.9186808633285,16.0369671789752
74.9385810873629,-177122.8386,-233834.2284,-169725.7008,-243697.0788,-172191.4134,74.9648868699643,74.8712314957799,73.5436139219437,74.9672445373618,74.4064211503499,3.02628749159972,3.57030848821741,2.84639197764889,3.84683693792096,2.70654161889207,60.9796792377712,59.2215004478996,59.2954979459244,59.829851637623,59.2044004751281,58.1636839766606,15.9963665142791
79.0851857463909,-177122.8386,-233834.2284,-169725.7008,-243697.0788,-172191.4134,75.0915447543518,74.8731873726813,73.8408601345628,75.1086691025857,74.517161204104,3.00826351091302,3.57781523188213,2.81832667775506,3.82494383080613,2.70350646259477,61.0225448907442,59.2562915920758,59.4508593831037,59.8846332143867,59.2980736161811,58.3963129091937,15.9328557139511
79.042118767175,-177122.8386,-233834.2284,-169725.7008,-243697.0788,-172191.4134,76.4079476274405,75.0105369108439,74.0592736440299,76.5113206892573,74.5895846067818,2.81544703764755,3.58928969723532,2.82750141095583,3.59672528702438,2.73322920705417,61.3754293954178,59.4435661975008,59.715965855178,60.3212929546918,59.5359983423899,58.6129231942357,15.5621926399173
79.1028228330864,-177122.8386,-233834.2284,-169725.7008,-243697.0788,-172191.4134,77.8633236619153,75.6135135945711,74.2200888089992,77.9760371746201,74.6818820882963,2.6217400802868,3.52547206248762,2.84621450339216,3.3772459130921,2.76328639476865,61.7201295890303,59.7647516108666,59.9710843989599,60.7338571116282,59.7920387023051,58.8379322837885,15.1339589540273
79.1021030044441,-177057.7021,-233632.8974,-169678.3288,-243472.0618,-172138.1199,78.6536189879149,76.5455125569432,74.3551732794869,78.7248837153737,74.9017300354631,2.52558667967442,3.39780728217857,2.85693161826089,3.27256691853047,2.76606868110467,61.9019885695106,60.1154283301115,60.1635828062363,60.9476109824222,60.0314675864062,59.0837315349195,14.818961179749
79.1038026225535,-177057.7021,-233632.8974,-169678.3288,-243472.0618,-172138.1199,78.9732826569923,77.4347284169374,74.5178784598424,79.0085968182564,75.3080716817745,2.4903867478932,3.27721324666024,2.85549371575094,3.23820554520163,2.73692720950807,61.9848792761351,60.4000542499061,60.319141718523,61.0426851936043,60.2794779006719,59.32883253907,14.5982264650141
79.0516774601991,-177057.7021,-233632.8974,-169678.3288,-243472.0618,-172138.1199,79.0818168376251,78.0914278238474,74.7606809294775,79.0977162497829,75.8555279898813,2.4805458419444,3.19212120632059,2.83771448649154,3.23081121465097,2.68486468156412,62.0260164842692,60.6026621334354,60.4729843590704,61.0906861937616,60.5355129728932,59.5564399678958,14.4260574309716
79.1201614899534,-177057.7021,-233632.8974,-169678.3288,-243472.0618,-172138.1199,79.1143621554234,78.5084571784388,75.104543114979,79.1220114968055,76.4478175313877,2.47945337999136,3.14162360195817,2.80259947128635,3.23193595736472,2.62438131874573,62.0510469146673,60.7385818191058,60.6378296399243,61.1212480488231,60.7747265265327,59.7629881745054,14.2799937293464
79.0585706134346,-177057.7021,-233632.8974,-169678.3288,-243472.0618,-172138.1199,79.1224328736967,78.749052896787,75.53116751241,79.1270312193415,77.00237434974,2.480935664947,3.11528101359688,2.75396047450087,3.23520175148657,2.56692953671828,62.0693124541252,60.828916771321,60.8089505772567,61.14443875171,60.9784957618107,59.9498791390562,14.1523084412496
79.0822063610175,-177057.7021,-233632.8974,-169678.3288,-243472.0618,-172138.1199,79.1228643085297,78.878940118097,75.9988604617526,79.1264286457567,77.4738035941477,2.48297462098807,3.10333259374876,2.69853306949497,3.23867961288811,2.51836678647468,62.0837474807004,60.8898080652869,60.9742517234845,61.1631468144703,61.1409296613073,60.118813698361,14.0418866835946
79.0893419255076,-177057.7021,-233632.8974,-169678.3288,-243472.0618,-172138.1199,79.1218704710939,78.9454629958893,76.4637675899378,79.1251866936618,77.8485861513138,2.48482672385255,3.09909847651152,2.64295175662428,3.24166547202059,2.48025845688613,62.0954540045341,60.9317534426593,61.1231911171287,61.1784506255234,61.2647631525675,60.2710124954637,13.9488008858951
79.0596107009243,-177057.7021,-233632.8974,-169678.3288,-243472.0618,-172138.1199,79.1202773508321,78.9779699471102,76.892925319548,79.1234978122187,78.1323030671394,2.48641260698516,3.09857062658297,2.59188405994517,3.24416471910124,2.45183601760073,62.104720669413,60.9611917094943,61.2500946223688,61.1905875919053,61.3562352775839,60.4075092287486,13.8728680302153
79.0468824859187,-177057.7021,-233632.8974,-169678.3288,-243472.0618,-172138.1199,79.1170879023287,78.9927702688272,77.2675991367772,79.1201883761565,78.3391324592719,2.48788986996852,3.09960630939745,2.54774636068256,3.24640536497641,2.43141677731469,62.1116347437105,60.9820120433452,61.3537687170264,61.1996553228317,61.4221778573666,60.5293648065357,13.8130646823396
79.1008403354318,-177057.7021,-233632.8974,-169678.3288,-243472.0618,-172138.1199,79.1154003234895,78.998395444889,77.5810832146778,79.1186302990724,78.4853252430694,2.48893156360253,3.10119411080063,2.51126162314257,3.24798203206363,2.41721084227575,62.1170644647431,60.9968586696488,61.4360495141657,61.2067964055249,61.4689497905176,60.6376708762074,13.7665801718851
79.0959903494955,-177057.7021,-233632.8974,-169678.3288,-243472.0618,-172138.1199,79.1141706438356,78.9998003027374,77.8348107380546,79.1174594923312,78.5859052200462,2.48971105113383,3.10278092852956,2.4820638584859,3.2491681819463,2.40759599398155,62.1211566841298,61.007469835761,61.4998548916034,61.2121645399777,61.5015740685721,60.7335720801867,13.7313200140771
79.0406242244037,-177057.7021,-233632.8974,-169678.3288,-243472.0618,-172138.1199,79.1129735632403,78.999450358946,78.0347913545168,79.116281353946,78.6534339645285,2.4903238590287,3.10414905869324,2.45927243060682,3.25009183217115,2.40125580939541,62.1241411693476,61.015049875215,61.5484505035216,61.2160749438746,61.5239939943241,60.8182157853475,13.7050929898953
79.0593579126331,-176648.8453,-232369.1582,-169380.9784,-242059.6474,-171803.6007,79.1116284601321,78.9982817748328,78.1887764080379,79.114925487686,78.6976499491428,2.4865222287284,3.0929951938715,2.43967700942016,3.23629344292961,2.39474036811242,62.1361120584438,61.0466563739162,61.5991410134227,61.2426833108748,61.5549839284102,60.8930578715908,13.6502282430621
79.099447096848,-176648.8453,-232369.1582,-169380.9784,-242059.6474,-171803.6007,79.1108861499881,78.9968938858543,78.3054067085235,79.1142319677783,78.7259996129264,2.48685766956737,3.09387661514211,2.42655003968012,3.23678599614887,2.39219265253816,62.1376594979439,61.0503827627319,61.6260259395033,61.2447094735257,61.5650764350376,60.9606862939009,13.6362629730766
79.0846563185021,-176648.8453,-232369.1582,-169380.9784,-242059.6474,-171803.6007,79.1105529539491,78.995637894303,78.3924657506439,79.113939043336,78.7437272248202,2.48707412561027,3.09454706968618,2.41679713909208,3.23710975075347,2.39065420931535,62.1388035226433,61.0530150041471,61.6457759220924,61.246203742177,61.5717605819847,61.0204293326783,13.6261822944573
79.0242888497976,-176648.8453,-232369.1582,-169380.9784,-242059.6474,-171803.6007,79.1101239792638,78.9946518122276,78.4566226695516,79.113510322935,78.7545102479884,2.4872513491673,3.09503578417158,2.40963204693403,3.23737149491392,2.38976005878656,62.1395838321762,61.0548621105464,61.6601362024982,61.2472196429393,61.5761185571664,61.0721362261751,13.6190507339734
79.0516867545156,-176648.8453,-232369.1582,-169380.9784,-242059.6474,-171803.6007,79.1094882616888,78.9938662141993,78.5033760477083,79.1128528960464,78.7608657727613,2.4874167016262,3.09539079649619,2.40441998841335,3.23760681924231,2.38926497345638,62.1400762410387,61.0561340383246,61.6704798557193,61.2478608211903,61.5789145061631,61.1164921854796,13.6140992792344
75.1137172221055,-176648.8453,-232369.1582,-169380.9784,-242059.6474,-171803.6007,79.0346355803354,78.9923912125824,78.5371155022781,79.0281025746223,78.7644563847918,2.49655033766792,3.09514815943933,2.40015656285765,3.24987027417517,2.38847435410443,62.1273061986372,61.0532528492434,61.6743188442478,61.2305244291549,61.5768176452876,61.1543235777782,13.6301996882445
75.1252061480386,-176648.8453,-232369.1582,-169380.9784,-242059.6474,-171803.6007,78.0923141962257,78.9213531179807,78.5611252355637,78.0045751789374,78.7649742663341,2.61520093196749,3.09669660679695,2.39052453918075,3.40175497133822,2.38111781982756,61.9520634181771,60.9911848976437,61.6303841352125,61.0016397369087,61.5242338060865,61.1850400278926,13.885294869111
75.1114950512567,-176648.8453,-232369.1582,-169380.9784,-242059.6474,-171803.6007,76.7335936342917,78.5459494564207,78.5770432895817,76.6092624035205,78.7441739537992,2.8007373314501,3.13394265791309,2.37603412622478,3.62274278697511,2.36992557418597,61.6625627300523,60.8288763801093,61.5430488615586,60.6435083965797,61.4220121171271,61.1920298313561,14.3033824767491
75.1095915731742,-176648.8453,-232369.1582,-169380.9784,-242059.6474,-171803.6007,75.8134040627241,77.8281092460145,78.5805927230602,75.7255943288874,78.6470709387507,2.93503792084846,3.22157241502332,2.36298720993631,3.76809216193075,2.36689432427024,61.4319888935669,60.5929569867367,61.4525473842128,60.3756990286548,61.3027248410116,61.1475009510804,14.6545840320091
75.0738096723319,-176648.8453,-232369.1582,-169380.9784,-242059.6474,-171803.6007,75.3856012436556,76.9947530248548,78.5542632338883,75.3435965475171,78.4154451078535,2.99740845052255,3.33316809590111,2.35539113965808,3.82793604885591,2.3802311807962,61.3034367426572,60.3366399355402,61.3709804298352,60.2336732287743,61.1682824506593,61.0571675575393,14.8941349157339
75.1263629435549,-176648.8453,-232369.1582,-169380.9784,-242059.6474,-171803.6007,75.2276363911073,76.2727456783411,78.4689219118981,75.2127076569495,78.034852865018,3.0175617954917,3.43443111825133,2.35589049642231,3.84343453371586,2.41099722800484,61.2395222321847,60.1057913340982,61.289281292621,60.1637144557192,61.0077763258676,60.9547558065854,15.062315171886
75.0833634938119,-176648.8453,-232369.1582,-169380.9784,-242059.6474,-171803.6007,75.1774890477091,75.7563171643415,78.2979820191168,75.1741833842277,77.5429983412054,3.02078425682703,3.50697619033717,2.36668223769545,3.84300913108106,2.45484109933659,61.2042968935372,59.9237913433212,61.1966781675628,60.1235243318009,60.8200282279823,60.8627248622607,15.1922929152773
75.131931142604,-176335.188,-231399.672,-169152.864,-240976.104,-171546.972,75.1646336488877,75.4334048844208,78.0332044403081,75.1655457558073,77.0068034256778,3.01532318659688,3.54101489254667,2.38735146618833,3.82666816164329,2.50363691727534,61.1909902652041,59.8184935187163,61.102792217018,60.1182757735974,60.634256360723,60.7839173922135,15.2739946242505
75.1056788583327,-176335.188,-231399.672,-169152.864,-240976.104,-171546.972,75.1630226070542,75.2501226322776,77.688987473434,75.1652568184344,76.4924616731508,3.01173962408787,3.56172578196377,2.41871079562721,3.82095663608702,2.5520887491269,61.1727524790984,59.7260095824318,60.9780832522606,60.0954943362458,60.4307501532546,60.7142215439843,15.3652215868928
75.1314773290072,-176335.188,-231399.672,-169152.864,-240976.104,-171546.972,75.1638235521187,75.1538731019074,77.2955406261649,75.1663905253288,76.0466074967264,3.00826044605444,3.5687675347434,2.45653905982847,3.81572543426083,2.59375214259518,61.1573730962347,59.6603916258907,60.8419677498326,60.0759680217695,60.2428949567011,60.647672490072,15.4430446174823
75.0728185400373,-176335.188,-231399.672,-169152.864,-240976.104,-171546.972,75.1652624677741,75.1065468412587,76.887638223606,75.1679126548178,75.690374612649,3.00516827568799,3.56865473629916,2.49721295807028,3.81115958112524,2.62620325672482,61.1444000631851,59.6125756455198,60.7020564878465,60.0594114926669,60.0819432558282,60.5826978886754,15.5083988079075
75.1374371187061,-176335.188,-231399.672,-169152.864,-240976.104,-171546.972,75.1667789266276,75.0848111742894,76.4955353226275,75.1694408820403,75.4238911381902,3.00253971151994,3.56541979601643,2.5373945455883,3.80731084753576,2.64946989279158,61.133642001112,59.5767821468146,60.5662646797472,60.0456668414095,59.9525270841306,60.5198745550902,15.562134793452
75.099389560532,-176335.188,-231399.672,-169152.864,-240976.104,-171546.972,75.1675683523074,75.0757341115568,76.1405344710889,75.1701511479513,75.2348900466478,3.00046954103497,3.56123565283551,2.57454383975043,3.804276038753,2.66498960682726,61.124749280222,59.5494844943119,60.4411147057752,60.034312325002,59.8536243349029,60.4596389888006,15.6055146792012
75.2898969093576,-176335.188,-231399.672,-169152.864,-240976.104,-171546.972,75.1681194230313,75.0723574472487,75.8343560104536,75.1707120249453,75.1065287168843,2.99883521627548,3.55720739255133,2.60711355322139,3.80186684367103,2.67469158806575,61.1176472038914,59.5285255617261,60.3310633385628,60.0252818117782,59.7810558868403,60.4019269590302,15.639714593785
75.2955471020702,-176335.188,-231399.672,-169152.864,-240976.104,-171546.972,75.2074640089727,75.0734968928375,75.5806199877333,75.2133674792303,75.0224032998746,2.99157060125157,3.55431858581614,2.63522348185415,3.79279058683186,2.68131798347823,61.1228721633284,59.5170316079283,60.2427009373135,60.0316938164428,59.7348046210806,60.3465964666261,15.655221239232
75.3327160296022,-176335.188,-231399.672,-169152.864,-240976.104,-171546.972,75.2814869283537,75.092055587603,75.3772143111942,75.2894788348211,74.9698039593633,2.97936146683433,3.55033980441803,2.6590455252169,3.77862876897835,2.68628571793921,61.1391777909441,59.5181565419538,60.1767056846458,60.0509061988164,59.7104765587416,60.2949970250365,15.6536612833868
75.2705755751447,-176335.188,-231399.672,-169152.864,-240976.104,-171546.972,75.3304438074927,75.1314710305872,75.2190577769524,75.3368154496764,74.9421110429561,2.97138191472517,3.54334316835191,2.67794913392316,3.76993051069128,2.68893484944511,61.1501559463967,59.5268199808065,60.1258493465027,60.0630832688635,59.6978170913538,60.2493178865579,15.6515395771366
75.2943831126431,-176335.188,-231399.672,-169152.864,-240976.104,-171546.972,75.351785258714,75.1759985596016,75.1004272571905,75.3561661397296,74.9359014517706,2.96788155371978,3.53563705241261,2.69223583880885,3.76633101080882,2.68931454768048,61.1547729678267,59.5373363122914,60.0873129297595,60.0678367827706,59.6937598075352,60.2087312905802,15.6514000034305
75.3550688699654,-176335.188,-231399.672,-169152.864,-240976.104,-171546.972,75.3587674626059,75.2121612094795,75.0160019204496,75.3619716195615,74.9463120474922,2.96671691573507,3.52945641376346,2.70248168456645,3.7652179970291,2.68797524521363,61.1561818796745,59.5461131811946,60.0598064075358,60.0691229701587,59.6965758995721,60.1713858271718,15.6518482563077
75.3023605189819,-156563.755,-170287.97,-154773.64,-172674.79,-155370.345,75.3700095906755,75.2306116795121,74.9614454400216,75.3719935948801,74.9652293317475,2.75184315740791,2.9006310160456,2.66567794406189,2.97542483765351,2.64414819954616,61.7752325609418,61.2026032087784,61.0876957215197,61.5049305452495,60.9245902812124,60.176241173634,13.9377251547151
75.3125732158678,-156563.755,-170287.97,-154773.64,-172674.79,-155370.345,75.3779400022124,75.2449141085648,74.9281118204033,75.3792327944449,74.9871912334742,2.75061700236749,2.89840977615072,2.67052470072414,2.97426567244301,2.64133749312725,61.7771027669452,61.2061550626996,61.0795416813527,61.5067653126522,60.9316112242742,60.303815200665,13.9351546448126
75.3290569353793,-156563.755,-170287.97,-154773.64,-172674.79,-155370.345,75.3726942144185,75.2555684350127,74.9100706066036,75.3735380745542,75.0085063990724,2.75147521307467,2.89671376667701,2.67312987187385,2.97524229056461,2.63853411590099,61.7760992067703,61.2085897753855,61.0749969668329,61.5056242061519,60.9379926838187,60.460672679935,13.9350952580911
75.2911368347752,-156563.755,-170287.97,-154773.64,-172674.79,-155370.345,75.3673714994426,75.2605629648849,74.9032971554358,75.368129492973,75.0272591237094,2.75235413134874,2.89595208424671,2.67415377978798,2.97618004256265,2.63609818502842,61.775118337083,61.2098897217381,61.0735208330817,61.5045852069726,60.9437433135615,60.5910046213876,13.9347382229745
75.3357620102843,-156563.755,-170287.97,-154773.64,-172674.79,-155370.345,75.3645098651619,75.2613140953796,74.9041491124098,75.3652986889289,75.0422673019231,2.7528479271381,2.89589971135005,2.6741176256854,2.97669626097299,2.63419087914809,61.7746948314447,61.2103867431368,61.0741858113129,61.5041586175898,60.9485542153618,60.6929292852477,13.9337524042946
75.2894981070729,-156563.755,-170287.97,-154773.64,-172674.79,-155370.345,75.3624264390855,75.2601301320154,74.9094051426196,75.3632315769622,75.0531429643129,2.75321542792714,2.89615881725751,2.67345143493647,2.97708247359482,2.63283148829565,61.7744253817455,61.2104598511254,61.0759955871832,61.5038896913622,60.9521529727419,60.774877195478,13.9327396420116
75.3133437189072,-156563.755,-170287.97,-154773.64,-172674.79,-155370.345,75.3605329076256,75.2582837884738,74.9165051013275,75.3613470617309,75.0602606716827,2.75354604426731,2.89651235379831,2.67250702994048,2.97743033639877,2.6319553259447,61.774163352032,61.2103283533099,61.0782071242894,61.5036244078123,60.9545765439995,60.8431966622969,13.9319510903496
75.3172601926295,-156563.755,-170287.97,-154773.64,-172674.79,-155370.345,75.3592133841593,75.2563237553106,74.9236841920344,75.3600418991091,75.0643909801835,2.75377860635585,2.89687262655168,2.67153713451937,2.97767382127491,2.63146097399492,61.7739912245373,61.2101154095899,61.0803622526975,61.5034523934418,60.9560569281728,60.9013921017497,13.9313231626968
75.2673094689038,-156563.755,-170287.97,-154773.64,-172674.79,-155370.345,75.3583629400094,75.2545748711054,74.9299265368733,75.3592022103409,75.066371685012,2.75392981583353,2.89718652723366,2.67068589171276,2.97783197327911,2.63123652002655,61.7738867014835,61.2098883861061,61.0821922373045,61.5033486251089,60.9568341412053,60.9511465174451,13.9308707280856
75.2762096964494,-156563.755,-170287.97,-154773.64,-172674.79,-155370.345,75.3578049572845,75.2531493840744,74.9347992317166,75.3586557890389,75.0669465780717,2.75402839026192,2.8974363526371,2.67001555211424,2.97793418666466,2.63118395948754,61.773814945402,61.2096738728605,61.0835882914803,61.5032777864141,60.9571271820989,60.9932395299608,13.9305984411655
75.3450439791828,-156563.755,-170287.97,-154773.64,-172674.79,-155370.345,75.3577778542481,75.2521011928864,74.9382575256732,75.358640037146,75.0666977951203,2.75403883421342,2.89761936657387,2.66953939551943,2.97794386008293,2.6312334205306,61.773839355994,61.2095126690279,61.0845759924028,61.5033070417049,60.9571436307987,61.0281650451397,13.9303748769203
75.3150555320137,-156563.755,-170287.97,-154773.64,-172674.79,-155370.345,75.3580608723867,75.2514639258371,74.9404740381412,75.3589323263557,75.0660493150424,2.75399742245429,2.89773165764464,2.66923472245281,2.97789936739014,2.63133058452604,61.7739181129432,61.2094195715181,61.0852112113259,61.5033923188575,60.9570161573417,61.0564808897034,13.9301937544679
75.2844701884751,-153730.8183,-161531.6202,-152713.3224,-162888.2814,-153052.4877,75.3592831691732,75.250412720537,74.9414007757443,75.3599522487058,75.0650078602875,2.72074353908312,2.79232251161407,2.65759832356164,2.85020576174623,2.61865640018956,61.8579122071753,61.4275972867401,61.2107183611782,61.7041202516572,61.0991887302565,61.0828248733458,13.6395265361946
75.2718047355989,-153730.8183,-161531.6202,-152713.3224,-162888.2814,-153052.4877,75.360295030321,75.2501648781608,74.9416350039563,75.3608590932986,75.0640092678302,2.72058235539327,2.79236550335953,2.6575681547169,2.8500576652817,2.61879545422379,61.8581241657635,61.4275622628369,61.2107967180063,61.704317503436,61.0989317014399,61.1193839108546,13.6393691329752
75.3140144202021,-153730.8183,-161531.6202,-152713.3224,-162888.2814,-153052.4877,75.3590743779064,75.2503292829136,74.9414696850585,75.3595793675345,75.0632122475707,2.72077065534795,2.79232351822061,2.6575731056953,2.85026048412391,2.61888327963851,61.8578379758539,61.4275188321126,61.2106569792454,61.7040095498903,61.0986030062633,61.1555589395278,13.6398110430263
75.3150415885405,-153730.8183,-161531.6202,-152713.3224,-162888.2814,-153052.4877,75.3576831519589,75.2501619891387,74.9411008867392,75.3581723428002,75.0626663655153,2.72098472480894,2.79233109424438,2.65760333243848,2.85048254032127,2.61893303841685,61.8575089397721,61.4273890417486,61.2104443508647,61.7036663113267,61.0983224467211,61.1847964358159,13.6403347302299
75.3065278855027,-153730.8183,-161531.6202,-152713.3224,-162888.2814,-153052.4877,75.3562294647563,75.2495367455643,74.9406681627116,75.3567146220533,75.0622617674865,2.72120727559306,2.79240869155206,2.6576390075126,2.85071133844018,2.61895994357546,61.8571593486755,61.4271479145712,61.2101959416324,61.7033045013627,61.0980613075066,61.207417725229,13.6409262566734
75.2864740551329,-153730.8183,-161531.6202,-152713.3224,-162888.2814,-153052.4877,75.355556970076,75.2486307877886,74.9402401001106,75.3560495198694,75.0618458230272,2.7213069115825,2.79253657308157,2.65768036492164,2.85081210250026,2.6189952698222,61.8569810993159,61.4268749398125,61.2099815453411,61.7031219890474,61.0978337187868,61.2251212308864,13.6413312219082
75.3235721364328,-153730.8183,-161531.6202,-152713.3224,-162888.2814,-153052.4877,75.3549274680045,75.2477106019381,74.9398201540375,75.3554243716225,75.0613266579711,2.72139952176698,2.79266652748586,2.65772026334053,2.85090613771164,2.61904426782696,61.8568109585369,61.4265979378258,61.2097677216409,61.702947173384,61.0975757973987,61.2392635543264,13.641736718132
75.3580216379371,-153730.8183,-161531.6202,-152713.3224,-162888.2814,-153052.4877,75.3548639568878,75.2469293181092,74.9393793002924,75.3553668251291,75.0606976762356,2.72140383539829,2.79277974421663,2.65776960026105,2.85090928706403,2.61911486762703,61.8567688429578,61.4263769492349,61.2095817426998,61.7029047085566,61.0973232168786,61.2507231580419,13.6419773345671
75.3672020278602,-153730.8183,-161531.6202,-152713.3224,-162888.2814,-153052.4877,75.354278454023,75.246357821555,74.9388901242824,75.3547760151888,75.0600113403312,2.72149005167605,2.79285531944491,2.65782104639399,2.85099833629015,2.6191879797736,61.8566109571319,61.4261794396154,61.2093583276187,61.7027403250967,61.0970266553196,61.2600533357073,13.6423527335787
75.2918652491661,-153730.8183,-161531.6202,-152713.3224,-162888.2814,-153052.4877,75.3543698667854,75.2458685170067,74.9383464945639,75.3548766053851,75.0593325377975,2.72147071318804,2.79292435414677,2.6578881462633,2.85097666781336,2.61926830952964,61.8566064568722,61.4260317382661,61.2091613075913,61.702737154774,61.0967760804512,61.2676029339146,13.6425281909411
75.3212283271018,-153730.8183,-161531.6202,-152713.3224,-162888.2814,-153052.4877,75.3546244758192,75.2455877463279,74.9377634675399,75.3551326434582,75.0587022558194,2.72142657238912,2.79296292038557,2.65796435894085,2.85093086346733,2.61934560230626,61.8566421358541,61.4259417968754,61.2089719419646,61.7027738513936,61.0965578115944,61.2736312515402,13.6426303174891
75.306579748057,-153730.8183,-161531.6202,-152713.3224,-162888.2814,-153052.4877,75.3543199963496,75.2454584511411,74.9371670884031,75.3548241606501,75.0581633733872,2.72147046045144,2.79297345828917,2.65803804812312,2.85097631235758,2.61940572621848,61.8565553329306,61.4258646432857,61.2087561681475,61.7026830079092,61.0963394059553,61.2783727652904,13.6428640054398
75.3296889905252,-153057.4071,-159450.1674,-152223.5688,-160561.9518,-152501.5149,75.3555181040093,75.245214736118,74.9365172280162,75.3559816269283,75.0576631856601,2.71332178023964,2.76730417862034,2.65521757106372,2.81988367370284,2.61621209899431,61.8765207366619,61.4771589086108,61.2375974058204,61.7504353643058,61.1291183749374,61.2829964176539,13.5719393026209
75.3014931797865,-153057.4071,-159450.1674,-152223.5688,-160561.9518,-152501.5149,75.3556513641797,75.2453601041328,74.9359144516675,75.3560788577416,75.0572763149868,2.71329852562694,2.76727744331093,2.65530027036147,2.81986573214082,2.61625998430314,61.8765384736561,61.4771712602439,61.2374212821791,61.7504460290287,61.1289864378998,61.2902545435057,13.5720019557433
75.3507944481206,-153057.4071,-159450.1674,-152223.5688,-160561.9518,-152501.5149,75.3550237209774,75.2455293832631,74.9353888805494,75.3554363600009,75.057037238571,2.71339490937207,2.76724152104174,2.65536545562013,2.81996654797967,2.61628103424982,61.8763896282054,61.4771618109972,61.2372319886225,61.7502899424788,61.1288594250412,61.29768005453,13.5722494682634
75.2827136567449,-153057.4071,-159450.1674,-152223.5688,-160561.9518,-152501.5149,75.355032593005,75.2455052758324,74.9349600053908,75.3554476932602,75.0569212359062,2.71339188759864,2.76724218703752,2.6554235861007,2.81996296843408,2.61629277150038,61.8763834897296,61.4771410172173,61.2371029829263,61.750284005922,61.1288059071696,61.3036799420138,13.5723134006713
75.3120655738555,-153057.4071,-159450.1674,-152223.5688,-160561.9518,-152501.5149,75.3554390744648,75.2454778000176,74.934633784569,75.3558576147764,75.0568620640706,2.71332719496831,2.76724784272188,2.65547222544047,2.81989624706586,2.61630243185985,61.8764686058687,61.477141681102,61.2370276608771,61.7503720166102,61.1287981631044,61.3083003960182,13.5722459420564
75.3232447132291,-153057.4071,-159450.1674,-152223.5688,-160561.9518,-152501.5149,75.3549750529878,75.245536666916,74.9343978852981,75.3553837666978,75.0568292920485,2.71339907194699,2.76723306968877,2.65549986604133,2.81997127495613,2.61630004321671,61.8763616375369,61.4771270449451,61.2369343374233,61.7502601548005,61.1287526749666,61.3119290529293,13.5724033258499
75.2861278128032,-153057.4071,-159450.1674,-152223.5688,-160561.9518,-152501.5149,75.3539956274649,75.2454183314691,74.9342331290018,75.3543991941939,75.0568165111033,2.71355116913538,2.76724131226157,2.65551097072184,2.82012749303561,2.61628840968631,61.876137701436,61.4770497204205,61.2368268604823,61.7500292242106,61.1286779617427,61.3148454999528,13.5727193548407
75.2694025280617,-153057.4071,-159450.1674,-152223.5688,-160561.9518,-152501.5149,75.3538702674921,75.2450501395036,74.9341208489448,75.3542823609675,75.0567804101356,2.71356914574915,2.76729570630883,2.65552201962147,2.82014441230869,2.61628804143754,61.8761016283887,61.4769521599208,61.2367715715804,61.7499940095176,61.1286399003564,61.3172030662338,13.5728193254257
75.2999224928261,-153057.4071,-159450.1674,-152223.5688,-160561.9518,-152501.5149,75.3549264961743,75.2447742346289,74.9340362966452,75.3553516265908,75.0566731466403,2.71340272540747,2.76734642261155,2.65554222212238,2.81997218238481,2.61631122087196,61.8763312289997,61.4769285787231,61.2367912242559,61.7502323926374,61.1286560344206,61.3191192080922,13.5725747733982
75.2873347568952,-153057.4071,-159450.1674,-152223.5688,-160561.9518,-152501.5149,75.3552385354783,75.2448717203739,74.9339507766692,75.3556571886905,75.0565222569438,2.71335362115464,2.76733300310361,2.65555706303145,2.81992304579411,2.61633431108754,61.8763993427257,61.4769593006511,61.236782253028,61.7503008882764,61.1286280651461,61.3206996330738,13.5725010441713
75.314744930927,-153057.4071,-159450.1674,-152223.5688,-160561.9518,-152501.5149,75.3545897542592,75.2450673434509,74.9338510053425,75.3549974884453,75.0564100475257,2.71345499298445,2.76729602724788,2.65556453203246,2.82002838986261,2.61634211305652,61.8762541167881,61.4769709606326,61.2367210061522,61.7501494253211,61.1285573889044,61.3219977623784,13.5726860551839
75.2881242174334,-153057.4071,-159450.1674,-152223.5688,-160561.9518,-152501.5149,75.3542083614254,75.2450506753768,74.9337483997488,75.3546174044184,75.0563646921506,2.71351410646554,2.76729431760599,2.65557412354512,2.82008854125475,2.61634275275391,61.8761663473914,61.4769457865915,61.2366678724203,61.7500595274137,61.1285154388976,61.3230196675162,13.5728138416253
75.3261685967502,-153011.3105,-159307.687,-152190.044,-160402.709,-152463.7995,75.3538059287425,75.2448531187284,74.9336557207978,75.3542110777623,75.0563369457412,2.71302987806866,2.76555161724531,2.65537867551075,2.81802856539302,2.61611304315907,61.8774182527583,61.4803828807664,61.2385838099736,61.7532109317028,61.1307095698712,61.3238570900592,13.5681017793768
75.3087947122086,-153011.3105,-159307.687,-152190.044,-160402.709,-152463.7995,75.3538791712743,75.2445835653733,74.9335814455363,75.3542882046434,75.0562806817262,2.71301719265604,2.76559279969264,2.65538724388919,2.8180149369625,2.61611854686983,61.8774284829589,61.4803182941623,61.2385537258406,61.7532222816843,61.1306826021683,61.3247312724444,13.5681307200702
75.2999030221075,-153011.3105,-159307.687,-152190.044,-160402.709,-152463.7995,75.3538430551353,75.2443917696274,74.9335142303857,75.3542509836581,75.0561760944095,2.71302172373683,2.76562087624745,2.65539392523227,2.81801971175889,2.61612966282599,61.8774148741541,61.4802662330964,61.2385209692981,61.7532081060739,61.1306371848308,61.3255113350975,13.5681858998014
75.3313456139013,-153011.3105,-159307.687,-152190.044,-160402.709,-152463.7995,75.354500627796,75.2443160013802,74.9334385719847,75.3549155053765,75.0560416305215,2.71291817623239,2.76563726157643,2.65540995630895,2.81791275771009,2.61615338146269,61.877558074314,61.4802720119588,61.238527989463,61.7533563993888,61.1306289730198,61.3261213901666,13.5680315332905
75.3204614428593,-153011.3105,-159307.687,-152190.044,-160402.709,-152463.7995,75.3549031517335,75.2444654903424,74.9333473691154,75.3553159151999,75.0559173401988,2.71285517338797,2.76561682084705,2.65542714935098,2.81784872270598,2.61617445005191,61.877647612242,61.480319770596,61.2385254567624,61.7534477167171,61.1306168269002,61.3265902116842,13.5679223163439
77.7117375852775,-153011.3105,-159307.687,-152190.044,-160402.709,-152463.7995,75.4024082485417,75.2451928755038,74.9332491299731,75.403579253548,75.0558573421619,2.70545229993108,2.76593293185929,2.65595803460084,2.81016200107996,2.61672889599374,61.8882751720457,61.4826202228357,61.2411646023445,61.7645054511194,61.1335073929704,61.3269600444499,13.5542341634649
77.7207418586632,-153011.3105,-159307.687,-152190.044,-160402.709,-152463.7995,75.9839424671088,75.2895142485862,74.9332411747448,75.9911697425957,75.056891001012,2.61724199112701,2.76414828679494,2.66229629317046,2.71905025526677,2.62326539285418,62.0143353244245,61.5180559266959,61.2737540602275,61.8950687767275,61.1692319363115,61.3281357256089,13.3860022192133
77.7209287532775,-153011.3105,-159307.687,-152190.044,-160402.709,-152463.7995,76.7846261775081,75.5181199962321,74.9341221418205,76.7948138669358,75.0727075642878,2.50298844810404,2.73549405673731,2.67143545790922,2.60171891879773,2.63074662916068,62.1773504463412,61.6024060017651,61.3213650737346,62.0630122673911,61.2245417970625,61.3382678932659,13.142383510709
77.7439412730837,-153011.3105,-159307.687,-152190.044,-160402.709,-152463.7995,77.3253785200786,75.9412604250894,74.9410552082655,77.3337960985829,75.1419578389075,2.4307019721875,2.6761772424937,2.67839256765705,2.52793153536019,2.62927613726893,62.283698037762,61.7171080323839,61.3636572006986,62.1719903323326,61.2860471204434,61.3655098572082,12.9424794549674
77.741178349368,-153011.3105,-159307.687,-152190.044,-160402.709,-152463.7995,77.5939022392162,76.422013627496,74.9684381820223,77.5993263724967,75.300137961498,2.39674728227107,2.60898323177424,2.6806732382953,2.4935549969215,2.61357869251558,62.3391264504494,61.8315201112791,61.4025915909194,62.2284975851512,61.3610070998512,61.4045134502818,12.7935374417777
77.7722297551994,-153011.3105,-159307.687,-152190.044,-160402.709,-152463.7995,77.7068514715147,76.839616831426,75.0364739617785,77.7099525681852,75.546455304818,2.38346276774197,2.55242613254072,2.67574028082121,2.48028678173491,2.58455041584271,62.3670513671402,61.9258246390428,61.4456175650478,62.2568980215248,61.4507676413572,61.4456374957185,12.6764663786815
77.7468046693046,-153011.3105,-159307.687,-152190.044,-160402.709,-152463.7995,77.7489565495856,77.1479785903986,75.1598716107814,77.750699687188,75.8470952508106,2.37931821378693,2.5122437041821,2.66180403758137,2.47627502715874,2.54767121435085,62.3824359213131,61.9956456922199,61.4978584053944,62.2726100125175,61.5473633203429,61.4840087023404,12.57731219706
77.6898849184313,-152933.1467,-159066.0898,-152133.1976,-160132.6886,-152399.8473,77.7631680169364,77.3526736709558,75.3391123128411,77.7642397729078,76.1589585356402,2.37774771455579,2.4837270692019,2.63865403918034,2.4723510292983,2.50875709243771,62.394352790216,62.0496139751344,61.5623844801519,62.2876810348932,61.643510136258,61.5192653480325,12.481236944674
77.7781216160929,-152933.1467,-159066.0898,-152133.1976,-160132.6886,-152399.8473,77.7669343975444,77.4790935915132,75.5608101907476,77.7677052088957,76.4482228344208,2.3783250603965,2.46875579906302,2.6094766641831,2.47304360853,2.47350872783085,62.4018499987481,62.0832315858219,61.6300404538995,62.2954807022401,61.7259242178322,61.5527493783106,12.4031098600035
77.7244905186172,-152933.1467,-159066.0898,-152133.1976,-160132.6886,-152399.8473,77.7674199581118,77.5530265799674,75.8042764153125,77.7680674082539,76.6958793171485,2.37918929410004,2.46062992661038,2.57709002142097,2.47400074199289,2.4437672348652,62.4079168822593,62.1063219792139,61.6984367899006,62.3018287461331,61.7944052314332,61.5852474036562,12.3346772189895
77.7485519234413,-152933.1467,-159066.0898,-152133.1976,-160132.6886,-152399.8473,77.7666021963379,77.5944006093191,76.048871189402,77.7671903825227,76.8956837981295,2.38007957965719,2.45659333367208,2.54460191628586,2.4749681443881,2.42013482990391,62.4128444509653,62.122314494313,61.7629358099799,62.3069970815757,61.8486981211746,61.6170646628241,12.2763778039071
77.7881091652931,-152933.1467,-159066.0898,-152133.1976,-160132.6886,-152399.8473,77.7656771246816,77.6165460523268,76.2785320988292,77.766241849364,77.0496541068201,2.38084518038564,2.45485758121689,2.51431300541151,2.47579450143505,2.40218870514935,62.4168566378133,62.1335201126782,61.8204998394511,62.3112087665506,61.8902563277019,61.6482689042156,12.2279989735984
77.7054360990662,-152933.1467,-159066.0898,-152133.1976,-160132.6886,-152399.8473,77.7652134929927,77.6278579511484,76.4831847833146,77.7657677765661,77.1640006614376,2.3814240533395,2.45432535400101,2.48756982863801,2.47641973721158,2.3890457452887,62.4201239741732,62.1414744746614,61.869718208864,62.314636713861,61.9212058369027,61.6787852707342,12.1887847184788
77.7708528125351,-152933.1467,-159066.0898,-152133.1976,-160132.6886,-152399.8473,77.76433555117,77.6333123077588,76.6581679427112,77.764876302839,77.2463427489823,2.38194569272888,2.45436176918574,2.46491275343892,2.47697997516091,2.37970431704307,62.4226065636803,62.1471586016025,61.9103767717268,62.3172399433888,61.9437129806283,61.7084765744728,12.1579045075575
77.7704917867873,-152933.1467,-159066.0898,-152133.1976,-160132.6886,-152399.8473,77.7702997262043,77.6358316479594,76.8028595491489,77.7709351759394,77.3040864197781,2.38148827880852,2.45464209398599,2.44637025724126,2.47651486140983,2.37327405453999,62.4256240433797,62.1514464900386,61.9432860913653,62.3203975990547,61.9599949726897,61.7371659487233,12.1322895459856
77.8084944375361,-152933.1467,-159066.0898,-152133.1976,-160132.6886,-152399.8473,77.7863946873505,77.6389889275916,76.9192332804773,77.7871615834401,77.3437148775242,2.37964734608218,2.45474165112425,2.43162644253149,2.47461997272476,2.3689882932261,62.4298481213524,62.1552317710222,61.9695609514626,62.32479307932,61.971864275311,61.7647040509451,12.1096237056888
77.8123272613888,-152933.1467,-159066.0898,-152133.1976,-160132.6886,-152399.8473,77.8018724638571,77.6455889053692,77.0106854422828,77.8026522660883,77.3708240762335,2.37783510932089,2.45427843897159,2.42013681266966,2.47276726836005,2.36613341189412,62.4336221013661,62.1589093972157,61.9900393564471,62.3286986856115,61.9804264178391,61.7910605432393,12.0911510412163
77.7976524738004,-152933.1467,-159066.0898,-152133.1976,-160132.6886,-152399.8473,77.8121013819655,77.6550774741129,77.0812538265174,77.8128185198773,77.390105727354,2.37666281523331,2.45333318080206,2.41132171560751,2.47157938555801,2.36413264657332,62.436270596656,62.1624310184455,62.0056965887081,62.3314278959272,61.9866831763197,61.8161484066525,12.0770297437742
77.7599216710275,-152933.1467,-159066.0898,-152133.1976,-160132.6886,-152399.8473,77.8168525618538,77.6651803287839,77.1351063686946,77.8174875488188,77.4049862880262,2.37616712187885,2.45222527350073,2.4046194245023,2.47108711362939,2.36257971535068,62.4378142171647,62.1655343464781,62.017529686082,62.333012835288,61.9914390179573,61.8397297924411,12.066678648862
77.8292689995486,-153619.5852,-161187.8088,-152632.4256,-162504.0216,-152961.4788,77.8179906083688,77.6741304577607,77.1763312258466,77.8186289278642,77.4176308505269,2.3843026244358,2.47722700147879,2.4041514797876,2.5010865731524,2.36647968935461,62.4226341460614,62.1262596227355,62.0061937807973,62.2933316010987,61.9727760471879,61.8611274472266,12.1332473682092
77.7900605007359,-153619.5852,-161187.8088,-152632.4256,-162504.0216,-152961.4788,77.8182445959486,77.6805835277289,77.2080274176561,77.818891896963,77.4287133606406,2.38434401958292,2.47650367017968,2.40023313275866,2.50113246499473,2.36528005405534,62.4231554159798,62.1281715075867,62.0131249353379,62.2938794349566,61.9760251538184,61.8781226931955,12.1274933415713
77.7998138791315,-153619.5852,-161187.8088,-152632.4256,-162504.0216,-152961.4788,77.8185182726824,77.6847625931156,77.2327863677743,77.8191728847028,77.4383756582321,2.38436654305113,2.47605438241723,2.39717888779838,2.50115824391775,2.36421985180353,62.4235745195158,62.1295285394806,62.0185240643912,62.2943204358032,61.9787579034574,61.8921101848769,12.122977908988
77.8117245276414,-153619.5852,-161187.8088,-152632.4256,-162504.0216,-152961.4788,77.8189678774497,77.6873584656483,77.252466557583,77.819627004476,77.4465400018123,2.38435388352298,2.47579446163228,2.39475497726429,2.50114739066802,2.36331787202696,62.4239423861129,62.1304913488863,62.0228047619697,62.2947071884546,61.9810219562924,61.9045281087345,12.1193685851145
77.8027324476609,-153619.5852,-161187.8088,-152632.4256,-162504.0216,-152961.4788,77.818943654411,77.6889659992613,77.2683176774311,77.819597001114,77.4531836487672,2.38439289286059,2.47564689810886,2.39280179426503,2.50119073764382,2.36257987914106,62.4241700300164,62.1311715991589,62.0262242978166,62.2949462402725,61.9828346799015,61.9157470275202,12.1166122020194
77.8333059796623,-153619.5852,-161187.8088,-152632.4256,-162504.0216,-152961.4788,77.8186478127504,77.689883891156,77.2811622736986,77.8192963112997,77.4584017055267,2.38445933353064,2.47557609115283,2.39121753325039,2.50126181601364,2.36199917794606,62.4243031489426,62.1316445036958,62.0289705011161,62.2950867145382,61.9842493271522,61.925754936691,12.1145139518936
77.7577138031512,-153619.5852,-161187.8088,-152632.4256,-162504.0216,-152961.4788,77.8185015017676,77.6903172808633,77.2915594512771,77.819151050832,77.4623631146683,2.38450018866889,2.4755589968807,2.38993474927662,2.50130527747523,2.36156005329164,62.4244205989284,62.1319704603836,62.0311811509339,62.2952111951714,61.9853333663933,61.9345184640262,12.1128592655931
66.7883465028656,-153619.5852,-161187.8088,-152632.4256,-162504.0216,-152961.4788,77.818622543901,77.6904893377215,77.2999178884322,77.8192757834747,77.4652682608156,2.38450148355807,2.47556858276718,2.38890382227653,2.50130720505367,2.36124111461087,62.4245500007248,62.1322027622084,62.0329540002246,62.2953478910034,61.9861479918312,61.9420681984773,12.1115222082663
66.783830432833,-153619.5852,-161187.8088,-152632.4256,-162504.0216,-152961.4788,77.2523640200187,77.6799727388659,77.3065450682757,77.2414748661146,77.46725332402,2.45952857236433,2.47453606113802,2.38529781366377,2.58039078028651,2.35814050639083,62.327882463003,62.1151943333672,62.0165011256799,62.1933228633933,61.9677802866508,61.9485047059547,12.2578937338435
66.7911908290085,-153619.5852,-161187.8088,-152632.4256,-162504.0216,-152961.4788,74.2988160393806,77.4060635981433,77.3113429805612,74.2486732747395,77.4614176965437,2.9149446019312,2.49385883868192,2.36528677502967,3.05592146517714,2.33874432474694,61.7060591160123,61.9618833379706,61.8919406602488,61.5421580286348,61.8334010679678,61.9483067137991,13.1687560055669
66.7939717638666,-153619.5852,-161187.8088,-152632.4256,-162504.0216,-152961.4788,70.6332209717363,76.3343125452418,77.311013623888,70.5738329375966,77.3888653468755,3.64084685240112,2.60068788954485,2.32294064914545,3.79859944463473,2.30289753697255,60.5511740454845,61.5245364076026,61.6105227824566,60.3516146557988,61.5175837938186,61.8839428632218,14.6659723726987
66.7607378348406,-153619.5852,-161187.8088,-152632.4256,-162504.0216,-152961.4788,68.2400460665449,74.4119625046861,77.2879650010964,68.2073141599136,77.1123402136635,4.17943355949762,2.8288956351279,2.2741840113682,4.33331649051914,2.27816708113925,59.4572317701463,60.7968948543423,61.2508685283467,59.2464840951979,61.0687692658931,61.6112106633047,15.8939967776521
66.7433728438417,-153283.8817,-160150.1798,-152388.2776,-161344.3186,-152686.8123,67.2329904084296,72.1561210382316,77.196432237618,67.2228649946042,76.4923763071248,4.37955710458389,3.13417707088614,2.23927413010052,4.51322499066044,2.29265529587874,58.8698221582006,59.9463241573827,60.9353728753547,58.6806355844857,60.5788178755888,61.0956998638194,16.5588885921097
66.8272359730428,-153283.8817,-160150.1798,-152388.2776,-161344.3186,-152686.8123,66.9162331102905,70.1416041411289,76.9597518143847,66.9140710774901,75.474935503356,4.40499678632401,3.4483949653922,2.22588408374366,4.5354096275876,2.34921704072,58.6013637235897,59.0443644663861,60.6008722914659,58.4136253812085,59.9445254212143,60.5434844863203,16.9639025037675
66.7851129181172,-153283.8817,-160150.1798,-152388.2776,-161344.3186,-152686.8123,66.8347380066838,68.6722197913297,76.4915308153388,66.8343537004655,74.1270227908342,4.37787417086341,3.67867417178108,2.23766670527123,4.50684712010183,2.43248407190806,58.4683548038753,58.2696498334674,60.2187903432355,58.2800357432968,59.1282384470098,60.118381926551,17.2335462399256
66.794582740841,-153283.8817,-160150.1798,-152388.2776,-161344.3186,-152686.8123,66.8192625545104,67.7521657110827,75.7442558035816,66.8191366113053,72.6147399735817,4.34438925562171,3.80671550583951,2.27839045841189,4.47231381356153,2.52091490534546,58.3883944227644,57.6994929107563,59.7623728811408,58.1987658464462,58.1420959597064,59.8119766192731,17.4227239387801
66.7850990494887,-153283.8817,-160150.1798,-152388.2776,-161344.3186,-152686.8123,66.8197882210441,67.2380118081791,74.748217185149,66.8196805455447,71.1375620721134,4.31630549052735,3.85842526371743,2.34500504992951,4.44333273931084,2.5939161887035,58.3340651860311,57.3200626945906,59.2203318362285,58.1430845056809,57.0722255846718,59.5557137797172,17.5569847321886
66.763037625345,-153283.8817,-160150.1798,-152388.2776,-161344.3186,-152686.8123,66.8237315517639,66.9743352031299,73.6010534213437,66.8236259603279,69.8524832588088,4.29474944851239,3.86705055483889,2.42759844796595,4.42106726215366,2.64227384009713,58.2954173005548,57.0785076514965,58.6014683011377,58.1033326547426,56.0445639354295,59.3095833958831,17.652739553568
66.7172753178341,-153283.8817,-160150.1798,-152388.2776,-161344.3186,-152686.8123,66.8253247841708,66.8480882834881,72.4222654745132,66.8252324247357,68.8336639243552,4.27918288316333,3.85618096321915,2.51350044267221,4.40498236767416,2.66833389250195,58.2659867219367,56.9243669153425,57.9353097772893,58.0730967674805,55.16059845198,59.0667142907068,17.7221805492308
66.7516139567522,-153283.8817,-160150.1798,-152388.2776,-161344.3186,-152686.8123,66.8256884164713,66.7905917299902,71.3114969565471,66.8256016828057,68.0815214403286,4.2679346969161,3.83936972528417,2.59248557352026,4.39337844233852,2.67941446921097,58.2437921298232,56.8234179066092,57.2659146281945,58.0503496175226,54.4650002064633,58.8309906854324,17.77258290727
66.7735725049653,-153283.8817,-160150.1798,-152388.2776,-161344.3186,-152686.8123,66.8267867893867,66.7654463800476,70.3298927930163,66.8266993699243,67.5551473155581,4.2595440368218,3.82298218927145,2.65920953845535,4.38475194768305,2.68222414141831,58.2279854598319,56.7555474243252,56.6367373528864,58.0341830064677,53.9528896030297,58.6043963331894,17.80871185365
73.1380220712554,-153283.8817,-160150.1798,-152388.2776,-161344.3186,-152686.8123,67.1096636156124,66.7590773871027,69.5013783529119,67.1082149280721,67.2010316548326,4.19135051029706,3.82625121492243,2.72942433660382,4.31687195352095,2.70159138492587,58.3709592678997,56.7577305662537,56.1604811279486,58.1774419830334,53.6962861859548,58.3861239614405,17.7654894002701
73.1032869505853,-153283.8817,-160150.1798,-152388.2776,-161344.3186,-152686.8123,69.5707942178719,67.0508627637399,68.8150829115334,69.5638477130539,66.9728669967529,3.66442772781569,3.90460863123814,2.9264688875824,3.79002504271711,2.87746307108246,59.5755164698364,57.2502222800869,56.3724529172586,59.3916185548892,54.2935369365371,58.2111337761007,17.1629933604358
73.0992859679225,-153283.8817,-160150.1798,-152388.2776,-161344.3186,-152686.8123,71.7666162883322,68.2324227776995,68.2780407836966,71.7632108714141,66.9329199149864,3.24189333724075,3.77784169077712,3.1271901847441,3.36266499752892,3.04602005555254,60.4685971627878,58.1029180084665,56.6340513213401,60.2981962838676,54.9552233309372,58.2124297520733,16.5556102658434
73.1541231424573,-158859.5661,-177384.1134,-156443.3208,-180605.7738,-157248.7359,72.739533494594,69.8616908993685,67.9208789834893,72.7486665714442,67.2582685739949,3.13666139507472,3.67750762111448,3.20774228091647,3.43866956853264,3.05786945675674,60.6377251472319,58.3360342465166,56.2672256393499,60.1986088688102,54.9705074638351,58.3170875619564,16.518450322395
73.1216469870976,-158859.5661,-177384.1134,-156443.3208,-180605.7738,-157248.7359,73.0589357249842,71.2228355980856,67.8082048794694,73.065415496263,67.9986253727313,3.09059927662595,3.45903448140351,3.29304928648242,3.39233288346933,3.07661331106779,60.7767627040922,58.9692167321606,56.45644142042,60.343933558075,55.7857258004934,58.3659067617006,16.311629239049
73.0718762356789,-158859.5661,-177384.1134,-156443.3208,-180605.7738,-157248.7359,73.1468919564974,72.1059316653774,67.9974366112989,73.1500491503045,68.9814251584768,3.08334700221748,3.32539430599837,3.3257725558797,3.38626948208583,3.04612528134742,60.8358302996472,59.3598672053656,56.7573665430522,60.4057883247326,56.646289233253,58.3761588975067,16.1669086275288
73.1217345163258,-158859.5661,-177384.1134,-156443.3208,-180605.7738,-157248.7359,73.1666744721504,72.6016436044873,68.4703565839836,73.1682589729183,69.9761568903003,3.08707637304984,3.25889145407594,3.31350606442904,3.39132469130015,2.99331854264751,60.8704853058739,59.5954754713944,57.1886761427012,60.4429951206884,57.4234102128794,58.386827610514,16.0441171255025
73.1304453919505,-158859.5661,-177384.1134,-156443.3208,-180605.7738,-157248.7359,73.1698572891341,72.855435328713,69.1289905839993,73.1709164289748,70.8328736709904,3.09313830056724,3.23260668986075,3.26745571792845,3.39861395318715,2.93849292774576,60.8977661748111,59.7435122753591,57.6883101934354,60.4729454031964,58.0459212043374,58.4154839467747,15.9303075892894
73.1314913222551,-158859.5661,-177384.1134,-156443.3208,-180605.7738,-157248.7359,73.1712209033922,72.9776372656625,69.8461504396396,73.1721779660178,71.4988785791228,3.09883220298736,3.22679640514326,3.20258374554931,3.40537316934175,2.89230868532046,60.9216789575038,59.8421044159135,58.1737260694447,60.4994107363053,58.5077446861933,58.4674456555298,15.8258942083421
73.0948665809969,-158859.5661,-177384.1134,-156443.3208,-180605.7738,-157248.7359,73.1728762892953,73.0344542062412,70.5210996604064,73.1738115829685,71.9821824299078,3.10357062725154,3.22966940370147,3.13327236953278,3.41100033893684,2.85780592631506,60.9420365202712,59.9106062573973,58.5904686298477,60.5219507746439,58.8342044497759,58.5438518104046,15.7353186657377
73.1260367576705,-158859.5661,-177384.1134,-156443.3208,-180605.7738,-157248.7359,73.1732119756124,73.0604622541006,71.0991271709722,73.1741045514552,72.3160951337841,3.10753714429729,3.23516387441536,3.06944738449999,3.41568413518389,2.83397740320441,60.9579838733761,59.9589033147188,58.9204148894357,60.5395927531173,59.0575669083313,58.6434405205362,15.6618099416009
73.1429101168317,-158859.5661,-177384.1134,-156443.3208,-180605.7738,-157248.7359,73.1718750668582,73.0719407595047,71.5635377372706,73.1727177467873,72.5383841024685,3.11084283207563,3.24069473541762,3.0159098685646,3.4195449989845,2.81845580083897,60.9696272829559,59.9927421185536,59.1686326544699,60.5524710419795,59.2068394390765,58.762376187235,15.6054482358813
73.1103208522466,-158859.5661,-177384.1134,-156443.3208,-180605.7738,-157248.7359,73.1713045981048,73.0763561757787,71.9202108965439,73.1721659703206,72.681987147733,3.11319728591112,3.24542850242712,2.97375772352693,3.42228986660275,2.80888773725537,60.9782851497231,60.0162347934981,59.3496116633273,60.5620414082489,59.3050305352214,58.8947750320878,15.5635611157233
89.5843566035487,-158859.5661,-177384.1134,-156443.3208,-180605.7738,-157248.7359,73.2105238545859,73.0778716855503,72.1851310223348,73.2131983170657,72.7723684088469,3.10788584205984,3.24994950999068,2.94309324893638,3.41665219171282,2.80441733984202,60.9966662733161,60.0359182493774,59.4835570668885,60.5822663158363,59.3740881825531,59.033874252555,15.5219981325417
89.5705390383766,-158859.5661,-177384.1134,-156443.3208,-180605.7738,-157248.7359,76.4967780663337,73.2718976447421,72.3790478153971,76.5945990991977,72.8320704150278,2.59180998028339,3.27888710764949,2.99746793059721,2.86141169629966,2.88052324069937,61.8509223351921,60.3450450915304,59.9078830107442,61.5127073318633,59.7877842729176,59.1738727529975,14.6100999555291
89.5792480347262,-203778.6986,-316225.0684,-189111.7808,-335780.9588,-194000.7534,83.0100258555422,75.2124361827816,72.527171679291,83.5493080284507,72.968116055139,2.3102145361639,4.27592782647383,3.05711516464435,3.45588073474279,2.93629436609803,61.9329183897379,57.5410561497831,57.7459162284792,60.332534963671,57.180797858461,59.2788672025997,16.0354326281229
89.5595489166164,-203778.6986,-316225.0684,-189111.7808,-335780.9588,-194000.7534,86.9954652728371,79.0322034178067,72.7101454228443,87.424929298411,73.6391540406214,1.99005975772379,3.79897956255866,3.20423395853442,3.05343996555577,3.03970467128939,62.5275366798365,59.1422449773877,58.6075546707547,61.1482054516845,58.3889180836399,59.2750423524939,15.086417915662
89.5459658052999,-203778.6986,-316225.0684,-189111.7808,-335780.9588,-194000.7534,88.6981344855868,82.8182229225096,73.1218624784627,88.9342528284793,75.2201702510243,1.87761974168015,3.34963188583212,3.25827458620841,2.92158487472764,2.96011198291664,62.7649601761721,60.2600588642757,59.2531724722766,61.4716247694718,59.5598797808553,59.3057012486638,14.367223071365
89.5944555007794,-203778.6986,-316225.0684,-189111.7808,-335780.9588,-194000.7534,89.3206221115088,85.5704549052572,74.0059875401123,89.4312327468613,77.4252088353742,1.84141169270133,3.06659572679409,3.20360354162037,2.88580522080723,2.75409806072788,62.8775185726374,60.9302504743044,59.9006216282295,61.6281093139416,60.5934866328427,59.3840732029887,13.7515142426509
89.5605057440036,-203778.6986,-316225.0684,-189111.7808,-335780.9588,-194000.7534,89.5295449473742,87.2861225495047,75.4069806152892,89.5785862202175,79.7167799725759,1.83152082074658,2.91077168247765,3.04485269200229,2.88052068081627,2.52476037471579,62.9436391273458,61.3268396314522,60.5661969183139,61.724455787545,61.3561411012847,59.5128551137614,13.1924262507586
66.4207329387566,-203778.6986,-316225.0684,-189111.7808,-335780.9588,-194000.7534,89.247546880039,88.2707428289921,77.1196053672484,89.1898358422746,81.7662150911207,1.85220692644962,2.82848744494926,2.82957226610821,2.92286263392126,2.3288728748317,62.9585619116447,61.5562719020588,61.149700398781,61.739213351054,61.8612155620878,59.6830530437175,12.76200214626
66.370395967821,-203778.6986,-316225.0684,-189111.7808,-335780.9588,-194000.7534,84.5663598600862,88.4872945586099,78.8804317767097,83.7217856285296,83.4582328395176,2.20744355226214,2.8025467499751,2.59450262078576,3.52541581659935,2.1667489865097,62.5079747213629,61.5255514169606,61.4636059739,60.9629387487699,62.0638702413031,59.8830064740556,13.296657726132
66.3861643007316,-203778.6986,-316225.0684,-189111.7808,-335780.9588,-194000.7534,76.6610141941439,86.9605290211305,80.4992451657349,75.21794538465,84.7177422163575,3.12375816849904,2.90185941247854,2.35818296490435,4.86935471409312,2.02730725892606,61.0731749885288,60.9215192433433,61.3370338938917,58.7405262052156,61.851838060685,60.0763705144809,15.2804625189011
66.3365298773073,-203778.6986,-316225.0684,-189111.7808,-335780.9588,-194000.7534,70.3939240321874,83.3133432506743,81.8686994748536,69.3879724937045,85.3918929424253,4.18917417569888,3.16712512691841,2.13884764104191,5.94020789343341,1.91277311215725,58.7704779768163,59.4552566303918,60.7414348095003,55.8809706855419,61.1568108084959,59.9943264304717,17.3481279492499
66.371138592932,-203778.6986,-316225.0684,-189111.7808,-335780.9588,-194000.7534,67.5317460564362,78.563703030881,82.937878019819,67.1539205490706,85.3323078212931,4.69254034212578,3.58110561552799,1.97940647685234,6.21584345419035,1.85290689758544,57.1551405298589,57.4636423994236,60.1088124794168,54.2458736606989,60.3142059743465,59.2395965099824,18.3218027862819
66.3738683957315,-203778.6986,-316225.0684,-189111.7808,-335780.9588,-194000.7534,66.659937098041,74.1035528967888,83.626469956386,66.5585388798687,84.4754518427369,4.78794688440011,4.02520441241535,1.87637347765158,6.19287556186743,1.84693669764483,56.4900999583605,55.3314514397223,59.5438442268243,53.6026191369452,59.3764792922348,58.1519711899876,18.7293370339793
65.4171537378782,-203778.6986,-316225.0684,-189111.7808,-335780.9588,-194000.7534,66.4502955249866,70.904363918115,83.7499023746203,66.42871842767,82.8748627834871,4.7667738131942,4.34021086437242,1.821972676328,6.12504983881286,1.87856179023244,56.2352859700942,53.4947154064364,58.948213096694,53.3293313420266,58.1984248202905,57.2953793503148,18.9325689829399
65.4257566082222,-186362.2006,-262392.2564,-176445.2368,-275614.8748,-179750.8914,66.2751395644929,68.9319346251493,83.1369146120174,66.2609768495111,80.6916549564303,4.70031715857137,4.36401722712305,1.81113803344242,5.733361010152,1.96479039809364,56.8010997757178,54.5648352557764,59.8579893577785,54.7742074773189,58.8311915847954,56.8783977033793,18.5736238273825
65.4490523839049,-186362.2006,-262392.2564,-176445.2368,-275614.8748,-179750.8914,65.8507530549452,67.616313664173,81.7723781208553,65.8285641371041,78.1821999676053,4.73535774766626,4.42609844470911,1.84835690954036,5.74776566983784,2.038205224409,56.4468190433885,53.4507297001107,58.9622018567376,54.3705821256362,57.1091362662206,56.8054687479728,18.7957839961626
65.4252115614613,-186362.2006,-262392.2564,-176445.2368,-275614.8748,-179750.8914,65.5972688068423,66.6453276428921,79.7871577121431,65.5851967063446,75.6602647856546,4.74742970834243,4.44935973567844,1.91610024405079,5.74201487101119,2.08274878303601,56.2172475077559,52.5538014736393,57.783430591644,54.1157391848008,55.0378887793385,56.6034378905248,18.9376533421188
65.4174228005558,-186362.2006,-262392.2564,-176445.2368,-275614.8748,-179750.8914,65.511027693185,66.1025206789371,77.4341821027938,65.5075220191924,73.3580288273048,4.73946371765599,4.44180446007909,2.00179222490227,5.72387523766258,2.10565176992124,56.1152406520742,51.9870255653553,56.3723823909512,54.0017164387708,52.9599605692886,56.2808873499126,19.0125874102211
65.4374475808062,-186362.2006,-262392.2564,-176445.2368,-275614.8748,-179750.8914,65.4870402830325,65.7741929869506,75.0684548169507,65.4869526608563,71.3926141927544,4.72761019838097,4.42740901843207,2.0802411452015,5.70667890877289,2.11392416808188,56.0676952204007,51.6128022298038,54.8009262167839,53.9464758434395,51.0743694898526,55.9483788155957,19.0558634388693
65.4461233853579,-186362.2006,-262392.2564,-176445.2368,-275614.8748,-179750.8914,65.4812078579757,65.5892584228983,72.9638106394517,65.4821725965917,69.7943050515294,4.71828335953727,4.41248020848714,2.13957064367232,5.6944747868035,2.11665173026804,56.0432431604644,51.3799552216882,53.2582930720343,53.9169627894019,49.5022428684763,55.6424376227653,19.0814607287683
73.3909748021616,-186362.2006,-262392.2564,-176445.2368,-275614.8748,-179750.8914,65.5175503109407,65.4924570825284,71.2472447185531,65.5225520366566,68.5414927174661,4.70504006926684,4.40301014739496,2.1824934521716,5.67955414451314,2.12057384180757,56.0530205461376,51.2525922962009,51.9292729447251,53.9269594997391,48.2869617581223,55.3621605880679,19.0906716551541
73.3581516850534,-186362.2006,-262392.2564,-176445.2368,-275614.8748,-179750.8914,67.9767627443649,65.6091902323925,69.9185850165032,68.1265527240204,67.566795445116,4.2379094637926,4.57482056436291,2.36975811686225,5.22175611287652,2.28867850181056,57.4689894753448,51.9041130015736,52.127171367316,55.5143597706318,48.7999706173879,55.1254818387755,18.6929227597048
73.3894452595654,-186362.2006,-262392.2564,-176445.2368,-275614.8748,-179750.8914,71.2578655750695,66.8025168027324,69.0652016157522,71.4356323735773,66.8476846966518,3.64689080553108,4.64232516378692,2.629566685921,4.64757238756475,2.5328945652936,59.0471923866568,53.296726721327,53.03162957084,57.2652676844017,49.8903154010659,55.1744643520032,18.0992496080973
73.4034631071446,-186362.2006,-262392.2564,-176445.2368,-275614.8748,-179750.8914,72.7927056627863,68.88393484354,68.9273207328598,72.8911218043801,66.6049827261184,3.39890108580624,4.43760563667989,2.79701835050091,4.41446592438798,2.6958628209446,59.6911205751449,54.7550837727086,53.8536452605252,57.9724891137755,50.6727074646433,55.4975639203292,17.7438538183196
73.3507687996971,-186362.2006,-262392.2564,-176445.2368,-275614.8748,-179750.8914,73.2862763937396,70.7692042970024,69.4164105999404,73.325755253961,67.0099602066311,3.33020966296746,4.20169130047727,2.87060893809328,4.35830950858689,2.78713445106679,59.9144481045601,55.8470539846721,54.7291620701495,58.2148973579397,51.5994268130856,55.7814360605074,17.5479538611917
73.3656204738113,-186362.2006,-262392.2564,-176445.2368,-275614.8748,-179750.8914,73.4140068488084,72.0165192678088,70.1388068140728,73.4277722829523,67.9342569496503,3.31918209928641,4.04523526691906,2.88462361054553,4.35552549609101,2.8232535233173,59.9977523475139,56.5172305949191,55.5229148996189,58.3072556632607,52.7208770049408,55.9607933616482,17.4278199961593
73.4105898106312,-181632.2886,-247772.5284,-173005.3008,-259275.1788,-175880.9634,73.4404896240933,72.7107289161502,70.8517133650623,73.4456742139847,69.0972227510401,3.27761589893458,3.86754023212898,2.90886428044514,4.20999394181818,2.87695529469698,60.1989179620326,57.402573944383,56.6401947312658,58.729869726347,54.4892395719348,56.1071975170316,17.1409696480238
79.9438818058307,-181632.2886,-247772.5284,-173005.3008,-259275.1788,-175880.9634,73.6856267660549,73.0645436570665,71.3935949254198,73.7178986463441,70.2027525736189,3.24381557050375,3.84044994841012,2.89871767017792,4.17141182754104,2.8599255181189,60.306078865398,57.6484059575022,57.1323305911827,58.8659851208325,55.5077843705259,56.2779097748774,17.0143205347517
79.9078134609349,-181632.2886,-247772.5284,-173005.3008,-259275.1788,-175880.9634,75.9779318076043,73.506574830267,71.7891158035764,76.159105943825,71.1359674760533,2.90044314334394,3.85847236246066,2.97156761536044,3.77391770324071,2.92781796930022,61.0144301419882,58.1624438708274,57.8774757954399,59.7428900605969,56.7817572783421,56.4598648196114,16.432218793706
79.910691620099,-181632.2886,-247772.5284,-173005.3008,-259275.1788,-175880.9634,78.2550393846964,74.6992032005695,72.1251106936347,78.4341145976709,71.9570510307504,2.60458710349402,3.74133366484302,3.04084029496569,3.44288731386211,2.97699901672322,61.5918278728872,58.8746575875123,58.5303885396395,60.4394949386156,57.8399773213242,56.691482003573,15.8066473938881
79.9099858992231,-181632.2886,-247772.5284,-173005.3008,-259275.1788,-175880.9634,79.3783046113409,76.311171229516,72.462879834661,79.4829467930458,72.8535884432243,2.47740278305964,3.53198947672087,3.07283502969898,3.30838818929536,2.9627506396003,61.8596410725639,59.5486905870365,59.009707593006,60.7567743498021,58.6686232996032,56.9840893009736,15.3533661183751
79.946991892017,-181632.2886,-247772.5284,-173005.3008,-259275.1788,-175880.9634,79.7978112535985,77.7084404827699,72.8683484285477,79.8462182810404,73.9159234005564,2.43562046874339,3.35200012436359,3.06966709861261,3.26954423334102,2.89185967727601,61.9786204710365,60.0458799110529,59.4012923613229,60.8975687689255,59.3832284422871,57.3219966413391,15.0186916023366
79.8957063711189,-181632.2886,-247772.5284,-173005.3008,-259275.1788,-175880.9634,79.9312549873289,78.6636446987866,73.4064208181024,79.9516427705062,75.052736850238,2.42577379301861,3.23687423575169,3.03134666768706,3.26425495798891,2.78980310445684,62.039732731066,60.3728799297853,59.7691224630867,60.97228958294,59.9884068676554,57.6961445389991,14.7480527589031
79.8953246013147,-181632.2886,-247772.5284,-173005.3008,-259275.1788,-175880.9634,79.9684699216937,79.2335161739487,74.0900914376796,79.9776144331041,76.1230987453386,2.42603128673991,3.17434452268737,2.96150390716607,3.26842855667966,2.68446356579496,62.0788466329631,60.5824514234683,60.1311772438808,61.0224968077481,60.4676377856642,58.0912975225486,14.514771839068
79.8979568445268,-181632.2886,-247772.5284,-173005.3008,-259275.1788,-175880.9634,79.9769268880949,79.5460460229352,74.8675780936599,79.9821693191932,77.0368422673189,2.42883748827922,3.14458553918566,2.87162451280042,3.27431692145259,2.59259929637106,62.1079727007976,60.718475745325,60.4717618090241,61.0611396118883,60.8266571412189,58.4870400868797,14.311963758089
79.9190449812773,-181632.2886,-247772.5284,-173005.3008,-259275.1788,-175880.9634,79.9774163925322,79.708057512584,75.6604890001507,79.9814531498026,77.765673178554,2.4318681470969,3.13265316989606,2.77624420104704,3.27975314050598,2.51970819873389,62.1307309715885,60.8087724586502,60.7700917832415,61.0917852120572,61.0865535197423,58.8658699067967,14.1402268572799
79.931793202973,-181632.2886,-247772.5284,-173005.3008,-259275.1788,-175880.9634,79.9757460748202,79.7884697951571,76.4028357384497,79.979434106809,78.3199571817674,2.4345085262527,3.12946783429342,2.68670255877094,3.2842662218547,2.46504795481646,62.1484165179771,60.8699480630613,61.016175689396,61.1157234460608,61.2709928929163,59.216403300556,13.9999930959882
79.9248185199819,-181632.2886,-247772.5284,-173005.3008,-259275.1788,-175880.9634,79.9732327491287,79.8265835899397,77.0556199503109,79.9768294709353,78.7268596521002,2.43668768418226,3.13012234510929,2.60903771684787,3.28789398616034,2.42555204030845,62.1618463789396,60.9120177342375,61.2109356600908,61.133932466739,61.4002825044803,59.5327250672158,13.8892937726082
79.9142506403602,-173845.9716,-223705.7304,-167342.5248,-232376.9928,-169510.3404,79.9745784561375,79.8409530287391,77.5925773250044,79.9783003150552,79.0112450442543,2.35698490840117,2.90146275349746,2.50482875880888,3.01851773218421,2.34986790190225,62.3502585424704,61.4177708413654,61.6289046630285,61.5831249075737,61.7744195587539,59.8097082060578,13.131662054794
79.9111526293624,-173845.9716,-223705.7304,-167342.5248,-232376.9928,-169510.3404,79.9754343611275,79.8472460593664,78.0285836113246,79.9788940200582,79.2104490286646,2.35779646974041,2.90309207772103,2.45356823786649,3.01986960921754,2.33028814216001,62.3571807966367,61.4344036532361,61.7313941699181,61.5919534102254,61.828794714652,60.0846709724595,13.0646145367055
92.6774478134799,-173845.9716,-223705.7304,-167342.5248,-232376.9928,-169510.3404,79.9853774701421,79.8496727930497,78.3756768583536,79.9905212323246,79.3473162819109,2.35734537301609,2.9046384230563,2.41367637834574,3.01936984218794,2.3170846141728,62.363752513168,61.4466328507089,61.8091368123621,61.6005372103984,61.866615451515,60.3385424036696,13.0121146307789
92.6712873409544,-173845.9716,-223705.7304,-167342.5248,-232376.9928,-169510.3404,81.635110173716,79.9166547698888,78.6472586426627,81.7971449779927,79.4405924750328,2.18268846451003,2.90592675992082,2.39099080796606,2.79271582406141,2.31591515267539,62.6034175007662,61.5217737788004,61.9235363068401,61.9146482786433,61.9510644617648,60.5569603710577,12.5882370091337
92.7066799768519,-173845.9716,-223705.7304,-167342.5248,-232376.9928,-169510.3404,85.4106453592169,80.5751497858408,78.8578934368932,85.7402779785386,79.5283525131882,1.85583585182835,2.83685886670566,2.3816889986898,2.38421025638892,2.32123895495849,63.0270622333588,61.7324158222591,62.0688557405671,62.4511561381599,62.0789370393761,60.7462759858117,11.7798329285712
92.6452974787542,-173845.9716,-223705.7304,-167342.5248,-232376.9928,-169510.3404,88.6585223269255,82.1831919336535,79.027378490136,88.9831278359942,79.7337869377863,1.63818253594585,2.6536897838056,2.37371970123582,2.11981442994701,2.31002527738201,63.3009964433015,62.0398514257418,62.1819748988399,62.7892486125614,62.1996658458422,60.9313200078108,11.0954317283163
92.6655648815798,-173845.9716,-223705.7304,-167342.5248,-232376.9928,-169510.3404,90.6534045344574,84.3261796956036,79.2003905411385,90.8968430142732,80.2224634666851,1.52666607515434,2.4326687159361,2.3620277780634,1.98770753194528,2.26473863016376,63.4436192818781,62.3527081055793,62.2716030174317,62.9620677710658,62.3377228614793,61.1156843671706,10.5738087312629
92.6565358919601,-173845.9716,-223705.7304,-167342.5248,-232376.9928,-169510.3404,91.7113396738254,86.4384671718398,79.4503410663614,91.8706301090671,81.0587229426684,1.47332801395707,2.24289158620652,2.33918744087543,1.9265414671479,2.18275800397179,63.5164939478022,62.6057606574907,62.3562571630366,63.0489493401999,62.502262324787,61.2915228857802,10.1647065121587
92.6512952824456,-173845.9716,-223705.7304,-167342.5248,-232376.9928,-169510.3404,92.230409433738,88.2047113677194,79.8516503036279,92.3266747104052,82.1671674133328,1.44864384191803,2.10320448210994,2.29793240134846,1.89949000295262,2.07827299074616,63.5551375309163,62.7891241662613,62.4506743843781,63.0945318363651,62.6777821788522,61.4549018733963,9.82754371907521
92.6389635476878,-173845.9716,-223705.7304,-167342.5248,-232376.9928,-169510.3404,92.4722387067026,89.5455758982637,80.4425763729819,92.5280115401329,83.4088508191084,1.43761931432207,2.00734432329061,2.2360564362075,1.88815936631966,1.96958712232105,63.5770676113306,62.9162745385767,62.5600821154811,63.1204497926561,62.8440012219319,61.6057270818063,9.53876656246089
92.6470253135786,-173845.9716,-223705.7304,-167342.5248,-232376.9928,-169510.3404,92.5798497492236,90.5042678682309,81.2097420592568,92.6119826393872,84.6582043514675,1.43295553124347,1.94371397996977,2.15795937797798,1.88382463185628,1.86919782553414,63.590634695704,63.0032170611599,62.6800761220807,63.1367532495858,62.9888751955267,61.7448296942484,9.28765134658164
92.661208938582,-173845.9716,-223705.7304,-167342.5248,-232376.9928,-169510.3404,92.6250805973462,91.1637728810946,82.1023957919408,92.6443105545021,85.8319779131431,1.43117369638148,1.9022029145281,2.07175742473767,1.88247921224583,1.78253006894482,63.5997734928512,63.0625768891709,62.8017450967989,63.1480150347879,63.1090720588566,61.8728256489875,9.07014331683789
92.6882879543329,-173597.4508,-222937.5752,-167161.7824,-231518.4664,-169307.0052,92.642003962034,91.6051450948548,83.0571530048001,92.6545195853791,86.8852981180565,1.42873923455931,1.86948724606073,1.9835743794843,1.87586142945649,1.70871455785719,63.608803675882,63.1103653630424,62.9202331872711,63.1635248979694,63.209210098338,61.9898950273056,8.86637684741802
92.6517787794496,-173597.4508,-222937.5752,-167161.7824,-231518.4664,-169307.0052,92.646298810604,91.895900570059,84.0196163774255,92.6554446893212,87.8032676359837,1.42876866783988,1.85239822519533,1.90244429101627,1.87620267724923,1.65011159821515,63.6136966215051,63.1382465389902,63.0239538918539,63.1698138876818,63.2863341654472,62.0969040693029,8.70992545951586
92.6538472780223,-173597.4508,-222937.5752,-167161.7824,-231518.4664,-169307.0052,92.64514678283,92.0846114728831,84.9491478026545,92.6526832748415,88.5860963105542,1.42901041614139,1.84155411930895,1.82935157310133,1.87669039568522,1.60292328384964,63.6174560920578,63.1576162087293,63.1145924229776,63.1747152639171,63.3474110409501,62.1943330232129,8.57952978808654
90.8965699402393,-173597.4508,-222937.5752,-167161.7824,-231518.4664,-169307.0052,92.641860870993,92.2053339041519,85.8196810979953,92.6486802004808,89.2428329674107,1.42931673258519,1.83475759010894,1.76524906737173,1.87719134657776,1.56518672904235,63.6203910959782,63.1711837934716,63.1922349375216,63.1785787367851,63.3956445637918,62.2826891898943,8.47170146568596
90.8742408327647,-173597.4508,-222937.5752,-167161.7824,-231518.4664,-169307.0052,92.6091304672971,92.281007568384,86.6167703470644,92.6117238573602,89.786636960595,1.43097492458803,1.83058187844341,1.70996943279591,1.87961328905322,1.53514110186887,63.6212903305554,63.1806281124099,63.2578275111854,63.1795955719276,63.4335699863924,62.3626173695224,8.38628062674944
90.8801069072748,-173597.4508,-222937.5752,-167161.7824,-231518.4664,-169307.0052,92.4076144230559,92.3188947799351,87.3342261266164,92.3895493874062,90.2319149227841,1.44059543664638,1.8285429777105,1.66277019840247,1.89317634256696,1.51127927382077,63.6133594237419,63.1860672023012,63.3122185935513,63.1682781267436,63.4627551961887,62.4349324163768,8.33636422914707
90.910804976534,-173597.4508,-222937.5752,-167161.7824,-231518.4664,-169307.0052,92.0559145522159,92.3023423021566,87.971328469844,92.0147346290753,90.5919283627412,1.45758581993765,1.82962506286715,1.62275315174707,1.91631723584085,1.49244019285781,63.5973004615421,63.1867445935998,63.3569389129498,63.1463309974896,63.4848613820975,62.5003452098449,8.31872146325053
90.8581912825808,-173597.4508,-222937.5752,-167161.7824,-231518.4664,-169307.0052,91.6829239253073,92.213832007783,88.5306960717434,91.6316473481124,90.8764503526605,1.47599980822366,1.83491811892344,1.58902168465878,1.94048019745463,1.47783256178933,63.5793482185018,63.1822219655934,63.3937966716844,63.1227145988971,63.5014436581141,62.5590950604382,8.31825237104984
90.9281586660975,-173597.4508,-222937.5752,-167161.7824,-231518.4664,-169307.0052,91.3752162282333,92.056667172641,89.0165505336013,91.3276949330554,91.0913095988021,1.49151818243448,1.84432260249974,1.56074668895343,1.96004712293852,1.46696606010264,63.5640417872096,63.1730937588947,63.4242628712361,63.1033635876536,63.5135234640834,62.6112060763938,8.32360065692881
90.9164522869229,-173597.4508,-222937.5752,-167161.7824,-231518.4664,-169307.0052,91.1572594590276,91.8530292039925,89.4334070517912,91.1209998640241,91.2402003056294,1.50269528178944,1.85662412299034,1.53721743634232,1.97355923052999,1.45951859241844,63.5529454930931,63.1608310211241,63.4493938032677,63.0899083241153,63.5216933386397,62.6569447402227,8.32961466407052
92.7367368016637,-173597.4508,-222937.5752,-167161.7824,-231518.4664,-169307.0052,91.0182555325869,91.631629588086,89.7853698518732,90.994708491756,91.3271099431972,1.50990424682961,1.87016618361927,1.51785723907897,1.98189671472294,1.45520094535402,63.5457370329916,63.147194485725,63.4699317438614,63.0815387289454,63.526360911551,62.6969772687158,8.3350253296048
92.7010122788235,-173597.4508,-222937.5752,-167161.7824,-231518.4664,-169307.0052,91.0063437373084,91.4184900850885,90.0760413579936,91.0026832661531,91.3579220456038,1.51053147523921,1.88339600384537,1.50222225396363,1.98137859535934,1.45368687780177,63.5452328411749,63.1341424602824,63.486714694519,63.0822143663742,63.5282175265829,62.7321907060808,8.33121520620933
92.6794990032962,-189017.7656,-270600.3664,-178376.5568,-284788.6448,-181923.6264,91.260815629661,91.2338051160184,90.327831379182,91.3050813683993,91.3434313367837,1.62108835211759,2.26435142328894,1.57987788923309,2.3739100457453,1.55373583510159,63.3995733171782,62.6783498568941,63.3492696456804,62.6393551711259,63.3654446086637,62.765719886874,9.39296354548651
92.7547487521424,-189017.7656,-270600.3664,-178376.5568,-284788.6448,-181923.6264,91.6587370188505,91.1491871727694,90.5198933554966,91.7379120361698,91.2883997788124,1.59959679981673,2.27081980285778,1.56951775935458,2.34147963363663,1.55675111289606,63.4231620330377,62.67507149116,63.3632505510236,62.6751542779052,63.3646037311528,62.7759368096119,9.33816510856177
92.7714108511813,-189017.7656,-270600.3664,-178376.5568,-284788.6448,-181923.6264,92.0327199309448,91.1853041044587,90.6552611842026,92.1180706200201,91.2120183622709,1.57988430130738,2.2684134051253,1.56233022658353,2.31367681668232,1.56090011157966,63.4448446346866,62.6809822676328,63.3736836784815,62.7060737077326,63.3624460219347,62.7702948489907,9.2852048612782
92.7641036531732,-189017.7656,-270600.3664,-178376.5568,-284788.6448,-181923.6264,92.3083017910732,91.3205993151439,90.7408870005055,92.3809832912181,91.1360609738665,1.56565690606516,2.25871772525797,1.5578446384354,2.29482535402988,1.56502696874657,63.4606435248682,62.6939209853951,63.3807561411941,62.7273735867624,63.3599258390886,62.7627598175914,9.24207159253498
92.7647580473605,-189017.7656,-270600.3664,-178376.5568,-284788.6448,-181923.6264,92.4838846668387,91.5114549965296,90.7869257452306,92.5382237552539,91.0796725558142,1.55672789746575,2.24504170296212,1.55547367593088,2.28371239355491,1.56811101535254,63.470763323142,62.710392783142,63.3850906479176,62.7403141847047,63.3581655018614,62.7592162812339,9.2090666852662
92.7260731708368,-189017.7656,-270600.3664,-178376.5568,-284788.6448,-181923.6264,92.5853316277235,91.7155364581686,90.8055159820336,92.623345882324,91.0551047007657,1.5516238133968,2.23054019513424,1.5545551361673,2.27776495042106,1.56949181581001,63.4767712934918,62.7272286483778,63.3874899664659,62.7476313685363,63.3579863497268,62.7598177790928,9.18397591092941
92.6887753419591,-189017.7656,-270600.3664,-178376.5568,-284788.6448,-181923.6264,92.6397726480835,91.9036710110029,90.8090905534838,92.665960768244,91.0663497013928,1.54890895420134,2.21730924690521,1.55442504854271,2.2748247850837,1.5689530839842,63.4801921151011,62.7423865176874,63.3887699622602,62.7516324935993,63.3597209836698,62.763086477243,9.16442111871715
92.7654578136892,-189017.7656,-270600.3664,-178376.5568,-284788.6448,-181923.6264,92.6674606133414,92.0612278543249,90.8087320610761,92.6861194247737,91.1104390520422,1.54754259255927,2.20633941255872,1.55449530399891,2.27346191211284,1.566660050482,63.4821344029666,62.7549545807694,63.3896507319637,62.7538583977792,63.3632576771789,62.7677557449465,9.14849927171174
92.7451546726334,-189017.7656,-270600.3664,-178376.5568,-284788.6448,-181923.6264,92.6809019324153,92.1845186714773,90.813006705415,92.6951578648821,91.1800741847118,1.54689074841531,2.19783208420471,1.55431159596664,2.27287602812207,1.56301555159545,63.4832773202308,62.7648072097352,63.3906846454926,62.7551811365797,63.3681944314336,62.7730924304233,9.13492600830419
92.7290674761576,-189017.7656,-270600.3664,-178376.5568,-284788.6448,-181923.6264,92.6871540515477,92.276232444496,90.8274439794722,92.6990029869043,91.2663051198537,1.54659810133266,2.19155385086393,1.55358115256759,2.2726509268703,1.55850944559062,63.4840046688001,62.7722411402564,63.3922288343689,62.756060767439,63.3740130991255,62.7787184350251,9.12289347722507
92.7417813705373,-189017.7656,-270600.3664,-178376.5568,-284788.6448,-181923.6264,92.6898852306273,92.3418313942066,90.8546090350593,92.7004771144191,91.3605283152535,1.54648059546416,2.18709658047779,1.55217001812,2.27258901939196,1.55360637884851,63.4845169119025,62.7777113933712,63.3944515339535,62.7567192208346,63.3802102853444,62.7844106419256,9.11194259230241
67.3091836140588,-189017.7656,-270600.3664,-178376.5568,-284788.6448,-181923.6264,92.6909643976201,92.387293026844,90.8945944386215,92.7009373583575,91.4556242846204,1.54644460863884,2.18403124853289,1.55007737292279,2.27259542352534,1.54868395417066,63.4849164499695,62.7816791867963,63.3973650030994,62.7572638457487,63.3863720292396,62.7899978559299,9.10183260779051
67.2857128233391,-178893.5493,-239307.3342,-171013.4904,-249814.0794,-173640.1767,92.313762287514,92.4084184067066,90.9394671791618,92.2608054983339,91.5395164083392,1.48689714478537,1.9485443955533,1.48897560401354,2.04130653402541,1.47947509928973,63.5650569964089,63.0623286588053,63.4954724916996,63.0183913657961,63.4950554581923,62.7950130925924,8.44519877766735
67.2475161279246,-178893.5493,-239307.3342,-171013.4904,-249814.0794,-173640.1767,89.484106482088,92.3066904828657,90.9908960274292,89.0606312743985,91.6151736463864,1.63898667204862,1.95381421921526,1.48562979284341,2.27084830380726,1.47500680009169,63.4031330717368,63.0397529474002,63.485094270386,62.7740973217135,63.4857564490105,62.8099303918,8.82428578800624
67.2586960524345,-178893.5493,-239307.3342,-171013.4904,-249814.0794,-173640.1767,84.0004241058143,91.6722286083358,91.0467441764047,83.0628408869372,91.6670631464801,2.03225646744095,1.99076772634549,1.48062888073854,2.85132057167472,1.47031316030122,62.9664805566288,62.9485568545002,63.4480399380236,62.1277234426134,63.4478491932803,62.8300257616996,9.82528680650091
67.2894319573937,-178893.5493,-239307.3342,-171013.4904,-249814.0794,-173640.1767,77.5841294639833,90.0035821918261,91.102231498018,76.3816246464877,91.6430659994623,2.75684898252109,2.09467977182023,1.47271418423496,3.85152884746335,1.46641334249825,62.0786128090488,62.7048229834019,63.3552056299024,60.8831736667578,63.3488051343372,62.8142846720913,11.6421851285379
67.3275095070672,-178893.5493,-239307.3342,-171013.4904,-249814.0794,-173640.1767,72.2034959897721,87.0630912170621,91.1463336259733,71.2536727349337,91.444577377258,3.70878785028593,2.29957812252624,1.46099741267104,4.94173216410921,1.46644678749093,60.6777982310489,62.1967219689241,63.1767847329329,59.1743594380775,63.1509618143394,62.6261827130725,13.8775423370834
67.3134903081927,-178893.5493,-239307.3342,-171013.4904,-249814.0794,-173640.1767,69.0825015071238,83.1153089027936,91.155380407339,68.6190622297356,90.9459504785954,4.39804376786797,2.63360348740937,1.44941372739331,5.52892045710902,1.47902800939557,59.3630966831145,61.4027925794169,62.9622994436318,57.8226090156775,62.8930120723095,62.0466371780817,15.4890094491752
67.3013048629773,-178893.5493,-239307.3342,-171013.4904,-249814.0794,-173640.1767,67.8300713389135,78.8254918467323,91.0755960342001,67.6708676552751,90.0231369021192,4.64809099935782,3.09755793521519,1.44340400263524,5.66696055935324,1.51392003078182,58.6335285389714,60.3650917813805,62.765130986505,57.137402596849,62.6167476575574,61.1349267275607,16.3699335273433
67.2853369960679,-178893.5493,-239307.3342,-171013.4904,-249814.0794,-173640.1767,67.4440436053389,75.1697060858821,90.7835298747214,67.4007164638241,88.5815281416427,4.67039357029533,3.58178231853348,1.44787575893502,5.6326215384083,1.57763774090775,58.2914171360204,59.2049841613264,62.5605015422591,56.8030346149039,62.2820294843197,60.28392848018,16.9103109270799
67.2776310621744,-178893.5493,-239307.3342,-171013.4904,-249814.0794,-173640.1767,67.3464878850091,72.6768120311667,90.0962798339847,67.3372993525816,86.5835907151528,4.62731945809489,3.94208342158448,1.4713303193292,5.56180382845952,1.67708019001847,58.1086627897824,58.1712441386705,62.3231564031169,56.6046786272728,61.8435205052193,59.7187588569614,17.2796172174866
67.3290368232685,-178893.5493,-239307.3342,-171013.4904,-249814.0794,-173640.1767,67.3323347647217,70.8381060788632,88.8586560666807,67.3319639098482,84.0747724534814,4.56756416667393,4.19751982595689,1.5212973638834,5.48302323110273,1.81472610005512,57.9736555532706,57.2152618564081,61.9977414707358,56.445135872933,61.2112220546165,59.3706293007283,17.5841306876721
67.3207926634833,-178893.5493,-239307.3342,-171013.4904,-249814.0794,-173640.1767,67.3379400499538,69.4375056545674,86.9832736387863,67.3394905597559,81.1999961402392,4.50554704535808,4.35750246667766,1.60494748344988,5.4042127232145,1.98241045150682,57.8504422204371,56.314814583947,61.5223542082819,56.2938981494112,60.2703841029295,59.1042185718001,17.8546201702069
67.2660551479759,-178893.5493,-239307.3342,-171013.4904,-249814.0794,-173640.1767,67.3438870206248,68.3151094041402,84.4944963970519,67.3455877530889,78.2089909947279,4.44690986281989,4.44275559902415,1.72599933699783,5.32996477446749,2.14871442595993,57.7312865559702,55.4442328872692,60.819262177446,56.1461270502008,58.8992674002538,58.84192138625,18.0943439992693
67.2372164749984,-176255.02,-231151.88,-169094.56,-240699.16,-171481.38,67.3470386077317,67.5647704707644,81.5596572899647,67.3485136743474,75.4037803936394,4.38766197423805,4.42469812441119,1.87866994304152,5.19681794122453,2.28640108498555,57.7483286091297,55.0817891281307,60.0524665599438,56.2812155271413,57.4824977226122,58.5788556329572,18.1742490679008
67.3370867202275,-176255.02,-231151.88,-169094.56,-240699.16,-171481.38,67.348469800738,67.3993621418525,78.5951846410337,67.3498106405837,73.0309056710009,4.35655124945582,4.36057050567228,2.05395230854835,5.15789632947116,2.36697180757051,57.6812141090104,54.73280301571,58.9233974161841,56.1989983910907,55.7196559077743,58.3326121828745,18.2959422007181
67.3152311539673,-176255.02,-231151.88,-169094.56,-240699.16,-171481.38,67.3503978813707,67.3248594922131,76.149505905198,67.3517294528932,71.1905751603903,4.33571523204524,4.30621159735255,2.19717777811568,5.13199516118936,2.40297630159972,57.6366845472185,54.4984056858631,57.7600459415154,56.1446390785226,54.1387048959641,58.0694845389419,18.3740760703026
67.2770039303988,-176255.02,-231151.88,-169094.56,-240699.16,-171481.38,67.3508740483666,67.293124280117,74.3950698079024,67.3521199364139,69.8479926395605,4.32328438112556,4.26891639936242,2.29320695027105,5.11655068247231,2.4185225715812,57.609230624105,54.3546127313641,56.7756775507074,56.1112005863311,52.9057318457818,57.8070397198184,18.4204809848125
67.2845592378548,-176255.02,-231151.88,-169094.56,-240699.16,-171481.38,67.351188512612,67.2801743825934,73.2140846778499,67.3524214932247,68.9082765362878,4.31596989786028,4.24526241516083,2.35273094798037,5.10745735552602,2.42604338038026,57.593035453323,54.2695713309281,56.0404623312592,56.0914887886072,52.0185372699823,57.5597906405918,18.4474639969078
67.2922495039378,-176255.02,-231151.88,-169094.56,-240699.16,-171481.38,67.3523087381748,67.2751818032193,72.4117442039531,67.3535774062253,68.2700015733425,4.31133485605384,4.23015879836337,2.39051049603139,5.10174215416083,2.42985002141651,57.5836648566942,54.2181249014357,55.509533211435,56.0800296975519,51.4067220366565,57.3232295606223,18.4635963260259
67.2759965029029,-176255.02,-231151.88,-169094.56,-240699.16,-171481.38,67.3528870383811,67.2737204405344,71.8308948860412,67.3541148948524,67.8464325296268,4.30833617805423,4.21983446561137,2.41655272851916,5.0980597792845,2.43133556019489,57.5774440083932,54.1847178780112,55.1108323329219,56.072424200289,50.9934564064607,57.0874982438593,18.4741187116641
67.259704321596,-176255.02,-231151.88,-169094.56,-240699.16,-171481.38,67.3532182531054,67.2735526820504,71.3720387861364,67.3544500893581,67.5705616270627,4.30621382430123,4.21222895167011,2.43645789348344,5.09545382523079,2.43124542903606,57.5729573136851,54.1609168857669,54.7885743676383,56.0669896304897,50.7169607301697,56.8470204978289,18.4815999237216
67.2682436134534,-176255.02,-231151.88,-169094.56,-240699.16,-171481.38,67.354055671542,67.2738600326387,70.9792617660597,67.3552955927324,67.3936078166864,4.30445256517142,4.20623161300301,2.45311678902668,5.09333526457925,2.43012729575588,57.5697929284987,54.1425279483415,54.5084141633318,56.063140141616,50.5322523580934,56.6029465901365,18.4872635275362
67.2859563594364,-176255.02,-231151.88,-169094.56,-240699.16,-171481.38,67.3540583380515,67.2743887061517,70.6235190566811,67.3552642585269,67.2815361117859,4.30312899364795,4.20111699454253,2.46783040444752,5.09172834145916,2.42826519162688,57.5667861171225,54.1270699798314,54.2508733874593,56.0595450615754,50.4072505993717,56.3615093593576,18.492069925724
67.2850366385672,-176255.02,-231151.88,-169094.56,-240699.16,-171481.38,67.3544277840525,67.274814569068,70.2908792664811,67.3556484155594,67.2113212076619,4.30190735184453,4.19667176124195,2.48128938831475,5.09026224861907,2.42602433602587,57.5643762050601,54.1135698312938,54.0070419301219,56.0566758355346,50.321449356462,56.1305684950421,18.4961550860462
67.26751217526,-176255.02,-231151.88,-169094.56,-240699.16,-171481.38,67.3543650814149,67.2751948888881,69.9755621813552,67.3555590820006,67.1677287284376,4.30089553646833,4.19265666241864,2.49370616771626,5.08904309814856,2.42355946658803,57.5620103251802,54.1013462814163,53.7728060961207,56.0538796772406,50.2606791147323,55.9172079699927,18.4998609313398
67.3166561328765,-173102.4134,-221407.4596,-166801.7552,-229808.3372,-168901.9746,67.3552013211905,67.2754999486374,69.7058198621346,67.3563325218972,67.1413137325149,4.27865544130677,4.14212410543333,2.53821191535748,4.99011304337636,2.4623106896998,57.6880092758221,54.5030655838087,54.0030134944528,56.3520955536373,50.7506547730861,55.7460662779691,18.4114151951737
67.268424430697,-173102.4134,-221407.4596,-166801.7552,-229808.3372,-168901.9746,67.3562389070028,67.2759842113305,69.4548934430417,67.3573559142052,67.1254978084235,4.27763008623939,4.13906652870537,2.54857160570008,4.98895232621636,2.46004447017477,57.6867296195749,54.4941147002429,53.8159174229613,56.3505587277178,50.7197395970047,55.6357022777101,18.414265017036
67.3097030654809,-173102.4134,-221407.4596,-166801.7552,-229808.3372,-168901.9746,67.3574848342076,67.2767626180566,69.1977662453671,67.3585948820373,67.1161395369598,4.27657794954524,4.13601543894838,2.55897008581701,4.98776923673252,2.45768197685092,57.6855966247407,54.4854640727413,53.6223398471034,56.3491869039546,50.6946109799014,55.5421612234791,18.4170146878941
67.2879498741691,-173102.4134,-221407.4596,-166801.7552,-229808.3372,-168901.9746,67.3591459061939,67.2778258631159,68.9416797691027,67.3602659026886,67.1107357057621,4.27547668413221,4.13305987665397,2.56911302300535,4.98654360674333,2.45536154197047,57.684766438617,54.4773802256205,53.4277456330418,56.348151949958,50.6736880135365,55.4577135909275,18.4195547325053
67.3071475766788,-173102.4134,-221407.4596,-166801.7552,-229808.3372,-168901.9746,67.3604035495602,67.2791210483267,68.6968275332999,67.3615109201444,67.1077886146908,4.27451572168682,4.13025348994426,2.57856124976539,4.98547092838773,2.45314901679703,57.6838491653479,54.4699778815869,53.2397387282047,56.347027591189,50.6559161476362,55.3838830898525,18.4219504065812
67.2845860064416,-173102.4134,-221407.4596,-166801.7552,-229808.3372,-168901.9746,67.3607003980488,67.2804254809589,68.4700229554725,67.3617539474978,67.1063937953663,4.27381892208386,4.12764730606963,2.58705004488519,4.98467652851387,2.4510709181574,57.6825683570906,54.4631946604315,53.0636529450423,56.3455152580659,50.6405728890643,55.3205529964499,18.4242637197099
67.3446141238086,-173102.4134,-221407.4596,-166801.7552,-229808.3372,-168901.9746,67.3593757332477,67.2811823402836,68.2646385499815,67.360388879826,67.1059619032605,4.27351803840858,4.12529264113742,2.59444116811631,4.9842733989688,2.44909586177173,57.6805622883708,54.4566356063008,52.9021586769307,56.3432591936657,50.6268622497955,55.2662561695237,18.4266211084028
67.2820361685016,-173102.4134,-221407.4596,-166801.7552,-229808.3372,-168901.9746,67.3601599872674,67.2812726025159,68.0816654859318,67.3612449179777,67.1060283093969,4.27286383186382,4.12344801865459,2.60099665535637,4.98352194064315,2.4474827607013,57.6798646456228,54.4509888137355,52.7579048248323,56.3424539741916,50.616067515777,55.2188454188731,18.4283132072192
67.3061826321688,-173102.4134,-221407.4596,-166801.7552,-229808.3372,-168901.9746,67.36096242151,67.2815246591246,67.9206608437548,67.3620404061469,67.1062610488437,4.27227499912329,4.1218379674031,2.60666965129401,4.98286673819152,2.44609813005454,57.6793328785708,54.4462291705553,52.6302498754085,56.3418005898102,50.6069659996606,55.1764761292104,18.4297474860665
67.2899425393238,-173102.4134,-221407.4596,-166801.7552,-229808.3372,-168901.9746,67.3621003384939,67.2820215564196,67.7803631776824,67.3632020160157,67.1065421623823,4.27168410951639,4.12045087665781,2.61157359091597,4.98221646998092,2.44495054843945,57.679131563971,54.4424052495423,52.5186641140838,56.3415238616081,50.5995028716346,55.1375814264236,18.4308755955105
67.2582755900448,-173102.4134,-221407.4596,-166801.7552,-229808.3372,-168901.9746,67.3623301721419,67.2827655129379,67.6591020836466,67.363381912584,67.1068702371859,4.27133133202313,4.11917563592364,2.61571119854592,4.98182336766326,2.44392880775482,57.6785616625514,54.4391742355392,52.4215444170518,56.3408340671202,50.5929297987565,55.101010986291,18.4319703419108
67.287669866153,-173102.4134,-221407.4596,-166801.7552,-229808.3372,-168901.9746,67.3616969856632,67.2832784074105,67.5550444830229,67.36272730959,67.1072670696788,4.27119772747264,4.11805750231521,2.61915637238104,4.98164326775433,2.44300169946867,57.6776255644256,54.436199842364,52.3375299247884,56.3397809691403,50.587059664255,55.0661386679232,18.4330565693919
67.3246071599639,-176002.4908,-230371.3352,-168910.9024,-239826.7864,-171274.7652,67.3604607103601,67.2832973329212,67.4633015546254,67.3615410449962,67.1069926609459,4.29130554966109,4.1619077091058,2.58407803009422,5.0722262762947,2.40610038994655,57.5602838479716,54.0569314753008,51.8441803119526,56.0634880841125,50.097781411162,55.0155223001669,18.5156179551024
67.2897968666643,-176002.4908,-230371.3352,-168910.9024,-239826.7864,-171274.7652,67.3602830493714,67.2828327597708,67.3851418911204,67.3614458061433,67.1067313994216,4.29115828116173,4.16125149255348,2.58639068614102,5.07202264936033,2.40547765946354,57.5597698541689,54.0543811449645,51.779986695952,56.0629392613448,50.0931168020132,54.9359270653592,18.5163007686801
67.2630058264007,-176002.4908,-230371.3352,-168910.9024,-239826.7864,-171274.7652,67.3609909141927,67.2824601078567,67.3213892957133,67.362189588439,67.1064302722922,4.29086984519651,4.16077512409862,2.5883188700166,5.07170436649721,2.40503137356699,57.5598189200554,54.0524939634572,51.7278592557651,56.0629739879165,50.0896585700213,54.8639864866152,18.5166995793759
83.8004085438541,-176002.4908,-230371.3352,-168910.9024,-239826.7864,-171274.7652,67.3605048810076,67.2824186025908,67.2693867912203,67.3616531625078,67.1061033530515,4.29084709601373,4.16028221512086,2.58981554365199,5.07166525140433,2.4046054535034,57.559280923086,54.0508849758065,51.6848683680842,56.0623504170642,50.0863175245026,54.8044142657169,18.5172155596943
83.7800217496539,-176002.4908,-230371.3352,-168910.9024,-239826.7864,-171274.7652,69.8391213462465,67.3730836380552,67.2269223249968,69.9885302897513,67.1072425619908,3.81315806277813,4.30851272875478,2.76438648521406,4.57685522995282,2.57234482121117,58.8100602203125,54.5967690506793,52.6265658739547,57.4676446117146,51.1972955427109,54.758269564897,18.035257327911
83.7717485528074,-176002.4908,-230371.3352,-168910.9024,-239826.7864,-171274.7652,76.8355426014182,69.0402463580841,67.2005756742792,77.1522833998475,67.1813590312846,2.69374299611043,4.37122016823618,3.20725340424401,3.38253478113784,2.99454602062007,61.2232316207667,56.4472146855348,54.6162790923,60.2104676294014,53.5145562708735,54.8617000288457,16.6492973703485
83.8272835128285,-176002.4908,-230371.3352,-168910.9024,-239826.7864,-171274.7652,81.2177333948324,73.0026204222149,67.2526420207112,81.4597811635498,67.7984305244092,2.20535826093798,3.81495756637694,3.5239666324153,2.84123263430225,3.25440840713932,62.1480184636442,58.5733867889396,55.7993474062541,61.2902672676075,55.2229130414135,55.1592060716404,15.6399235011718
83.7555778567777,-176002.4908,-230371.3352,-168910.9024,-239826.7864,-171274.7652,82.9897121354529,77.0737743285086,67.6175110857432,83.1240290133775,69.5087019088195,2.04954478479971,3.23620878827346,3.69646703822136,2.67112647446873,3.29263879466004,62.4702515854176,60.0640825478828,56.6986992485926,61.6700538284093,57.0791970730138,55.4518986137537,14.9459858804233
83.7512658306914,-176002.4908,-230371.3352,-168910.9024,-239826.7864,-171274.7652,83.5900729207392,79.981756650431,68.6426183957475,83.6523622174701,72.0258783367645,2.0045752925737,2.88686345805333,3.71147339976976,2.62699255350491,3.12315565603049,62.6102905633339,60.9136868140405,57.7679538878267,61.8379566064964,58.9218661362312,55.75597306278,14.3530603599322
83.7972376500358,-176002.4908,-230371.3352,-168910.9024,-239826.7864,-171274.7652,83.773350655479,81.7210359118748,70.3799100068317,83.7999798738063,74.6131518561374,1.99530515238625,2.70971488737815,3.55173512929319,2.62216863928812,2.86042989412484,62.6960967292148,61.4063842550925,59.0161605763947,61.9454430448091,60.3055577756645,56.1322973410674,13.7393537024706
78.3874798735068,-176002.4908,-230371.3352,-168910.9024,-239826.7864,-171274.7652,83.8189324857879,82.6698709053126,72.449828815732,83.8299480557788,76.8257786304315,1.99685377193293,2.62519858251303,3.27326836436855,2.62819337641425,2.61621699430826,62.7580245974156,61.7012042326415,60.1193311113818,62.0255094579809,61.1826305621232,56.5864292417732,13.139731089537
78.3632942395644,-176002.4908,-230371.3352,-168910.9024,-239826.7864,-171274.7652,83.1221992870103,83.1350002380765,74.4491154445798,83.0497916367313,78.5657288625557,2.06148636868208,2.58677160499061,2.97702763812205,2.71882756235345,2.42542061128358,62.7216019335025,61.8548400878401,60.8916235571249,61.9722205937341,61.6920082260638,57.0991363875964,12.7695337854318
78.3260336684737,-181103.1798,-246137.1012,-172620.4944,-257447.3484,-175448.0562,81.3989828045788,83.0891104541848,76.2000669345122,81.211664703638,79.8875451015347,2.28132597444599,2.73768010012977,2.74962891357395,3.11441865909339,2.31852637637692,62.4300338378832,61.6059130025359,61.1989772381776,61.459442246456,61.8057702300157,57.6685588404116,13.20158002362
78.3543644210693,-181103.1798,-246137.1012,-172620.4944,-257447.3484,-175448.0562,79.8877280823516,82.465134140873,77.6478386737962,79.7068635757908,80.8015042965354,2.44929080747939,2.80629244420971,2.55611947605743,3.32277428608767,2.2244615245685,62.2196113142177,61.5071893365493,61.5111007980777,61.1932105609654,61.9551131549945,58.2431693306561,13.3589385384027
78.3770567856434,-181103.1798,-246137.1012,-172620.4944,-257447.3484,-175448.0562,79.0219314079059,81.5049263198346,78.8020308928429,78.9098592927205,81.3236952814282,2.55432387702758,2.9173635136628,2.41446124786113,3.44076427360091,2.17213558624205,62.0803225638384,61.3449010521244,61.7185386642155,61.0310726954532,62.0233015873789,58.7750031746538,13.4990484983944
78.3816797980557,-181103.1798,-246137.1012,-172620.4944,-257447.3484,-175448.0562,78.631373404244,80.5225016166453,79.6757034773283,78.5786300029164,81.4850212776059,2.60337651966981,3.03867636298498,2.31464528589016,3.49032054272638,2.15507751821643,62.0089771973551,61.1673235308939,61.8555086441943,60.9536899934927,62.0318593300848,59.2309713434054,13.6020962294878
78.3821832041407,-181103.1798,-246137.1012,-172620.4944,-257447.3484,-175448.0562,78.4800541223372,79.7147651255347,80.2791115660546,78.4603367377017,81.3485982427209,2.62187886116632,3.14396406256434,2.24882205645708,3.50669271629795,2.16586494663,61.9749605321577,61.0077694410591,61.9373179831771,60.9176846845857,61.9923258045171,59.6083555221566,13.6872226431157
78.331358396181,-181103.1798,-246137.1012,-172620.4944,-257447.3484,-175448.0562,78.4263682101519,79.1391335543279,80.6272729690913,78.4213030174157,81.0019700444807,2.62748272825707,3.22133826190561,2.2112363095265,3.51037780174959,2.19655565817201,61.956476507241,60.8814662841587,61.9737126117227,60.8970666948891,61.9161472858556,59.9197598075643,13.7669907596108
78.4041979237809,-181103.1798,-246137.1012,-172620.4944,-257447.3484,-175448.0562,78.4083103914019,78.7683534670911,80.7481172561217,78.4089448092635,80.5391969208732,2.62831476604158,3.27116692775153,2.19689677195393,3.50972618655386,2.23907579678322,61.9436325130985,60.7887995496259,61.9728017789761,60.8814549398575,61.815814697031,60.1770537699284,13.8451804490841
78.3690286584916,-181103.1798,-246137.1012,-172620.4944,-257447.3484,-175448.0562,78.4025772112457,78.5467772362201,80.684114264127,78.4052495039454,80.0437422333501,2.62750364889299,3.29971893374204,2.20083513385702,3.50767656698596,2.28591316394512,61.9328166444449,60.7227978817605,61.9423969361822,60.8675179017209,61.7039939731959,60.3877970702681,13.9216474474231
78.3622557002022,-181103.1798,-246137.1012,-172620.4944,-257447.3484,-175448.0562,78.4002835467514,78.421837538846,80.4867025090087,78.4035753721707,79.5773521447119,2.62627776518479,3.31413393626153,2.21804862230288,3.50537145424839,2.33098312452484,61.9228352892484,60.6753845343299,61.8904330001227,60.8543110553589,61.5922060789839,60.5574374381922,13.9948149025224
78.3454117986552,-181103.1798,-246137.1012,-172620.4944,-257447.3484,-175448.0562,78.3986852472349,78.3544641027249,80.2076144435579,78.4021368889338,79.1764607366648,2.62505412436741,3.32016877252487,2.24380043892497,3.50318719936405,2.37027591571376,61.9135562040037,60.6402675723445,61.824771990813,60.841930517325,61.4894599561241,60.6911291755181,14.0624864508951
78.3775156454344,-181103.1798,-246137.1012,-172620.4944,-257447.3484,-175448.0562,78.3976574575882,78.3193161451585,79.8915933752518,78.401174829396,78.8550370026762,2.62389554273544,3.32171896010996,2.27396623429824,3.50116566617032,2.4019549267116,61.9052494021406,60.6133865175085,61.7526125311115,60.8308293945568,61.4013073322693,60.7941024488846,14.1227013300256
70.3892623832278,-181103.1798,-246137.1012,-172620.4944,-257447.3484,-175448.0562,78.3968949290384,78.301453157795,79.5726234810225,78.4004414738675,78.6111291924725,2.62286825258908,3.32111480023407,2.30525992763679,3.49939023841513,2.42591330750143,61.8980273465945,60.5923025598113,61.6798776480431,60.8211816634292,61.3297729949153,60.8714193731707,14.1745465263765
70.3456908501906,-176291.0956,-231263.3864,-169120.7968,-240823.7848,-171510.8964,77.8362198620363,78.278370534453,79.278320909153,77.7744710519307,78.4349295907861,2.64434372825004,3.17404653345168,2.30573850321189,3.42269061939345,2.41182745691285,61.9061746762937,60.8683962784067,61.7519700351182,60.9618172377186,61.4427136140046,60.9339011750387,13.9586468412199
70.3924907794119,-176291.0956,-231263.3864,-169120.7968,-240823.7848,-171510.8964,75.2712256330484,77.9641540500576,79.0172823083763,75.0388663752914,78.3023306528258,3.01626081962276,3.18455732440917,2.30931199571338,3.87832161352052,2.39635805221599,61.3054190941673,60.6116422860752,61.5180521887235,60.2013881485237,61.2004234446366,60.9968732078434,14.7848098054818
70.3570889462295,-176291.0956,-231263.3864,-169120.7968,-240823.7848,-171510.8964,72.6208274594345,76.8921051371459,78.7884487727236,72.3889733952861,78.1348861670784,3.46614941487758,3.28416865130957,2.29319571767911,4.36920369819117,2.36549005650821,60.4677117002439,60.0659082203549,61.1662363642849,59.218492806149,60.8098109955131,60.9628670371617,15.7782075385656
70.324652832128,-176291.0956,-231263.3864,-169120.7968,-240823.7848,-171510.8964,71.1693280206715,75.2193690973399,78.5690500673833,71.0462284104579,77.7913767889867,3.72665375451347,3.48091278241673,2.27596054719901,4.61100543950057,2.35224778628645,59.8657517153493,59.3442030449114,60.8133898997249,58.5664095830817,60.368767961158,60.7292738648686,16.4467803099162
70.329711973304,-176291.0956,-231263.3864,-169120.7968,-240823.7848,-171510.8964,70.6247615861375,73.5102199675374,78.3053107263926,70.5798759423877,77.1650574690977,3.81073933118081,3.70668187185862,2.26885624092353,4.6706144256456,2.3714077283475,59.5706034775047,58.6019892789464,60.4940535377864,58.2593315229971,59.8832157357265,60.3678533679351,16.8282995979561
70.3784304456306,-176291.0956,-231263.3864,-169120.7968,-240823.7848,-171510.8964,70.4649160013685,72.1750208844767,77.9228921502186,70.4527073713369,76.2564996376404,3.8191232033249,3.88784406157704,2.27699394571868,4.66398107321631,2.41800858034041,59.4350243652502,57.9614702482738,60.1752902705357,58.1146400435187,59.3077206383429,60.0235838425733,17.0659508641773
89.5344657322362,-176291.0956,-231263.3864,-169120.7968,-240823.7848,-171510.8964,70.4901820239504,71.3085621004721,77.3639973046966,70.4952692274273,75.1672936775827,3.79493908445265,4.00021145574345,2.30587706527694,4.62940288884287,2.48141697097415,59.3899998760373,57.4942752693235,59.8386996036199,58.0650457453237,58.6516119014135,59.7459336494614,17.21184746529
89.5119914583487,-176291.0956,-231263.3864,-169120.7968,-240823.7848,-171510.8964,75.1739968750288,71.1130472620315,76.6119522945473,75.4837830605238,74.021094286511,2.97559916092262,4.21084607767496,2.46366677023818,3.71253836472135,2.71877490154704,61.0173471384435,57.9897776350878,60.2090919242885,59.9837378505311,58.9472854826725,59.5375809901051,16.0814252751041
89.5474584992958,-176291.0956,-231263.3864,-169120.7968,-240823.7848,-171510.8964,82.321897584642,73.1872705849838,75.7148796817626,82.7493862616796,73.0474968730613,2.11973827687467,3.9737526656225,2.67205891911331,2.73224035670718,2.99496103794254,62.4493899561218,59.281002861542,60.5912677950632,61.6880940676194,59.3637485613476,59.5747097528452,14.4927512562602
89.5614009707159,-176291.0956,-231263.3864,-169120.7968,-240823.7848,-171510.8964,86.5339481725784,77.237598614211,74.9108151082838,86.8557157814056,72.9376242979875,1.78751664680805,3.32832131403809,2.84944951750763,2.34480824279556,3.11308223245451,62.9680053586305,60.63461373958,60.7287136943901,62.3144712366463,59.7730851093511,59.8259480566315,13.4231779536038
89.527537117877,-176291.0956,-231263.3864,-169120.7968,-240823.7848,-171510.8964,88.4131276614807,81.268061280908,74.4272771089656,88.6083881603298,74.1193070674189,1.66862643992098,2.80194698135235,2.97065831506979,2.20883966131733,3.00391439278132,63.1681033289805,61.546036273777,60.823833782595,62.5564689084388,60.476344023905,60.0853690466537,12.6539857904418
89.5339163058475,-176291.0956,-231263.3864,-169120.7968,-240823.7848,-171510.8964,89.1624388155757,84.3167534666642,74.4450037702965,89.2665783788282,76.1676254896707,1.62620492950568,2.48431589275019,3.00478334493374,2.16332621753445,2.74709154814665,63.2588676768121,62.0731778424257,60.9960534161223,62.666562148915,61.2491954598291,60.3034513940404,12.0257219328707
89.5838653625379,-178078.842,-236789.148,-170420.976,-246999.636,-172973.598,89.4437427453754,86.3546995284041,75.0999149919939,89.4955914282818,78.4336765285084,1.62665862398249,2.35270202548412,2.93876482796959,2.19960671349101,2.4877370118197,63.2847847462606,62.3055675243552,61.2431212543843,62.6634203433688,61.8194591141055,60.5024647174948,11.6054692027469
72.2613310824995,-178078.842,-236789.148,-170420.976,-246999.636,-172973.598,89.3657439804549,87.6082826218895,76.2955408588848,89.3637030303606,80.5242107657988,1.63280694575894,2.25271067998136,2.7741826380786,2.21246369637873,2.26315375498459,63.3052873329744,62.4916788432236,61.616673827722,62.6874580133165,62.2612874035675,60.6915840122304,11.1353177151822
72.1954134791819,-178078.842,-236789.148,-170420.976,-246999.636,-172973.598,86.8072972341366,88.2095378616055,77.7704458899117,86.4916404134812,82.3034378781123,1.79743138226933,2.20619372707688,2.57180615384699,2.4533321114124,2.09019246281801,63.1336844089657,62.5633577992463,61.9364927734985,62.4344720499466,62.5292762544952,60.8758903774198,11.1189558374236
72.2405791405115,-178078.842,-236789.148,-170420.976,-246999.636,-172973.598,81.9928194661643,87.7921449129234,79.2858275542675,81.3435423244669,83.7265341596858,2.20083564410171,2.23520979071592,2.37490574671884,3.01485523964416,1.96103535247943,62.6584840114951,62.4788871542686,62.1391015754461,61.7670721577335,62.650012753801,61.0573954560785,11.7868417736601
72.2477679416995,-178078.842,-236789.148,-170420.976,-246999.636,-172973.598,77.424833780919,86.1054942927609,80.6914201332727,76.7578282524594,84.7301047760072,2.74827445653071,2.36673144270741,2.20536204359454,3.70711006543612,1.87194682950676,61.9417751211333,62.1989197841059,62.2264890881445,60.8370105227138,62.6505227426222,61.2088123499796,12.8994248377756
72.2373432595184,-178078.842,-236789.148,-170420.976,-246999.636,-172973.598,74.461173930926,83.4434366558975,81.8998526161766,74.0307974287766,85.2310465687184,3.21808660461106,2.60594460405988,2.07190742249813,4.21405875132805,1.82395667587262,61.2385047328114,61.7313705249013,62.245568055809,60.0252443174646,62.5705282949193,61.2483953475511,13.9339540583697
72.2589363017379,-178078.842,-236789.148,-170420.976,-246999.636,-172973.598,73.042501159215,80.4314244446377,82.8530018309924,72.8455317414049,85.1704665197639,3.47093913976739,2.93129894061891,1.9754824010937,4.43965872844267,1.81843893881049,60.7830829123979,61.1292506564145,62.2393744749749,59.5516667698022,62.4411888398292,61.1176771316157,14.6358181487332
72.2237189140414,-178078.842,-236789.148,-170420.976,-246999.636,-172973.598,72.5081594277169,77.6730972896275,83.4936353883874,72.437691316679,84.5403501525251,3.55827929484304,3.28713776811695,1.91278924476145,4.49827952941513,1.85440424166467,60.5496561462782,60.46042000976,62.2043803509907,59.3170696945745,62.2518961813854,60.8867489871843,15.1108900788012
72.247169229127,-178078.842,-236789.148,-170420.976,-246999.636,-172973.598,72.341153030359,75.5271256927285,83.7478439296236,72.3209779935049,83.3940424516561,3.57085349289741,3.60090324571578,1.88308787036524,4.4927631914009,1.93003350303617,60.4247597343884,59.8142787440142,62.1227999232502,59.1842465118906,61.9789719260877,60.6703940170907,15.4776413034155
72.2006262708082,-178078.842,-236789.148,-170420.976,-246999.636,-172973.598,72.2971598485541,74.067760457191,83.544375937368,72.2934005492173,81.8468306413558,3.55911560344523,3.8236310591692,1.8884423090512,4.46929135474267,2.04181624625613,60.3414665346123,59.2701922029581,61.9806470009115,59.0876775449913,61.6041649950151,60.5113153446741,15.7822965726644
72.2070938354514,-178078.842,-236789.148,-170420.976,-246999.636,-172973.598,72.2883164334802,73.1787900422997,82.872432938682,72.289199101025,80.0663443777598,3.5416548587097,3.94958182977494,1.92934767914538,4.44278069749109,2.18091197185299,60.2736802475142,58.8531110171141,61.7658908132346,59.0046758092849,61.1147295864887,60.3880249818137,16.0442770369741
72.2936947071652,-178078.842,-236789.148,-170420.976,-246999.636,-172973.598,72.2890984701714,72.6833587023602,81.8258879669438,72.2911893235996,78.2496403233213,3.52371358036058,4.00133682449186,2.00089311567623,4.41692792845448,2.33035079936885,60.2132887730332,58.5429741112064,61.4740472086963,58.9289102436768,60.5133391641037,60.2703584237477,16.273222248352
72.2405035611354,-177650.9453,-235466.5582,-170109.7784,-245521.4474,-172623.5007,72.2918208147035,72.4273548569893,80.5856371054757,72.2941410307624,76.5839775530383,3.5036102273155,3.99825979322576,2.09051041893919,4.37901524202053,2.46792014542713,60.1759042198296,58.3551300713819,61.1418221130617,58.8968338101923,59.8702486295794,60.1483253950191,16.4393158269281
72.2930938550026,-177650.9453,-235466.5582,-170109.7784,-245521.4474,-172623.5007,72.2947836953909,72.3034243761313,79.3374748777074,72.2971118300137,75.1985480151087,3.48968431734606,3.98425802955681,2.18757526870048,4.3593101722431,2.57753461081271,60.130517408008,58.1817459747483,60.7564009338087,58.8392457450408,59.1956015784723,60.0271710336478,16.5983623986592
91.0480471325031,-177650.9453,-235466.5582,-170109.7784,-245521.4474,-172623.5007,72.351865724567,72.2475143751113,78.2017557673827,72.3610107882416,74.1410501862326,3.46900606212622,3.96623633993369,2.28089488661043,4.3322758573096,2.65524958548993,60.115089963765,58.0616702298605,60.3809004249549,58.8191647809237,58.6064847951599,59.9076890689027,16.7036627314699
91.0487049025098,-177650.9453,-235466.5582,-170109.7784,-245521.4474,-172623.5007,76.654018348834,72.4972640670605,77.2066826513974,76.985348349509,73.3803872072248,2.78166558309341,4.04848814439094,2.44356679365755,3.53214804421747,2.85285999729654,61.3935752700169,58.5996290599081,60.5721883821714,60.3759050910498,58.9218619537948,59.8072075705243,15.6587285626559
91.0408506645788,-177650.9453,-235466.5582,-170109.7784,-245521.4474,-172623.5007,83.5392927413445,74.6109536303751,76.3715459026516,84.0147123669711,72.9874724024936,2.02803361524259,3.78460518598857,2.62428023010032,2.64728693167998,3.05445400221741,62.6079585780186,59.7443010215819,60.8825377703099,61.853528470038,59.4832100087998,59.8667261851417,14.1386599652289
91.0318324844958,-177650.9453,-235466.5582,-170109.7784,-245521.4474,-172623.5007,87.7804277841122,78.4909274738316,75.818087273371,88.14720568154,73.415278681662,1.71859236928047,3.20308327372198,2.75499284627281,2.28142822391404,3.09083692002678,63.0803010676913,60.9252241332031,61.0639662670101,62.4321680985218,60.0699779159863,60.0884132950764,13.0489336332161
91.0511587449602,-177650.9453,-235466.5582,-170109.7784,-245521.4474,-172623.5007,89.750023454904,82.3972750221719,75.5634107522785,89.9773110282274,74.902674681769,1.60308411796061,2.72339594250137,2.83191143697385,2.14796690123189,2.92838157198366,63.2701595354085,61.7376237083596,61.2100318666016,62.6645007203675,60.8170279511515,60.3236318517406,12.2347399706514
91.0312585206087,-177650.9453,-235466.5582,-170109.7784,-245521.4474,-172623.5007,90.5712642238117,85.423231457826,75.657204608905,90.696058564552,77.0490080697612,1.55981944378939,2.4244853386263,2.84638994509554,2.10084653545232,2.65774732261543,63.356928959484,62.2164874676114,61.3768359280062,62.770643009019,61.5290419825334,60.5260471015743,11.589288585579
91.0893675207314,-177650.9453,-235466.5582,-170109.7784,-245521.4474,-172623.5007,90.8946430994283,87.4911083967716,76.2345709612607,90.9588286187887,79.3175166622134,1.54406969279784,2.25101823886884,2.77956985502019,2.08546205340995,2.39209137775926,63.4027173831844,62.4960152473697,61.6109061693311,62.8274068914159,62.0739662280948,60.7087240509996,11.0522112178561
81.5403508447791,-177650.9453,-235466.5582,-170109.7784,-245521.4474,-172623.5007,90.9325870682066,88.813778966941,77.2843881759744,90.9521412750171,81.4030705474329,1.54323151204004,2.15160200745094,2.64187481961434,2.08804709163383,2.17717862478518,63.4257295656753,62.6637705700874,61.89853509778,62.8555467317383,62.4573819181952,60.8845827715587,10.6019340555243
81.5633624578759,-177650.9453,-235466.5582,-170109.7784,-245521.4474,-172623.5007,89.7204350924682,89.5670870923534,78.6295610784108,89.5783623347423,83.1975829101619,1.61075739808244,2.09828200789642,2.47029291327904,2.18810717504104,2.01354476618903,63.3667151929746,62.7525739097638,62.1750355413512,62.7665986377436,62.7122433199817,61.0576110976663,10.380984260488
81.5831883666919,-177650.9453,-235466.5582,-170109.7784,-245521.4474,-172623.5007,87.3501334837195,89.6756537130033,80.0696063791145,87.0368795584084,84.6764172748622,1.75861775247752,2.09088122918106,2.30065383287495,2.39570099568423,1.89193720235477,63.2121710212689,62.7662292195009,62.4018037550346,62.5484260215962,62.8743467494382,61.2279530091687,10.4377910125725
81.5309704701393,-177272.1515,-234295.741,-169834.292,-244212.887,-172313.5785,85.0360472271445,89.0862043104468,81.4607747737114,84.6870932232762,85.8225624602361,1.9249887613173,2.12371302219173,2.14984153398883,2.60835607021374,1.80257009504028,63.031276140559,62.724523228668,62.5841877847635,62.3150196871471,62.980680779834,61.3888755657473,10.6094694827519
81.54321740781,-177272.1515,-234295.741,-169834.292,-244212.887,-172313.5785,83.3867044487499,87.9677478078754,82.7213655580672,83.1114501415223,86.6188200382515,2.06487579582257,2.2084895644047,2.02881750901563,2.77963003876504,1.74610523123033,62.8726681455819,62.6180036648327,62.718743070605,62.1178887691761,63.0382865772015,61.528768985098,10.8279181392383
81.4834466209373,-177272.1515,-234295.741,-169834.292,-244212.887,-172313.5785,82.4213775148373,86.6055938931636,83.8041804164698,82.2485710674048,87.0575138246249,2.15510689674849,2.32057616824908,1.9339939408006,2.88116543757019,1.71601294366701,62.7662332150599,62.4802727051586,62.8208309484801,61.9948455956585,63.0634682182119,61.6374487535154,11.0068553870354
81.5423391847568,-177272.1515,-234295.741,-169834.292,-244212.887,-172313.5785,81.9294755084446,85.2616404582454,84.681649860323,81.8377375278778,87.1551483373211,2.20341174563479,2.44159766476376,1.86269780130666,2.93102208408393,1.70888439466599,62.7052260594004,62.3321274560876,62.8951471327599,61.9285276559676,63.0610124437174,61.7155318713434,11.1476136904551
81.5436033697518,-177272.1515,-234295.741,-169834.292,-244212.887,-172313.5785,81.7036714897923,84.1039785338025,85.3373528634384,81.661572774027,86.953583447782,2.22577461410944,2.55492008508579,1.81227035409155,2.95205030988711,1.72136791380694,62.6725724878902,62.1914945672603,62.9446283799349,61.8941814068175,63.0341804536357,61.7724542924578,11.2663832769808
81.5576457274053,-177272.1515,-234295.741,-169834.292,-244212.887,-172313.5785,81.6089333877238,83.2011848985383,85.7641948073239,81.5928352157587,86.5144140252559,2.23478546402474,2.64945849263271,1.78048281472387,2.95946583787502,1.75000470074026,62.6545694369441,62.0705857380253,62.9716857231589,61.874974963947,62.9864241780718,61.81820069373,11.3741973099966
81.5285449151192,-177272.1515,-234295.741,-169834.292,-244212.887,-172313.5785,81.5718541598081,82.5496551162602,85.9666295474096,81.5678919161907,85.9105194341768,2.2378164943206,2.72096940507543,1.76533373913307,2.96126626344086,1.79105323291293,62.6431631145234,61.974397895135,62.9785283010569,61.8620199614596,62.9217594828177,61.8584217490447,11.4764391348829
81.5415928681896,-177272.1515,-234295.741,-169834.292,-244212.887,-172313.5785,81.5583506371204,82.1077957564555,85.9631575849104,81.559588159776,85.2169481245097,2.23839000703673,2.77071086698881,1.76474970766543,2.96092835323849,1.84042272420752,62.6345094370278,61.9019178832863,62.9674485886027,61.851467310649,62.8448635539551,61.8946285200777,11.575201659137
81.547146303256,-177272.1515,-234295.741,-169834.292,-244212.887,-172313.5785,81.5536395760133,81.8230229360925,85.7857913522233,81.5569259942093,84.5024039433692,2.23805216529058,2.8028526927966,1.77641163795379,2.95987416128257,1.89380881606211,62.6269417563772,61.8488567788339,62.9410464396429,61.8417858796226,62.7609839635232,61.9264237522614,11.6709994733856
81.4948958409486,-177272.1515,-234295.741,-169834.292,-244212.887,-172313.5785,81.5520371511137,81.6471678207836,85.475720151472,81.5560768997015,83.8224578628341,2.2374075505744,2.82223743135464,1.79776559951379,2.95861496638285,1.94705669921735,62.6198864009464,61.8101956446449,62.9023264121721,61.8325459657072,62.6756197414317,61.9532696118231,11.763082247043
69.2718210822565,-177272.1515,-234295.741,-169834.292,-244212.887,-172313.5785,81.5406144108961,81.5425148835046,85.0768849244901,81.5431118267086,83.2155250537975,2.2378030777922,2.83306094102305,1.82614922149321,2.95893485963284,1.9966216258963,62.6118098805046,61.7813284615767,62.8543467818458,61.8217132223232,62.5936444242827,61.9751357897858,11.8525697258376
69.2840477521027,-177272.1515,-234295.741,-169834.292,-244212.887,-172313.5785,80.2368901924551,81.4410784304948,84.6303035709934,80.082622356675,82.7020854732047,2.37780751687233,2.83808878491946,1.85647476156718,3.15058011982243,2.03657066304671,62.4226067668756,61.7149001313097,62.7707708862962,61.5608480827614,62.4847202824753,61.9922126877469,12.2595218462281
69.2974415302067,-176650.8495,-232375.353,-169382.436,-242066.571,-171805.2405,76.560239236592,80.9323013456209,84.1725670222714,76.1528170024099,82.2761090413422,2.85126272069692,2.85767473244642,1.87637358897287,3.74396880385482,2.05399594268747,61.7561043978843,61.5018984744621,62.6023953910568,60.703576481918,62.2893966473727,61.9898277746366,13.3832757886585
69.2837561941227,-176650.8495,-232375.353,-169382.436,-242066.571,-171805.2405,72.7988016105343,79.4905396834554,83.722244881116,72.3888561256825,81.8581492518409,3.48802334712881,2.995020369254,1.88963643072663,4.46423333360266,2.06112323634271,60.6972548096725,60.9511761798959,62.3034683904132,59.4322138022193,61.9405502257299,61.8797941029019,14.8980367170548
69.2492058207002,-176650.8495,-232375.353,-169382.436,-242066.571,-171805.2405,70.5583136118734,77.2049260573282,83.267837603529,70.3314847302592,81.2917624697946,3.91832516186177,3.25167047295389,1.89907895227612,4.86600242235131,2.07493372573413,59.7857319515699,60.1288503024181,61.955558664355,58.4446278133196,61.5067323959548,61.5213993267709,16.0100107351772
69.2383510196722,-176650.8495,-232375.353,-169382.436,-242066.571,-171805.2405,69.6548311303075,74.6938036508578,82.7603878110219,69.5698368962102,80.4236541410269,4.07202306730759,3.57688846965534,1.91393478368899,4.97234456090766,2.11542936106359,59.2888589636303,59.1703195396757,61.6135333291715,57.9372008543079,61.0173686273219,60.9600914288349,16.6506202426232
69.2146631927439,-176650.8495,-232375.353,-169382.436,-242066.571,-171805.2405,69.375982734007,72.5593550943777,82.1148824596463,69.3516533687711,79.1889185979337,4.08839873630415,3.87333432596785,1.94016631312824,4.95974743347176,2.1865242506301,59.0515304238746,58.2239616960063,61.2539386918077,57.6894719113812,60.4136289330493,60.4178936762433,17.0481710595021
76.1940388104597,-176650.8495,-232375.353,-169382.436,-242066.571,-171805.2405,69.5737084506733,71.0662396909897,81.237544770322,69.5935842722564,77.6433905630267,4.01151600958249,4.08855668609622,1.98925548008184,4.8615786183516,2.28895673613213,59.0513828069646,57.4854639822931,60.8913897572124,57.6959108841043,59.7083088217069,60.0070904468971,17.2398635302443
76.1942983167998,-176650.8495,-232375.353,-169382.436,-242066.571,-171805.2405,72.0719917004171,70.4121781118663,80.0732750833076,72.2198885898471,75.9174584469021,3.51072416662351,4.29105913669543,2.10439716924203,4.32173188801114,2.48292477512387,60.0486951455144,57.4723025339861,60.8403560554794,58.8360239608477,59.3834794169388,59.7323632903264,16.710837135696
76.1633968538667,-176650.8495,-232375.353,-169382.436,-242066.571,-171805.2405,74.5004069105146,71.0479422756047,78.6846844333637,74.6455422496276,74.2476836129441,3.08985827702484,4.23990946435004,2.25655270426923,3.87672354913458,2.69863955741875,60.8394315539292,57.9519618559669,60.7486086298384,59.72534641444,59.0353422493048,59.6982554226828,16.1616835521974
76.2224239149169,-176650.8495,-232375.353,-169382.436,-242066.571,-171805.2405,75.6647525937819,72.4871443198258,77.3433993638151,75.7480572230737,73.043702644999,2.91177419974585,3.99200439479642,2.41001217716018,3.69354184666982,2.85886301104593,61.1682721381677,58.5778982782776,60.5494176810691,60.0878922775694,58.6839288446254,59.834049831934,15.8661956294182
76.2517495440944,-176650.8495,-232375.353,-169382.436,-242066.571,-171805.2405,76.0848492365627,73.8915653623783,76.293273384757,76.1222322795825,72.5725752712772,2.8528659621689,3.75094371726346,2.53814554144883,3.63676673596693,2.9321941440658,61.2890339625471,59.0884183381743,60.347103357281,60.2175898454307,58.5719245135649,59.9638212319114,15.7109161009139
76.2011356265844,-176650.8495,-232375.353,-169382.436,-242066.571,-171805.2405,76.2128626645424,74.8952265348549,75.5514929549782,76.2279531885375,72.7428356086971,2.83715323481632,3.58885210147187,2.63466115051506,3.62392068137985,2.92966390625705,61.3351051786974,59.4234907942284,60.1894793804772,60.2669320632221,58.7300930285001,60.0410892636834,15.6142510744401
76.2015246151456,-176650.8495,-232375.353,-169382.436,-242066.571,-171805.2405,76.2469912941452,75.5027729390696,75.0444914614322,76.2535227224694,73.2658547264804,2.83471420499441,3.49675099741786,2.70465857975593,3.62359371710707,2.88315274534493,61.3564327667958,59.6235263564084,60.080051712414,60.2910614015713,59.0270578985437,60.0880300565375,15.5428702446202
76.2037390776665,-155267.0376,-166279.9344,-153830.5728,-168195.2208,-154309.3944,76.2637142173932,75.8057538490241,74.797120728563,76.2666858083381,73.8784427390418,2.60099468180585,2.7671306581238,2.68972150782219,2.77626056798778,2.79601405729956,61.9996153462256,61.4470672625587,61.1311691021811,61.7903728206518,60.691092095537,60.1470882141317,13.6301214730392
76.1849501131736,-155267.0376,-166279.9344,-153830.5728,-168195.2208,-154309.3944,76.2718026645499,75.9740760578301,74.7006511385378,76.2733662520419,74.4330838997125,2.60141047115955,2.74479488272335,2.70853577055935,2.77708163411281,2.72276139060708,62.0099836567552,61.4985456224275,61.1296271137209,61.8013333006584,60.8909432240815,60.3158965444766,13.5545841491622
76.1956648104162,-155267.0376,-166279.9344,-153830.5728,-168195.2208,-154309.3944,76.2640582157455,76.0647113839289,74.6983641384879,76.2649251539318,74.8800473742426,2.60385387625845,2.73371487094348,2.71265226113278,2.77987381416764,2.66462710579241,62.0156222174972,61.530510218287,61.1479343465811,61.8074283018323,61.0424572297812,60.5075655672798,13.4947219282948
76.2139058116913,-155267.0376,-166279.9344,-153830.5728,-168195.2208,-154309.3944,76.2557240130857,76.1093918745167,74.7770337556996,76.2564130492082,75.2171566933183,2.60618896174604,2.72919749101311,2.70420453885262,2.78244946990725,2.62175217494468,62.0200542864349,61.5511336339047,61.1842734869321,61.8122992019574,61.1532729555062,60.6675952647971,13.4437926364637
76.2144415853429,-155267.0376,-166279.9344,-153830.5728,-168195.2208,-154309.3944,76.2504913836403,76.1286038809766,74.9102521507753,76.2511886843239,75.4599714611745,2.60791296299882,2.72821856338731,2.68729511609852,2.78434022184022,2.59163215135078,62.0242323669293,61.5651219088914,61.2319613690385,61.8168833496833,61.2326368610231,60.7947284184642,13.3993990156756
76.2218440958626,-155267.0376,-166279.9344,-153830.5728,-168195.2208,-154309.3944,76.2475995141907,76.1352209224007,75.0667375450371,76.2483276569292,75.6284925027695,2.60914093625928,2.72884035322391,2.66666297249268,2.78569263901809,2.5712530279154,62.0280359831189,61.575057365431,61.2826169443084,61.8210299878909,61.2883955237992,60.89875740116,13.3615899289094
69.3989383101803,-155267.0376,-166279.9344,-153830.5728,-168195.2208,-154309.3944,76.2358180455826,76.1363044981771,75.2215709679145,76.236229128564,75.7417249042747,2.6115143964701,2.72991795345179,2.64591854664752,2.78827282857062,2.55781224111623,62.0291778850659,61.5818883797145,61.3293806505255,61.8222820765585,61.3262736115375,60.9873141828438,13.3334359662563
69.4159525637531,-155267.0376,-166279.9344,-153830.5728,-168195.2208,-154309.3944,75.2325221308351,76.0928868478367,75.3594788511789,75.2090822003113,75.8149221232104,2.76478475432187,2.72908454753285,2.61722269921302,2.95139761699571,2.53916109632729,61.8134502675864,61.5340261120203,61.3149712800847,61.5917990914116,61.2935836263696,61.0647800791535,13.6016507143907
69.4559061805249,-155267.0376,-166279.9344,-153830.5728,-168195.2208,-154309.3944,72.8727515796522,75.6742862887048,75.4722911506382,72.8226724735305,75.8426006513185,3.17428112858632,2.76587013830882,2.57026651139498,3.37930386798833,2.5040106243495,61.1847996302977,61.3090558632107,61.1712045312638,60.929685489354,61.1174164131899,61.1189919711032,14.393732270628
69.4655022707995,-155267.0376,-166279.9344,-153830.5728,-168195.2208,-154309.3944,70.9253464821967,74.6251039650357,75.5517770282293,70.8852736588229,75.7554691126508,3.55960706425563,2.89186105667458,2.51892131419994,3.77045583018074,2.47272587951254,60.5026103107767,60.8857295327494,60.9591798688329,60.2260805193991,60.8439829332581,61.0866379261933,15.2135711448234
69.4221047518766,-155267.0376,-166279.9344,-153830.5728,-168195.2208,-154309.3944,69.956804147442,73.2042264927601,75.5749081076987,69.9381074062755,75.4472062318096,3.75417694408153,3.09142955676838,2.48020167186612,3.96141445860105,2.47088365540926,60.0742530963656,60.351802999296,60.7544987711142,59.7927370246681,60.524602451151,60.9189384110867,15.7581062867264
69.4092756219253,-155267.0376,-166279.9344,-153830.5728,-168195.2208,-154309.3944,69.6050875990722,71.8466338118077,75.4970534342818,69.5988638342654,74.8620333897542,3.81134656651237,3.30167472021209,2.46029237068578,4.01485148615735,2.50461848362746,59.8707733200616,59.8126313037571,60.5567136387756,59.588526700717,60.1404228854766,60.6768488570401,16.092783627195
69.4273350252781,-153966.3118,-162259.5092,-152884.5904,-163701.8044,-153245.1642,69.5028636786013,70.8210660675079,75.2678337757137,69.5013652588977,74.0377158233179,3.80342895433037,3.42463548169115,2.46122317331215,3.95743175117041,2.56749390803072,59.8300029248857,59.4996606235057,60.4249852214999,59.6170959392906,59.7756677930744,60.4594658545567,16.2142132685348
69.417695705595,-153966.3118,-162259.5092,-152884.5904,-163701.8044,-153245.1642,69.4788019707938,70.1568062410589,74.8592456020746,69.4785320961309,73.0860379477081,3.79055399319668,3.52644364304625,2.486482780635,3.94335484085017,2.64305918947655,59.7730864664325,59.162248916261,60.1671821363207,59.5589781068938,59.2317430535617,60.3015011033474,16.3898944472047
69.3772160859808,-153966.3118,-162259.5092,-152884.5904,-163701.8044,-153245.1642,69.4747370299402,69.7746453115224,74.2848160071712,69.4747523671222,72.1417912285801,3.77630467257865,3.57511906462704,2.53252781159797,3.92816400852151,2.71456515984668,59.7323984604292,58.9297794244654,59.8598755771811,59.5168378916379,58.6524405305994,60.1696938868438,16.5266807171719
69.467773327163,-153966.3118,-162259.5092,-152884.5904,-163701.8044,-153245.1642,69.4753598802429,69.5733702715584,73.5957731341038,69.4754438775967,71.3121990985305,3.76389524643636,3.5903990205514,2.59347427927857,3.91497385609833,2.77100213076915,59.7009011737418,58.7746577707438,59.5098178148338,59.4839796481226,58.0975858627306,60.0399925607471,16.6337445331338
69.4006144073436,-153966.3118,-162259.5092,-152884.5904,-163701.8044,-153245.1642,69.4760242973171,69.4743809577204,72.8599815809529,69.4761290646109,70.6513903282675,3.75394895620167,3.58856382688331,2.66142561741487,3.9044000988194,2.80914633861385,59.6756676352722,58.6701459889322,59.1336679163696,59.4576063075909,57.6162127263201,59.9067087527518,16.7174848379331
69.3699719685496,-153966.3118,-162259.5092,-152884.5904,-163701.8044,-153245.1642,69.4768478957271,69.4283104074253,72.1411921340369,69.4769639160133,70.1642725053748,3.74604678934632,3.57982147075613,2.72887081358351,3.89601231907237,2.83153536672349,59.6558176922289,58.5976901927385,58.7541301163882,59.4368721403676,57.2321644116433,59.7711445112917,16.7822867594818
69.4188186500485,-153966.3118,-162259.5092,-152884.5904,-163701.8044,-153245.1642,69.4785919513207,69.4081099576787,71.4870633955866,69.4787171274714,69.8261498824737,3.73968495833467,3.56951128621325,2.79025020288464,3.88928578224413,2.84281174586442,59.6408545291099,58.5462065548539,58.3944874030013,59.4212609690395,56.9453386620468,59.6352194152029,16.8315439755411
76.8484034198132,-153966.3118,-162259.5092,-152884.5904,-163701.8044,-153245.1642,69.4796913357936,69.4001488111976,70.9255072541108,69.4798176254988,69.6021419705059,3.73489586009702,3.5599397279988,2.84240219804248,3.88423219630529,2.8471953025219,59.6293394009656,58.5090411665363,58.0731520016583,59.4092761991287,56.7411621138527,59.499948733511,16.8686652849655
76.8727054191743,-153966.3118,-162259.5092,-152884.5904,-163701.8044,-153245.1642,70.4031563393617,69.4283551326824,70.4651691624194,70.4084498701459,69.4590880110929,3.54099464047336,3.58465887367447,2.92758019571673,3.68786733212019,2.89922576721864,60.0134092775108,58.6123505552656,57.9867534137946,59.8016905374981,56.828915553423,59.3674607045066,16.6403268092034
76.7907268657995,-153966.3118,-162259.5092,-152884.5904,-163701.8044,-153245.1642,73.3782582723595,70.0075816060007,70.0983630688124,73.3930259948176,69.3952303948053,2.98700392748067,3.57185959420646,3.09860612777761,3.1248622541059,3.05188808219809,61.0615557988822,59.1528193278226,58.308686900517,60.8752514301513,57.3968476076755,59.2884622620332,15.8342199857687
76.9303133344622,-153966.3118,-162259.5092,-152884.5904,-163701.8044,-153245.1642,75.4983233742935,71.5256321271582,69.8383294851191,75.5151327661182,69.5571722272112,2.65758463568666,3.33753708162309,3.2407531989229,2.78803093074017,3.15068574617562,61.6549115153211,59.9087763925439,58.5657762923195,61.4850440711738,57.9350288642498,59.337810886671,15.1745915931484
76.8551986958103,-153966.3118,-162259.5092,-152884.5904,-163701.8044,-153245.1642,76.4321495614302,73.2981774632154,69.7472302041436,76.4451926054047,70.144050056508,2.53192161754014,3.04832121723408,3.33127728771084,2.65975063171825,3.1569937630372,61.9016686780486,60.579148193288,58.7809972356785,61.7384299577864,58.5451289998938,59.4454782932583,14.7282645172405
76.8746144649115,-152602.4537,-158043.9478,-151892.6936,-158990.2946,-152129.2803,76.765483561384,74.7073432994871,69.9286092457886,76.77234336555,71.120961812158,2.47731079889522,2.78603097409316,3.36499272007642,2.56143453678323,3.08318549367914,62.0462377327889,61.1524386581656,59.1426868200097,61.9406106377897,59.3308562270467,59.5460605834809,14.2729545235272
76.8567417144652,-152602.4537,-158043.9478,-151892.6936,-158990.2946,-152129.2803,76.87122136695,75.6335474892867,70.4332674217928,76.8744977568936,72.251265299444,2.46911941184215,2.66062095461128,3.3255501652075,2.55384347648601,2.96070286184166,62.1031439431177,61.4397240075355,59.5194189940124,61.9986790941552,59.9734095992104,59.6419638429731,13.9698368699886
80.271268400233,-152602.4537,-158043.9478,-151892.6936,-158990.2946,-152129.2803,76.9062558964687,76.1776865416404,71.1893107204129,76.9080152259795,73.3185441949968,2.46997686964728,2.59446217888104,3.23086724806697,2.55522056994087,2.83490307739715,62.1433052426113,61.6219206148894,59.9556240179431,62.0402136372882,60.4958544886749,59.7453527539685,13.6854299439333
80.2603663155893,-152602.4537,-158043.9478,-151892.6936,-158990.2946,-152129.2803,77.4294876201754,76.5013781261185,72.0555000305147,77.4401721735288,74.2145395000077,2.40519125045367,2.56215973283485,3.11490026068652,2.48806525875383,2.73256200567312,62.26888588595,61.7621002826497,60.4035858745039,62.1710741000114,60.9116089778489,59.8626249038816,13.302878508402
80.2472913686848,-152602.4537,-158043.9478,-151892.6936,-158990.2946,-152129.2803,78.5381128287075,76.8812626987273,72.9096025231886,78.557417453201,74.9267291312674,2.27067687559169,2.52336712246484,3.00085968995116,2.34963458634874,2.65643104143387,62.4794005413108,61.9153927524183,60.8148849448917,62.3887277897331,61.2425483857588,59.9951979822873,12.8009693157903
80.175853292688,-152602.4537,-158043.9478,-151892.6936,-158990.2946,-152129.2803,79.4204309765215,77.4688288294046,73.6830759858032,79.4378858238904,75.5145684003166,2.17209130688711,2.45430283942598,2.89400720629363,2.24907092705861,2.5921274117237,62.63285555225,62.0818180763088,61.1417974557689,62.5462387032244,61.4909203556443,60.1450221226618,12.361599691389
80.2458511995271,-152602.4537,-158043.9478,-151892.6936,-158990.2946,-152129.2803,79.9080762286173,78.1485927123925,74.3620116778735,79.9199344466254,76.0591146110579,2.1213437724261,2.37342361925054,2.79862405202276,2.19778288516306,2.52952652557782,62.7189024998024,62.2372383821756,61.3932992794282,62.6340993872607,61.6884084170768,60.310182931453,12.0207008544403
80.2651013851819,-152602.4537,-158043.9478,-151892.6936,-158990.2946,-152129.2803,80.133763780428,78.764996959394,74.9668984285789,80.1407379142689,76.6048274121796,2.09936615200463,2.30243083839255,2.71367172180766,2.17585268912014,2.46489722965279,62.7646418633421,62.3630344978566,61.5921964886264,62.6806806966152,61.8573231058517,60.4851287342331,11.7562186309778
80.2363553302674,-152602.4537,-158043.9478,-151892.6936,-158990.2946,-152129.2803,80.2268222565066,79.2433848031548,75.5255500892461,80.2306627342802,77.1496831423304,2.09121744934442,2.24956798548371,2.63601501605981,2.1679013491907,2.40023186667671,62.7900192811857,62.4559907678148,61.75683093517,62.7065662326539,62.004861921666,60.6639303401064,11.5449336667553
80.2155370783573,-152602.4537,-158043.9478,-151892.6936,-158990.2946,-152129.2803,80.2613711666429,79.5790891862066,76.0557881865413,80.263514243229,77.6685689124694,2.08893821035412,2.21391629868243,2.56358188895187,2.16580991404318,2.33961031399287,62.8055429080414,62.521360217828,61.898038594663,62.7224954294855,62.1313308127952,60.8413923072298,11.3718566260245
80.265590308623,-152602.4537,-158043.9478,-151892.6936,-158990.2946,-152129.2803,80.2723746766492,79.7990610046002,76.5617154104103,80.2736925290601,78.1361411468167,2.08888590440334,2.19142382281629,2.49604556194585,2.16590202071154,2.28626381844853,62.8161093220379,62.566253827635,62.0208949240405,62.7334196607875,62.2363651823663,61.0132664966903,11.2285211283256
