66.9109069781773,-143004.2958,-150378.4764,-149286.0052,-142184.9424,-142458.0602,66.8193145423892,66.8188606320866,66.5320742594153,66.6314849201635,66.1636453991463,58.5268659363033,58.344044096314,56.9890053595456,54.8920718192877,53.6281401669846,4.12069843579392,4.239941970532,3.73796796445989,2.89408817450079,2.7154994651949,57.476522347888,17.7081960104815,64.7401594111806,67.3994096660093,66.8622541790428,69.3810487424454,68.0810992243863,58.9327389875355,55.0370503071427,56.1102180568666,59.1876425295559,57.7374508031382,3.71854857971568,5.03740907904901,4.25553294063447,2.47316601111722,2.8996161624736,56.6547426958518,19.5919423809655,68.9888145942843,69.1957480380962,82.2042801039973,71.8015540147079,69.1330234486536,57.7907489014008,59.8128847046139,58.0528248076,56.5523191112773,56.0377839380399,3.95048518279875,3.70341889579272,2.9836915157197,2.77514179782255,2.61874069845368,57.62514954518,17.7390254212446,68.5559317715722,69.0127244714515,80.6411267761094,71.5549359415789,69.0258460224198,57.9071028700545,59.3262891618632,57.8548983914904,56.8208243655047,56.2109579327571,3.9268538530942,3.83933518250263,3.11327565054166,2.74437438429849,2.64735826294303,57.5262776814931,17.9278136116736,68.5559317715722,69.0127244714515,80.6411267761094,71.5549359415789,69.0258460224198,57.9071028700545,59.3262891618632,57.8548983914904,56.8208243655047,56.2109579327571,3.9268538530942,3.83933518250263,3.11327565054166,2.74437438429849,2.64735826294303,57.5262776814931,17.9278136116736
70.9999991911506,-143341.0014,-151541.6412,-150326.7316,-142429.8192,-142733.5466,67.4813818787705,67.4796812272929,66.6512862517534,66.5093556803932,66.2265757835546,58.8657686849966,58.6639699707035,57.1077498686481,54.9673796147466,53.8600907166399,3.97547273422783,4.10751508295366,3.76384230454703,2.94866402530771,2.75793684835349,57.3584445315963,17.5534309953897,64.8082538449764,67.4949660243048,66.8646427520892,69.2769420301659,68.0636610344968,58.9485383010397,55.0737270418603,56.1003379868712,59.1287161373617,57.7604274673257,3.71239968570402,5.02205541548476,4.25427707991819,2.48798157037292,2.89819775540095,56.6295229865842,19.564711794798,69.0414544912212,69.2678971953376,82.1914800922041,71.6893897708267,69.0565752545379,57.8161594835169,59.8501177709136,58.0643913067678,56.5545065670416,56.0206368326948,3.94023128361103,3.68730163479817,2.98297495412729,2.78175925562014,2.62142743395173,57.5833171818081,17.7335651123684,68.610146285241,69.087258518694,80.6298742839889,71.4435926555946,68.9554101818835,57.9315341886372,59.363465545195,57.8642797636011,56.8167851133177,56.1978989187878,3.91701820065781,3.823295722176,3.11250414136773,2.751827122237,2.64962673769103,57.48613793197,17.9201351940833,66.8773845496092,66.8640189725541,66.5701930258584,66.4790638828741,66.2236129078973,58.5600598205397,58.3732234936769,57.0371084646548,54.7980283724794,53.6292783465563,4.10715899304226,4.23403858610649,3.72364608429654,2.90508206718737,2.71384761696394,57.3678594801692,17.7054024311541
75.9999973412391,-143341.0014,-151541.6412,-150326.7316,-142429.8192,-142733.5466,69.9181568388871,69.9152670934722,67.1340349078108,66.4382387924803,66.321367893787,60.0089995521868,59.8201540056868,57.690679626858,55.5776349785777,54.6837011502195,3.45651343999477,3.58695010531564,3.80377153088444,3.13365722467187,2.93065488144421,57.2961703048259,16.9115471823109,66.9155217476344,69.4746646492975,66.8552804490313,69.1870162578222,68.0649363606856,59.3829764037627,55.5984264367817,56.0808103532821,59.0637064340052,57.780392432012,3.58598463092341,4.75007858830114,4.25445179889222,2.50016978434905,2.89600235033192,56.6111625440472,19.5351055744836,70.1369850120125,70.2975610652589,82.1739854351275,71.5938517904621,68.9975665510605,58.3753396960971,60.4293473523925,58.0740995067797,56.5584942031855,56.0015730361563,3.70184336890922,3.4376155289443,2.98287610179418,2.78744025248051,2.62368927073885,57.5514904156908,17.726021682958,69.8087597145835,70.2137186002932,80.6132082082424,71.3486264863902,68.9025436386431,58.4780047991672,59.9371392083744,57.8710092116014,56.8137428160367,56.1828116464901,3.69003886716133,3.57133848111495,3.11243316240031,2.75817112006866,2.65143443938056,57.4556832094551,17.910343852618,68.239069188424,68.2260986161748,66.6974039598715,66.4120656170824,66.3029572946583,59.2618753009512,59.057070373081,57.1527051536182,54.9295039153409,54.0552111266173,3.80704995264286,3.91270387939539,3.7472212848722,2.95678711030287,2.73511195494699,57.2602220283799,17.5765075666668
76.0000154476323,-143341.0014,-151541.6412,-150326.7316,-142429.8192,-142733.5466,73.10452200294,73.1075347712188,68.5488790034585,66.4272748932279,66.5681715293596,61.1640020818518,60.9978049385465,58.7195360222514,56.3257523063174,55.7092887305265,2.86847939343165,2.99021261859271,3.65440152433306,3.36913661410161,3.14083736628245,57.3641857634302,16.0230675167415,71.2534390840208,73.3851295245181,67.1829236211279,69.3849348647901,68.0693415638673,60.3354307204422,56.6993233783281,56.1613139651908,59.1469400582381,57.9994242950307,3.25760441055842,4.20020526852047,4.19920115523527,2.49368384650264,2.87160332890909,56.6754142987674,19.301846106144,72.5202461488454,72.4360004671017,82.0777324370916,71.6924845099442,69.0303542570357,59.5978447563437,61.2254381218698,58.2684499648787,56.6720930523859,56.1830381094678,3.17826907105352,3.08627669579078,2.96198999510479,2.79596760575378,2.61611010510477,57.6460500053612,17.4691303602316,72.3911749499791,72.532704399943,80.5601447284789,71.4573751492423,68.932439535941,59.6729951934518,60.7642857709106,58.0537601536154,56.9242478429028,56.3681042881186,3.18635231250891,3.19977156042007,3.0880457553882,2.76516881382427,2.64214154873523,57.5471548240892,17.6558603091516,73.9666554739185,74.4633692635738,67.3677878665273,66.5679540451215,66.4707683835664,60.1453807645577,61.629615882934,57.910667018984,57.2811549252344,56.4007158580866,2.49211915668464,2.72584833621997,3.7681563073088,3.74311740447086,2.79733263711674,57.3382831445554,17.0155585096625
81.000010107249,-143341.0014,-151541.6412,-150326.7316,-142429.8192,-142733.5466,75.4948158441246,75.5117530948078,70.7281190912428,66.5338016800468,67.2054497123513,61.8309363050024,61.6837071466155,59.8388643792948,56.9612111445484,56.7727370635129,2.50669183978344,2.61863947292847,3.29869829698287,3.55529775137955,3.26913871767133,57.5226327949701,15.2484660787457,73.4717596510256,75.3970765821275,68.335080883751,70.0743680333704,68.2384753255575,60.8904092706958,57.5695384231674,56.462837116367,59.4545886805183,58.5265220367518,3.0100756269086,3.85771788520526,4.00641451298137,2.45800041950511,2.80506134048692,56.874690627989,18.6131420707507,74.1684806594218,73.8624244092398,81.8404782094762,72.134749029472,69.2386397031931,60.4505884901898,61.5821619356816,58.8193162335407,56.9896562918321,56.6736551525587,2.81018112707848,2.92355417370894,2.90014286747643,2.80198239691349,2.59249766741299,57.9191305748444,16.7887806659539,74.0974938309409,74.0187855484357,80.464453499479,71.9248229462724,69.1367359335747,60.4954005195844,61.1733276769058,58.5792215946627,57.2408009115349,56.8624382409413,2.83054778231452,3.01873333202613,3.01285759059565,2.76693509772696,2.61415514697788,57.8127156993454,16.9746594159396,74.1093112785342,71.9104556653006,73.1321759610253,66.9313541733055,66.8866728833102,61.0909804850908,61.4280823549153,60.6715918881264,57.5751924319397,57.5772323000828,2.50197187880287,2.72910597735904,3.62756371117243,2.65529178174998,2.6236897876637,57.6517585814963,14.2928590584253
79.7836386622114,-143341.0014,-151541.6412,-150326.7316,-142429.8192,-142733.5466,77.9112687534709,77.9476671537875,73.0888594495308,66.8983589434151,68.3884239126176,62.3562704775488,62.2279897583519,60.8074747114974,57.6733162000137,58.046243407668,2.20193758513748,2.30352481431452,2.9247814265175,3.68924140000096,3.29775571353978,57.6872842400127,14.4172409395102,77.8956206967271,78.8015590248863,69.6036395939015,70.8878731243132,68.6413315352956,61.8973873230171,58.7913148677718,56.8446425595619,59.7949541685806,59.0514832295808,2.63339953572315,3.32735485571253,3.79821119037778,2.41333775285424,2.72599091810218,57.2007467626406,17.7869403153742,76.5741557883805,76.3012869193338,81.6070111946244,72.6633197655203,69.5316726957651,61.6113574189873,62.0512695242835,59.4582548987837,57.3594887727599,57.1730191999817,2.34199176151294,2.70320571529838,2.82530184902781,2.78618281000981,2.56640182816462,58.2411092452896,16.0324615433689,76.7087959121342,76.5560321975348,80.3840234122203,72.4824247951125,69.440958486654,61.6405001540176,61.7191224535501,59.1919617217386,57.6076310883221,57.364410305273,2.3716824317189,2.76679841229349,2.92442868417354,2.7481947375916,2.58266188522949,58.1351098104746,16.2112201600329,77.2517617647481,77.0088514939697,74.4644510060942,66.3571513770248,68.5455193063135,62.5595600616196,62.0390927072309,60.2718014987995,57.2762193873851,57.5080877974374,2.25901202772038,2.52201480342939,3.16672288249053,3.39032131913397,3.03172069631291,57.7342300379648,14.4898182787865
80.9999990219772,-143341.0014,-151541.6412,-150326.7316,-142429.8192,-142733.5466,79.3061760733078,79.3409357716271,75.3268152710057,67.6741678316626,70.0049695143069,62.6280409366087,62.5090742951026,61.5237307063392,58.4825848566919,59.2955982937447,2.05365498359193,2.15131683467738,2.60234339690026,3.70267120455858,3.18468602387905,57.8477847856692,13.6946724436072,79.4212536272875,80.187768081538,72.0199537915986,71.9940813693414,69.4527430864215,62.3202495873536,59.5150304089147,57.4740823863986,60.2223674887272,59.6902204239368,2.41489588465309,3.06703939089501,3.3936596214836,2.35166838109067,2.61832288473771,57.6160433781253,16.5193251723894,77.6866498503319,77.5204026179129,81.2981269447471,73.4846385570866,70.0553147406013,62.1068673861721,62.2204380168758,60.3383837567402,57.904929761346,57.9111992716253,2.15947653723419,2.61990728099771,2.72126298739471,2.76204308531374,2.525451483279,58.6404069742527,14.9824535367483,77.8633834629446,77.7921725407089,80.3528015156279,73.3327701245974,69.9939205094137,62.128608263128,61.9447920932954,60.0465486209489,58.1410465892961,58.0924584383235,2.18550045381977,2.66546423996847,2.78977147782342,2.72023122893147,2.53491387377201,58.5360376183354,15.1390408103939,77.3351585977896,77.4621369356686,73.2736019127316,67.8519635456197,70.4742845367088,62.7172947818383,62.2535686284784,61.5861804696064,58.4086679004539,59.3004435434658,2.34750355319479,2.43422295238504,2.73734407469179,3.70436301269124,3.1751010150827,57.9574931499229,13.4874577137075
81.0000010988388,-143341.0014,-151541.6412,-150326.7316,-142429.8192,-142733.5466,80.0981702983754,80.1269371376456,77.0586478452244,68.8942832570197,71.7763184781449,62.7878694041412,62.6749133245968,61.9985309136121,59.3905291331569,60.3455768079953,1.97865626656498,2.07486921524429,2.38513194398352,3.58104904253371,2.9837070799808,58.0355922344928,13.0034135483073,80.7390058216537,81.4188792550639,73.9463344514886,73.0996794263015,70.4948824151805,62.6593732064947,60.1037010117213,58.0772240293565,60.6007511888957,60.2078026525584,2.2567808223724,2.84645311009626,3.0793935673154,2.28871980209421,2.51492846852153,58.0976086605674,15.4534083750913,78.5768080829999,78.6697636884814,81.086205545711,74.243297052734,70.6529997440226,62.4520557684941,62.3715592027804,61.0845214276317,58.4117034930411,58.5499394473286,2.05567760060083,2.54481403932868,2.62934541602818,2.71181048856099,2.48626797441187,59.0086517273471,14.0377995045348,78.7971079708544,78.949862885789,80.3587453448082,74.1267772588467,70.6368896403124,62.4731787247923,62.140493886122,60.7781168524435,58.6347390430668,58.7188541916469,2.07616740891551,2.5755471458687,2.67519948177123,2.66870303862028,2.48918810679631,58.9158282626592,14.1820316762064,79.2138132159168,79.4093338389729,76.8018099894788,68.5805059710842,71.7913940074422,63.0382045879195,62.6239224737404,61.8672915161743,59.1887635738976,59.9268071575539,2.06486567679899,2.18591711002383,2.409453107251,3.49977348534548,2.95276348462468,58.0523568133764,13.512314817601
81.0000018941626,-143341.0014,-151541.6412,-150326.7316,-142429.8192,-142733.5466,80.5699937138821,80.5910185949163,78.3108614026468,70.3223462247852,73.4380371480142,62.8922510693813,62.783400805655,62.3100791534865,60.2214511476542,61.110957661466,1.93752879138993,2.03343689099401,2.24491311826963,3.36934591893628,2.76675305678648,58.2671921595997,12.3519777763763,81.4601939739773,82.2267175389352,75.5864112209748,74.1859828570161,71.6822117930254,62.8580011852127,60.4831979839351,58.6455620336212,60.9417310689595,60.6507958290319,2.15497375167253,2.70303710591662,2.8163038811865,2.22229496086561,2.41363401386579,58.5726401758782,14.5386128609425,79.153359972782,79.4824572817891,80.9397368495197,74.9925327750485,71.3431317497473,62.645335982867,62.4633400396394,61.7037678974747,58.9062009147359,59.1638955625547,2.01339746317138,2.4979121974057,2.55087011795481,2.6552280083182,2.44554615336586,59.3533423578552,13.1833407167965,79.3883964186524,79.7620617860789,80.394302445194,74.9103558060715,71.3776796054649,62.667003806947,62.2615892630988,61.3921764103508,59.1135950196706,59.3153914022274,2.02782224954595,2.51881176340434,2.57791437354132,2.61111774953045,2.44229472051706,59.2737989377217,13.3214253591168,79.6085962696296,79.7357669481533,77.580698983686,70.6317013828388,73.3249213726152,63.1410327655409,62.7673505490816,62.403764738633,60.3825132043864,61.0136700207138,1.9793861424836,2.09558496919526,2.23818930567767,3.42379920889096,2.79903438484675,58.3801942212878,12.7432140717631
81.0000071328998,-143341.0014,-151541.6412,-150326.7316,-142429.8192,-142733.5466,80.82310280046,80.8367914114707,79.1859234881214,71.7621499846487,74.88619880474,62.9584547984849,62.8522380664083,62.5134325727614,60.8847196286604,61.6371187797636,1.91725777841885,2.01343154086985,2.15446906860347,3.12880969970989,2.57421532561977,58.5417069032713,11.7881834132218,81.8726512548528,82.7888145672383,76.8362028495557,75.2062212734499,72.8974898454861,62.9763306805452,60.7273988015864,59.1427345077826,61.2425006121382,61.023568004775,2.09120310196408,2.60714122681472,2.62104368611188,2.15415921390073,2.31744693295782,59.0149969956374,13.8398128838854,79.5535300891995,80.077344254851,80.8497864395659,75.6866366826118,72.0872761021902,62.7619330656082,62.5250707566222,62.1779718404959,59.3602348130137,59.7218661492794,1.99850776786737,2.46582113212336,2.48912208905554,2.59537195854602,2.40541379891211,59.6692952685619,12.4576611862372,79.7898184376614,80.3536078893286,80.4408543613535,75.6376885874076,72.1698263674112,62.7837774000474,62.3419113151827,61.8687205486021,59.552013269279,59.854492674439,2.00795221938125,2.48021981567368,2.50256318767365,2.55041810607097,2.39645111693432,59.6026307662494,12.5984845062076,79.7857980536504,80.0175141655719,79.3566416624775,71.8007557184615,75.0853289586238,63.1913761027018,62.7921202255206,62.5319528474846,61.0567766789516,61.6289624407166,1.95904884740349,2.05001173398405,2.17542882578814,3.16534291287211,2.58096702261653,58.6007494659905,12.1235387600529
85.9999952372904,-143341.0014,-151541.6412,-150326.7316,-142429.8192,-142733.5466,81.2223260421438,81.2392053840094,79.8072790704321,73.1110730639167,76.1158220260697,63.0308630465267,62.9285476293996,62.6537545313057,61.3907541374284,62.005772884435,1.88281367742407,1.97757324934376,2.09405162721998,2.90379552119677,2.41714146480327,58.8484048618201,11.2753755399878,82.1165379005385,83.1948753854781,77.7623463749791,76.140907839011,74.0589479252269,63.0480050653072,60.8866394892663,59.5662155665087,61.5085458552399,61.3427683085805,2.05149583105569,2.54123294581547,2.48083564673994,2.08555179993231,2.22714445343295,59.4160147848669,13.3223856106447,79.8457575582345,80.5237792102971,80.7962426165528,76.3202434323345,72.8605546918671,62.8372895790093,62.5693385519841,62.5290469082751,59.7704302599327,60.2227206180151,1.99569622551808,2.44258418045993,2.44243562459744,2.53671588648439,2.36653949540095,59.9587247377462,11.8635964885628,80.0771206041801,80.7959292441822,80.487127964441,76.3019714628512,72.9826554092044,62.858758752328,62.3978933561158,62.22717284715,59.9475216812579,60.3368389413359,2.0013814811367,2.4526352093535,2.44634808848563,2.49074812142083,2.35233694973917,59.9034296370163,12.0122281674573,80.6909893922508,80.91802652376,79.8420668887968,72.9565095461698,76.1595387421938,63.1171381319525,62.8774239684118,62.5471465186906,61.4170218266006,62.0101047421658,1.91889916177798,2.01679240647231,2.12568396922172,2.91223826895329,2.39258066575349,58.8720360948693,11.5153010222198
85.9999980170374,-143341.0014,-151541.6412,-150326.7316,-142429.8192,-142733.5466,82.3203319410885,82.3540986159692,80.349045863876,74.303614853744,77.1170368480073,63.1638374065245,63.0690615580156,62.7707660310721,61.7743577499928,62.2725824895054,1.78796466538816,1.87765607318191,2.04345170946036,2.71631504756536,2.29755732524607,59.1735091074538,10.7229448208419,83.7601792559574,84.4293036293016,78.4490878785123,76.9861765644891,75.1217048092657,63.3949676291251,61.3906977816294,59.9241478701805,61.7456620438238,61.6200624932037,1.94339197207565,2.33695599614675,2.38044988183859,2.01789113290539,2.14353042446627,59.776686973384,12.9369843622521,80.7468698057349,81.9112904972375,80.7630719397618,76.896145381041,73.644326686728,63.0779786113101,62.7503086022547,62.7860685544661,60.1392467794397,60.6702711346,1.98017507386797,2.3525330404826,2.40780771474439,2.4815667051636,2.32925841683572,60.2230669069329,11.3912594398901,81.0538869309902,82.1678433557911,80.5273069955677,76.90531839018,73.7948523435148,63.1102756782376,62.61178190511,62.4944759796865,60.3029196462941,60.7670425473366,1.97642735317854,2.35094594182879,2.40502030663025,2.43432418208476,2.31033514485233,60.1775865849701,11.5487487485517,82.0526027558372,82.4757098826012,80.2816069888025,74.2997667939265,77.0976434634543,63.3410376066524,63.1183605715665,62.742498265714,61.7494321238614,62.3233782847815,1.86251666554889,1.88910865800189,2.08729206186393,2.65597816645504,2.27406368612955,59.1710154030183,10.707611695914
85.999998898687,-143341.0014,-151541.6412,-150326.7316,-142429.8192,-142733.5466,83.5410599156528,83.5823914448703,80.9942357712833,75.3453710551947,77.9603056555115,63.2900070973173,63.2013791353013,62.8836773368496,62.0628475399323,62.4712671047405,1.69132615710184,1.77668637864489,1.98339361559497,2.5622698553199,2.20194331228903,59.4984610965161,10.2156193189506,84.615302158797,85.2350432206969,79.5232856561796,77.8490985718695,76.2392201843853,63.5987564607876,61.7047436119359,60.3155400064635,61.9820851774701,61.9156342272134,1.85986569040851,2.20655433127333,2.20969523074238,1.94617839056715,2.0596294618062,60.1033285606115,12.2580964683494,81.4015883025931,82.885536411117,80.6732933394771,77.5673011902217,74.6089017826505,63.2260452196428,62.8559249967157,63.1126968391311,60.5599976895103,61.2578131419627,1.99097650300437,2.29811986667452,2.36734726805358,2.43660160800681,2.28195007505394,60.4729172811139,10.9284852872293,81.7290240359035,83.1249206623401,80.5561224817275,77.5960126861524,74.7750100689781,63.2640196579462,62.7386345540177,62.8277028603048,60.7048899482137,61.324836573131,1.97761801280016,2.28879052698481,2.35128457151163,2.38663384702373,2.25929848991413,60.4352609871388,11.0639554104536,83.2561044822959,83.3010183777522,80.9095944149577,75.5846443106525,78.0369613528129,63.3858677725561,63.2362888197283,63.0315738026861,62.1227695533377,62.726014090869,1.79948333599735,1.80571872346448,2.00816490198794,2.49935025395456,2.19810007908381,59.5095281130622,10.011965585061
85.9999994171181,-143255.8229,-151247.3882,-150063.4526,-142367.8712,-142663.8551,84.5264504274992,84.5648382747606,81.7465902856885,76.2626174642461,78.7108620206442,63.3833042045024,63.3007322199759,62.9955509653859,62.2849774791995,62.627943667904,1.61900133943767,1.69959440148734,1.91229164452631,2.43378762456624,2.11959865832913,59.815238346104,9.78427366834668,85.0717251924715,85.7954098891888,80.477172227845,78.6874760563803,77.3473942085448,63.7183004053383,61.9022520228433,60.6729232326822,62.201527867812,62.1835404383304,1.80265815933199,2.1199627090784,2.05886621731681,1.87600122746002,1.98153918753827,60.4033023929694,11.6441247412479,81.9046741366793,83.5998237951371,80.5793547653907,78.2057946581712,75.6615458261709,63.3274258727023,62.9256055505794,63.4194867173599,60.9597703023278,61.8343239139494,2.00948279502463,2.26141261531642,2.33005989084107,2.38695689882575,2.23262070164713,60.6955189258431,10.5395441953598,82.2273555362329,83.8235255230816,80.5689436909735,78.2548717412289,75.8333118968393,63.3672509146795,62.8213391075222,63.1396475440766,61.086289282312,61.8699045455368,1.98841004888578,2.24700070565423,2.30242877514975,2.33489714726455,2.20703875397802,60.6657458536257,10.6520866173757,84.5111877334272,84.2653794253628,81.7617786097879,76.3279428073386,78.8395708343582,63.4316581474772,63.2873825041379,63.1242769704704,62.290941217861,62.7102536493297,1.70611088832778,1.72385152841363,1.93778209485549,2.37670237192059,2.13802778692083,59.808773601304,9.64642440381646
85.9999997681661,-143255.8229,-151247.3882,-150063.4526,-142367.8712,-142663.8551,85.1951971356889,85.2254084412253,82.5416852883681,77.0763251362023,79.4119449228359,63.4429639148163,63.362437301231,63.0935238381028,62.4566877679737,62.7545537169765,1.57366748082269,1.65303953300441,1.84374527690431,2.32691183504852,2.04649886294884,60.1207366014224,9.44386298872877,85.3220816589978,86.200981471585,81.220993604659,79.4744747621526,78.3887044611057,63.7893864266543,62.0325152153538,60.9833893726435,62.40228243256,62.4236656425258,1.76481579062201,2.05977875495141,1.94384342461676,1.8090446502249,1.90908888754962,60.6693840640999,11.1585336052682,82.3032281702696,84.1370188650321,80.496995325846,78.7918825510139,76.7453200839854,63.4022392362752,62.9754228214249,63.6819776250564,61.3259044293441,62.3554948224195,2.02867505658198,2.23486955183021,2.29830441307784,2.33625238978516,2.18437005227147,60.895206869939,10.2317890026048,82.6108101610963,84.3473098678534,80.5707613541689,78.8614298384224,76.9127596236303,63.4416845104511,62.8793527737317,63.4070265053026,61.4355733782836,62.362440544245,2.00179122183311,2.21703007201429,2.26218943866509,2.28253676339963,2.15632247427593,60.8721984568268,10.3262122500196,85.2763365790175,85.0644851961239,82.5241611025087,77.1087698223375,79.4076490515213,63.4824621285303,63.3305751952598,63.1929943751486,62.4642298531506,62.6674145812187,1.53771436144437,1.65394097059216,1.84498436275907,2.31066873979468,2.06253035782008,60.1115153423284,9.37544577878191
85.9999992244081,-143255.8229,-151247.3882,-150063.4526,-142367.8712,-142663.8551,85.5867317139114,85.6078966254084,83.2956176053011,77.8077969713016,80.0897258506291,63.4786034033125,63.399084929335,63.1765658350199,62.5943183635284,62.8625643374288,1.548334692745,1.627298033678,1.78226370844007,2.23608341611412,1.97881305845794,60.4127964217307,9.17279290943513,85.4636511273812,86.5021421821862,81.7749623874165,80.197418925463,79.3343448936434,63.831710541481,62.1181354463975,61.2459723155747,62.583231872137,62.6373823773837,1.74092393507044,2.01726690373943,1.86073488625644,1.74640037594361,1.84256147728169,60.9038845460578,10.7811109037159,82.6251481652732,84.5519487954506,80.4280479507836,79.3257901397056,77.8222594133613,63.460014024147,63.0126489680057,63.8963546350902,61.6574890617104,62.8056390487971,2.04636218705702,2.21488252799697,2.27249501150379,2.28788257146632,2.13874190839102,61.074812155749,9.99563916994053,82.9143547780858,84.7506481913069,80.5652810511774,79.4145978006889,77.9763212994587,63.4978850752636,62.9215096494449,63.6263150742661,61.7518102394978,62.7884958776705,2.01524199325781,2.19474806060578,2.23054199869959,2.23271256327682,2.10856496638816,61.0573968506763,10.0756685455014,85.5420864516559,85.4647141228465,83.36540860243,77.8588897954629,80.0373344347687,63.5234814780128,63.356681337327,63.2244319038179,62.5874849041373,62.7603012347836,1.51511913679436,1.62195503579711,1.79020457066702,2.24359767364053,1.99591822842162,60.4079207340072,9.16893393209643
85.9999994754998,-143255.8229,-151247.3882,-150063.4526,-142367.8712,-142663.8551,85.7961628706555,85.8099542174504,83.9445771713591,78.4824788322078,80.7525970913281,63.4994908675127,63.4204761264323,63.2427312674344,62.7087888733139,62.9570018828755,1.53524176388895,1.61416695183456,1.73208978488247,2.15666767287178,1.91560505637335,60.6901055564528,8.95377122985112,85.5449925192587,86.7298459787845,82.1877342975201,80.8525180291831,80.1723718560288,63.8570089913697,62.1762570406188,61.4680523228242,62.7460335870051,62.8274279954055,1.72604735703569,1.98642140228653,1.80096291617912,1.68866457436792,1.78206659369897,61.1113276820852,10.4873554425345,82.8880167349747,84.877522888715,80.3712568185358,79.8104045729798,78.8630956143671,63.5059734772546,63.0413576179693,64.0686262864454,61.956336128858,63.1803670059695,2.06180743558436,2.1994055564274,2.25185793120551,2.2432735469243,2.09666880779661,61.2363606945908,9.81824426254098,83.1587280842865,85.066250571534,80.5563322988014,79.9165824092753,78.9964938711742,63.5417394402884,62.9532150966975,63.8036615506577,62.0367960508895,63.1444071013518,2.02759784118512,2.17770523529894,2.20591758103832,2.1867660905187,2.0646149251912,61.2236214533361,9.88641800783708,85.7567711751119,85.8516294608992,84.082136009533,78.4636077283758,80.8578204498552,63.5492336160605,63.395916514776,63.225475381471,62.6726390461582,62.8918763398425,1.51252832747244,1.61192962668175,1.73650293935713,2.12805522714292,1.91372372360256,60.6879165918569,8.98491533024499
85.9999996559619,-143255.8229,-151247.3882,-150063.4526,-142367.8712,-142663.8551,85.9008699814877,85.9095332299555,84.4641996462016,79.1185236383008,81.3925955864201,63.5119568787587,63.4332308634926,63.2932300453637,62.8069890577617,63.0397174998559,1.52891665164334,1.60793154559402,1.69370871974517,2.08555528900606,1.85743794524746,60.9509917214029,8.77355015123605,85.5921610521631,86.9041906009677,82.499891081344,81.4414020880444,80.9036907245365,63.8721426685854,62.2169720137961,61.6569067444325,62.8923277923105,62.9953769567196,1.71687737344429,1.96354667751463,1.75746464404632,1.63618958835906,1.72773204164535,61.2958811211799,10.2546970595599,83.1040778916179,85.1360243476437,80.3245982277444,80.2495407212236,79.8454849599798,63.5431839203561,63.0639414922272,64.2063850391335,62.2251140394782,63.4806637841714,2.07496796714763,2.18720352300153,2.23544796612254,2.20286579222148,2.0587255811339,61.3817927740994,9.68706839307341,83.3575812745149,85.3161775410134,80.5462323378592,80.3709759261333,79.9533023936452,63.5767005474657,62.9776462946239,63.9466262888723,62.293094461572,63.4312193546663,2.03848318306691,2.16441579313861,2.18674766902794,2.14512884155829,2.02500163520318,61.3730394916567,9.74490238731661,85.8830149795701,85.9814570575189,84.4943235878509,79.0719372951433,81.4882305320966,63.5640357986814,63.4235178852904,63.270450209989,62.774382451622,63.0216880493189,1.51605513982984,1.60647521059536,1.69895768514309,2.05516424553388,1.85302186892299,60.9468028553187,8.80847445599483
85.9999998027686,-143255.8229,-151247.3882,-150063.4526,-142367.8712,-142663.8551,85.9499359696082,85.9553762318144,84.8586823625517,79.7256011097458,81.9955131409629,63.5197420008068,63.4412205095447,63.3307131999433,62.8929511781203,63.111385831562,1.52610281046034,1.60522810844722,1.66562184976924,2.02098940775414,1.80518440719865,61.1936494083538,8.62312658362959,85.6196490660849,87.0388847990789,82.7410212740936,81.9683306659965,81.535847506557,63.8811863280615,62.2463071096347,61.8186690550244,63.0236072229603,63.1426262922312,1.71127051574474,1.94629003531925,1.7251579060878,1.5890842315668,1.67948348446208,61.4607256023736,10.0669336090168,83.2823967573003,85.3431395860159,80.2861897829453,80.6471600157845,80.7531034629195,63.5736269173338,63.0819420304046,64.3166272141674,62.4666715398524,63.7116605871644,2.08604978156172,2.17746570351921,2.22239543461227,2.16660866994998,2.02519298064442,61.5129756829403,9.5913087448429,83.5205324339353,85.5159140152872,80.5363052522818,80.7817701584533,80.8328549222562,63.6049632296796,62.9968016771234,64.0621176970744,62.5234160578664,63.6536833776251,2.04786463838371,2.15391190320359,2.17173338376802,2.10776642498109,1.98996966971513,61.5076520778493,9.6397687456861,85.9591465337414,86.0182918505163,84.8953844811876,79.6894897646375,81.9981590988475,63.5724217356634,63.44076694915,63.3228935547636,62.8805663111353,63.126025587454,1.52015028471129,1.60223481162229,1.66938271457835,1.99124936438142,1.79925100728009,61.1888239994099,8.65385073867753
85.9999999251399,-143255.8229,-151247.3882,-150063.4526,-142367.8712,-142663.8551,85.9710107355237,85.9745626913844,85.1464627541309,80.3062581193083,82.5481764024111,63.5249106818162,63.446558849884,63.3580557590707,62.9689077337558,63.1725603332829,1.52502136108514,1.60424136366528,1.64571259507538,1.9621572189368,1.75939345829632,61.4166708935652,8.49652599705892,85.635706160829,87.1436293593353,82.9317246254881,82.4386038915956,82.0791146156842,63.8865798715324,62.2679465110182,61.9582510376793,63.141228862612,63.2707389243108,1.70786552373063,1.93310047479975,1.70055675619132,1.54724678498489,1.63703699022123,61.6082285919043,9.9130480453561,83.4299625940124,85.5102574174217,80.2544834589094,81.0070899486443,81.5752252122174,63.5986899542431,63.0964212807291,64.4051531171017,62.6837695700598,63.8816069555318,2.09532725457326,2.1696269480177,2.21197839017674,2.13423274979281,1.99609919962634,61.6315973924238,9.522204650358,83.6546992366046,85.6766768198638,80.5272595876662,81.1529426407717,81.6265650027881,63.6280222004848,63.012010453914,64.1558455519096,62.7303787349136,63.8193674311969,2.05584993280634,2.14552797011526,2.15987116307201,2.07442649807604,1.95951542051556,61.6292164149388,9.56202651981402,86.0026608116498,86.0213214628072,85.1808827956412,80.2949374341948,82.4954955432544,63.5766720312063,63.4515394705779,63.3649683303182,62.9765276541703,63.2024445268783,1.52330317685733,1.59921156543512,1.64795317674471,1.93385158611233,1.7526472387666,61.4129143402313,8.52420530512745
85.9999999936302,-143255.8229,-151247.3882,-150063.4526,-142367.8712,-142663.8551,85.9786209811319,85.9811200069623,85.3500226141842,80.8584776879575,83.0418311816563,63.5285650934281,63.4503626540276,63.3777944901548,63.0361045473865,63.2240145882536,1.52475264320865,1.60404530736459,1.63194445351604,1.90875855577325,1.72013561644492,61.6193848858886,8.38963657630746,85.6450940334729,87.2254795335962,83.0861032967903,82.857728406685,82.5443257343548,63.8897887079885,62.2842108164609,62.0795207717465,63.2464422553865,63.3814448411299,1.7058097581651,1.92292034658567,1.68131599314819,1.51041808851589,1.59996651214816,61.7402258318426,9.78549242715615,83.5523048533232,85.6458528262196,80.2282457628433,81.3329071048587,82.3063166155314,63.6194039321005,63.108146101103,64.4765622391481,62.8789707295046,64.0005967205581,2.10307245565356,2.16327634399401,2.20362479092854,2.1053866531354,1.97126960556469,61.7391064747208,9.47291335067014,83.7655329098732,85.8067962867857,80.5194243553363,81.4882666058818,82.3305666557788,63.6469526316208,63.0241977889014,64.2323348232134,62.9164113088255,63.9375131796013,2.0625965425856,2.13878718727739,2.15040830313031,2.04476707809864,1.93343863923937,61.7392205226841,9.50476110180987,86.0201431386822,86.0083244305077,85.3764356006318,80.8713478351617,82.9957104172823,63.5781062232771,63.4583887447453,63.3931723237821,63.0588789087054,63.2589955668297,1.52552965386978,1.59724723600054,1.63299472171625,1.88200261972084,1.71305890103237,61.6174557588594,8.41749606636357
85.940489338841,-143255.8229,-151247.3882,-150063.4526,-142367.8712,-142663.8551,85.978535808638,85.9804472552054,85.4873658696853,81.3758401373994,83.4686844151101,63.5311683672662,63.4530906944896,63.3917108918901,63.095042702043,63.2663422476868,1.52493525774737,1.6042874584925,1.62282837301875,1.86089295811867,1.68739504954306,61.8006492882467,8.30033909692034,85.6505827562039,87.289672781296,83.2137773168931,83.2310076869016,82.941801689965,63.8916929129217,62.2966118896264,62.185519042462,63.3404077896319,63.4765428291304,1.70457486836963,1.91500584993039,1.6658685706839,1.47823649404292,1.56777484625593,61.8582302878319,9.67893318039358,83.653869613742,85.7563587613891,80.2064943446454,81.6278945507599,82.94545762508,63.6365661734866,63.1176885439758,64.5344359247349,63.0546017682582,64.0792436519213,2.10953016840662,2.1581061107607,2.19689085324563,2.0797036304007,1.9503839431925,61.8367107192607,9.43822821453637,83.8573087689582,85.9125835601633,80.5128974500087,81.7912309736025,82.9450851327397,63.6625602771162,63.0340314891008,64.2951117794481,63.0837216925515,64.0178362601287,2.0682704789761,2.13333734921734,2.14278657443465,2.01842193524441,1.91140104184152,61.83890328401,9.46275292660891,86.0172655779178,85.9921393328391,85.5118856287309,81.4065795969029,83.4504214679641,63.5775857566059,63.4627587309342,63.4108211269264,63.1286128910733,63.3022920360533,1.5270959563846,1.59636446049801,1.6227967583584,1.83563226675439,1.68004362639553,61.8017943997848,8.32993102931694
85.8711192624058,-143255.8229,-151247.3882,-150063.4526,-142367.8712,-142663.8551,85.9686182109265,85.9700520148788,85.5787614016224,81.8537459845527,83.8306035539374,63.5326728356212,63.4546696919689,63.4015421758268,63.1463429759988,63.3007788358986,1.52571159727618,1.6051406582855,1.61685987108299,1.81845696063176,1.66047848097466,61.9617236442622,8.22664756825109,85.6434030878593,87.3341674592661,83.3213394615769,83.5633596870468,83.2808920001115,63.8908608433447,62.3024972727983,62.2786504723634,63.4242049764214,63.5578046675167,1.70424592641862,1.91005150969878,1.65316670340877,1.45028475100857,1.5399461707631,61.96355988966,9.58945899035658,83.731344711026,85.8389538807538,80.1884396690476,81.8950363080521,83.4955539330142,63.6492569507187,63.1244470856296,64.5815487390846,63.212750917156,64.1275725339173,2.11478630021909,2.15439533862833,2.19143488617092,2.05683263003916,1.9330332755244,61.9254107050752,9.41426385064695,83.926158644302,85.99129673903,80.5076414981011,82.0650168083215,83.4736826680046,63.6738732517624,63.0407010672375,64.3469132934778,63.2342953414747,64.0695205829661,2.072957564257,2.12949987363509,2.13659234416919,1.99503327314407,1.89298280116312,61.9292976118717,9.43211396164315,85.9959348441967,85.9715963579814,85.5810370601258,81.8894196253226,83.8264962298516,63.5741595614242,63.4641298892953,63.4213557761521,63.1868330647926,63.3357158002051,1.52829445679007,1.59714002706203,1.61647343855988,1.80857125785041,1.65372327888202,61.9645044867968,8.25765639357488
85.8210047078424,-143255.8229,-151247.3882,-150063.4526,-142367.8712,-142663.8551,85.9468715735388,85.9478271089608,85.638410680048,82.2919472258446,84.1358121225907,63.5330360635177,63.4550488576155,63.4084930880805,63.1909350296911,63.3288290194421,1.52721661759558,1.60675374111171,1.61302693408794,1.78098452934861,1.63836015983146,62.1052184677591,8.16634198197532,85.6267798176508,87.3624025954861,83.4102275496161,83.858866131115,83.5692236623547,63.8878572008043,62.3035110582071,62.360351603267,63.4987684952003,63.6266917557093,1.70474683693831,1.90744119546054,1.6430562188712,1.42616702526117,1.51600693901249,62.0572875773112,9.51731839923133,83.7880173902928,85.8977864207041,80.1740185505488,82.136452139928,83.9612535706294,63.6581927867241,63.1289519819723,64.618895163917,63.3549452470809,64.1534898146966,2.11891723418566,2.15187923637972,2.18711805473819,2.03641101986175,1.91883057000179,62.0059598214692,9.39882441992444,83.9753634175762,86.0470118006433,80.5037462469677,82.3119437715739,83.9213108108695,63.6815926098585,63.0448502646848,64.3887788872089,63.3695989694788,64.0998159294445,2.07671864594597,2.12697417240745,2.13168521467702,1.97423507675948,1.87778806998172,62.011189453641,9.41089741856193,85.9659536243246,85.9477463284064,85.6365676533651,82.3163355692218,84.1359621351448,63.568911186732,63.463562796332,63.4263861272726,63.2348773822097,63.3613849737901,1.52979402073117,1.59921178918215,1.61215926145193,1.77768523395089,1.63236715943894,62.1076392184378,8.19833531507863
85.7830986959409,-143255.8229,-151247.3882,-150063.4526,-142367.8712,-142663.8551,85.914461346778,85.9149782032409,85.673450879465,82.6890080655892,84.3892937841896,63.5323860047097,63.4543654199372,63.4131889177767,63.2294460906317,63.3514623910397,1.52938373818355,1.60905474628059,1.61082811514584,1.74816921675971,1.62038242086039,62.232513119311,8.11781823723008,85.6077455173511,87.3798600601886,83.4826035911621,84.121209664075,83.8134252472422,63.8840411877025,62.3024404736944,62.4319764669974,63.5649827629002,63.6846775245948,1.70576196205288,1.90616013045789,1.63523959692866,1.40547249303915,1.49549641698719,62.1403557963015,9.46091998582887,83.8298481624779,85.939811701446,80.1629395488613,82.3543733409647,84.349500083146,63.6646392313252,63.1320485536288,64.647631614658,63.4827099521251,64.1638071069192,2.1220891949387,2.15013181327509,2.18379514358005,2.01817712985612,1.90735680617626,62.0790395803222,9.39016567493482,84.0109928288021,86.0865339397801,80.5011702310786,82.534391031706,84.2948810147231,63.6869934432092,63.0475222572104,64.4218851106135,63.4910924837794,64.1149900207818,2.07967085313957,2.12527426514086,2.12790445271081,1.95575047924703,1.86539357777766,62.0852869069484,9.39737462094218,85.9334800336127,85.9210009580977,85.6710792469564,82.6979629988779,84.3937282973531,63.5632404024181,63.462223781121,63.4278237244212,63.2595716757852,63.3823813802314,1.53463522931705,1.6019551099225,1.60961214454825,1.74751993277479,1.61478999121721,62.23477436296,8.14967549798532
85.7563347693723,-148569.9592,-169605.3136,-166488.9648,-146232.6976,-147011.7848,85.8740812035857,85.874110716561,85.6932745524642,83.0560369443494,84.6058380804381,63.4651934274581,63.2597219560504,63.2319554959539,63.1948151506221,63.2991499870906,1.58421908205013,1.79208720093676,1.77114751322453,1.75931282261135,1.64869658937796,62.3519194496532,8.55546320820074,85.5893884408891,87.3900388062624,83.542125860678,84.3538828621215,84.0195029355552,63.8801337340731,62.30051565799,62.4949640363179,63.6236981691483,63.7332303926313,1.70700728672087,1.90566824326116,1.62914396115183,1.38778292591588,1.47797858719869,62.2137845713744,9.41676870142373,83.8607476405527,85.9696679271969,80.1545801646034,82.5511110106969,84.6689945925876,63.6693274723055,63.1341865106718,64.6694068516908,63.5975767909472,64.1641965094993,2.12449286961207,2.14891584557448,2.18127452015962,2.00191638385033,1.89817806074705,62.1452950095316,9.38665614214328,84.0368737032374,86.1143852857326,80.4997271063498,82.7347900653903,84.6028198220526,63.6908058944665,63.0492462704384,64.4478593494393,63.6002382203741,64.1202866554107,2.08195650698084,2.12413207184624,2.12501958192895,1.93934415491307,1.85536518787962,62.1522732070033,9.38972422112325,85.8995966613581,85.890748196681,85.6868860077622,83.0413294531483,84.5999747205132,63.5577205842075,63.4605084898988,63.4272993140762,63.289501405989,63.3997812659933,1.53641083967492,1.60506734234089,1.60859205027946,1.72065400910494,1.60106725093281,62.3471198085236,8.10988120053326
85.7411442440832,-148569.9592,-169605.3136,-166488.9648,-146232.6976,-147011.7848,85.8304522689101,85.8301911407195,85.6944659645408,83.3782890422327,84.7770598017002,63.4633339780943,63.2576596224309,63.2338635752034,63.2248292014708,63.3145631179032,1.58717753270157,1.79541034738987,1.77120402654768,1.73380166237061,1.63672775390395,62.4506110359002,8.52432132291367,85.7188310707757,87.3797537716547,83.2349542549019,84.5672342886764,84.2386490903125,63.8623602255762,62.0996586917717,62.4471125266274,63.649435146652,63.7031575150769,1.75135371463386,1.94593510328021,1.6831937237961,1.38275880414601,1.47684211876328,62.2786161060375,9.38181768251609,83.873363280261,86.104385853325,80.0822724329872,82.7536802873776,85.0231159580852,63.6628562176918,63.1279121122347,64.61766241674,63.7072092843898,64.0668035102907,2.13237973578921,2.14997252312002,2.19412598975287,1.991338259675,1.89098259462857,62.2053162598937,9.38697478280828,84.0613924970257,86.234329292058,80.4034897940973,82.9384579032089,84.9431889653285,63.6831830868665,63.023146433701,64.3965115530488,63.7013228495661,64.0297527028959,2.09355812931466,2.12918375810317,2.14206862289909,1.92933191150119,1.84878705498938,62.2127845629062,9.38644934121905,85.8708182305128,85.9584297286019,85.6020036857064,83.3872454772418,84.8752387523967,63.5265609538784,63.36557123233,63.1967332369782,63.2555231089963,63.2244482125106,1.61606555325039,1.74600255403285,1.99109391253699,1.79454404039878,1.69888449206826,62.454769012397,8.2451024603542
85.7280276145494,-148569.9592,-169605.3136,-166488.9648,-146232.6976,-147011.7848,85.792022055555,85.7919012582601,85.6823050249072,83.6599262570604,84.9108051732505,63.4615945968205,63.255756798225,63.2343982338323,63.2501926028694,63.3264543741285,1.5897854032604,1.79830923282324,1.77220574554854,1.71203126735843,1.62748763293224,62.5318722051537,8.49981928192284,85.7835377012301,87.3765329512232,83.1232017546351,84.7472393069017,84.4144590519414,63.8594323275203,61.9960154847192,62.4267169274764,63.6733883050837,63.6940127595686,1.76653981062655,1.96653481834346,1.7026142186634,1.37670028639082,1.47224913891141,62.3129762197357,9.57198409478787,83.8879098148966,86.2122025881442,80.045301565983,82.9288423740654,85.2949522966142,63.6611116563238,63.1301699622285,64.5939799803718,63.8029757055585,64.0075075740861,2.13676555728918,2.14782651332494,2.20029648325662,1.97865112454498,1.88503206194938,62.2586339496423,9.40575387475197,84.081049694431,86.3308327410791,80.3588996492043,83.1141134217672,85.2052414623133,63.6813179588477,63.0146143404006,64.3731640027354,63.789772431278,63.9755665211257,2.09904435861592,2.12935524246965,2.1495891195789,1.91732014645328,1.84297483932452,62.2641707216929,9.42269057678309,85.8389664806305,85.9626930512916,85.7913544411746,83.6563692700719,84.8891364306598,63.5051672376162,63.2735497538936,63.1717341532493,63.2495587200013,63.312608148279,1.60151457920119,1.83167511835111,1.75711886918126,1.71824253598702,1.61720552639812,62.5376736651572,8.37872130906081
85.7185964406778,-148569.9592,-169605.3136,-166488.9648,-146232.6976,-147011.7848,85.7611729995451,85.761450950191,85.6613504934828,83.9028094049365,85.012029713804,63.4601799679872,63.2542299265468,63.2339742493279,63.2714453302007,63.3354030410829,1.59188371442584,1.80062019261041,1.77382806430821,1.69363993809895,1.62055953266239,62.5997158340236,8.48053144210581,85.8139830744673,87.3758356921762,83.0881265984848,84.9018001986441,84.5576303225454,63.8602824939136,61.9424048042814,62.4173950436766,63.695027721459,63.6931054625631,1.7710738679542,1.97710752678127,1.70847160524284,1.37073782784878,1.46673749755409,62.3440020760211,9.73035783578148,83.9010855705885,86.2986461475633,80.025590731522,83.0884587217748,85.5114740312392,63.6612509892162,63.1348292841014,64.5845217203462,63.8906498485561,63.9728172938062,2.13932205004522,2.14493500606012,2.2031290096245,1.96679881216293,1.87990273633644,62.3063644562838,9.4273033819817,84.09598500002,86.4083977820387,80.3376233897664,83.2732146841249,85.4142897366211,63.6815297164485,63.0133367052853,64.3637196376772,63.8707184926533,63.9443182883948,2.10180233953633,2.1278355640419,2.1527298399447,1.90606793373707,1.83780656069905,62.3101992412616,9.45818069768339,85.8056343331584,85.9186868079126,85.5752132457472,83.895385107225,84.9527553965711,63.4886682587308,63.238529131946,63.1527032883521,63.2631921375002,63.3292731360011,1.59291795755797,1.836877518395,1.78645692445049,1.70203421187656,1.62629614796002,62.6076742385863,8.39244829685556
85.7121557765146,-148569.9592,-169605.3136,-166488.9648,-146232.6976,-147011.7848,85.7371540591627,85.73789650505,85.6359646688302,84.110167924155,85.0862275904229,63.4590773581757,63.2530514553504,63.2329742169367,63.2891477544411,63.3419668842242,1.5935212046778,1.80241209424126,1.77575888701585,1.67821278158403,1.61551889324192,62.6575580647916,8.46542386076085,85.828029837395,87.3759158398307,83.0791588360717,85.0357540223937,84.6746350024377,63.8615793172858,61.9145826320436,62.4120866391986,63.7143635518276,63.695257484756,1.77210550679113,1.98255666266339,1.70973078281443,1.36525618411365,1.46131088896685,62.3746168470866,9.82496893550356,83.9120835637387,86.3682800247137,80.0146617243215,83.23429121311,85.6867106621527,63.6620556452364,63.139719229759,64.5820025747697,63.9709841579249,63.9521201611479,2.14088912117854,2.14213862579542,2.20430621711987,1.95601968646473,1.87551591146736,62.3492654538073,9.44740929965633,84.1072936232425,86.4709450368446,80.3268942079561,83.4178368933984,85.5835932874789,63.6823845179343,63.0148937106781,64.3609163028186,63.9448378486704,63.925949188072,2.10331485706766,2.12587929485953,2.15391539912701,1.89582855269844,1.83331379536374,62.3518484317638,9.48587772645586,85.7737875412518,85.8406835823272,85.6242988441306,84.1029131331614,85.0407861119162,63.4536924593008,63.226490893564,63.153405000414,63.2853346936895,63.3277418762612,1.58831747933198,1.84258364172656,1.75252836828688,1.68826032405222,1.62384167010874,62.6672638820914,8.35098808823387
85.7071830386037,-148569.9592,-169605.3136,-166488.9648,-146232.6976,-147011.7848,85.7187314328509,85.7199061474732,85.6093830019555,84.2846687426152,85.1379129869092,63.4582310958448,63.2521526929789,63.2316804381958,63.3037328322956,63.3465787451839,1.59477941128954,1.80378321921689,1.77776558059663,1.6654215199831,1.61202905709095,62.7073733048716,8.45377878817712,85.8343619357246,87.3761275286138,83.0774494851934,85.1524649316579,84.7701156544003,63.8625281452369,61.9000747878557,62.4081167127046,63.7315971621932,63.6983817073432,1.77214362962177,1.98538359869697,1.70972970630317,1.36034430520448,1.45633530320963,62.4039124231642,9.87232998525969,83.9209481257171,86.4246441853125,80.0083510884213,83.3671384445755,85.8295495053151,63.6630120011681,63.1441375635978,64.5826395217046,64.0443249846906,63.9390950910057,2.14189873577941,2.13968598605162,2.20468407619014,1.94624763442648,1.87181623574904,62.3879957064567,9.4652313412195,84.1159001600423,86.5215879893307,80.3210523832826,83.5490400430541,85.7216069455883,63.6833401068625,63.017383712606,64.3610838691406,64.0124620782628,63.9145695212681,2.10422548926548,2.12396457536738,2.15425464957947,1.88655168922511,1.82948412097165,62.3896174133168,9.50670940958693,85.7448612341076,85.7487026134835,85.5752747649381,84.2762315613776,85.1219666216118,63.458000318069,63.2496669582529,63.2112927229839,63.3080570161627,63.3513915030422,1.59058338548874,1.81680269444785,1.76542364050067,1.66660010170644,1.604270070598,62.7167091876318,8.43024128324128
85.7035893078249,-148569.9592,-169605.3136,-166488.9648,-146232.6976,-147011.7848,85.7047031355826,85.7062429270826,85.583822016021,84.4292601897024,85.1713911104184,63.4575830585943,63.2514668209039,63.2302939768413,63.3156005960256,63.3496280846612,1.59573857198631,1.80482568443726,1.77968816917639,1.65495242638548,1.60978120553223,62.7504590097469,8.44498605751766,85.8369296233229,87.3761954064885,83.0767842274654,85.254502352283,84.8477278968507,63.8630539556212,61.8924148732441,62.4045730640324,63.7469698823096,63.7016228671767,1.77199375340996,1.98687992526985,1.70956639779876,1.355986460342,1.45192207298415,62.4310660109018,9.89155340061594,83.9278970277769,86.4703804159649,80.00454677822,83.4878319238376,85.9463336872738,63.6638977794098,63.1479066789009,64.5845207593911,64.1110821308739,63.9302995554978,2.14257809387552,2.13762023422253,2.20469575771996,1.93739774867871,1.86873145810128,62.4230467084748,9.48091977250738,84.1224026732094,86.562671207534,80.3175679017887,83.6678327120655,85.8344000152975,63.6841892090513,63.0199883580906,64.3624123813131,64.0739838183139,63.9070003687992,2.10482035914769,2.12226175309763,2.15424850189588,1.87815948414437,1.82626399124731,62.423863771315,9.52275800987319,85.7216992758839,85.6927731552997,85.5495304852131,84.4267168023958,85.1691644840125,63.4584510093698,63.2530769704269,63.222909160839,63.3256866688352,63.3641888169401,1.59191842363525,1.81332747078168,1.76898488132213,1.65465405409793,1.60277575716884,62.7576711264062,8.46245689139015
85.7010173480394,-148569.9592,-169605.3136,-166488.9648,-146232.6976,-147011.7848,85.6940062750316,85.6958417447895,85.5605159429446,84.5476772545782,85.190906423393,63.4570823186234,63.2509374871499,63.2289410014628,63.3251703724187,63.3514836320699,1.59647025335223,1.80561949338345,1.78143769505408,1.64646440538117,1.60847950635392,62.7878820197878,8.43847135352486,85.8377081187119,87.3760922866872,83.0754851314012,85.3439329099613,84.9104692717301,63.863276839647,61.8883047591017,62.4011845726629,63.7607084864834,63.7046204050806,1.77187392565512,1.98769473377202,1.70953531222731,1.35213571839998,1.44808179337345,62.455743495884,9.8958228392952,83.9332848425577,86.5076037567139,80.0021547845271,83.59725580279,86.0418979133038,63.6646490878598,63.1510504633404,64.5867079878175,64.1717165853726,63.9239192263738,2.14305169729388,2.13590765796995,2.2045581346085,1.92939133842122,1.86618072284139,62.4547926083664,9.49486431231232,84.1273208581654,86.596091466388,80.3152872601802,83.77521953106,85.926620018781,63.6848866779105,63.0223930644081,64.3640315162559,64.1298401942943,63.9015755226163,2.10523349963125,2.12080668455032,2.15412173357707,1.8705764825546,1.8235818681542,62.4548894914635,9.53571678244007,85.704183252173,85.6604672474418,85.5339927592896,84.5507757489059,85.1957225736935,63.4582937617165,63.2530056519819,63.2269560233236,63.3390264800353,63.3708606300737,1.59278948467448,1.8125942545919,1.7716660074296,1.64595424350106,1.60978871709571,62.7930184665796,8.48095926580771
85.699177884573,-148569.9592,-169605.3136,-166488.9648,-146232.6976,-147011.7848,85.6858776600969,85.6879474099703,85.5400358917269,84.6430938176218,85.1998419177378,63.456693027677,63.250525799786,63.2276906513259,63.3327784934978,63.3524329984284,1.59702608123043,1.80622164876217,1.78297301166921,1.63968020383428,1.6078915408314,62.8203950768701,8.4337924863275,85.8376729853696,87.3758583702865,83.0733979283706,85.4224695291168,84.9608473187982,63.8633202592423,61.8860491494635,62.3979016625398,63.7730118930902,63.7072259034752,1.77181665086007,1.9881570414846,1.70966151274698,1.34873894234352,1.44478461336832,62.4779338746202,9.8928753914478,83.9374433397516,86.5379798819748,80.0005892980322,83.6963053375034,86.1200846318235,63.6652606888855,63.1536487668612,64.5887805451266,64.2267075850441,63.9190138601882,2.14339112187371,2.13449662218985,2.20437553355813,1.9221561794209,1.86408358824032,62.4835414988454,9.50743526969132,84.131052078834,86.6233488256708,80.3136686175413,83.8721790659014,86.0019733945899,63.6854403886225,63.0244968171737,64.3655584209386,64.1804818822461,63.897435416053,2.10553250569328,2.11958651815926,2.15397059539895,1.86373240496046,1.82136246450104,62.4829701547145,9.54670661572947,85.6911884953888,85.6428224370833,85.5211862454059,84.6511462148953,85.208411601235,63.4580029864672,63.2520293022673,63.2282930817545,63.3488047660118,63.3738216396147,1.59341239692923,1.81251340917762,1.77406519446147,1.63883853066571,1.60811589719546,62.8239332748113,8.49261843103445
85.697861666647,-148569.9592,-169605.3136,-166488.9648,-146232.6976,-147011.7848,85.6797318976075,85.6819851276812,85.5225357630796,84.7185246432056,85.2010446634801,63.4563884819889,63.250203195011,63.226576605319,63.3387222293522,63.3527147420314,1.59744584595274,1.8066757592581,1.78428338109122,1.63435103365553,1.60782376120915,62.8486238288118,8.43057978116676,85.8373060106675,87.375545038914,83.0707670721794,85.4915544222146,85.0009747764025,63.8632718470895,61.8847730369053,62.3947373236052,63.7840506555967,63.7093879740018,1.77180673263978,1.98843405062899,1.70989994040292,1.34574524475561,1.44198504908859,62.4977867387804,9.88690694626579,83.9406489977491,86.5628252969135,79.9995268435226,83.7858516569442,86.1840142488314,63.6657482257497,63.1557888755338,64.5905791980027,64.2765279253525,63.9150917140222,2.14363953799661,2.13333638044021,2.20419501854617,1.91562477445519,1.86236593774859,62.5095630315694,9.51891943061628,84.1338937319262,86.6456308908789,80.3124463632556,83.959640631553,86.0634778804668,63.6858733192376,63.0262888572397,64.3668514093605,64.2263508830966,63.894133172605,2.10575460089935,2.1185727136226,2.15383276520768,1.85756144646302,1.81953458103575,62.5083631801708,9.5564125825978,85.6816353894285,85.6338931677097,85.5095154923294,84.7304480714775,85.2107740991814,63.4577074134789,63.2509240159229,63.2284652912927,63.3558415099427,63.3744921126261,1.59388487252252,1.81257085381172,1.77622448455475,1.63311532631478,1.60725065653442,62.8510146608324,8.49885693437308
85.6868962450242,-148569.9592,-169605.3136,-166488.9648,-146232.6976,-147011.7848,85.6748086529997,85.6771932902316,85.5077580415463,84.7776410229451,85.1970486504203,63.4561288985278,63.2499256598603,63.2255996897582,63.3433300304109,63.3525397872867,1.59778114697909,1.80703941838359,1.78538850512606,1.63019479313346,1.60810500297982,62.8732920741302,8.42850886660201,85.836841508802,87.3751962887157,83.0678643508356,85.5524130276711,85.0326349028883,63.8631852839088,61.8840226592098,62.391713158342,63.7939705122057,63.7111037428819,1.77182381544326,1.98861098721636,1.71020108141787,1.34310828658714,1.439632474004,62.5155137447678,9.88007255893318,83.9431217796329,86.5831868104594,79.9987828480753,83.8667230313325,86.236247744078,63.6661327236867,63.1575500065615,64.5920697882632,64.3216305688584,63.9118852227643,2.14382422605877,2.13238254936962,2.2040352602668,1.90973388621303,1.86096254323566,62.533101458537,9.52951971162429,84.136067242717,86.6638822973339,80.3114824216561,84.0384729645195,86.1136152164446,63.6862098221603,63.0277940981237,64.3678820046272,64.2678688572315,63.8914281957724,2.10592221216089,2.11773409310089,2.1537199665847,1.85200209146478,1.81803447734135,62.531309498763,9.56523649717477,85.674664874406,85.6300488599091,85.4990529478217,84.791294784983,85.2057314179708,63.4574436882645,63.2499378155389,63.2281279995163,63.3608392135405,63.3737640283641,1.59425620134162,1.81261647502454,1.77811798708186,1.62853463384096,1.60694771416864,62.8747176717839,8.48792491203587
80.9625849987667,-148569.9592,-169605.3136,-166488.9648,-146232.6976,-147011.7848,85.5497276129326,85.5458718425766,85.4920062595447,84.8219526018773,85.1893312126988,63.4473464602555,63.2396778939091,63.2238286409826,63.3460957905286,63.3513705702431,1.60618837297362,1.81684767683732,1.78650943387121,1.62704112256735,1.60858720123107,62.894644687683,8.44517380748057,85.8344011637981,87.3737740918318,83.0648926344014,85.6060929955795,85.0573317949728,63.8627201082978,61.8828978769503,62.3888443160739,63.8028965536512,63.7123965148036,1.77192575326607,1.98895302628252,1.71052789784952,1.34078653420943,1.4376758308888,62.5313385755423,9.87341840216622,83.9437210896245,86.5986624025816,79.9982481810063,83.9396958886979,86.2788957468365,63.6661398714298,63.1588152141887,64.5932729524922,64.3624418697355,63.9092370233239,2.14393984310767,2.13168773353336,2.20390140432689,1.90442453874279,1.85981760684749,62.5543812025739,9.53937304948273,84.1363568513141,86.6776362240614,80.3106994508856,84.1094801268387,86.1544342340009,63.6861688462836,63.0288157967995,64.368670284242,64.3054314639899,63.8891815301666,2.10603643547419,2.11714491932254,2.15363304718069,1.84699714116048,1.81680683857229,62.5520334579342,9.57340793557058,85.6681094086066,85.6277284355264,85.4896700394555,84.8370677189019,85.1961265264229,63.4569088379879,63.2488831305419,63.2275848276374,63.364329261221,63.3722249675758,1.59456368252436,1.81273693991976,1.77975349501567,1.62484759396885,1.60702479416997,62.8956389107689,8.48643946701197
80.9629780409055,-195849.0372,-332933.0376,-312624.2968,-180617.4816,-185694.6668,84.6367391484818,84.493367527541,85.4059559524157,84.8734471996021,85.1892642063081,62.6703228982626,61.2159882467537,61.3352178203372,62.6129450456742,62.5443566748305,2.13042754986432,3.41764813555725,3.10340072576407,1.93878371519508,1.9594465304899,62.8766403052939,12.5497066568706,84.8344053333824,86.8399402130085,83.0613003772349,85.6534335465861,85.0762297386117,63.6758312699267,61.5380271423999,62.3860313817068,63.8109256736101,63.7132695054708,1.80932647761973,2.10217656691278,1.71097633954975,1.33875098078436,1.43607054570491,62.5454369207765,9.86802617098754,83.2930199352956,86.0425838744115,79.9979523599158,84.0054209698787,86.3135168608701,63.5096498260342,63.0612896552545,64.5940216570569,64.3993183853113,63.9069422365123,2.14088972770964,2.1780514176778,2.20381536214402,1.89963680079268,1.85889312452487,62.5735866190624,9.54870864176276,83.4500671027533,86.1238241369614,80.3100677657412,84.1733320629953,86.1874533610317,63.5265815584093,62.9060889745972,64.3690561040236,64.3393688043433,63.8872094987677,2.10710773566253,2.17032075511364,2.1536014619688,1.84248981509472,1.81581299127379,62.5707185301431,9.58124295378271,84.9376564305002,84.9936308362834,85.4749014668619,84.8696025971153,85.1835382048045,63.2933583542411,63.1190532160667,63.2263252493634,63.3661969186562,63.3692909857324,1.60479456743872,1.87488827186892,1.78140357834295,1.62197443726063,1.60735255179403,62.9138361367648,8.49320001675696
85.955256538297,-195849.0372,-332933.0376,-312624.2968,-180617.4816,-185694.6668,83.5085794393885,83.3176982074716,85.085648989833,84.9123981596535,85.1727540621083,62.5323916227775,61.0049840797462,61.2484473777885,62.5851301093622,62.5087692934009,2.23099920540354,3.56540631696568,3.13380519259544,1.93298611235767,1.95779718123898,62.7201311454009,12.8209940085613,84.5681317578536,86.4544561977394,79.7335018777172,85.7921171369845,85.321220301461,62.9421097574466,60.240869317688,61.8772395587867,63.7594299082433,63.0484312953235,2.62096083899785,2.38947514749359,2.29731782990243,1.43358882888512,1.59811183044746,62.537233334262,10.1851464669332,81.959388513596,85.7484281204095,73.5977597410116,83.81709831272,86.2675118553056,63.0706388714507,62.1671603603043,60.7335675589386,64.0097239292271,62.4224516316226,2.23204395588387,2.54884637700337,3.23747504260058,1.91324265034613,1.90710897429246,62.5780841741801,9.63497773217795,82.2251855930569,85.8203632184245,74.2229122330598,84.0183270984679,86.1710970272522,63.0575434228268,61.9708963031012,60.8500928927713,63.984222216887,62.4862308351835,2.27166953878179,2.53260851708863,3.14168522429656,1.86437215104451,1.87562617560135,62.5739220037681,9.69103278597848,83.5299365147982,84.2867644241141,79.2386956761104,84.6938344600434,85.1350269141004,62.7295371480922,61.4156992623492,59.0644754021978,62.2406469838444,61.1218619356623,2.41756670891015,2.97301444618195,3.98951934443304,2.07661860679719,2.17925643556918,62.8770431219635,8.85417486818347
80.9552634532628,-195849.0372,-332933.0376,-312624.2968,-180617.4816,-185694.6668,83.4074329492604,83.3701691315929,84.5477804513343,84.9358575648044,85.1070365253692,62.5156272290521,61.0041627243685,61.1587427646286,62.5770891502357,62.4907336149495,2.24001022113601,3.55691089643723,3.19385291474516,1.93026280642448,1.96192479697359,62.4783151683957,12.8829616357165,85.6315078154655,86.9747275792832,79.0834859001286,85.8981156433812,85.4467350724934,63.1506574424585,59.6865519618543,61.7589294505977,63.7387017121669,62.7565363125472,2.56968682974275,2.45374245656025,2.41030471791802,1.489869658572,1.66340449644641,62.2026087955188,12.5265364014362,82.7537474628681,86.5247194588007,73.4378836834153,83.6666087457226,86.0455543788706,63.1610952834514,62.0871640067761,60.219698390052,63.7848828356923,62.1678084322406,2.31859888162816,2.57295325274275,3.32354640246306,1.91154623968024,1.92162186967621,62.402603924035,10.5101014450121,83.0469538942762,86.5705694459243,74.0130972788136,83.8939703373626,85.9845424632249,63.1600318029199,61.8425727953323,60.376526058474,63.7801775785589,62.2277921625395,2.34418148483896,2.56080721976873,3.23049892715925,1.86858286872285,1.8953128705742,62.3822270160419,10.7155499971148,84.2217291607287,83.5486645305031,83.4534259644172,84.7073770062683,84.9537009919066,62.7431887271759,60.6925691658883,58.6402014728441,62.3980467152798,61.4044563229473,2.39316075979992,3.74986632764223,3.60304565100904,1.9393934594074,1.9698225049617,62.1972610358545,13.0885273861241
76.6578582578823,-195849.0372,-332933.0376,-312624.2968,-180617.4816,-185694.6668,82.7164213572325,82.5726704148422,84.0410475081342,84.935344056437,84.9629003740364,62.4173456034813,60.8434079662608,61.0416602601965,62.5457192237164,62.4409980170908,2.30541818351539,3.66114091943492,3.24796245149825,1.9276026012293,1.97014820473789,62.2557781904684,13.1122723604157,83.8839615141118,86.5503639604289,79.5713009228416,86.0132407604538,85.6512430740078,62.8172881647382,59.0043741686733,61.8060064492338,63.7270851011931,62.5993524629483,2.64298299495279,2.62376291040081,2.32211238185794,1.52995402020605,1.69304134917503,61.9962157871848,13.8019882509351,81.5517191124117,86.0496077188524,73.4084448268471,83.6644334186579,86.052846738721,62.8016603804478,61.6256879734873,60.0676744346513,63.6355256874212,62.0900745414686,2.37090192274234,2.76797956484979,3.34768038602963,1.90946411728358,1.92390182637341,62.3225006316159,11.2190349300573,81.789344344535,86.1006282808896,74.036359879453,83.9037464031917,86.0119285374313,62.8032526488445,61.3586101170506,60.2447879062918,63.6448544033963,62.1419633520908,2.39862345284282,2.75328575945268,3.24318831656384,1.8707969637984,1.9003801399302,62.2892564406005,11.4822043510359,82.5267283070656,82.8566241789085,83.2042286886122,85.0238749544277,85.2619210266405,62.2266091729673,60.3242640403608,60.5008885740376,62.3847992838221,62.2491912695333,2.25910308256229,3.83679400408912,3.3343245214026,1.87047187001775,1.92833068538598,62.3697347445525,12.7659383821642
81.6578551866776,-195849.0372,-332933.0376,-312624.2968,-180617.4816,-185694.6668,81.0024002677799,80.7095675316278,83.4270997079071,84.897178968932,84.7380856463751,62.1525807879319,60.4333869103166,60.8471901738007,62.4694394288628,62.336548538239,2.48266878106102,3.92351465916745,3.30830139403062,1.9243267468393,1.98073396846072,62.0719713511153,13.6195455495591,80.5603904989482,85.4175697409579,78.651602114958,86.0730914879788,85.7562027488925,62.0699802710642,58.2506036789357,61.648537820799,63.7013511976131,62.465657704406,2.9151693813575,2.86832853150286,2.48278504642543,1.57374287652585,1.71556380808756,61.7928464428223,14.8303949776914,79.3696432383913,84.6817363914551,73.4273466502291,83.6539960515319,85.958017725291,62.118487405342,60.8492451709758,59.7834947972502,63.4941987397876,62.0022451970076,2.49111516810685,3.10253783802899,3.38729039144647,1.9086944888481,1.92946655900852,62.2052742582964,12.0154296449081,79.490964930332,84.7567082598819,73.9596304799771,83.9004704806886,85.9374553984172,62.1135451579007,60.584477328962,59.9735184762072,63.5153048867472,62.0494609171914,2.53432078892186,3.07867494933949,3.29513303575707,1.8745672666648,1.90767264479002,62.1632532165236,12.3022380787716,80.2119061324094,80.3963936539491,81.064664202905,84.8343684571186,84.8554698221497,61.6571202609191,59.8437628849677,60.3444435838144,62.402818186967,62.1846324399167,2.40615637042389,4.05204454740418,3.19445677784053,1.88120595107435,1.96540436965309,62.0645639786405,13.1339613040777
85.9643820173382,-195849.0372,-332933.0376,-312624.2968,-180617.4816,-185694.6668,80.7507560279782,80.7168058729544,82.5464793793444,84.8085351941706,84.4231592294553,62.1002696575401,60.4070880573707,60.661617410301,62.4289753017636,62.2651849059668,2.50920310718714,3.91703580630745,3.41337068035594,1.92846951752359,2.00250640460317,61.8847150771908,13.7705855159773,80.7434413984588,85.6556304081797,76.8336700517424,86.0457303577983,85.717751132126,62.0170198315006,58.0546252894402,61.3610550486402,63.6665292203399,62.3609216543187,3.01049705401164,2.88642796189388,2.80231835861826,1.61618798474952,1.73056289165354,61.4583708230844,15.9588547052518,79.8326226550569,84.6861158990609,73.511083060876,83.5406049757147,85.5825851286125,62.155797207962,60.9142975720758,59.2290940658964,63.3212216164381,61.8281431037008,2.55425376563578,3.07575294655239,3.46107624435725,1.91072042961832,1.94591769853378,62.0081694356558,13.1162411039803,79.925423264104,84.7848968448616,73.8496115536172,83.7958447398069,85.5963567901417,62.1416575943991,60.6229340802439,59.4463132207462,63.3564039797599,61.8824263234333,2.60073903544563,3.05646318773769,3.39395736537723,1.88071139602526,1.92397583865829,61.9521520925022,13.4058665375744,79.4761179502767,79.8935292985059,80.6766772870983,84.7118149162861,84.4030631328424,62.2833797086044,60.2716553817844,59.4361647871929,62.4185633893204,62.0150141542376,2.54598969927564,3.90263733840001,3.49597042032066,1.90663761319127,1.98692858627006,61.8539178142088,14.3922548981146
85.9631705615418,-195849.0372,-332933.0376,-312624.2968,-180617.4816,-185694.6668,82.368782692343,82.6381531479643,81.8823664909422,84.6547046901097,83.9995673750404,62.3386215714581,60.7959017065297,60.5981545854089,62.4457378264049,62.2497647166333,2.3363695413543,3.64220200069342,3.5096975410844,1.9432826089102,2.04008680872638,61.7094445319909,13.4716385007687,83.5100473618695,86.6432919779253,76.6856599135184,86.0370105201335,85.7700504985715,62.6170487710356,58.1903344781188,61.3167414518224,63.6489760177828,62.3345261671334,2.80976281321408,2.77546084499018,2.82662971449006,1.63767457341876,1.72667828190982,61.1791803642626,16.3835242505316,81.597935062835,85.7287679241803,73.545016766155,83.4794228108541,85.3083329119477,62.6075080082005,61.3745441199065,58.9654028966662,63.1769804424318,61.7148756265038,2.54015944724312,2.87482007758303,3.49660999824363,1.91326383857098,1.95752595948798,61.8813288515998,13.8297782902397,81.7927544900835,85.8219460562626,73.8650075425703,83.7400078052141,85.3553759417018,62.6084800881102,61.0501144831297,59.2049737789905,63.225070665846,61.7780099745652,2.56762853123429,2.86469666129866,3.4283477025539,1.88518486914021,1.93400557715995,61.8097890334544,14.0899718602373,82.0199940237267,82.1380651399685,81.481480725595,84.7330873775689,84.1846230115854,62.7869174419413,60.7685533816394,60.2714893805644,62.4145852876961,62.0912369786055,2.46186447684415,3.69645460418761,3.4729540529013,1.91756643611526,2.00581524186346,61.7616888255647,14.3467748775487
80.9663102391157,-195849.0372,-332933.0376,-312624.2968,-180617.4816,-185694.6668,83.827563153434,84.0700561285916,81.9199983358701,84.4224590532486,83.5050785219261,62.5273587616779,61.0592720925226,60.6504385765887,62.4508352003465,62.2193820541661,2.19706146901421,3.45724386335303,3.51211529689381,1.9642744367481,2.08456817765043,61.6111797982699,13.2152632436596,84.9685572423989,87.1873784599015,78.0865759857269,86.0767621569177,85.9490918880818,62.9857780238584,58.3026829034789,61.4972065566879,63.6390048718409,62.3318865919349,2.64251592331728,2.70695971828263,2.57704681706741,1.64822859059916,1.71787809602176,61.1042007993212,16.095152990038,82.5127897513913,86.4647880516149,73.5150918631463,83.5650501524906,85.3440942969725,62.865620063396,61.6504999154721,59.1022838673418,63.1002917627063,61.7323134870626,2.51307626637839,2.75309173577503,3.47908099480665,1.91429553315283,1.95600119480429,61.8567830744629,13.9508291473648,82.7630005869657,86.538410636203,73.9808667650108,83.8209610079161,85.4057356996485,62.8778626001176,61.3094008110217,59.3462954072908,63.155179636931,61.7934022049919,2.52626448750997,2.74839148190907,3.38717541899164,1.88718676481102,1.93173954147834,61.7801047078865,14.1693079171922,84.3531012893256,84.3471565274273,80.9878550549821,84.6929319453884,83.8119325108626,62.8174703936665,61.1323187946766,60.9436425204569,62.4743140934445,62.2007989872722,2.28016494722478,3.43314308563928,3.4707713659247,1.93617144418374,2.03621107299095,61.739633100492,13.6633255277226
80.9698834824034,-195849.0372,-332933.0376,-312624.2968,-180617.4816,-185694.6668,83.4479461315706,83.4431757666302,82.3996003927963,84.1185984569765,83.0769122192724,62.4769383974364,60.9477322569167,60.7124945104587,62.401984660321,62.143828114168,2.23155028811906,3.53644469669113,3.44449584901078,1.98734017523243,2.11968218696444,61.5925739587666,13.3195131960179,83.3737825713693,86.6824677581485,78.9921349278554,86.1299336569413,86.1339342614488,62.6899182298115,58.1056178431408,61.6051394633779,63.6195034766857,62.296982041127,2.69959844928564,2.78872801052892,2.41500447742354,1.66267030050802,1.71799977737255,61.1316012858794,15.7755012454246,81.3252373613418,85.9748118018587,73.4833873701714,83.7259528376943,85.5313277590163,62.5759526121239,61.3732689241938,59.33995858144,63.0649115565812,61.8016198920685,2.51085946861064,2.87256445090634,3.44713638010661,1.91412144046372,1.94842072780577,61.8673943124165,13.823682499008,81.5339575315492,86.0469127596126,74.0446572519594,83.9708872835208,85.5927255407885,62.587564229483,61.0403376876863,59.570751115046,63.1214172755633,61.8520908660845,2.53008952122478,2.86402260568882,3.34197553457095,1.88850183271793,1.9249438234356,61.7924265523766,14.0225474979214,83.8495746946803,84.0470519405,81.0763868928009,84.3474249254824,83.4529634126708,62.5001109806241,60.9089231834068,60.9438075878096,62.5030665615891,62.2215152481873,2.19216316118469,3.4373048831754,3.45409767493712,1.96013069883864,2.08028754212925,61.7012229516962,13.285568585255
80.9725378643744,-195849.0372,-332933.0376,-312624.2968,-180617.4816,-185694.6668,82.5169327041344,82.389654518415,82.6674854860619,83.7965017736267,82.7913834373708,62.3483069064204,60.7406685828688,60.7109450737419,62.3298188658866,62.063992004909,2.3203295465256,3.67471678056841,3.40222752701303,2.01047824918207,2.14071730349661,61.5773959572915,13.5484694067858,82.3185727422337,86.3383398988748,78.1992993003619,86.1332247232492,86.1925091228391,62.4212378876471,57.9589676323904,61.4661368472599,63.5837253472012,62.2269776615275,2.82283813854513,2.84687769937061,2.55324866334535,1.68622876684772,1.72713801847487,61.1100372218002,15.9393334229957,80.652920128777,85.5648329897678,73.4880894446923,83.8103528213113,85.5614591096066,62.3812149410336,61.191776574541,59.2940906429727,63.0112597896943,61.7976399538653,2.53492450396761,2.95178645702778,3.45340669718102,1.91438146574726,1.94770055350972,61.8333741695625,13.9048499575834,80.8226285127001,85.6436433049784,73.9681005853521,84.0470233211222,85.6257549159801,62.3852927598625,60.8623952997949,59.5153939616586,63.0695866003577,61.8413838941899,2.56425916669309,2.94109761616292,3.36169227608057,1.89113566677026,1.92522809372288,61.7596755222906,14.1121374185125,83.0464661513762,82.5258883740069,81.7059293306117,83.7341598323715,82.5160476571184,62.3550500435873,60.7362844747603,60.5413067304612,62.4460631660781,62.1234999724773,2.27024993414604,3.54826172426253,3.4286219574801,1.98606963700613,2.12676394050677,61.6337004145051,13.6499961458151
80.9745202840053,-195849.0372,-332933.0376,-312624.2968,-180617.4816,-185694.6668,81.7726106519095,81.6461850963475,82.5810713066712,83.4954827833619,82.620037272173,62.2343102589113,60.5759062838216,60.6483743476869,62.2564773983011,61.9979444091941,2.39518573314724,3.77564495503251,3.40592615347149,2.03203013915412,2.15164803061646,61.5325806788626,13.7604350114218,81.5167328076065,86.110136343038,77.5334341928282,86.1116342135664,86.2190994113401,62.2235804590948,57.8515579202806,61.3458924024718,63.5511761919001,62.1839761902894,2.90885683207609,2.8874313784047,2.66906793182622,1.70392489999233,1.72973917053039,61.0238184758511,16.1998406387882,80.2680010631303,85.2281714464921,73.5087783685256,83.8437040679617,85.4927423173952,62.2491391553904,61.0700139199228,59.1509564112392,62.9472658217708,61.7562561402188,2.56565315130167,3.00563227935745,3.47252583582893,1.91526906629602,1.95102926055548,61.7811529368628,14.076597768235,80.3952306214406,85.3180322230193,73.9188385637133,84.0747767158545,85.5667486783666,62.246535055947,60.7420950237411,59.3745919021437,63.0087964507393,61.7998352622293,2.60062115216219,2.99358914160059,3.39066390295233,1.89373583864387,1.92848267235759,61.7039903842217,14.2929286605991,81.7881847948441,81.5835596792048,82.8018195848434,83.4810304648969,82.5427152682369,62.1142314019433,60.5338188556085,60.4786489530196,62.3752986384544,62.0465753221705,2.37061753580187,3.71108096759148,3.38343728130631,2.0105041763018,2.15438423227785,61.5732571381143,13.9570920788508
80.9760062364193,-195849.0372,-332933.0376,-312624.2968,-180617.4816,-185694.6668,81.3439822139074,81.2628554817325,82.2634934222817,83.2336391117196,82.4943746912319,62.1606444717512,60.4780935453099,60.5532668803401,62.1916577191874,61.9443804602512,2.43950552194128,3.82751037240575,3.44082757701562,2.05105680225615,2.15919698064561,61.4636696865018,13.9180972542644,80.9323552109503,85.9618521466846,77.027656464649,86.0745202695673,86.2267390835033,62.0793937039101,57.7740071058255,61.2491423498132,63.5208287518725,62.1554652096953,2.97170495205056,2.9153039109119,2.75660060133,1.71684723505618,1.72925260267789,60.9287012717332,16.3954542843851,80.0431736990207,84.9561613882869,73.5320970028615,83.8439764837246,85.366182196623,62.158901872576,60.9861382379678,58.9944154230084,62.8784305015131,61.6980071502492,2.59438386945458,3.04317680231624,3.49338427446254,1.91679336300066,1.95657383326849,61.7249043399381,14.2660803864717,80.1337697549959,85.0586282243817,73.8882491454957,84.0712399467701,85.4538617748054,62.1508010220722,60.6588637636982,59.2241428342612,62.9438825459687,61.7446161894654,2.63282799077384,3.03014821425863,3.41831558039149,1.89642144752981,1.9334127501211,61.6437815806736,14.4830359509534,81.5249223341031,81.2182960522619,82.4133562128898,83.2790948109718,82.3655697162517,61.977617156998,60.3825838238817,60.4755336809023,62.2939157786401,61.9763681404973,2.44711538746202,3.81407924791315,3.3947930594907,2.03372696907029,2.168494835974,61.4936218488462,14.1994763711244
80.9771226640881,-178527.7387,-273095.8246,-259085.7378,-168020.1736,-171522.6953,81.1494531624914,81.1110118822285,81.9101433412333,83.0224784571987,82.3654410476832,62.4888502145052,61.3392230999437,61.4193854364772,62.5695382242887,62.3958882739074,2.28604391788748,3.30045363044613,3.02127336446151,1.96295442965354,2.05238008291106,61.4193208442597,12.6231054253597,80.5148940062587,85.8669299263403,76.6590460738882,86.0278243986936,86.2224887598123,61.976510676714,57.718715237353,61.1724807461915,63.4914154489198,62.1332966550994,3.01646161498853,2.93425387726676,2.81989308330969,1.72633963085429,1.72782201970627,60.8414943452137,16.5245030442567,79.9086101510034,84.7393299938976,73.5521407189043,83.8237952774038,85.2100293090623,62.0969081096871,60.9268962447171,58.8567396883384,62.8085609492934,61.6344180010465,2.61815554116184,3.06997391707062,3.51176359171982,1.91886883737945,1.96315218742208,61.6711047004184,14.4347175480672,79.9703826073024,84.8542177926503,73.8686940521362,84.0483572402475,85.3131857870616,62.0846411738247,60.6000242368964,59.0926836476836,62.8781349604948,61.6852472612831,2.65873776073738,3.05614580643398,3.44127096623614,1.89925260994198,1.93917509752425,61.5865781721795,14.6476395682046,81.3438281328574,81.338041303651,81.84946429796,83.1659420525667,82.391955076153,61.9833443507469,60.3015356872424,60.4415861890785,62.2160475228819,61.9104563103262,2.48170391735306,3.84533716909041,3.44542746869811,2.05431057756047,2.17629054867671,61.4099378663058,14.324451942866
85.9771226088261,-178527.7387,-273095.8246,-259085.7378,-168020.1736,-171522.6953,81.3335922295562,81.3671752348125,81.587363897068,82.8390679069615,82.2072284063925,62.5093586080435,61.3776341071161,61.3639639226337,62.5430645871364,62.3697262431568,2.26617235692429,3.26450075317091,3.06121528296582,1.97813278786828,2.06604198655088,61.4483643233912,12.6360631674802,81.0058348061267,85.6631472180871,76.963883069736,85.8288036417138,86.151755686366,62.2649893893164,58.1449921660988,61.152602415012,63.4278215070415,62.2569868840699,2.76751383060495,2.86806484834537,2.76076366299752,1.70414043800156,1.6918466587762,60.76858153976,16.6056210476463,80.1136027692787,84.5508280323357,74.8161170436449,83.8892313216655,85.0042417550536,62.2647437732538,61.4820355855469,59.5032897861286,62.8764722035641,62.12026037752,2.52149997321619,2.84395085807885,3.32434735415355,1.91298341968727,1.95376880145041,61.6222809184984,14.5685300576035,80.2045096341523,84.6641589213191,75.0349465272887,84.0868485686701,85.1211585318406,62.2647687983429,61.1420341703536,59.6713333376893,62.9326475419956,62.1341910340558,2.54656559243525,2.8464077607277,3.2669254903995,1.89170503028649,1.92708233442374,61.5353000313967,14.7760831914512,81.441700747659,81.3478297719237,82.6025246256801,83.0550817808316,82.1295825423571,62.4859741519059,61.5545017566191,61.780043237591,62.6233730127653,62.5343378151635,2.16469135416203,3.14397624841326,2.91319258243269,1.94657158742315,2.03264065101753,61.382710410967,13.0212566768354
85.9695929561046,-178527.7387,-273095.8246,-259085.7378,-168020.1736,-171522.6953,82.5784186916365,82.7401981440872,81.5145312931509,82.6639121099678,82.0194655762677,62.669101470098,61.6097790886556,61.3850806016557,62.5473732902917,62.3722642786109,2.14266302549077,3.08824315768274,3.0755027558415,1.99578018810872,2.0860534666801,61.5170821603375,12.3882425938038,84.2039486908124,86.4860107839487,77.2055513762359,85.63959202877,86.0090742800063,62.9501995431422,58.7112118801726,61.1230859815331,63.3613482964163,62.3211935858176,2.54532309835057,2.68674887708898,2.71276586819277,1.68910206745857,1.67262924409884,60.8354340925972,16.0677064377705,81.6557511855923,85.5033090403209,75.661423659636,83.9468688993204,84.8848467954024,62.7821740449248,62.0971571043386,59.992646514584,62.9296716411889,62.353821227352,2.40804057822249,2.58038576840571,3.1907873771369,1.9127048997019,1.94982530026988,61.6319629574292,14.4167700230049,81.9153794400279,85.6034335941697,75.8187502337596,84.1193354174931,84.999390985489,62.7992936625029,61.7521732299083,60.1078236250504,62.9736538899147,62.3504968941319,2.42202788532579,2.59122278876508,3.14208318929606,1.8899226730875,1.92158261968775,61.5508070037168,14.5849790172731,83.1947769838613,82.6893474239446,81.7822935993749,82.6952749360205,81.994221057114,62.9579736980231,62.1054297848384,61.5734341667473,62.5697924261413,62.4727047907579,2.14532349711563,2.91733870211066,2.87384411955794,1.96763510825986,2.05672551276565,61.5124184923243,12.8084746813524
85.9305752334958,-178527.7387,-273095.8246,-259085.7378,-168020.1736,-171522.6953,83.939507728164,84.1403668102822,81.8338001210171,82.4869489230723,81.8499012095466,62.8267266683443,61.8266926688013,61.4718854844558,62.5563683061374,62.3821316931081,2.02052764874935,2.92447902811288,3.04039095440014,2.01440140662615,2.1052803374794,61.5945267481237,12.1050793753679,85.5795204213229,86.95278246715,78.8589043972886,85.525568149877,85.9587601307012,63.3237019584665,59.0795752784944,61.3008898986221,63.3066770663928,62.3718936545087,2.35741541177178,2.57464603406783,2.41534235544265,1.67083546339767,1.65873549093906,60.986270891656,15.2287868747287,82.5462295759203,86.2386193515991,76.1250325437569,84.0846166361643,85.0291133251738,63.0735902155793,62.4254803830458,60.5848920842166,63.0075490373031,62.54333356467,2.34858887568624,2.43714331458999,3.07079225927752,1.91551043334147,1.93947031386445,61.7077378716249,13.9325725416966,82.8552825460193,86.3113833044297,76.4035786045425,84.2314308942683,85.1238322693947,63.0990733561469,62.0845760771503,60.6578429690491,63.0380263012852,62.5258660628282,2.34948818515966,2.4511530571492,3.00401042072145,1.89058122937654,1.91086707887734,61.6342297498021,14.0646399595361,84.1968454796445,83.7975764018211,81.6388352037334,82.6375003556901,81.922127956977,63.0017548688372,62.211970752459,61.8051913570078,62.6104621311898,62.5300749870445,2.09445982374455,2.85734461473555,2.92413098135535,1.99418538020844,2.07780205139166,61.6478816614322,12.1445336084869
85.9147453101925,-178527.7387,-273095.8246,-259085.7378,-168020.1736,-171522.6953,84.905786959369,85.0701566585227,82.4841678583517,82.3136904336494,81.7641444019915,62.9302615773675,61.962718901201,61.5981842227475,62.5609782561373,62.3977320291539,1.94120309443414,2.82402024630485,2.96410177061205,2.03254060854171,2.1162986509067,61.6770904962943,11.8781643707994,86.2941545420964,87.2290975851471,79.7996563296883,85.4543193087109,85.9380618399708,63.5165900914216,59.3155461965896,61.3733209891936,63.2488588874152,62.365365915114,2.26114551537645,2.50477214037144,2.24376719238214,1.6595336164644,1.66008959197158,61.1709488720001,14.5426963657299,83.0697934866536,86.7908612115365,76.3823045969289,84.2544771875104,85.3089339356001,63.2426411441078,62.6077157594298,61.0832024991973,63.0938989313038,62.7038998976401,2.31551925026655,2.35600870353963,2.97971596714601,1.91741165831828,1.92606081736218,61.7988174854067,13.386831848024,83.3983140313836,86.8355118104315,76.7304883869809,84.3767255277145,85.3730339040263,63.2705529864394,62.2722864078371,61.1127618080746,63.1096873397102,62.6694076784262,2.30997927236149,2.37116576705192,2.90473233838313,1.89113723267952,1.89896180135704,61.7348458223862,13.5045994411879,85.2787345563111,84.5621335764145,82.0348156009204,82.3322233370118,81.8033046441365,63.2184998789371,62.2269103177548,61.8749803535926,62.6716669124411,62.6023197421967,2.0151474477823,2.7927337971687,3.0396840851212,2.01055070042311,2.090161965523,61.7244668318509,12.0145960794337
85.9051994266996,-178527.7387,-273095.8246,-259085.7378,-168020.1736,-171522.6953,85.4482180317649,85.5570039719622,83.2612782401558,82.1629718211561,81.8203982510869,62.9876018724165,62.0349116577721,61.7292588961197,62.5627862483641,62.4264711537655,1.89927816631165,2.77423756336247,2.87516837534405,2.04835762807069,2.11329619689038,61.7580259630522,11.7103379299793,86.6967364351509,87.4001131188536,80.2735613163125,85.4112353697524,85.9426571465208,63.6242750243763,59.4668163621559,61.3765999819585,63.1915757762496,62.3366792538913,2.20805757984516,2.46050166219656,2.15462945598772,1.65212991746365,1.66706418928837,61.3219015337781,14.0836714116731,83.3856162307104,87.2092838630367,76.5183442219558,84.4279465240073,85.6406674282051,63.3436481994829,62.7145997946212,61.4575030600663,63.1790135884327,62.8346082490764,2.29636772846653,2.30735403097144,2.91556377451818,1.91710449531516,1.91210791425536,61.8879465409385,12.8732874961077,83.7229764067344,87.2287268875595,76.9009521074266,84.5281308959423,85.6714362611795,63.3722404308722,62.383692813656,61.4492600863939,63.1802935123351,62.7838757467535,2.2873700704402,2.32295778699289,2.8380344431161,1.89010702475942,1.88714113893939,61.8302739010274,12.9966099083427,85.6429131614479,85.4076526441978,82.9576253129978,82.1429776277392,82.0386901224238,63.1792713853474,62.2568037570145,61.7364708233294,62.6802382759006,62.6146208023065,1.92756388345225,2.74495363940639,2.95183229639004,2.02851405858318,2.10097861678676,61.7999488555413,11.7719996934125
85.9001548882793,-178527.7387,-273095.8246,-259085.7378,-168020.1736,-171522.6953,85.7136656860767,85.7779087460445,83.9810080625626,82.0606264959102,82.0304821601329,63.0175901621773,62.0714449214196,61.8414032326107,62.5662936974609,62.4709236215087,1.8795741945975,2.75266157574803,2.79626405036441,2.05948005734381,2.09540068589002,61.8303041039235,11.5833805639438,86.9312235632841,87.5084783485179,80.5037269875748,85.3858974285478,85.9661713767554,63.686809753071,59.5637696987152,61.3436317217817,63.1370305259713,62.3062750767243,2.17735554757427,2.4322336606257,2.10852037171504,1.64645123226948,1.67426172788001,61.4378912101541,13.7861333954619,83.5783641787221,87.5292508996638,76.5865957583211,84.5909963732923,85.9752356570647,63.4049003234542,62.7807464235492,61.7266669643874,63.2584042088691,62.935638200154,2.28500303931237,2.27655404295359,2.87163296904736,1.91464768751722,1.8990485502617,61.9690801234567,12.4234975969983,83.9199770354957,87.5271344462951,76.9857005927629,84.6719864743352,85.9743121245404,63.4336232356188,62.452978246272,61.6876406443234,63.2460378058094,62.8715142659584,2.27403515698886,2.29241577553303,2.7938816993058,1.8873219494694,1.87614569041841,61.9149588671358,12.5623325001256,85.8159108138821,85.7269754201285,83.8765669832888,81.9872399668391,82.2675938373415,63.1111665639848,62.2632099930188,61.7113702209955,62.6859387307993,62.6145944420721,1.88759899650135,2.7332691586866,2.86673013819963,2.04286201584839,2.09872279649803,61.8699564549569,11.6176784380741
85.8974455569533,-178527.7387,-273095.8246,-259085.7378,-168020.1736,-171522.6953,85.8302597583873,85.8667095670378,84.5522048017422,82.0313210793304,82.3624504290353,63.0333674248535,62.090486843158,61.9270101146242,62.5758216189529,62.5270681509354,1.87126197945,2.74458532899616,2.73624965139051,2.06359079659684,2.06626279256489,61.891478717579,11.4819505489984,87.0708351330852,87.5782991815049,80.6033488939955,85.3710179093375,86.0014219980333,63.7239566427012,59.6260112014438,61.2911235543813,63.0858063089046,62.2819163178138,2.15917632126735,2.41406471919904,2.08544660588639,1.64149969462005,1.67971473867611,61.52683524798,13.591026754285,83.6970111935944,87.7763356190612,76.6196469443812,84.7379931546724,86.286377414161,63.4424207034159,62.8239168720768,61.9166259315512,63.3304991297089,63.0096943528674,2.27815871491596,2.25602026498947,2.8417547067639,1.91063548126704,1.88756055084765,62.0406935127946,12.0454436299062,84.0407600664304,87.7561582762563,77.025534471251,84.8024901615691,86.2573441555028,63.4711055617629,62.4980917877122,61.8528953572934,63.3055681069729,62.9355432164384,2.26603595319585,2.27212294372045,2.76469672690009,1.88321403754058,1.86638376007877,61.9883380246317,12.2029184911936,85.873613517925,85.7741185266715,84.5668823817777,81.9391136597958,82.6145193088142,63.0931834246625,62.2576207911977,61.7678232699471,62.6833949767533,62.6103299974238,1.87501300183062,2.73150002711183,2.79638558015215,2.05248512373278,2.08330418369605,61.927660739076,11.4962018909497
85.8959712840874,-178527.7387,-273095.8246,-259085.7378,-168020.1736,-171522.6953,85.8791385732597,85.9000637386461,84.9696412478834,82.0836140692116,82.759143626869,63.0425735929704,62.1018799068152,61.9893060463392,62.5932979603546,62.5874778510688,1.86801114397796,2.74205260905766,2.69396336181853,2.05990448822864,2.0318159557605,61.9432956079983,11.3957475588433,87.155003730725,87.6237895197058,80.6304764316065,85.3617163159694,86.0424316046721,63.7463213158004,59.6660515183037,61.2276485697472,63.0377754709128,62.2653370480314,2.14825203547544,2.40232749377002,2.07515551767933,1.63686253192975,1.68305642557002,61.595782564507,13.4583020375239,83.7704539145408,87.9687397022342,76.6353860287895,84.8676714900527,86.5622524886991,63.4655521987586,62.8534835916005,62.0493499496799,63.3951441046779,63.0611202310487,2.27399921999455,2.24169514574229,2.82142625937795,1.90573603130621,1.8778446565672,62.102977929533,11.7366019587718,84.1152956150079,87.9335937555116,77.0424338912376,84.9180082459371,86.5092894870234,63.4941589278711,62.5287256308747,61.9656292433759,63.358732878945,62.9800402526354,2.26118721388042,2.2580614972668,2.74539095614631,1.87834131124857,1.8579982638544,62.0513013043854,11.912020852006,85.8864140299632,85.7538779771446,85.0241995787337,82.0270313404721,82.9543910501872,63.085766483065,62.2473911179191,61.8681865265125,62.6813734074473,62.6145676090881,1.8719131639219,2.73334361902271,2.7471984459564,2.05560055085619,2.05759912180369,61.9772426412784,11.3890196285835
85.8951617919661,-178527.7387,-273095.8246,-259085.7378,-168020.1736,-171522.6953,85.8976086643699,85.910609794369,85.2567511938495,82.2151779206021,83.1731276270343,63.0486192519451,62.1097523772556,62.0334566899772,62.6186919850087,62.6463494618057,1.86699538887091,2.74174459025939,2.66577944248805,2.04874433924441,1.99666562612176,61.987847724604,11.3199293869845,87.2061381487963,87.6536554288953,80.6159146292527,85.3548229016598,86.0848357985296,63.7598964154957,59.6918692272016,61.1577593880041,62.9925581465222,62.2558447352375,2.14162930230409,2.39471380153849,2.07220660230703,1.63239251433199,1.68454605529873,61.6499679680657,13.362860741486,83.8160868089029,88.1195898424999,76.6428647299266,84.980735390412,86.7994755292215,63.4798732682306,62.8745776582399,62.141385081008,63.4527591025274,63.0947876558584,2.27145713134078,2.23132160114972,2.80758559466754,1.90049027171695,1.86983785196791,62.1566990847914,11.4897471217214,84.1614890432353,88.0721171728039,77.0476669511179,85.0188500527772,86.7266630154937,63.5084039927043,62.5503009753553,62.0411663887091,63.40587059775,63.0093102603247,2.25822936051026,2.24796914581155,2.73266001933675,1.87317458970041,1.85095902266528,62.1050697605204,11.68059308969,85.8787429312394,85.7785870999181,85.3262407670247,82.1972708234325,83.2910798387642,63.0823097296162,62.2362306637408,61.9535476898586,62.6842744621228,62.6316204866106,1.87107432446239,2.73588053486505,2.7149585099531,2.05153576617884,2.026903328955,62.0204423640309,11.2902861154268
85.8947141787904,-178527.7387,-273095.8246,-259085.7378,-168020.1736,-171522.6953,85.903328351816,85.912590891579,85.4453084924281,82.4132667472182,83.5697020822287,63.0530947750846,62.1158973732386,62.0644269328395,62.6503654913643,62.6999770966519,1.86689373349764,2.74222433535196,2.64781209885047,2.0314926998756,1.96385493368331,62.0267707955707,11.252277801259,87.2373528412185,87.6733695593623,80.5767462393293,85.3483462782597,86.1257570655303,63.7681783388352,59.7085568619561,61.0839832680932,62.949727812804,62.2520178944586,2.137592254156,2.38975757829725,2.07358307329516,1.62805331592851,1.68461479900911,61.6931474324943,13.2896022509265,83.8445157179503,88.2385090821025,76.6464475801791,85.0786440282109,86.9992595659855,63.4887652939683,62.8901254149087,62.2047610586536,63.5039476057924,63.1153032817644,2.26989803818425,2.22358823733998,2.79817148183832,1.89526829944565,1.86335253157777,62.2027905529898,11.2959046170544,84.1902017874538,88.1809286993021,77.0468940048362,85.1061231872063,86.9102609977922,63.5172338569257,62.5659648708073,62.0905683476187,63.4474798017339,63.0273457048,2.25641779589981,2.2405187365831,2.72434532695476,1.86804256062931,1.84514147634618,62.1508645333275,11.4990365310815,85.8653893871109,85.8083650935611,85.5241531097099,82.4181503114333,83.6729641746924,63.0804116134488,62.2252649800365,62.0094052887292,62.6934873573176,62.6579496320681,1.87078708647128,2.73821167159277,2.69397959600781,2.04052689405427,1.99516136317774,62.0574465174217,11.2005044115392
85.894465155575,-178527.7387,-273095.8246,-259085.7378,-168020.1736,-171522.6953,85.9041305620565,85.9117641435199,85.5646959789353,82.6587921048164,83.9277969863892,63.0567000169671,62.1210395106833,62.0861852485405,62.685833538998,62.7465858462123,1.86712277291619,2.74291233554263,2.63680187326037,2.01012731775947,1.93497492217513,62.0610863778967,11.1919392216538,87.2564662075663,87.6864336573243,80.5227734024105,85.3410916828124,86.163501885983,63.7732474142911,59.719369971575,61.0077728646922,62.9088933815569,62.2524169210244,2.13512276158785,2.38652132721799,2.0775540926185,1.62384931800101,1.6836790518621,61.7280311382675,13.2296394862275,83.8622612703033,88.3326646914763,76.6481911292156,85.1630607808783,87.165063515639,63.4942977585929,62.901872439608,62.2481103548717,63.5493404741148,63.1265795652066,2.26893967043894,2.21769667880519,2.79178485158847,1.89029378029737,1.85815907113234,62.2422070649719,11.1459395736049,84.2080867023009,88.2668221360954,77.0429607772494,85.1811998192417,87.0630173841737,63.5227191082081,62.5776167416805,62.1217360621308,63.4840872273164,63.0375137369351,2.25530546414692,2.23489771941657,2.71901400677143,1.86314654759335,1.84038182162785,62.1898192111852,11.3582415517574,85.8532697888326,85.8324581063476,85.648018263709,82.6792220100413,84.0344715598429,63.0791740152607,62.2151674443342,62.0443828395163,62.7086428080331,62.6877568377084,1.87062359209128,2.74012368820061,2.68015709587318,2.02385375681564,1.96492122943783,62.0891221797409,11.1209619612042
85.8943248427207,-173400.9951,-255385.2558,-243239.4394,-164291.6328,-167328.0869,85.9043219892747,85.9113336653664,85.6374946107295,82.9224968360492,84.2365989006251,63.1340076111389,62.3270142611998,62.3058310737097,62.8097038898835,62.8782729777272,1.81964679301201,2.58748005146513,2.49110954958111,1.95185522137041,1.87200142033114,62.09266800372,10.7220930357598,87.2681932221424,87.6951161690864,80.4597585471035,85.3323947415071,86.1972384840701,63.7763566080816,59.7263939730029,60.9299846535049,62.8697261556599,62.2558351580259,2.13360870479795,2.38440235039257,2.08310234823078,1.6197948850821,1.6820777675223,61.7566029030362,13.1778015623598,83.8733547596533,88.4074705848229,76.649058069156,85.2356223450036,87.3012195950829,63.4977452380875,62.9109105120401,62.2775737821899,63.5895415432917,63.1316930377459,2.26834969252031,2.21313705859925,2.78746770082063,1.88568509798365,1.85403023568847,62.2758609720206,11.03139546763,84.2192447396494,88.3348909150296,77.0373189913331,85.2454821962633,87.1887382477011,63.5261321207797,62.5864496064166,62.1402719394324,63.5162016972931,63.0424544869744,2.25462133458432,2.23058676909563,2.71570201287724,1.85859433609973,1.83651051083809,62.2229553138933,11.2500863919178,85.8453117025755,85.8529756257751,85.7233319199702,82.9650586707955,84.3395633876028,63.0782692587002,62.2063244355664,62.0665924360178,62.7283742874855,62.7168736394225,1.87053651632966,2.74162904728946,2.67102127736572,2.00345432677579,1.93764334263023,62.1161935234502,11.0526322454707
80.8943251015363,-173400.9951,-255385.2558,-243239.4394,-164291.6328,-167328.0869,85.7016767682243,85.6759614440291,85.674231618266,83.196335368686,84.4941960243728,63.1188379246686,62.3032547608382,62.3119802358354,62.8404806948936,62.905805260041,1.8347529210604,2.61090667900907,2.4878479772028,1.92854884048952,1.85205173002611,62.1323251050293,10.7141081477879,87.0618946219301,87.6882892323888,80.6042586202534,85.2916806839959,86.2092870746651,63.7985466577487,59.8833240250049,60.8699500536158,62.8330680143219,62.3184881417793,2.0701243376737,2.35421114293041,2.05094863383312,1.6044316746152,1.66714748509007,61.7803351901255,13.1310898634954,83.9087111032342,88.4426161698311,77.2290968423359,85.3064682078988,87.3548248225519,63.521473515759,62.9783093967356,62.6585521881338,63.6418885588346,63.2596530496592,2.25597715413467,2.18504021945228,2.68929830566,1.87885836739886,1.84840547434694,62.3045892703285,10.9448857191537,84.2299795807352,88.3657600448091,77.5729820235446,85.3049615511304,87.2381093932084,63.5497036729813,62.6629705550957,62.476316843694,63.5594802424881,63.1637605602944,2.23704116419635,2.20227654099874,2.6242587588131,1.8508978490042,1.82993763766754,62.251174583498,11.1676315481848,85.8457583946782,85.8488457471177,86.3087710750594,83.2416812307136,84.5260914198061,63.1385310137276,62.4247675294177,62.5396414203614,62.8278067240716,62.8486942834003,1.80573821984037,2.58367456522656,2.45066438064981,1.94187301973361,1.87138971513567,62.1415069494614,10.5797077416744
75.8943282490002,-173400.9951,-255385.2558,-243239.4394,-164291.6328,-167328.0869,84.5469855543806,84.3813819695676,85.6058605775205,83.4650713549557,84.7021271028713,63.0148240269082,62.1470141221672,62.2906030676778,62.8557823379868,62.9137456511796,1.9242810101153,2.74457796167107,2.49286244512404,1.90483329609248,1.83505216081371,62.1741176327674,10.9016068738166,85.5863396707373,86.9950191166428,80.4713647618434,85.2578312605911,86.2045868632656,63.5229623348206,59.6208584647206,60.768334149956,62.7975442124326,62.3599054578295,2.12509856228889,2.46489201548246,2.0677379799459,1.59271131039894,1.65791875715282,61.8294041214041,12.8872285861633,82.8081092910013,87.8401409813633,77.4749806972231,85.3794640418989,87.4437013843884,63.2616096800385,62.8185261713597,62.8286768389699,63.6915749867624,63.2961048403744,2.2468448231243,2.25751490119156,2.6464385847057,1.87644891443185,1.84466319872917,62.3447289411018,10.810710482893,83.0911749099076,87.7540340316182,77.7802733453487,85.367071240074,87.3174516963224,63.2882381236399,62.4927253324377,62.6187546587653,63.600484853884,63.200718273597,2.23444045920824,2.27864393772932,2.5874765036477,1.84753973502097,1.82563636376341,62.2922240300298,11.0222807278805,84.556324601783,84.8069647693558,85.9605602357115,83.5298560272771,84.8211367023809,62.8762652706157,62.2053510599651,62.5091637192771,62.8499573079412,62.8609082473712,1.83785864194935,2.68291462361106,2.44208353372335,1.92410041252211,1.85228764924176,62.1992926482028,10.5478991937293
80.8943273416309,-173400.9951,-255385.2558,-243239.4394,-164291.6328,-167328.0869,82.4689865569203,82.1576414191217,85.2192715832078,83.7170372578824,84.849766628095,62.7950211730034,61.8313865468766,62.2108565935286,62.8487373190445,62.89549360094,2.10602838449241,3.00222330031833,2.52610750765556,1.88119109095485,1.82118608136585,62.2047902155582,11.336736364787,82.9207536645831,85.6146279144618,79.6836756068983,85.1799101863277,86.1101193650603,62.9467779485643,59.0266236805567,60.5681597523414,62.7550783193111,62.3720215129521,2.31623506138048,2.69931916461408,2.20002565056511,1.58908960744426,1.65531144355234,61.8297195191895,13.0726208360532,80.8304361031095,86.6079579132225,77.5800126641419,85.397281833476,87.430240525984,62.7138338825057,62.4113653883858,62.7140866237956,63.7146213344214,63.2575082773274,2.29699654029956,2.43877168713386,2.65515892806236,1.87308930146227,1.84636732257304,62.3515377749419,10.8382125405197,81.0434123337939,86.5067504781127,77.7943486159783,85.3751344837524,87.295737312653,62.7375678596122,62.0665041366506,62.4954445261401,63.616856354447,63.1672886681764,2.29895669591385,2.46531809361813,2.60878675395495,1.84415341848339,1.82690120808695,62.2983712670099,11.0658697469479,82.2485796416618,82.3795952404116,85.6148980823435,83.7384844469988,84.7959527365896,62.4184589081606,61.7598948758133,62.268808133378,62.8439343022733,62.8349716955453,1.99342427093409,2.94463104312492,2.50650483745233,1.90323023420175,1.84075229203389,62.1996136016903,10.8956566391997
85.8943258611066,-173400.9951,-255385.2558,-243239.4394,-164291.6328,-167328.0869,81.2316183942501,81.0220775299802,84.4092963211634,83.942870709678,84.9052574227699,62.6398866265273,61.6387556585362,62.0863156612393,62.8440266706266,62.8737130185024,2.22862130605735,3.14827130201893,2.60367245441501,1.86063558058703,1.81479862373223,62.2060949430611,11.6559992668105,82.9447657698078,85.426317137132,78.1484367582795,85.0124201839702,85.8627331893991,62.8311030948633,59.014305026419,60.2550446166015,62.7001453242551,62.3565502630974,2.45618092959414,2.71781813956061,2.46413813450983,1.59544645276248,1.65816260678134,61.7264840875309,13.8091566474747,80.7200718808084,86.2358310083219,77.6542553231064,85.3292170345476,87.219190404776,62.694383290324,62.4501801328731,62.2752590029056,63.6987113356965,63.1407279850772,2.29063933155345,2.42702364559056,2.71297026371901,1.86904339889763,1.85642510773389,62.2937292254459,11.2235539591327,80.9467393152875,86.1533520509852,77.7046059977012,85.2969395469676,87.0809850190776,62.7083132640119,62.100109051444,62.0694253759488,63.5969704188492,63.0608304525242,2.30750587194042,2.4566518304994,2.68761749917792,1.84116742091772,1.83622473200285,62.2359343077866,11.4869933162716,81.7154983631295,81.0262695790971,84.8255600923872,83.9504683585138,84.8237240831333,62.7368091498475,61.8599386467723,61.8348482122265,62.8112913840684,62.7725961841883,2.12547260740108,3.0342592779317,2.62606820304993,1.88064788591968,1.8343795003393,62.1683658291336,11.7049433375077
85.9999989571015,-173400.9951,-255385.2558,-243239.4394,-164291.6328,-167328.0869,81.8989895662764,81.9521690993592,83.4575722541653,84.1278414285914,84.818434558357,62.7199617157207,61.7823953270051,61.9771029874145,62.8667908473572,62.8704629486817,2.16037694177756,3.02551514332332,2.70579423209572,1.84644026777141,1.82170895673725,62.1733121440412,11.5598355417053,85.0434458332143,86.2267202281248,77.6889958705183,84.8538818460194,85.6360410357169,63.2473256843487,59.3640958388221,60.1016167455527,62.6556370382423,62.3781662955078,2.34955648529989,2.58086259568736,2.53830974762209,1.59374910783017,1.65259837604938,61.6138050292882,14.1394468774169,81.8761066960605,86.7329412938252,77.6749656569615,85.2565221430901,87.0035945261082,63.019034536191,62.688206580307,61.972460922123,63.6807476362693,63.0416422691354,2.25765655025366,2.32358272333765,2.75513293329132,1.86819708313049,1.86599125731981,62.249518587747,11.5544689148524,82.1988174473661,86.681363937134,77.6763951536342,85.215498322417,86.8642585739968,63.0422944413506,62.3495228371536,61.7818461809624,63.5763021705533,62.9740426782324,2.26701996092725,2.34979620326718,2.73304146467433,1.8402343963236,1.84424929220144,62.1847476266399,11.8178446205424,82.2481324434553,81.5478352164478,83.6448589705987,84.214595470644,84.895674831373,62.9678401560639,61.9921468195843,61.7563604573868,62.8036654848245,62.7827595087285,2.17782219284586,3.04299570094277,2.68356874183028,1.86378694688759,1.82854016171401,62.1907078788618,11.8599903813143
85.8823050304869,-173400.9951,-255385.2558,-243239.4394,-164291.6328,-167328.0869,83.296385063644,83.477025345044,82.891520330111,84.2466444733211,84.5753228965327,62.8765356555165,62.0041578656966,61.9258046295059,62.8942036398893,62.8632570656634,2.02910064153355,2.84190996122692,2.77222731981461,1.83853734730176,1.84150217556519,62.1421638804312,11.323277445442,85.9768719199126,86.7289962889867,78.5613941242987,84.7673819530246,85.5340198332097,63.4992146622889,59.6091325654763,60.1464815549977,62.6253740280199,62.4215709633771,2.22387556478115,2.48991198764903,2.37738321232635,1.58319865440194,1.64340120940528,61.6207637155622,13.7560145693502,82.6225030690835,87.1364690731037,77.6496824638722,85.2363288794296,86.9362351731467,63.2200846669232,62.8215021168166,61.9917999784858,63.6861591972202,63.0248652573926,2.243411807204,2.26424165642406,2.75422382341578,1.87021376687007,1.86847687893605,62.2539465829071,11.6088808243708,82.9642697208793,87.0949528847181,77.7425740495755,85.1885492737765,86.7933676284195,63.24852439081,62.494203350725,61.8037859802826,63.578078955698,62.9633973985845,2.2414213176489,2.28723453435201,2.71582865590732,1.84097065188622,1.84554458931702,62.1894334663804,11.8276458867754,83.252922508395,83.2301012341761,82.5873601288741,84.3779495579371,84.7813069817154,62.9764193264549,62.0533479272437,61.9654575308974,62.8338655921766,62.8419949333011,2.11281386783754,2.94152075483696,2.72833385727676,1.8525336609385,1.83063369269822,62.1937092275509,11.4752121173706
83.4890960578471,-173400.9951,-255385.2558,-243239.4394,-164291.6328,-167328.0869,84.3825190539429,84.5520254473388,82.8274391635113,84.2887535478542,84.2417947139677,62.9860276100824,62.1468457495636,61.9335912281261,62.9104458098679,62.8425031078621,1.93648242015581,2.7236539411341,2.78176284351387,1.83631279002316,1.86841775884545,62.1376264384314,11.1466297536724,86.4454866380077,87.0301951111429,79.1308363129533,84.7246433412945,85.4953991480859,63.6295942005962,59.7661479769561,60.1468440929331,62.5959436547391,62.4364608120614,2.15618217562757,2.43339615009259,2.26998412151793,1.57480259104874,1.64213643949783,61.6947759413046,13.2748412163517,83.0738631090336,87.4334975786382,77.6292094189892,85.2433724116709,86.9551256692467,63.3382225713078,62.8941515227624,62.138554161484,63.7032267504555,63.0502912806137,2.23763139842363,2.23102829014252,2.73456612709476,1.87209470590885,1.86705595620859,62.2782136023658,11.5172390399121,83.4173877885956,87.3924062913927,77.7822057108758,85.1905206516363,86.8063984815519,63.3679095588153,62.5754485577049,61.9356247545678,63.5904089736867,62.9877499223622,2.22933277969554,2.2516469486747,2.68723125022475,1.84180449775958,1.84413957653532,62.2187688767498,11.6963158909515,84.5297044446706,84.4427799382975,82.3529975120328,84.4245705167205,84.424112785892,63.0476539789431,62.1540534770342,61.9873103296775,62.8593072036525,62.8745520223629,1.98957135534173,2.78678095659282,2.78969642619862,1.84618037305154,1.84748867055798,62.1696701253131,11.1687493731698
83.5577218586897,-173400.9951,-255385.2558,-243239.4394,-164291.6328,-167328.0869,84.5872490607008,84.6569725421795,83.1515022968011,84.2362465359585,83.9041620477134,63.0056899447289,62.1613420379522,61.9786003074883,62.9081190859069,62.8101964957667,1.91987656273573,2.71270262792569,2.74509983912555,1.84063322109511,1.89546230011125,62.1614728000217,11.1137745509934,85.9623745684737,86.8831317486475,79.4056350331209,84.7078014121691,85.4983819395243,63.5602724399416,59.7057800170187,60.1036586937514,62.5674386394783,62.4385372996705,2.14967546052507,2.45779482291004,2.21462203450947,1.56819478061881,1.64417541635868,61.7652291873135,12.9214761378308,82.833804157393,87.3336647667976,77.6202895123888,85.2632219489949,87.0177297944499,63.2841619853859,62.8488382118189,62.3100717596806,63.7253028060022,63.0892113326227,2.23348196238719,2.25077915154256,2.71047412740339,1.87307367508386,1.86392629279865,62.3097209584777,11.3639159126862,83.1525648786651,87.287761299414,77.8021930501493,85.206631804723,86.8629279666298,63.3122940572527,62.5286013734131,62.0852669038178,63.6073314745759,63.0229160933267,2.22494316751582,2.27187136173735,2.65995323446926,1.84201047255657,1.84153653048866,62.2542443135896,11.5226110850989,84.5460039450786,84.7875502070379,82.8275585922094,84.4100225461495,84.0001741446753,62.9335619849206,62.1447191463335,62.0014380274061,62.8791697705015,62.8801216617634,1.89850773618268,2.7353536881343,2.800315867182,1.84434800579263,1.87056182317658,62.1710202749284,10.9757206372186
82.6532999363076,-173400.9951,-255385.2558,-243239.4394,-164291.6328,-167328.0869,84.3029826864151,84.2906829031987,83.5145651835317,84.1167887564804,83.6441242236331,62.9782303523563,62.1149983127852,62.0196386274287,62.8932587968132,62.7787076045631,1.94299698702122,2.75184090650547,2.70397433985096,1.8497045497577,1.91622420934638,62.1921175274899,11.1647409924817,85.7867356924772,86.7887083985432,79.1687174683199,84.6821825896817,85.481718522444,63.5097434402348,59.6683006433862,59.9839900873318,62.5360174755215,62.4305080588937,2.17699549376885,2.47320911743658,2.24956474277986,1.5654987492042,1.6480400221779,61.8057123229402,12.8604350107478,82.6877901624091,87.2606274081536,77.6239601376834,85.2667661830916,87.0452267494563,63.2510880365542,62.8255301000503,62.3772199858202,63.7393182195179,63.1046203161453,2.23111622922485,2.2611835312554,2.70050901168786,1.87256054693963,1.86261657565676,62.3292698591825,11.2695594371624,83.0035324927874,87.2125449857946,77.7813508613059,85.2072047018416,86.8859255528484,63.2774416652743,62.5038493939799,62.13338091929,63.616717490538,63.0359370259822,2.22560202867861,2.28278618674938,2.65456364318937,1.84127493489952,1.84075400970244,62.2759261411415,11.4316490112036,84.5502820077693,84.3073214938114,83.4927306009781,84.1848283614692,83.637749217177,62.9799163414057,62.1625751929021,61.9989291961455,62.8781653855943,62.8509088749648,1.89578419498976,2.73544563200355,2.76999086968091,1.84785833746405,1.8967386949609,62.188717948795,11.0497237654875
82.2409309721,-173400.9951,-255385.2558,-243239.4394,-164291.6328,-167328.0869,83.7979525456009,83.7383076425277,83.722734395021,83.9625342777418,83.4894477137537,62.9270078131497,62.0406345459849,62.0353859421791,62.8704387878601,62.7534325606618,1.98524456200713,2.81246545259209,2.67998321560916,1.8612309026928,1.9281822552873,62.2141684019837,11.2671063881885,85.3473151294079,86.5806113984592,78.9572720973554,84.6510988193914,85.4615818154026,63.4163258502515,59.5759172239185,59.8677879005871,62.5060252487027,62.4316050645744,2.20666857566281,2.50909884929917,2.27998448998322,1.56286550954771,1.64923883916345,61.818126078985,12.8950990008559,82.3801672999554,87.0698214607471,77.6286389147351,85.2627589704855,87.0531248388544,63.175152163155,62.7723116523557,62.3933558557089,63.7494287009371,63.1074313448188,2.23128364208608,2.28521104721094,2.69783172670447,1.87183968415601,1.86229840405206,62.3420749471679,11.2139486686352,82.6824811551549,87.0199773045292,77.7640093926051,85.2004387394159,86.8909672603342,63.1997246318386,62.4466405439575,62.1360332587346,63.6227420264539,63.0385734179579,2.22877568627999,2.3080223085541,2.65525851624162,1.84035922573201,1.84059039954711,62.2886913574811,11.3852360689658,83.8722900538392,83.8358205763464,83.8617625212608,83.9704367779903,83.5002178014834,62.8967540252319,62.0928965405178,62.040876799604,62.8702732887682,62.8271654126598,1.93038936957039,2.78913275982093,2.71879590467275,1.85606191261833,1.91674516738944,62.2181003590306,11.1307263601715
79.3959376303187,-173400.9951,-255385.2558,-243239.4394,-164291.6328,-167328.0869,83.1161848936584,83.0170410193335,83.7326328999284,83.8039081847587,83.413100769635,62.8531932288882,61.9368634430074,62.0207688065569,62.8419526607446,62.7313305464773,2.04480810235383,2.89485018637583,2.67695715092596,1.87278614742515,1.93323956470568,62.2232852598202,11.4226411517864,84.9393943429679,86.363185403032,78.6265273906308,84.6072045708486,85.4201632946996,63.3187241281972,59.4811960129008,59.7333949541754,62.4754463038031,62.4343312496741,2.24696801700623,2.54624379820163,2.3314281853405,1.5615065738568,1.6496204096805,61.8171588400513,13.0001000074582,82.0765170597033,86.8492503460301,77.6351268798139,85.2455554781547,87.0264495400156,63.0977430114491,62.7193847858649,62.3495051994167,63.7531673319369,63.0945268353576,2.2334697288618,2.3094550038596,2.7036779288427,1.87100462025186,1.86351071351902,62.3445902104762,11.2186777918937,82.3682070995038,86.7997266366495,77.7361377251438,85.1805158054285,86.8627898185297,63.12025811928,62.3894553761801,62.0829575181669,63.6229841418544,63.0272614734122,2.23484502923849,2.3335807088801,2.66575051115959,1.83947078609178,1.84171806749667,62.2908517990079,11.4001815957755,83.4261094277511,83.2090933698696,83.831885331445,83.7695057220615,83.3879653069062,62.8513097023751,62.0229854135835,62.0162989136419,62.8521342355876,62.800203266254,1.98014667218849,2.85149219328804,2.69478867208611,1.86651186928472,1.92908108964765,62.228559496144,11.2763330202659
78.4084705641982,-164305.9355,-223965.959,-215127.437,-157677.044,-159886.6745,82.101643569604,81.9637141812237,83.5289521983545,83.6636233888751,83.3761272941193,62.8918417051063,62.191412007575,62.3689571086783,62.9656975676743,62.8835603228548,2.04378357547708,2.7066326275002,2.42932029416671,1.82031346271944,1.86431993845941,62.2239526529738,10.8643698983228,83.5696767426078,85.7077101154649,78.2801375665648,84.5511167550108,85.3586442729367,63.0329802407037,59.1935562814578,59.5962602029553,62.4448280850091,62.4402744338638,2.33307625771875,2.65863338983329,2.38559996296467,1.56068867662308,1.64894423323844,61.8021776798394,13.1344809752602,81.1808553967053,86.2270693969453,77.6415120471536,85.2167862702991,86.9690247175911,62.8512087329394,62.533028900565,62.2680916505448,63.7513478226949,63.0706318656266,2.25490958411035,2.39307321813014,2.71495343396907,1.87041952566754,1.86598171493952,62.3384517565198,11.2747817866224,81.4242452889426,86.1741534265783,77.7065796992893,85.1489631859694,86.8049478503285,62.8697288904901,62.1927799814534,61.9958667019439,63.6182304178682,63.0064066243163,2.26287375367821,2.42013035309932,2.68139658973153,1.83886197193887,1.84386841233809,62.2838123880476,11.464260998156,82.1074000434547,82.0889448175156,83.6236600682607,83.6251281506957,83.3448156877959,62.6052926495723,61.7872089626911,61.9549544587924,62.8281932154389,62.7767082003487,2.06154099647692,2.98803565399855,2.69924805198428,1.87719865496624,1.93469140953407,62.2263585643227,11.4470673405728
74.1508321734223,-164305.9355,-223965.959,-215127.437,-157677.044,-159886.6745,80.7118033805607,80.5255959112466,83.0836637241628,83.5453581693214,83.3333679429945,62.721220556961,61.9697234759288,62.2855378573695,62.9268008421047,62.8501687009375,2.18229047517726,2.88406585950287,2.47158834526968,1.82732052610521,1.86517256133991,62.235238219578,11.2304377673949,82.1651821439627,84.977154694841,77.898363514466,84.4297183843928,85.1820274727953,62.8190237345123,59.2171127002973,59.4506750732032,62.4384407138919,62.5463988722921,2.32872419537163,2.71640927231042,2.44575846454895,1.54464584439732,1.62537091276307,61.751413005688,13.4877080412341,80.5114537567426,85.518187421096,78.3933454888497,85.1760222290428,86.7146866525903,62.688126765381,62.5286723145544,62.4915114048672,63.7535829974928,63.2162482804966,2.25349671571435,2.40287237853161,2.62673611818049,1.86418363586559,1.86900275748347,62.304138450032,11.4875021777683,80.6799472167687,85.4630632079915,78.3429132496991,85.0999835530501,86.5585285735248,62.7014634677115,62.1912673683729,62.181689647646,63.6195870671436,63.1479993193268,2.26116141956442,2.43481771882261,2.60829684406302,1.83162688198166,1.84417983444078,62.2478229007062,11.691297195925,81.1587146206937,80.9995556188904,83.8903436328339,83.5138877245828,83.1384173709112,62.6627588010488,62.0979508465805,62.3688430332373,62.909102830752,62.8869880032891,2.02218328265735,2.79759931346346,2.39879454537357,1.81852743830864,1.86654156401161,62.1962208930852,11.012206535269
76.8457008793483,-164305.9355,-223965.959,-215127.437,-157677.044,-159886.6745,78.8709020726625,78.6392199684854,82.3096304505682,83.4454618012173,83.2291820945093,62.4531046548236,61.6274314002161,62.1363487231507,62.8706799824814,62.7903930434114,2.39134864072389,3.14583960229848,2.54814294423672,1.83120838678302,1.86922528038376,62.2402764913328,11.7857648544259,79.5210120831705,83.5281416648842,77.0723107915028,84.2825917176685,84.9104837029485,62.2489848325402,58.7828887382472,59.2344032034557,62.4273969853682,62.6143733084572,2.51654780406071,2.9253188525329,2.58397167828897,1.53673349402578,1.61068967342738,61.7223204066751,13.5460091721478,79.0303206160534,84.2532313296754,78.8141872712466,85.1217877883246,86.4802142275993,62.2128168639165,62.2328755973272,62.47295135198,63.7458295100018,63.19967310968,2.34463943191363,2.53873071373549,2.59808557607988,1.86538345045697,1.87655097450976,62.2760926105147,11.6884553622209,79.0803157081972,84.1793541032857,78.6367126646073,85.0362846000877,86.3202790596171,62.2165019105195,61.8813667114526,62.1429853265898,63.6114983467932,63.140038656149,2.36215466395195,2.57811902781077,2.5966475530698,1.831898285224,1.84946315836499,62.2196704099815,11.8777159875074,78.8302128627789,78.8584994896408,82.8530445939074,83.4163346202814,83.2301099902621,62.1812619850592,61.7003947114395,62.1550556371021,62.8734370320887,62.8437608275909,2.27136064934652,3.04428580382966,2.42103999640238,1.83119639996779,1.87216190348778,62.2306540570677,11.4272221847515
80.8207508080925,-164305.9355,-223965.959,-215127.437,-157677.044,-159886.6745,77.7013317918937,77.5497181770943,81.2350076519849,83.3481182431747,83.0233830267157,62.2475796563215,61.3882316390752,61.9408250664365,62.8167973151116,62.7215456182141,2.54052719329289,3.31135122119464,2.66424375678505,1.83508470568993,1.88183465496303,62.2125598738982,12.2330415319255,78.6911289861273,82.9140387402383,75.5492988727783,84.0598589407192,84.4628154466694,61.9736167945473,58.6927200664106,58.9050378084828,62.4034466708328,62.6435219839932,2.68855790752032,2.99545045764805,2.84445305617628,1.53984511092339,1.60375690397042,61.6002196021829,14.0898226186756,78.5986068874599,83.508686059886,79.0841295341619,84.9961502945423,86.1029397201015,62.0872029196934,62.1982550485984,62.1485267222331,63.7008424361186,63.0465926764555,2.36055955381776,2.56137075051033,2.6248157397671,1.86716283636299,1.89271732680937,62.1940348108717,12.1549346171716,78.6080336885319,83.4480992155427,78.7239761659633,84.9007543570853,85.9358323427117,62.0756299676991,61.8410865299009,61.8180572969892,63.5686546456655,63.0055250040778,2.3939783291894,2.60559783903827,2.64719393178377,1.83381340817793,1.86327600994561,62.1335327478357,12.3520745929111,77.9778154512923,77.4415942226652,81.5560850098814,83.254206303436,82.7746281139104,62.2842574236417,61.5971427229924,61.7884069560956,62.8072017162074,62.7364903169613,2.42552696571882,3.21462744065864,2.55920059410194,1.83852383120802,1.88796907175862,62.1685032052074,12.2270192263465
80.4295173964386,-164305.9355,-223965.959,-215127.437,-157677.044,-159886.6745,78.120219758604,78.1403307580719,80.0882584729697,83.230432118758,82.6656030116462,62.3075330342672,61.4918571125829,61.7631966824729,62.7952323668985,62.6715136367309,2.4828593788811,3.21449036852034,2.80514227365258,1.84371640503645,1.91079976078706,62.1439022101003,12.2570081868776,80.2802702384223,83.4644974381847,74.5874444652381,83.8276403267181,83.9481360958783,62.2637325938911,58.9642460399769,58.6554095603123,62.3825320819781,62.687164332845,2.63718465261509,2.8951900707932,3.00556746045007,1.5407178225971,1.59393390824687,61.4594728618813,14.4418605575813,79.2882357723312,83.6009294982323,79.212971716135,84.8458295647406,85.682724092478,62.3438511277403,62.3776028803726,61.8472237958627,63.6426185587141,62.8664359223379,2.28901988630386,2.48661975753584,2.65871276999591,1.87195848814243,1.9109314018911,62.1219829376328,12.5947574440666,79.3893112094759,83.5870288419736,78.7416905208845,84.7420892957813,85.5059920876788,62.3356880889458,62.0298261180055,61.5220193496764,63.514232100552,62.8481704740143,2.32449335739398,2.52824776989669,2.69405276135879,1.8382093632738,1.87863347138662,62.0544817591876,12.7829532790212,78.2662544268257,77.8773797053506,80.0969707943457,83.1890211999926,82.5906825891859,62.4386308214151,61.6225164023622,61.6124392878037,62.7624879554823,62.6669106211802,2.45144750774738,3.23931989411767,2.72526454595233,1.84517025953439,1.90410743933868,62.1528862381993,12.6640274529489
79.7028734145206,-164305.9355,-223965.959,-215127.437,-157677.044,-159886.6745,79.0087010970715,79.0911057856964,79.334647502734,83.0549544154704,82.1397053172334,62.4403561167982,61.662680152342,61.6488329043068,62.7790218915935,62.6117411066631,2.36961975294298,3.07063640226753,2.90653309802251,1.85819877721195,1.95640983272917,62.0793343001215,12.1613978631741,80.9751124811134,83.7338743241195,74.9340621414435,83.6607204195636,83.5176973797213,62.4499393412985,59.1084114778876,58.6050287793315,62.3757451192514,62.7526539081209,2.54515080285908,2.84391198831855,2.93606986674839,1.53308467014144,1.58157846871901,61.4346100473078,14.1800327814784,79.6415720661656,83.6212109099473,79.218938469049,84.7297069227651,85.3814624082254,62.4749491249116,62.4428689087606,61.7874373129981,63.6014997647661,62.7701456659019,2.25269341380892,2.45956741527213,2.66689787541624,1.87964767666239,1.92279539958998,62.1041467396416,12.7353628524562,79.7774425273221,83.6326898496686,78.782365181802,84.6207910717477,85.1915689403772,62.4724009525466,62.1031309722413,61.4631911857634,63.4766112746356,62.7683634827979,2.28249102614482,2.49872713911512,2.69432300793024,1.84433740410674,1.88802982275993,62.0359296401605,12.8825559688214,78.7749566652346,79.0210322299099,78.9402159621647,83.062003592376,82.1570450696436,62.3902304166833,61.6486238751973,61.6691687924563,62.7544831837021,62.6918367842865,2.40561089886673,3.15998817271637,2.82992496720016,1.85699948153102,1.93031378115463,62.1144644470531,12.3581270301857
78.9537720655266,-164305.9355,-223965.959,-215127.437,-157677.044,-159886.6745,79.4828965639913,79.542609789418,79.0509304921425,82.8001840143395,81.5214863411372,62.5035417983589,61.7351986448952,61.597772656316,62.7475499342943,62.5291449006534,2.31225968717585,3.00528570658913,2.94527821150505,1.87889096625929,2.01158458078825,62.0514471449453,12.1532991523176,81.0399273066122,83.7509646395852,75.2887996713595,83.5313819992948,83.1496653451208,62.4907540690343,59.1377067471354,58.5592554434194,62.3703756178228,62.783944604412,2.50908526992453,2.83670747888279,2.86541592910123,1.52674032697141,1.57894021624362,61.4811630669748,13.8541635149286,79.7055136415681,83.5086884941838,79.2005986860515,84.6271184320661,85.1471423611408,62.5050591192169,62.4355522926345,61.8180509024058,63.5676174017701,62.7231548149401,2.2408607569481,2.46384565358054,2.66384455314672,1.88666249241474,1.93107902211175,62.1021961285321,12.7370678610682,79.8414730755761,83.5333732890606,78.8020371350703,84.515477110395,84.9436253771229,62.5036016202589,62.0995446320737,61.4860219388558,63.4456340021841,62.7293485055374,2.26818935371433,2.50183543445527,2.68438206029679,1.84999109494446,1.89520064796718,62.038920919531,12.8508854101613,79.4817987810335,79.5408806865246,78.6207932856604,82.7548764187957,81.4899120790395,62.5235269419972,61.708230317621,61.5976363278696,62.7396683318972,62.6851054210049,2.32250691167281,3.05851492467768,2.92784498939511,1.87149800522643,1.97533539969559,62.0548880641193,12.2020242863761
76.9654899685366,-164305.9355,-223965.959,-215127.437,-157677.044,-159886.6745,79.3754085492692,79.3783110816553,79.0462685679868,82.4643963580068,80.9032412968259,62.4801704436041,61.6968871361837,61.5786313409848,62.6957178095303,62.4290051527136,2.32377178074009,3.02669956611141,2.94283679170736,1.90587918814653,2.06799896335194,62.0499262026073,12.2671862900573,80.7318312303887,83.5893239972396,75.3497150931676,83.4197582566192,82.8216261468268,62.4336863728498,59.086726269204,58.4712878528266,62.3633255521194,62.7824277556024,2.52000790600567,2.86051026613241,2.84675436814782,1.52332692653992,1.58460255656677,61.5258159802788,13.6953891108802,79.5722845172002,83.2767595036589,79.190631845039,84.5255766405198,84.9367656433114,62.4672076324407,62.3861104105053,61.8507915361872,63.5346374705119,62.6899377803771,2.24502139529682,2.48678565879697,2.65986090275363,1.89250511769527,1.9382371780289,62.1016341630131,12.7098275708385,79.690427278295,83.3086057689898,78.7992922767058,84.4129080988755,84.7212603795966,62.4637922511383,62.0499459870007,61.5064639711645,63.4152959876995,62.6993613084872,2.27303895187256,2.52486334596342,2.67890292131235,1.85489065133269,1.90220639968848,62.0429657633505,12.8102435008265,79.5170323504795,79.4932319688777,78.8860860720044,82.4357347827017,80.8301965674482,62.4892616618983,61.7119377879781,61.5268563213342,62.7142784080571,62.6393739121877,2.27520665535178,3.03413988680571,2.96978813931395,1.89114505104732,2.0293406399621,62.0403797480804,12.1934512099496
75.821283395777,-164305.9355,-223965.959,-215127.437,-157677.044,-159886.6745,78.6519910334044,78.5859626301361,79.0658319985672,82.0671864319651,80.3566814672661,62.3586274544384,61.5359439457987,61.5428887718626,62.618562451275,62.3140360657877,2.40961157888312,3.13878589664843,2.93354859573355,1.93724312116415,2.11746672090627,62.0501469909267,12.5366559133355,79.5542785565581,82.9988486407192,75.1518707953374,83.3116804456031,82.508562456173,62.1848664791579,58.8641245458831,58.3447233346621,62.3541552926669,62.7623440750042,2.59774474873314,2.95459426030037,2.87376364503429,1.52239468074726,1.59445687201676,61.5438423821347,13.7108071714689,79.0057565148971,82.7074210153685,79.1944510376513,84.4177915802684,84.7211403146009,62.2773419712259,62.230248755811,61.846299879705,63.4986660674185,62.6485432451653,2.28652182049598,2.55727427687967,2.66022488881024,1.89759503150389,1.94584270003009,62.0952509813301,12.71140144838,79.0616437920427,82.7371137081481,78.7825645768972,84.3050932111206,84.4957073463912,62.2679199187615,61.8872843854879,61.4895346743787,63.3820552733091,62.6601380727813,2.31823139772969,2.59775602664065,2.68198171669317,1.8593669852355,1.91004104455653,62.0390696014345,12.8132279209461,78.7076280291493,78.6754918886891,79.1084730806795,82.0566328321309,80.3022615673495,62.292248447243,61.5577790781936,61.4934998188409,62.67572076388,62.5643213425302,2.33401011006765,3.11900805694622,2.95817504290713,1.91639582846911,2.08402549504181,62.0400598275844,12.354719884549
75.8228118121565,-164305.9355,-223965.959,-215127.437,-157677.044,-159886.6745,77.5880144909092,77.4810481139233,78.8833312054479,81.6361922035452,79.9124367651026,62.1633903738426,61.2897723790899,61.4521834517205,62.5171974897441,62.1890502793083,2.54532475092142,3.30525889747262,2.94899717574972,1.97064299596794,2.15560955155862,62.0279863830713,12.9258333716703,78.135314514314,82.2505764568163,74.4807088026914,83.1772151140769,82.1418553136396,61.8529128438299,58.5940517077676,58.1443495474733,62.3384335559848,62.7262424675482,2.72907016499762,3.07146455601658,2.98405152641405,1.52581277698982,1.60681940396827,61.5091134721738,13.9912557383529,78.3156305067371,81.9898983132384,79.2250973614513,84.2799982194383,84.4284813122779,62.0307217456057,62.0452945197038,61.7330667335339,63.4473941072189,62.5578297659687,2.34970248874485,2.64139357237878,2.67428697120233,1.90205547171896,1.95735681449579,62.0648149647699,12.8459564351533,78.2972586473095,82.0164580329022,78.7417057415509,84.1676389332843,84.1955037996019,62.0126053261772,61.6936576685333,61.3674230278278,63.3344054195034,62.5749888345441,2.38835513139637,2.68521222400861,2.70584795915199,1.86372122412766,1.92164160175299,62.0081961947514,12.9626475700778,77.677684797077,77.5794691037648,79.0205749063682,81.621469695599,79.7359450192174,62.1215716728198,61.3516358933632,61.3944503868788,62.6064548567665,62.4390688644395,2.46037144447667,3.25782005614698,2.95219893605514,1.9457366584551,2.13383564851277,62.0167317935836,12.7592033704223
75.5213534657572,-164305.9355,-223965.959,-215127.437,-157677.044,-159886.6745,76.704705634139,76.6103211481279,78.4095731483986,81.199067582171,79.5410596243741,61.9778070655261,61.0671233000367,61.302380189892,62.4054127674275,62.0645175352722,2.66591620468577,3.44307257148905,3.00484162542035,2.00475710520888,2.18605608592143,61.9663706007194,13.3046435927255,77.0901103025084,81.6612665766494,73.5661343171586,83.0075259650651,81.6955828836241,61.5850432802153,58.3966907572628,57.9029855407545,62.3167466680999,62.6866184740875,2.85317709887681,3.16049924529752,3.13691984318879,1.53197498608135,1.6188548631686,61.4124027843699,14.4269479246821,77.8157801989481,81.3593082417032,79.2698589190306,84.1074206932604,84.0382256983582,61.8428198510342,61.9171353378995,61.523711199213,63.3780412928565,62.4115083662554,2.40310386886036,2.70118894957295,2.70117210104677,1.90722197473686,1.97355809413638,62.0100660424638,13.1222155163312,77.7418438544838,81.3900738771195,78.6887234069161,83.9953556952533,83.7995407991267,61.816555763977,61.5584477246218,61.154806245586,63.2699091444249,62.439538515774,2.44896048980044,2.74798670762701,2.74556914069334,1.86898917667186,1.9374184383561,61.9491719131347,13.2551508154953,76.7552752441098,76.6220898633064,78.5314009464848,81.1946667244214,79.3769853612018,61.9599748031341,61.1641889716338,61.2481040990234,62.5135595489871,62.2849274634685,2.59310671094298,3.39811383545447,2.97983312639509,1.97814296529542,2.17170739975775,61.9640573597364,13.2404703037925
73.7834147109016,-164305.9355,-223965.959,-215127.437,-157677.044,-159886.6745,75.9814967164792,75.9022879303828,77.7648654833958,80.7704773768039,79.1720091986925,61.8053324793846,60.8628020335545,61.1093222177111,62.2851155088314,61.9297560158212,2.76948523466568,3.55839013056136,3.0863241550173,2.03819180234596,2.21576036435285,61.8724114268122,13.6681516869432,76.1664328397408,81.1225734133267,72.7508678213922,82.816787333181,81.1985221802616,61.3548234522995,58.2196277838584,57.6728000890447,62.2927309270229,62.6509133484301,2.95523021980186,3.24123038550578,3.27196419107709,1.53800825628888,1.62984720400431,61.287698540665,14.8126907747208,77.3745853367599,80.7526811506648,79.3054174248696,83.9119389126621,83.5822640697818,61.6685200239084,61.7966424816527,61.2894631050628,63.2964308405385,62.2349690374949,2.45719544592683,2.75756287471819,2.73233522305486,1.91413642304391,1.99264405663761,61.9463221028111,13.4521850574785,77.2514902771146,80.7903683716465,78.6375938873785,83.8003571799508,83.339391708227,61.6365584145189,61.4321911076222,60.9209720819742,63.1941668456993,62.277348364517,2.50793872572538,2.80684231687121,2.78731641141387,1.87581384436679,1.95567976585131,61.8792169096619,13.5908029329742,76.0354601836677,76.0366082090957,77.7141425500445,80.7584596684933,79.0635185704737,61.7638377991492,60.9652365557229,61.0891725250942,62.4122339869071,62.1329625469527,2.71079779410542,3.51564602977724,3.04741548478632,2.01232288538084,2.20128146008217,61.8797873723266,13.609407734724
70.794498174828,-162454.0547,-217568.5526,-209403.4418,-156330.2216,-158371.4993,74.9400419111786,74.8385569241399,77.0425708799277,80.3525507060243,78.7644867244836,61.590858425882,60.66604439274,60.9886208093333,62.1921679596122,61.8208259398184,2.90790618084061,3.66820679108769,3.1167821307068,2.05694407338816,2.23344014280163,61.7639961521907,13.9832793188249,74.5237755383102,80.1933241626113,72.0355313591842,82.6101678056878,80.6690264223971,60.9822106176388,57.9110672186251,57.454545383082,62.266134311752,62.6095807512319,3.09357784269096,3.38110510319633,3.38912852264394,1.54408555158022,1.64243850937285,61.1591871316743,15.1294757688209,76.5723263918252,79.8566644295709,79.3311520688009,83.6952619523373,83.0707430319162,61.335952121054,61.5460816521795,61.0506330723301,63.2033377015677,62.0368244609486,2.56842179272449,2.8706619046317,2.7648910142076,1.92266998111104,2.01403607803608,61.877002816944,13.7976362847132,76.3636056466196,79.8909656870868,78.5878230034591,83.5847049415029,82.8260392796753,61.2999104528298,61.1757208578147,60.684238408006,63.1078488394797,62.0951808935087,2.62192837856791,2.9226694418655,2.8284927147573,1.88409714113526,1.97617510850492,61.8038667146634,13.9333334430923,75.0078812003376,75.0265707896169,76.9061227511253,80.2972429208733,78.6538612634455,61.4659327308562,60.6365200094455,60.8812075958762,62.2977513317262,61.9671370036343,2.87505905543443,3.67033223154269,3.14453034962505,2.04637997915394,2.23333867455489,61.7691817418802,13.9599254339288
70.8472024350768,-162454.0547,-217568.5526,-209403.4418,-156330.2216,-158371.4993,73.3074484567726,73.1672848407991,76.1636746939315,79.933889872357,78.288878063538,61.1123748199214,60.0988052033815,60.6246441670706,61.9752862423919,61.5489678168787,3.18310281036501,3.97809907172409,3.22006347955841,2.08005546702772,2.26062455562073,61.6401099981349,14.721945384296,71.8387310770298,78.5375725874244,71.1444112109744,82.3642999460865,80.0500053792224,60.4007981375927,57.4299516464785,57.2051504863053,62.2431899507416,62.5670447802939,3.28730753471243,3.61686736150447,3.53691750889306,1.55107630184996,1.65522471833502,60.9921689576867,15.5645042926525,75.1695122081866,78.4371015160433,79.5053459569152,83.4440218782197,82.4347174166712,60.7191516790415,61.1077380331119,60.8071725069504,63.0911816417613,61.8242663458006,2.7919626466041,3.06685124389637,2.78706316048409,1.93122938975577,2.039662998523,61.7807103757734,14.2495162854577,74.8301488388961,78.4473382142704,78.6534752172685,83.3340122263222,82.1917462096334,60.686715584865,60.7330193318368,60.4401732112746,63.0047822939618,61.8999458282523,2.84243186195325,3.12289074799033,2.86346358673028,1.89249672385014,2.00049372713845,61.7003682392205,14.3834964970434,73.2280206919396,73.2034975033907,76.278063800703,79.860936930334,78.1510169720242,61.0008486581266,60.2131776924881,60.7305949967826,62.193095556463,61.7931579875886,3.13134188067699,3.87684277906168,3.18241839690646,2.06439333793364,2.25508373160877,61.6305156383026,14.3653414055952
71.0181560488814,-162454.0547,-217568.5526,-209403.4418,-156330.2216,-158371.4993,72.0115901141937,71.9033273113505,75.0238468628448,79.4922436336376,77.7038761865217,60.6478666100458,59.5757502201689,60.1480530075731,61.7194102222345,61.2057779574376,3.41597304368592,4.21718771904052,3.36362988046891,2.10179720903286,2.29375844639919,61.4436884295135,15.3923462986274,70.1806763551716,77.1748973258584,69.8862020685788,82.0363517466198,79.2923213184583,59.974855009254,57.0511194811254,56.8892785023723,62.1994543191454,62.4639594682243,3.48536725179048,3.80754056087915,3.74854201183192,1.56673482299788,1.67991218056727,60.7327276615521,16.1987870025007,74.084789680464,77.1510818783878,79.6615238509363,83.1005899966942,81.5782402731167,60.2059733032746,60.7823581234959,60.3557680663087,62.92809481524,61.4410827223846,2.99465846927462,3.21510572823104,2.840590136254,1.94300022293629,2.07732323208597,61.6307511037894,14.9140701282312,73.6870112014852,77.1535083634003,78.6655454286594,82.9921579310461,81.345334799046,60.1824253486433,60.4021933310822,60.0025777689868,62.8538558052243,61.5453005875544,3.04465532563281,3.27546714886352,2.93309864867694,1.90466366197884,2.03683220366772,61.5392541698694,15.0449661042406,71.9048442562887,71.6266354320181,75.203354720525,79.4086028718775,77.5343909628834,60.5757840436933,59.744798379728,60.1832451245321,61.951870655154,61.4252853762674,3.40844735528786,4.14134956123143,3.31422324223624,2.09104946465476,2.29794746842245,61.4536656134722,15.3234955053736
71.2254843855087,-162454.0547,-217568.5526,-209403.4418,-156330.2216,-158371.4993,71.3954715360723,71.3431675922418,73.8104505378881,79.0023311280854,76.9859591688557,60.3717308057884,59.2796584539935,59.6438016414041,61.4644733409924,60.8304076428112,3.52132494003872,4.30950116741947,3.53200429211646,2.12995749618773,2.34239308397973,61.1748646505567,15.8351809797421,69.337345837404,76.1658086778131,68.9305676384279,81.6530339794069,78.4795571623824,59.747163765408,56.7669828985532,56.6112631873112,62.1409344217657,62.3128787584149,3.5990519953813,3.94944461912526,3.90616938699823,1.58558139473025,1.71566300572283,60.4398933352702,16.744805802629,73.3100517817655,76.0610188763225,79.7671078475167,82.6811899267926,80.5590239182957,59.816230443623,60.5447842599662,59.8428940020039,62.7222419477171,60.949265742746,3.1585489414712,3.32505960044729,2.90675579092518,1.95968169174226,2.1232702582271,61.466987698168,15.5561395451729,72.9052846051212,76.0716955970978,78.6630050403981,82.5764341795005,80.3471532438725,59.809193445483,60.1598753307884,59.5136327631557,62.6630142552232,61.0882002116239,3.20343048567094,3.38867633037617,3.00858306564624,1.92156572667359,2.08174036925807,61.3623401125576,15.6772492099055,71.231970086783,71.1658282708054,73.7568037177123,79.0310894815437,76.9237929281394,60.1129751301465,59.3043446591362,59.6728319798474,61.6665325816948,60.9716919062676,3.56763051471683,4.31807043665467,3.47468564654614,2.11852479241053,2.34379737014606,61.2234654699123,15.8868218370929
71.3440443963223,-162454.0547,-217568.5526,-209403.4418,-156330.2216,-158371.4993,71.2565194340478,71.2418198347272,72.7867237026131,78.4321848177123,76.1303983973896,60.2648003700029,59.1683136481389,59.1993272955584,61.2144642170339,60.4242844768156,3.5315834529512,4.30593283434157,3.68257929689224,2.16956079884471,2.40942172926135,60.8941432345146,16.0990781122911,69.0236212281241,75.4958145747861,68.3270365018826,81.2371884772615,77.6905322162607,59.6556511793538,56.5674219175353,56.382969897977,62.0702237094124,62.1086638719124,3.6493254710384,4.04580182375262,4.00142282094672,1.6059016381031,1.76476310355225,60.1839840451501,17.1080997253632,72.8036370355861,75.1951795274367,79.8160514579562,82.2030159243251,79.4535795221377,59.546576881424,60.3767181937994,59.3590078207056,62.4829174062382,60.4061246398542,3.27794333673539,3.40391377477197,2.97295404447203,1.98125138589733,2.17339261130956,61.3066282569932,16.042069866298,72.4185024830957,75.225810337021,78.6454699421521,82.104610642296,79.2739478830774,59.5576901367809,59.9886003415497,59.0557881803798,62.4408692746064,60.5795912914861,3.31578235630122,3.46931383632861,3.07774166498832,1.94300811800973,2.13175856779741,61.1922453818527,16.1506844736502,71.2885713682497,71.1165837394076,72.448600552929,78.5192492164055,76.1440007611458,59.8667781073127,59.0735900071282,59.2008714972086,61.3680167064158,60.445849872625,3.60252695408769,4.3507112140991,3.65228710622424,2.15373285096761,2.40370271060368,60.9316063833873,16.1939425263096
71.4600678825487,-162454.0547,-217568.5526,-209403.4418,-156330.2216,-158371.4993,71.3078449360788,71.3099434384262,72.0775610730112,77.7691372055174,75.195180667723,60.2354336961665,59.1364913470418,58.8583684878671,60.9541070187657,59.9809199004898,3.50584640734287,4.27058046675603,3.7851528665616,2.22151796611844,2.4873145492541,60.652020348721,16.270412256033,68.9384428733249,75.0668747516231,67.9670808661978,80.8076224232162,76.9657228880415,59.6277475953234,56.4293171858998,56.1912206526762,61.990112814975,61.8601579492439,3.66655855692101,4.10951935543619,4.05370269632028,1.62668111279694,1.82556391441584,59.9811970998079,17.3359685707867,72.4791799870581,74.5270178837008,79.8163895653394,81.6859492180698,78.3403460558038,59.3650170745154,60.251231445616,58.9504377707774,62.2211608988298,59.8602214158525,3.36168090401871,3.4630352972222,3.03189994272316,2.00702397965272,2.22381255477189,61.1536732203043,16.3591824421503,72.118424828021,74.5820222921018,78.6090987931274,81.5964591168886,78.200289795321,59.3917859047825,59.8618279846128,58.6693093564713,62.1976200977031,60.0639889927702,3.39274398004687,3.5289036324712,3.13600838202207,1.9682719777351,2.18323618692161,61.0342131204069,16.4587042716063,71.4507917533175,71.2295830550933,71.6848943116351,77.8694040642642,75.2481794256679,59.868566732173,59.0176044029203,58.9429370797723,61.0808638049166,59.8918688980478,3.56176753342589,4.30620249380622,3.79105749316653,2.20220671041831,2.48056190209131,60.6684533430956,16.3007675817187
71.6346040250885,-162454.0547,-217568.5526,-209403.4418,-156330.2216,-158371.4993,71.4252188121733,71.4336092369854,71.667664146825,77.0247522464525,74.2627089981937,60.239132590875,59.1382723181777,58.6280971600894,60.6773854490884,59.5170176531699,3.47021937772653,4.228245802271,3.83729496218607,2.28507086943911,2.5663531995233,60.4552335118651,16.387184211146,68.9628486002919,74.8192794577525,67.7327506703698,80.3774022004212,76.308630996876,59.6297346054343,56.3409655683278,56.0198759595816,61.9032282638627,61.5865888932407,3.66866297468411,4.14799191697121,4.08394559437624,1.64727521430343,1.89351907627448,59.8198296914861,17.4945730894775,72.2901272375355,74.0360338530279,79.7839666747828,81.1476404331342,77.2781764047635,59.2526009111111,60.1621631683286,58.6269296578345,61.9468250068081,59.3433596777766,3.41592920475685,3.50518777179828,3.08100728381226,2.03604898018721,2.2717753110271,61.0054457793938,16.5557465757849,71.9511207269183,74.1158364149299,78.5561041685832,81.0691631536262,77.1793923107794,59.2910259399974,59.7728327256494,58.361304721184,61.9423830645149,59.5719156214649,3.44167949585034,3.57068117166752,3.18319368119505,1.99643797907762,2.23323590983979,60.884646887352,16.6514008131305,71.5563341037709,71.3498685239149,71.3516675319935,77.0940179060962,74.3116146694418,60.2157600862523,59.0398768070944,58.8558943539813,60.7882042951925,59.3525863122754,3.50426845289625,4.24999821999621,3.85843548228552,2.26417115902818,2.5624189571126,60.4653811266037,16.3661921564283
71.7495943213241,-162454.0547,-217568.5526,-209403.4418,-156330.2216,-158371.4993,71.5659485309943,71.5762956365904,71.4972673756888,76.2301338802931,73.4299639462265,60.2600198496069,59.1584015325745,58.498015519666,60.3882739881695,59.076104063727,3.43343517016648,4.18651554595264,3.84919572768375,2.35798649369861,2.63640947259237,60.2916274226972,16.4635424100938,69.0722042428471,74.7281291709268,67.5609703592914,79.9574551593697,75.7121832528737,59.652658540689,56.2979422894377,55.8603012075417,61.8125984578517,61.3098997316566,3.66165851818358,4.16421383583777,4.1033473565083,1.66696199901916,1.96342031825678,59.6875830218208,17.6144430094516,72.2174595469189,73.7119139611925,79.7328916466619,80.6044657540678,76.3059067258691,59.200780358977,60.1128724801552,58.3841115279291,61.6689241695217,58.8756864896978,3.44387175180889,3.52910717662786,3.11985676595051,2.06739000026559,2.31548471939003,60.8615006479139,16.674365213408,71.8969988515931,73.8154531022887,78.4927308386818,80.5385437715846,76.2454140095096,59.2468208810696,59.7241806051414,58.1269680111231,61.6835627148503,59.1237012270323,3.4660613967941,3.59381630257797,3.22006169306358,2.02659158382505,2.27961392612229,60.7418936773046,16.7701469401856,71.7129258238197,71.5438638580638,71.2405221547509,76.2729773564978,73.4412166056846,60.3500816832479,59.0787490811147,58.8306176678342,60.4731670764041,58.8394921072127,3.44596905079582,4.19615382556572,3.86227916074171,2.33847133321779,2.63613978874975,60.3032156585168,16.416651520723
71.814093797111,-162454.0547,-217568.5526,-209403.4418,-156330.2216,-158371.4993,71.6952331570585,71.7051430546425,71.4710107586242,75.4343811030841,72.7503954428397,60.2833702860099,59.1812183633117,58.433106896821,60.0924795364348,58.6897015344746,3.40156323333934,4.15107148883152,3.83778445044981,2.43482800997081,2.69137870499916,60.1477159414685,16.5166258875906,69.1877218822054,74.7183318031514,67.4291729377498,79.5582343235487,75.1740361259371,59.6792295632118,56.2825569562384,55.7097086366203,61.7216811316418,61.0493072299739,3.65149862099779,4.1680677035207,4.11593817278031,1.68497335484977,2.030789795044,59.579582351843,17.7007998274201,72.2065279172073,73.5065054413216,79.6730476594869,80.0723853884742,75.4461547000584,59.1834266946445,60.0862178704543,58.2148409953821,61.3961005234104,58.4706669422181,3.45594652334849,3.54238238820359,3.14874353770013,2.10016083493686,2.35382821995818,60.7248786123942,16.7383360409562,71.8989507612995,73.6299748201105,78.4255557303803,80.0200000677801,75.4184293489999,59.2339425722586,59.6986741884597,57.9596005204571,61.4292729618968,58.7333969210975,3.47587074415943,3.60613160148433,3.24728811844431,2.05785861915583,2.32091479695848,60.6081877874761,16.8363986096249,71.8663411708182,71.7019019584705,71.2648855572394,75.4561858292731,72.7427939422722,60.3736196507214,59.1103621938336,58.8013495377424,60.1336627846549,58.401568272789,3.40204711382885,4.15148195258228,3.826159617478,2.42214807880661,2.691725964081,60.1643755171124,16.446707504105
71.8449837745,-162454.0547,-217568.5526,-209403.4418,-156330.2216,-158371.4993,71.7931819803981,71.8013183875653,71.5232092616294,74.6826004700818,72.2532078050112,60.3008576583007,59.1977906862232,58.4073813623459,59.8007807505378,58.3847664914077,3.37774779740858,4.12485360816247,3.81498332331896,2.51010241789421,2.72868819983147,60.0177789068813,16.5563753466157,69.2781938091502,74.7405160152222,67.3133210405844,79.1852923271983,74.692754381318,59.7010080564999,56.2813062539085,55.5647190257019,61.6326777218258,60.8161276057368,3.64240643395216,4.16641825751378,4.12597742216863,1.70111537422223,2.0927111084314,59.4905888428094,17.7651201524962,72.221239866558,73.3777315517848,79.6136026770459,79.5616572929968,74.7028485063442,59.1824242302679,60.0708558522634,58.1038061153608,61.133747911519,58.1302350055517,3.45975475139153,3.55015075079102,3.16919514704885,2.13350870782029,2.38662763091593,60.5966343080343,16.768492347265,71.9213816691291,73.5165816019435,78.3603636153963,79.5233105875704,74.7018200460089,59.2352611918093,59.6847499302137,57.8451060940329,61.1845823839138,58.4038926031119,3.47836458733077,3.61294041160341,3.2666788434481,2.08945343886973,2.35668135182018,60.4839426297502,16.8700357860542,71.9723094646023,71.8103770527325,71.3300942054965,74.6586762287269,72.1871288247698,60.3584944775924,59.1325438124098,58.7369704712848,59.7977597980229,58.0766625393147,3.37413141052942,4.11813998652427,3.77595255175502,2.50729985776379,2.72759572268243,60.033476335395,16.4722171577308
71.8699091768613,-162454.0547,-217568.5526,-209403.4418,-156330.2216,-158371.4993,71.8573373224987,71.8634419934371,71.601747864443,74.0061096540152,71.9211936067678,60.3103227874713,59.2059319148786,58.3991426594399,59.5236762816469,58.1631207147395,3.36174974477739,4.10726172776447,3.78990842567393,2.57932425444222,2.75057796680317,59.8977275120731,16.5888221194612,69.3382925432806,74.768860120497,67.1992856430562,78.840693591502,74.2673700745696,59.7159411928381,56.2857101672703,55.4232601505313,61.546886353959,60.6155375973006,3.63582033992111,4.16313382586733,4.13596173903832,1.71546404015488,2.14757868433913,59.4157293799925,17.8160036406453,72.2421352623896,73.29552433052,79.5606959410259,79.0777365629579,74.0688134908699,59.1873963146734,60.0606303199166,58.034487542181,60.8845163852965,57.8490273671322,3.45989646144675,3.55528201390182,3.1831388846199,2.16673704172705,2.41427487818943,60.4768578635204,16.7797274673681,71.9462713763395,73.4456381260816,78.3012286621165,79.0535849605883,74.0890438298162,59.2412481781289,59.6760149485189,57.768437360341,60.9520032886476,58.1308988549055,3.47782082146526,3.61721422464011,3.28021916743635,2.12075817963648,2.38710199730712,60.3687426427238,16.8853105602916,72.0300684854231,71.882234712405,71.4130071375429,74.0247207615466,71.8278303122545,60.3360701525621,59.1447927423457,58.6330861957488,59.4917853091486,57.8983035961699,3.35744410173215,4.09648027036021,3.72776354269519,2.58594655365911,2.7460820177692,59.9125485673404,16.4952607155237
71.8812484142458,-162454.0547,-217568.5526,-209403.4418,-156330.2216,-158371.4993,71.8983015738279,71.9028212482087,71.6787051369993,73.4192381381347,71.7182131869059,60.3146104560431,59.2089048639866,58.3971030328098,59.2703530033312,58.013376964762,3.35110568568861,4.09548205147111,3.76736664106993,2.6401296854695,2.76126263379492,59.7846308540316,16.6153466974941,69.3810227165442,74.7987428261327,67.0815612477283,78.5244007848472,73.8965175430843,59.7264953262413,56.2927467657123,55.2844959872716,61.4650336479818,60.4484025747253,3.63121184804215,4.15920171073187,4.14686163071159,1.7281958009384,2.19479404676059,59.3515560232185,17.857702670057,72.2650454236291,73.2448650342889,79.5172007105132,78.6228292108531,73.5319407032855,59.1953411521377,60.0547050511135,57.9928724969494,60.6492278221454,57.6185298952134,3.45799853002593,3.55828952650628,3.19238338992015,2.19933232462659,2.43741143709971,60.3651595646295,16.7813965041589,71.9712009395736,73.4031850145401,78.2501704430797,78.6128006316796,73.5690863516627,59.2494588689851,59.6714103257647,57.7169240808155,60.7323478480014,57.9068571942361,3.4756467191123,3.61951467924264,3.28963233512385,2.15132962742773,2.41269187379255,60.2618865186403,16.8910581338081,72.055029568454,71.9287091050163,71.4919512184936,73.448239220286,71.6159371940323,60.3224583377038,59.1519171906077,58.5187389168097,59.2215487140043,57.9020047920663,3.34711660591666,4.08312766066237,3.69041426950662,2.65281544403787,2.75363591772856,59.7979424127873,16.5182934444328
71.8852838388351,-177562.7164,-269762.1112,-256102.9416,-167318.3392,-170733.1316,71.9166610261304,71.9203141613767,71.7433761841512,72.921557458675,71.6180781076633,59.7432792164191,57.9145937078521,56.7177101084611,57.7227312597778,56.2076547165403,3.48533938915985,4.6023541626611,4.07272767232016,2.63049835170424,2.64732812206501,59.6000744466535,17.4382476979103,69.4077961647273,74.8235713985564,66.9615936656407,78.2357307007964,73.5784135664703,59.7332474425529,56.2997034053934,55.1486645959583,61.3876537512691,60.3132799332503,3.6281611326774,4.15571693951337,4.15842373867314,1.73946149313242,2.23439648030121,59.2964654832852,17.8905289071979,72.2846959412765,73.2126967950735,79.4832645633384,78.197811161727,73.0795098035367,59.2030712300645,60.0506663436039,57.9694366787722,60.4280029984397,57.4305045470597,3.45561660077035,3.56031279007299,3.1982923691145,2.23094182007212,2.45668515581269,60.2613624516834,16.7778223543879,71.9915771913989,73.3768240107073,78.2074688092316,78.2016746706259,73.1303416220423,59.2570893053156,59.6684919014325,57.6820366124425,60.5257789554895,57.7242219453042,3.47319664923192,3.62097674554983,3.29611729477142,2.18086635335051,2.4340368247137,60.1630519733542,16.8911927110472,72.0597630687528,71.9576343421912,71.5555018366699,72.931719940785,71.5130815905079,60.3143171984848,59.155316325446,58.4350359205193,58.9899625602745,57.9117146503301,3.340812847334,4.07520256042349,3.66548406724142,2.70685879473316,2.75594831468539,59.6888740139958,16.5382169502062
71.9644708578742,-177562.7164,-269762.1112,-256102.9416,-167318.3392,-170733.1316,71.9355947006725,71.9399699563803,71.7877709060593,72.5261990180781,71.5783065579919,59.7459359876594,57.9171563196535,56.7174667189154,57.5107147276595,56.1566190934476,3.48068540059897,4.59674409859683,4.06066428796508,2.66261723503316,2.64539450109094,59.2647414521914,17.446105523285,69.2392767016974,75.2437904093255,66.7870998530788,78.0698294807839,73.577951224311,59.5182204952239,55.9635398432912,55.0571671160039,61.2670793830227,60.0447265521291,3.84958455937475,4.18574915439766,4.18388583078728,1.76020097966695,2.28793335221241,59.2493060330231,17.9154986207499,72.0487980979429,73.2854259441504,78.0834781970808,77.5272886983972,72.7820147325939,59.0149092614415,59.316317021205,57.1627991322082,59.9945258500209,56.8409483118838,3.56274553915607,3.86129601390001,3.41892520064446,2.26593897391351,2.48437861419879,60.1648848332156,16.7720136107787,71.7625443305594,73.4849578668528,76.9325238519453,77.5825665628495,72.863110331174,59.066190144025,58.9747125402219,56.9482625573427,60.124182539415,57.1673717348757,3.59197071262509,3.89435357805701,3.49686476094503,2.21441083593402,2.46436339153369,60.0715992361592,16.8885198927697,71.8005074501962,72.084235791315,70.3694353430573,72.2783504585744,71.6165826849414,59.5643724207789,57.3817940847356,55.6339069036791,56.6847016553356,55.6334874747122,3.64556908379905,4.76539629855933,4.16386889470949,2.66721136126318,2.58382631730318,59.439407706542,17.4295344548497
71.9375060322472,-177562.7164,-269762.1112,-256102.9416,-167318.3392,-170733.1316,71.9683674827278,71.9735095188147,71.8214349115538,72.2429083988539,71.573631194444,59.7555906709057,57.9281829533527,56.7223885563106,57.3605817646363,56.1425600562694,3.47409665913143,4.58937608391778,4.05293450869201,2.68644065183428,2.64378582996244,58.9496891074499,17.4466337335379,69.0883443510546,75.541120375702,66.6494227985418,77.9382095523488,73.5702684561206,59.4748002428056,55.8078095749891,54.9716305391676,61.1580078669174,59.8920871650326,3.87306039914496,4.1908937738312,4.20288804725988,1.7756810343834,2.31603364772056,59.1135261022898,18.2428983431456,71.9233540231327,73.1082887726948,77.4650987681032,76.9758076263274,72.523295620537,58.9062518517947,58.9396997497388,56.7548754474425,59.6548117279426,56.4784185384671,3.62679438343962,4.01808043704344,3.52383800598086,2.29489802055628,2.50382491371195,59.9589770810889,16.9318547602157,71.6345033312371,73.3561627389515,76.3631217562095,77.0738638922199,72.6299685645247,58.9641795540305,58.6206007876339,56.5731859348289,59.8079679055296,56.8262270677985,3.65188569431854,4.03568787323371,3.59302439225213,2.2419965482343,2.48469142092432,59.8728365988905,17.0654330861609,71.9907190900368,71.7763867816006,71.2241126792411,72.3037372545198,71.4804065552625,59.5471146299095,57.3331095436489,56.0495867484632,56.749472142977,54.9225215505219,3.52868099857443,4.76809477098293,4.10428364575619,2.69423900238785,2.60068571377753,58.8400559040371,17.4823847351137
71.9334329229353,-177562.7164,-269762.1112,-256102.9416,-167318.3392,-170733.1316,71.9831608293335,71.9870889260897,71.8507386040746,72.0488327551168,71.5870037160407,59.7595170025157,57.9320385743843,56.7279323493975,57.2556256356626,56.1430789435738,3.47100813160021,4.58620098949166,4.04656682039941,2.70262472100866,2.64158546595482,58.6970832536645,17.4479861284548,69.0052635403446,75.7110799375917,66.5237801801076,77.8296412592665,73.5775110042312,59.4538316740386,55.7354234248776,54.888417028757,61.0576251885909,59.8046851165965,3.88254589516408,4.19057291506909,4.2198092299649,1.78760436711507,2.33062700022322,58.986756468969,18.4032134578456,71.8348743758911,72.8692239678668,77.1240820868171,76.4755143250418,72.2781280376217,58.8350484012262,58.7298833212009,56.4987414511276,59.351802236751,56.1951056681203,3.66749337943753,4.10701222905045,3.58619403746703,2.32184140036055,2.52043080468042,59.723199952265,17.0758504416376,71.5465737553702,73.158772208639,76.0440488967324,76.613482285334,72.4105182980991,58.8980943859527,58.4247867208522,56.3346702918087,59.5256034568115,56.5628749676092,3.68940443976769,4.11552597847765,3.65075120231593,2.26740958017699,2.50109226034251,59.6481659191232,17.2110915060348,72.1595720239951,71.9273166816067,71.521031807998,72.203233889109,71.5489921535761,59.7224740722787,57.4658550293658,56.3789569126346,56.8185680631338,53.8432368945924,3.46029145930791,4.68205344885409,4.00662855613842,2.7216118812053,2.6344342874592,58.6891894959336,17.4658700337942
71.9135794351226,-177562.7164,-269762.1112,-256102.9416,-167318.3392,-170733.1316,71.984159225343,71.9868536062195,71.8730973604904,71.9134862586711,71.6082203951252,59.7588218792724,57.9306242602684,56.7315797168336,57.1802003112614,56.1493261261726,3.47052730895037,4.5858163127449,4.04156620635329,2.7136164604928,2.63902750782011,58.487919060317,17.4505537963615,68.9676350697288,75.8142187545389,66.4177147517582,77.7333763000462,73.5918666964295,59.4441248301433,55.7046048989761,54.8086787597665,60.9634056886236,59.7551068635667,3.88708801708588,4.18780759779469,4.2333202979282,1.79725965896539,2.33774782529268,58.88766470684,18.467979891704,71.7789844320462,72.6547527592301,76.9159960510922,76.0050795911158,72.0434794786538,58.790923009345,58.6100552407035,56.3242779830382,59.0679473348897,55.9457929898318,3.69250033065943,4.15868251492559,3.62686615797845,2.34799065839229,2.53569649476451,59.4836359373218,17.1836476948308,71.4925444186439,72.9766613395619,75.8463574368421,76.1811705953519,72.2012400406659,58.857475797416,58.3140275587728,56.1698580921327,59.2610699412525,56.3339126350355,3.71232629048321,4.16164998287503,3.68865596407778,2.29187831711897,2.51552809438835,59.4229142036466,17.314504477206,72.150493620043,72.0084766918741,71.6378970092731,72.0330787230369,71.5427330159061,59.9400698580489,57.6735985938338,56.5875032919469,56.9951388551963,55.4967167328893,3.44831887852805,4.59968470165942,3.94839697966765,2.734545298588,2.64698261325216,58.4894710678957,17.346530980959
71.9048171252673,-177562.7164,-269762.1112,-256102.9416,-167318.3392,-170733.1316,71.9763717310656,71.9783265316042,71.8853655028836,71.8229269685613,71.6318939559957,59.7551238988831,57.9259610662155,56.7317163069636,57.1274163473226,56.1572535094071,3.47168862814004,4.58707724255474,4.0383306509419,2.72059190690906,2.63634217267012,58.3124451167949,17.4540306012159,68.9411813660023,75.8687504414847,66.3268943049802,77.6442459186953,73.6087013270934,59.437755200625,55.6914130515721,54.7318072172786,60.8740439245345,59.7275634938827,3.88974849797299,4.18573709719291,4.24418895293281,1.80537974369896,2.34081468757584,58.8157858545766,18.486975306667,71.7382118599015,72.4791301163947,76.7803745896657,75.5614773897905,71.8247642163653,58.7613439155817,58.5357603584306,56.2025822323512,58.7988355610086,55.7177058210743,3.70859303584271,4.19120054632846,3.6545274370515,2.37372861067611,2.54983731225339,59.2527106451292,17.2610767720349,71.453230753356,72.8244884359125,75.715300617366,75.77368447203,72.0065242554252,58.8302614468392,58.2459582827378,56.0527293465178,59.0102723605143,56.1262582766801,3.72705042633854,4.19064389176799,3.71460629269846,2.3158212373499,2.52854061956321,59.2081936795257,17.3859799225991,72.1239887833871,71.9908884413676,71.665831436244,71.8378518172408,71.5957304529369,59.8605578178476,57.7181114442431,56.3020734699101,56.8515332889316,56.0303431751529,3.45869092688515,4.5617160590192,3.90561247439354,2.74127494985715,2.64749690464442,58.2735083977596,17.3507868610504
71.846167898782,-177562.7164,-269762.1112,-256102.9416,-167318.3392,-170733.1316,71.9609038503352,71.9619689711538,71.8888162981709,71.7605971179838,71.6540131483463,59.7485877516787,57.9179679955316,56.7279733950296,57.0879833000622,56.1629891146162,3.47422772043516,4.58980926747554,4.03641449307717,2.72483742570835,2.63355392951546,58.1604688011035,17.4588428362117,68.9256416150522,75.8985557983449,66.2421689010779,77.558871422943,73.623927176034,59.4339375566236,55.6863204661626,54.6564714381526,60.7886533490573,59.7125545654972,3.89140033633585,4.18419014439883,4.25403290932497,1.81245633987119,2.34178738120702,58.7638475957641,18.4863283215852,71.7107135012986,72.3461751759515,76.6883812302758,75.1453834743173,71.6261886586665,58.7422119455391,58.4886556826263,56.1160712832448,58.5435445153084,55.5074366690005,3.71877355491955,4.21206182895505,3.67386243020689,2.39910366649083,2.56281476150368,59.0348610125415,17.3185315420169,71.4269508216702,72.7081166574078,75.6240477683143,75.3912865732408,71.8297322862779,58.8126898078658,58.2031340936979,55.9673570021973,58.7722919677056,55.9358836072486,3.73636198353866,4.20922206602667,3.73297427238548,2.33933191761049,2.54029494001758,59.0072482626733,17.4375148778037,72.0945812481863,71.9798020575458,71.6887031519459,71.7278098881977,71.6418881904608,59.8300707387762,57.7704032551936,56.4739123978298,56.7595021881025,56.2075087057961,3.46567461335558,4.5468853442065,3.91161583716159,2.7455778863423,2.64605760124682,58.1118880023304,17.3603046942153
71.74291608484,-177562.7164,-269762.1112,-256102.9416,-167318.3392,-170733.1316,71.919082918749,71.9179260513049,71.8809018486297,71.7197486132785,71.6713804823166,59.7317360932506,57.8974827329522,56.7154324524088,57.0528866562445,56.1577461142302,3.48134567171752,4.59752123144134,4.03518311386753,2.72590601733074,2.62971565838706,58.0303929899055,17.4696716927442,68.8887779221266,75.889014861942,66.1618389063498,77.4759220360612,73.6363544204653,59.4258975395606,55.6794285896758,54.5824396074112,60.7068710874397,59.7050106602794,3.89412767505227,4.18635652767757,4.26315391974959,1.81871928734885,2.34167836096921,58.7254048629943,18.4764921230982,71.6742241827227,72.2306060567591,76.6241347685406,74.7587390737434,71.4503576384911,58.7222644680754,58.4489911181602,56.0543210714868,58.3025437852547,55.3150787652963,3.7278028424981,4.22966893591242,3.68755796801498,2.42401736697414,2.57453194534161,58.8320192851284,17.3621450524904,71.3904233592069,72.6033504339729,75.5581626033046,75.0355847531082,71.6730823399882,58.793955546078,58.1668086408022,55.9043554528599,58.5475135331959,55.7623558514132,3.74474918431692,4.22525596363599,3.74620372522292,2.36234534841814,2.55080718714457,58.82115665919,17.4756825566221,72.0403292698549,71.9410788396292,71.703692961677,71.6707997317084,71.6806206974178,59.7947564340406,57.8049959851572,56.5830308633441,56.732692879763,56.234865538625,3.47438513894167,4.54748966952579,3.93245095496938,2.74790424265251,2.64410652821224,57.9850677120611,17.3696241987624
71.8462725255056,-177562.7164,-269762.1112,-256102.9416,-167318.3392,-170733.1316,71.8761667128767,71.8753599574838,71.8577072949058,71.6916076478381,71.6815025594601,59.7141873535707,57.8771038407874,56.6961580825669,57.0225915805743,56.1461727799106,3.48860706528039,4.60480829133155,4.03622645446436,2.72550572449512,2.62604320572276,57.9177436639195,17.4811907412942,68.8209985787828,75.8333021407044,66.0777716488291,77.3929484934565,73.64225276401,59.4109871323053,55.66512322659,54.5085201362983,60.6280543465924,59.700668876461,3.89929190853675,4.19392015367967,4.27298914441149,1.82447171864142,2.3412670008349,58.6943062941257,18.4661596391772,71.6174834323151,72.1125897421245,76.5794221187005,74.3998288361911,71.2958467201766,58.6953490023244,58.4064463566601,56.0068732362422,58.0750890603826,55.1389098957664,3.73846463705683,4.24848740159562,3.69773498097339,2.44835528986978,2.58508179425932,58.642061670853,17.3999359777236,71.3325579194416,72.4916820469089,75.5094402296989,74.7047888835738,71.5349150436128,58.7682632399821,58.1271411075003,55.8542105014779,58.3352030898231,55.6036939318889,3.75485084875134,4.2429277072247,3.75634591438975,2.38478965092806,2.56024023111805,58.6473847199166,17.5085703310239,71.9474958177555,71.8546709960807,71.7031096091912,71.6425364311152,71.7037683121474,59.7521540275752,57.805065115618,56.633556763465,56.7483815569372,56.1958839765083,3.48822792297203,4.56104608764403,3.95327114294212,2.74683795222248,2.64076379427821,57.8824948116255,17.388694447764
71.875193199427,-177562.7164,-269762.1112,-256102.9416,-167318.3392,-170733.1316,71.8828260793536,71.8857025913378,71.830685706771,71.6702371868126,71.6828186568832,59.7159222902056,57.880364871691,56.6836893843864,57.0075028066128,56.143267460482,3.48719508725894,4.60247993448398,4.04010436914608,2.72667336305476,2.62532982456382,57.8208987671532,17.4817825785076,68.8472672214659,75.8475700242314,65.9862014414999,77.3070816930622,73.6374465174151,59.4150777927866,55.6645138583463,54.4341624520475,60.5514874204303,59.6959516327452,3.89926901875863,4.19282105931321,4.28420412984362,1.82999643511659,2.34120239845839,58.6655199102529,18.4607793640095,71.6193903063799,72.0653464087718,76.5491092269056,74.0644196378144,71.1590872136414,58.6935313860733,58.3973780296468,55.9650995406931,57.8594932168125,54.9756609037581,3.74034807197393,4.25274806459863,3.70602103073253,2.47204118211594,2.59467795121579,58.4614765661937,17.4380312830771,71.3369469415535,72.4507059082435,75.4728860124686,74.3948048169081,71.4115998617327,58.7670476004505,58.1189346386024,55.8091169203658,58.1337724885738,55.4565972675543,3.75654005392291,4.24664228051245,3.76493038468128,2.40662515506488,2.56885208207901,58.4822659348116,17.5422360389627,71.9587894997229,71.9071841964838,71.6795269332104,71.6100161786016,71.7103515409208,59.7457796385995,57.8293726642364,56.648233704507,56.8463934461366,56.149210542746,3.4880265649425,4.56090446127873,3.9724587809221,2.74461564112582,2.6381546874918,57.7833754990538,17.4096675351166
71.8759854788016,-177562.7164,-269762.1112,-256102.9416,-167318.3392,-170733.1316,71.907275087038,71.9115983010838,71.8181875810406,71.651538869049,71.6766402047805,59.7248328077837,57.8911766720793,56.6807246313724,56.9998597813027,56.14254807955,3.48274723147437,4.59752834372667,4.04264877311205,2.72873074987532,2.62625243157833,57.7424583076585,17.4779075297667,68.8714507842915,75.8704825814341,65.9167548157065,77.2248342256296,73.6350600362809,59.4205931023899,55.6677712951587,54.3637798470027,60.4786438784888,59.6942250139413,3.89719751502982,4.19022535204137,4.29156934633787,1.8347604382669,2.34092557419615,58.6426874222985,18.4451087034481,71.6303416221093,72.0446405190159,76.5246918360376,73.7609205500111,71.0445294885232,58.696703286537,58.3956258772706,55.938175089717,57.6597004044297,54.8314825211134,3.73995621395119,4.25370209622989,3.71172492235757,2.49487262616775,2.602970533864,58.2978244186171,17.4626479781028,71.3492464515296,72.4344441721381,75.443880726966,74.1138483977442,71.3084709305812,58.770458263892,58.1176928983485,55.7777646475043,57.9469141592596,55.3269328708591,3.75597706180172,4.24723463981917,3.77080354374927,2.42761576137402,2.57627155337963,58.3329614829466,17.5627479753167,71.9789591732968,71.943034137391,71.661567548544,71.5899435047859,71.7102950855145,59.7483469183065,57.8522650274668,56.660023559549,56.8967232151191,56.1306146739584,3.4830931853348,4.55703520192285,3.98844450456765,2.74529622655755,2.63972827347703,57.708595582343,17.4021621137312
71.8759852236064,-177562.7164,-269762.1112,-256102.9416,-167318.3392,-170733.1316,71.9241325749265,71.9280966319286,71.8199526151416,71.6334385608762,71.6679103293275,59.7310796139953,57.8982616702496,56.6830076543577,56.9926267840929,56.1399656710965,3.47971646285942,4.5944436271995,4.04278711325487,2.73075618166456,2.62729215708684,57.680831090262,17.4749955420652,68.8816026576218,75.8853305125029,65.851587091389,77.1472534464702,73.6360471564253,59.4232192226912,55.6708285452943,54.2947534977497,60.4095404299831,59.6953409168857,3.89596354280374,4.1883576860532,4.29823785987272,1.83887308649357,2.34034355415694,58.6251974151186,18.4248123008428,71.6369898963651,72.0320478909586,76.5053920700774,73.489583839418,70.9505951505295,58.6988749569356,58.3939490039782,55.9224092910141,57.4763898751452,54.7067959850471,3.73951566921412,4.25453352891466,3.71543724718042,2.51666799393749,2.60999018980116,58.1498356830663,17.4791249160935,71.3562516970602,72.4246473809231,75.4199076113386,73.8622529019359,71.2242078572497,58.7726762368376,58.1164983707924,55.7565722899334,57.7752398492893,55.2150639706225,3.75545567710087,4.24779106937896,3.77481706583548,2.44760948951448,2.58251669719186,58.1982688741613,17.5754781871571,71.9821585631129,71.9408638613942,71.6791851965973,71.5681765278787,71.6974681315986,59.7524714554071,57.8719408533925,56.6696018889609,56.9257232009681,56.1190217684733,3.48085743573172,4.55444545749281,4.00047193917949,2.74715979293811,2.64321143145769,57.647200036698,17.399389772161
71.8630103312396,-172297.683,-251573.814,-239829.202,-163489.224,-166425.377,71.9327351161301,71.935837115727,71.82800104414,71.6160877907392,71.661070415939,59.9300272765077,58.347091641576,57.2794618345395,57.5054232117407,56.7711220890875,3.43008387555246,4.42375032475591,3.93901115966669,2.76851067001985,2.67073560635025,57.6576141066035,17.2320916363452,68.8859150915651,75.8947298182527,65.7845335462218,77.0737805410383,73.638540941812,59.4243463876629,55.6732713845873,54.2261829149212,60.3439870831111,59.6988885094149,3.89542575284168,4.18707586387283,4.30529929039731,1.84244665424106,2.33942503139773,58.6110376808497,18.4044631039875,71.6408672673861,72.0240442687068,76.4910288300381,73.2477479412429,70.8740465356033,58.7002626183484,58.3925463940806,55.9130087717587,57.3088937287525,54.5997619297049,3.73915899978138,4.25520039923928,3.71786333981058,2.53730767887444,2.61589543259068,58.0152472611718,17.492219263261,71.3601733953465,72.4184168911737,75.4001759130389,73.6375710076509,71.1557126370771,58.7740373570439,58.1154875622598,55.7411431091284,57.6181303511206,55.1192967500333,3.75508055383684,4.24825939322809,3.77771543923814,2.46651035859951,2.58772668683303,58.0759505725727,17.5851650712301,71.9833972136584,71.9495353632925,71.7086102105456,71.54767748696,71.6885365282802,59.7508599260036,57.8828426655084,56.6756915195699,56.9323866424994,56.1084926591098,3.47962887674051,4.55527524863725,4.00832633501136,2.7484340575189,2.64582029706111,57.5983550830427,17.3998057578055
71.8176873411668,-172297.683,-251573.814,-239829.202,-163489.224,-166425.377,71.925365275848,71.927230144422,71.8353301377426,71.600420116349,71.6577455674129,59.92711926211,58.3432885096631,57.280565561468,57.4953958004322,56.7665488777797,3.43135943174658,4.4253147444687,3.93732636506393,2.76961773145936,2.67051171252895,57.6898718022555,17.2341299852675,68.9670202241519,75.7529764566544,65.7504810519881,76.9529978410595,73.5212346903446,59.4984740096995,55.7951646024103,54.146061172482,60.2951071176903,59.7584798098799,3.82327296899645,4.17527925443572,4.30519343851246,1.84168505060683,2.33200188537694,58.5990474919855,18.384787129146,71.7133127231853,71.9320037731329,76.7278192089928,73.0724158403696,70.7383352082456,58.7575082767065,58.6258325218266,56.0469539061793,57.2371075714236,54.6717954314072,3.70670373039948,4.16036366783,3.6809025596171,2.55772047215261,2.61755061986934,57.8926109451757,17.5036004120463,71.4335011598223,72.3213112997419,75.6093709183037,73.4677967827687,71.0218765480856,58.8330030684012,58.3374241981786,55.8532776070275,57.548678037463,55.1900625529086,3.71858062293855,4.16188337252573,3.74450969792391,2.4847657556406,2.58845690977008,57.9645876609295,17.5933819021873,72.0500665040594,71.8619227505582,71.9540411732838,71.5674288136483,71.6028479808435,59.9376013287186,58.4731286624122,56.954204142084,57.7645887375196,56.9367355916912,3.38177525882231,4.3230227351362,3.90050023962659,2.80307713301772,2.71048831872841,57.6104306180178,17.1320472341003
71.8263004891411,-172297.683,-251573.814,-239829.202,-163489.224,-166425.377,71.9079877351347,71.9090747617392,71.8363721661401,71.5874135504994,71.657005665031,59.9203154154657,58.3351699348896,57.2775391445725,57.4840306161454,56.7604452095464,3.43438605308766,4.42858690782882,3.93622608478098,2.76994006543423,2.66955014830934,57.7285659024488,17.238689259441,69.0082117114965,75.6447383078186,65.6946612900471,76.8363514230999,73.4313905041877,59.5120355758734,55.8452621703869,54.0641962588587,60.2475968775567,59.7854013221221,3.81485991758038,4.17469943890341,4.30905203910112,1.84203978381955,2.33140651977767,58.6197182871328,18.2684167703506,71.7413336606606,71.9348071609208,76.9049601174069,72.9020688430019,70.6299301346064,58.7853724956208,58.7350530892392,56.165558832525,57.152594612182,54.7067353090261,3.68943800365826,4.11544422913802,3.65059649548674,2.57687405406291,2.61959128805524,57.8215820169271,17.469516753823,71.4628640053975,72.3128009960815,75.7627761578489,73.3029211774989,70.9153625879914,58.8594100326258,58.4406208992664,55.9514572584439,57.4679351750651,55.2241854631605,3.70221686892002,4.12148156597949,3.71768456972816,2.50200397884627,2.59022900032459,57.9029017443857,17.5509142971196,71.9715392538471,71.997859224467,71.8743950609366,71.5103232578803,71.6638957394739,59.9129960328557,58.4659077082776,57.1379115258432,57.6209711950523,56.9845742948478,3.42219147111256,4.33378261245992,3.88826495224392,2.79529059940457,2.70375938096961,57.7275893810821,17.1289600601759
71.8335796347154,-172297.683,-251573.814,-239829.202,-163489.224,-166425.377,71.8976768058309,71.8991877171007,71.8305426322371,71.577658356056,71.6571065208782,59.9161071295048,58.3304556407689,57.2727735554685,57.4752817448742,56.7561516543696,3.43613530913254,4.43027519934284,3.93651376122702,2.77013772395313,2.66876287657366,57.7596099154047,17.2418248702292,69.0326436293503,75.5809563242761,65.6258803194768,76.7255183767501,73.3584987127513,59.5183085108632,55.8656661714382,53.9818790730316,60.2020796420117,59.798073864109,3.81194550646818,4.1761456725339,4.31531898744543,1.84303334789749,2.33311933205769,58.6409664796676,18.1994893999192,71.7609586865243,71.9753048624037,77.0397594307748,72.7522423238528,70.5492412006852,58.8032986917977,58.7938359176198,56.2588707328372,57.0671318523047,54.7278075239361,3.67865423040772,4.09082797417129,3.62709321163651,2.59474052763878,2.62123733991779,57.7727382689998,17.4365593165731,71.4829787911696,72.3426739510363,75.8768332824155,73.1570675871579,70.8354680816956,58.8761489127276,58.4954934232351,56.0268748342507,57.386542345691,55.2444018604134,3.6922348815402,4.09952074035325,3.69721448617067,2.51815132192648,2.59188185420723,57.8611994555152,17.5142919905082,71.9198558194662,71.9491235052816,71.8194086568551,71.5253592751604,71.6392571731917,59.8870024374606,58.4022691662672,57.1839008092981,57.4930481802972,56.9375535086737,3.4406207352828,4.36844606321505,3.88779931849076,2.78613679860642,2.69223460185693,57.7234285224883,17.1380764657329
71.8373870185358,-172297.683,-251573.814,-239829.202,-163489.224,-166425.377,71.89635047919,71.8984657261188,71.8231683372026,71.5706486742278,71.6561901296499,59.915313216356,58.3297281043274,57.2688191545285,57.4698308435957,56.753552216502,3.43628800415879,4.43027338871666,3.93743873973317,2.77044394993632,2.66846147675326,57.7839879343384,17.2429055592982,69.0473499025387,75.5441978233676,65.5516146929841,76.6230440275899,73.3002363247276,59.5219734588774,55.8732042187299,53.9002210098966,60.1593296598589,59.8054621745759,3.81032123976356,4.1778069203146,4.32267436818705,1.84422162208859,2.33523793532271,58.6555439244852,18.1617660001651,71.775242083788,72.0218550252208,77.1412066794029,72.6264471567494,70.4918947322046,58.8151923206938,58.8278471197263,56.3304566724415,56.9860292062579,54.7452076622078,3.6717554234336,4.07632405141881,3.60920863243796,2.61120095757826,2.62229174162283,57.7360789552803,17.4104431074657,71.4973052740018,72.3807360422272,75.9603776695284,73.0336485087376,70.7780282929006,58.8872041458363,58.5268073544433,56.0828471988269,57.3093473383415,55.2607819233686,3.68587348176483,4.0866638386812,3.68190153131751,2.53305571740226,2.59304468423968,57.8297605025231,17.4869931593158,71.9286382842317,71.9131193312871,71.7829195210416,71.5567631806341,71.6774696082466,59.8633319611137,58.3322381170785,57.1770750725761,57.2980041065083,56.8199486794017,3.4439220333656,4.39833037783577,3.88592350588219,2.78575999221662,2.68718294615778,57.7428596983824,17.1779897753092
71.8392404317784,-172297.683,-251573.814,-239829.202,-163489.224,-166425.377,71.8983551920467,71.9007636906104,71.8181217752934,71.5652074109141,71.6538949546602,59.9158481052175,58.3304207707557,57.2664535626832,57.4662463223533,56.7513475453853,3.43586649482639,4.42974931137143,3.93816416552185,2.77080879950257,2.66847768244559,57.80471641821,17.2430664536678,69.0558412330687,75.52274308498,65.4751668615824,76.5299143567911,73.2546131112964,59.5240984222774,55.8753158095769,53.819719720585,60.1196963412921,59.8116513531595,3.8093730342946,4.17922524148619,4.33053571380383,1.84537218384413,2.33699186078202,58.6638715867596,18.1386167445485,71.7851968392274,72.0627272560691,77.2167598115417,72.5223054209089,70.4521329519452,58.8229995262065,58.8485714644365,56.3845071080436,56.9111252168063,54.7621832057001,3.66734427195665,4.06734494472087,3.59578272296454,2.62615929990721,2.62283026973524,57.7064563301456,17.3909585887626,71.5071109254357,72.4152579638102,76.020443876201,72.9306287594068,70.7376693086726,58.8944324046237,58.5456353010973,56.1231885599169,57.2380369724987,55.2766584762657,3.68181515954283,4.07874409494192,3.67064451686477,2.54660722609271,2.59370704556791,57.804004519144,17.4671352514834,71.927584273689,71.9178160520882,71.7651137363967,71.5733389397009,71.6765652802165,59.8808281189153,58.3169607309156,57.1506779579368,57.3073568802628,56.7498316850453,3.43979581740093,4.40665796305309,3.89178773124499,2.78576730672672,2.68606392309261,57.7630994921941,17.1817879712558
71.8400520041753,-172297.683,-251573.814,-239829.202,-163489.224,-166425.377,71.900599309515,71.9030635290654,71.8159420991353,71.560490249453,71.6508351420142,59.9165453201118,58.3312207082482,57.2654278160894,57.463482256503,56.7491586244878,3.43542299292547,4.42925975476934,3.93847648190953,2.771192686247,2.66863363504545,57.8230284977449,17.2429855508968,69.0605664112889,75.5099966778184,65.3981066917149,76.4461263719861,73.219606822362,59.5252890232846,55.8753172505135,53.7406173124235,60.0832609225167,59.8183883931828,3.80883586713333,4.18031360517283,4.33862659185567,1.84637661665892,2.33811582028266,58.6681616636009,18.1215165666661,71.7918898810555,72.0951073228358,77.2725843161346,72.4358534900025,70.4248789667151,58.8280590166626,58.8617204503213,56.4247613867676,56.8427951471085,54.7791996925372,3.66453463468111,4.06157512091971,3.58581677597275,2.63958953588882,2.6229974322022,57.6809879642802,17.3768584710087,71.5136034675017,72.4430402285498,76.0627291570874,72.8444482500345,70.709625464307,58.8990977054568,58.5574447227851,56.1512819412976,57.1729565537906,55.2926276208825,3.67923705747908,4.07367303143795,3.66251832599751,2.55877143399779,2.59397169323498,57.7815681523756,17.4527294665381,71.9286523276409,71.919893459445,71.757603514709,71.5702951437363,71.6722734478728,59.8885603923303,58.3117816823314,57.1222895373301,57.3142411787622,56.7058604384815,3.43774924402234,4.41037348346282,3.89607010235411,2.7859757599112,2.68586034488856,57.7831000098532,17.1836001254837
71.9524121182656,-172297.683,-251573.814,-239829.202,-163489.224,-166425.377,71.9178480072616,71.9216174496523,71.8170084063227,71.5561104383256,71.6478467575053,59.9230887102396,58.3391878369731,57.2683209342409,57.4647959727327,56.751612200179,3.43235688221582,4.42580737898212,3.9389710180684,2.77231237322935,2.66960855242972,57.8393493210124,17.2390562049254,69.0630826393562,75.5022583208326,65.3213833676719,76.3711835328397,73.193329715277,59.5259285056982,55.874633746063,53.6630638186605,60.0499614732352,59.8263053694055,3.80854340663257,4.18110855997153,4.34678016107132,1.84719085879337,2.33857076386513,58.6704050390816,18.1066774543779,71.7962532112403,72.1194776268329,77.3135810656176,72.363307302916,70.4062584574089,58.8312929176289,58.8703105605915,56.454393034875,56.7808608624805,54.7958474452335,3.66275607848651,4.05776940752072,3.57848789603888,2.65153287122995,2.62292721220291,57.6580706195105,17.3668547558406,71.5177786019531,72.4641390767096,76.091731758888,72.7716578752076,70.690224847057,58.9020672688437,58.5650899720713,56.1699928145326,57.1139397872521,55.308385820767,3.67760991514864,4.07033606641931,3.65676690669565,2.56958085917819,2.59395498058893,57.7612143584553,17.4422330871589,71.9279647189559,71.9206676954175,71.7546450451949,71.563333045716,71.6664141617044,59.8928414260207,58.3099123752972,57.1077911147612,57.3216207167834,56.71781097071,3.436454671955,4.41251545695568,3.89931982272609,2.78629979468151,2.68574602183024,57.8016968116094,17.1849314898716
71.9317790694294,-172297.683,-251573.814,-239829.202,-163489.224,-166425.377,71.9576560661585,71.9628292442314,71.827307017881,71.552116423509,71.6460635316396,59.9384462836223,58.3573437707731,57.2789699463749,57.4726339071985,56.7621378633939,3.42537449371055,4.41830740414008,3.93906588923515,2.7746421363692,2.67181629763707,57.8544030798102,17.229206221092,69.1253184185056,75.5504949451729,65.2455951509135,76.3043733357701,73.1741191799141,59.53894887632,55.8853519631932,53.5871563089516,60.0196613980499,59.8355079286104,3.80458749388611,4.17488689928316,4.3548914672262,1.84780433883785,2.33841455309756,58.6719534660134,18.0925434645582,71.8369386083518,72.1760094543929,77.3435428063078,72.3015859520717,70.3935046553788,58.8498573634349,58.8952921876345,56.4759915446661,56.7249539440275,54.8115928996553,3.65571644843016,4.04686371513867,3.57313997848181,2.66207850554674,2.62272187444292,57.6368343135671,17.3598753269304,71.5606597033063,72.5198257307194,76.1109189513719,72.7094180369777,70.6768131876979,58.9200668453413,58.5886183427594,56.1816567264018,57.060641873794,55.3234646390821,3.67088447586467,4.05990761607594,3.65279030935659,2.5791145358774,2.59375464823187,57.7422995210841,17.4345247013463,71.9883158017051,71.9961342452908,71.7559508206088,71.5565847906576,71.6607687142021,59.9148914404353,58.3331771851575,57.1064991152766,57.3357303074438,56.7533030055206,3.42665824627652,4.40326235769411,3.90224143320218,2.78781981017888,2.68671641554209,57.8189905583686,17.1819720901429
71.9193109485127,-172297.683,-251573.814,-239829.202,-163489.224,-166425.377,71.9806130792018,71.9846893608569,71.8480105206591,71.5489866377657,71.6475506053307,59.9476220262259,58.3675463160515,57.2917300770438,57.4787089953094,56.7717362176995,3.42145144481546,4.41452491220124,3.93691633830818,2.77645732662379,2.67327314908574,57.8692882979467,17.2226231710344,69.1400176101878,75.5716332446833,65.1868281842259,76.2492195484659,73.1672326861701,59.5433809032601,55.8917406086453,53.5153241471111,59.9932500415976,59.8489149033285,3.80206283791377,4.17182869196988,4.3601237615286,1.84787392598023,2.33721624097012,58.6769680922026,18.0696673744792,71.8551382935977,72.2116854713278,77.3632446870212,72.255284999496,70.3885863680047,58.8588527084115,58.9075921196557,56.498921656229,56.6777849436143,54.8313143099164,3.65199841046624,4.04140560142254,3.56836365534134,2.67128902423663,2.62215219277012,57.6215217819041,17.346613016424,71.5785027336886,72.554020542924,76.1226258749297,72.6622150954381,70.6716943656387,58.9285972474342,58.6003159913978,56.194931792161,57.0155878079009,55.3425426903121,3.66728802803759,4.05469402167549,3.64903373443842,2.58739371227662,2.59312091727432,57.7290580629938,17.4202828714722,72.0054169427869,72.0049945104504,71.7740136254047,71.5578081260422,71.6617336360022,59.9237571379992,58.3430291289776,57.1229289016019,57.3634689839316,56.7641760253125,3.42201985567537,4.39911411931293,3.90350637861571,2.79095318632201,2.6889484751486,57.8403692869935,17.164501767787
71.9122055714993,-172297.683,-251573.814,-239829.202,-163489.224,-166425.377,71.9838762935508,71.9865946259325,71.8688704638456,71.5477366310537,71.6538978279454,59.9494181145586,58.3691882911922,57.3017942708333,57.4818928479392,56.779622890032,3.42103433418587,4.4144395582103,3.93399866549435,2.77733252625236,2.67354982607418,57.8829975232496,17.2203549102171,69.1401244663446,75.5793658835105,65.1210064331325,76.202211841498,73.1663570192916,59.5438054654993,55.8950780528042,53.4439829044358,59.9697946998232,59.8642281080169,3.80158461409491,4.17051378290006,4.3667269933875,1.84771814879396,2.33535958701168,58.6835173883352,18.0483310820246,71.8621892367997,72.2332908937563,77.37812646106,72.218535213827,70.3877000046085,58.8628040470941,58.9136318726413,56.5178355600833,56.6372140972496,54.8517304290299,3.65017391538202,4.0386792774053,3.56452584370141,2.67923398040918,2.62144661115187,57.6081927172948,17.3359026257992,71.5848461645433,72.5742125087491,76.1292850071545,72.6244201607194,70.6708090920789,58.9321892533689,58.6060804141855,56.2046498679448,56.9767608093233,55.3624388886731,3.66560070052295,4.05211150252359,3.64625972962372,2.59451330885389,2.5922980563236,57.7177543453561,17.4084898393575,72.0023949550997,71.9952520248292,71.8056468270001,71.552380025723,71.6636805557306,59.9262089424968,58.3477982119756,57.1413486529237,57.3864972724718,56.7728805120758,3.42189458637228,4.39902264214018,3.90363537778945,2.79283851602891,2.68977224348557,57.8540150633301,17.1631672006274
71.9083916641574,-172297.683,-251573.814,-239829.202,-163489.224,-166425.377,71.9798202855606,71.9819253246321,71.8822605949301,71.5494234179745,71.6641721016675,59.9483579460133,58.3678082923466,57.3077006289666,57.4844493258561,56.7874668924433,3.42188617324839,4.41550612953776,3.93197862832878,2.77750425931605,2.67311307268362,57.8940292250304,17.2199882631146,69.1365220285728,75.5810296220892,65.0513382797328,76.1612063103665,73.1683837535673,59.5430807152301,55.8965622023039,53.3735969637391,59.9488578176687,59.8805480327883,3.80177970292147,4.17008064161722,4.37413373051426,1.84740565896858,2.333057367823,58.6903067673978,18.0298975562922,71.8641459348372,72.2460814063515,77.3899763779475,72.1877692632308,70.388701591559,58.864267898573,58.9166247723851,56.5318237449592,56.6017472925522,54.8709113491054,3.64936510737289,4.03730474495117,3.56162469253605,2.68605434777259,2.62073492750344,57.5956339137663,17.3289353333127,71.5862364587901,72.5858693474789,76.1328292906481,72.5926109297594,70.6719151282371,58.933430114734,58.6089195918604,56.2100414244601,56.9427744151589,55.381328310458,3.66489417657247,4.05083288561212,3.64440881849615,2.60060693064233,2.59142431774611,57.7071668705266,17.4003542865157,71.9991144762749,71.9944870453763,71.8253220120502,71.547814658389,71.6730089680841,59.923075919619,58.3458613799645,57.158199677778,57.402038897646,56.778300521606,3.42248615678471,4.40192129297616,3.90301505125773,2.79316879512983,2.68867788446735,57.8674873856142,17.1644927065801
71.9064852994232,-171762.5616,-249725.2128,-238175.1904,-163100.0448,-165987.5504,71.9752897538862,71.9772641842538,71.8885263175525,71.5539488326897,71.6759191847215,59.9669528169953,58.4116607115135,57.3701630282001,57.5389059584405,56.8574723049191,3.41782782379066,4.39873512500668,3.91997592083401,2.78076435174594,2.67656235707008,57.9050648981705,17.1938655784474,69.1329525477879,75.5803317742624,64.9813026790874,76.1249461051435,73.1719745563457,59.5422594857897,55.8970481775218,53.3046769455709,59.9301510635835,59.8971779288877,3.80209386299539,4.17004494279654,4.38172926388316,1.84696871246495,2.33050964508798,58.6971068898376,18.013288702085,71.8640590433084,72.2536026955888,77.399409378358,72.1609559994488,70.3904501856732,58.8646125935972,58.9181567245756,56.5415701524771,56.5704135978285,54.8879433909779,3.64906362891402,4.0365901663926,3.55951570591344,2.69190560164824,2.62008119439797,57.5835264685127,17.3249068662029,71.5857947366144,72.5925532133201,76.1341654719807,72.5648351452501,70.6738514195054,58.9336560171871,58.6103449725725,56.2117727441594,56.9127272418096,55.3983193788955,3.66465542369014,4.05018747608813,3.64328859651222,2.60581749850967,2.59057761167821,57.6969858610323,17.3950440412331,71.990143506916,71.9897678183984,71.8279137427841,71.5492378845718,71.6824072808061,59.9218079093255,58.3430489926828,57.1724981212471,57.4140146479429,56.781411321972,3.42315062845243,4.40485403348881,3.90286102618292,2.7928310639912,2.68689698301367,57.8783743782234,17.1669992186539
71.81745063887,-171762.5616,-249725.2128,-238175.1904,-163100.0448,-165987.5504,71.961468345249,71.962489231989,71.889382010453,71.5607459591193,71.6869655795317,59.9619424171566,58.4056132613015,57.3691787510405,57.5405661998477,56.8618322646871,3.4203374655221,4.40156689612538,3.91947918961048,2.77974550127509,2.67535517329932,57.918460657961,17.1964842258324,69.1384078988395,75.5647824571158,64.917328081772,76.0891660294049,73.165298494276,59.5494256227376,55.9097770254065,53.2371255703538,59.9170163580891,59.9190494203175,3.79468533423212,4.16887682884143,4.3882928998075,1.84610931048267,2.32726970515268,58.7040210412295,17.9976461351091,71.8716992246041,72.2526419598497,77.436999823357,72.1387224924418,70.385588570465,58.8709311533385,58.9445768700843,56.5654356750552,56.5505265023791,54.9192799339964,3.64540914862436,4.02574279686309,3.55327266235524,2.69685872692405,2.61914763864449,57.5718345646187,17.322799185396,71.5932123120637,72.590106090471,76.1614077573123,72.5412214187011,70.6688049357106,58.9400609340456,58.6353701525434,56.2263240712908,56.8935281272619,55.4286915559976,3.66061845458229,4.04032629708108,3.63835038738399,2.61017840269478,2.58940906530962,57.6871896726964,17.3915573311858,71.9952948363451,71.9794409058353,71.8538636479656,71.5581644724042,71.6843650668907,59.9389187458073,58.3988824979541,57.2209480450476,57.5083810777473,56.8238902421612,3.41379931810765,4.38274836954177,3.89099747786122,2.79749891557363,2.69132635945425,57.892688691359,17.1396621674633
71.8277577007856,-171762.5616,-249725.2128,-238175.1904,-163100.0448,-165987.5504,71.9254092703871,71.9251267458735,71.880757355938,71.5688503296916,71.6952056837814,59.9482230240482,58.3894208938593,57.3604432066621,57.5366653011002,56.8573101991678,3.42671703154852,4.40845103608509,3.91944925702723,2.77736728339132,2.67305408303019,57.9295824936162,17.2050386910824,69.0954295994867,75.5134264607553,64.8529341996938,76.0568230388118,73.1620702326521,59.5409581556465,55.9062999075953,53.1711210627684,59.9052296868196,59.9373197241749,3.79680294492956,4.17394491571479,4.39506170859,1.84531039694576,2.32465196426499,58.7144995438081,17.9724036845468,71.8463566002621,72.2304909060356,77.4635941039255,72.1183247630198,70.3825296076295,58.8616785985461,58.9433394376623,56.5838120353407,56.5309576573494,54.9431068220348,3.64789085294352,4.02650161439537,3.54864050395287,2.70118860979848,2.61841507869907,57.5646437174421,17.3165831482436,71.5660728413196,72.5649794320428,76.1787315249815,72.5196066221953,70.6657287235257,58.9308883695008,58.6339045252477,56.2361031162629,56.8747521847388,55.4519523002231,3.66306306248673,4.04152417323209,3.63487983957226,2.61398572777809,2.58848442989268,57.6817991029412,17.383402749438,71.9431422641868,71.9360559517384,71.8394270612423,71.5684879056564,71.6762661250531,59.9241765838197,58.3812664964797,57.2408842215191,57.512584276439,56.8305551657869,3.42437832528819,4.39181188930656,3.89068197013076,2.79501893577383,2.68820577958283,57.9141710373707,17.1427657812254
71.8347709442422,-171762.5616,-249725.2128,-238175.1904,-163100.0448,-165987.5504,71.9038330564937,71.9044402794926,71.8623607268567,71.5765575308868,71.698697028745,59.9397192878031,58.3799628047493,57.3494341911525,57.5341979168782,56.8521517684717,3.43046120204606,4.41211104820055,3.92144440090494,2.77535490360356,2.67149672960293,57.9362246852951,17.2108682843581,69.0833026798383,75.4852997984929,64.7772859986216,76.0245214486856,73.1560323986832,59.5375073063919,55.9024066095103,53.1050189533454,59.89394873015,59.951453874266,3.79864481572113,4.17711064333793,4.40394575652864,1.84478760824243,2.32265849376874,58.722766508495,17.959090911397,71.8339725336017,72.2199629128756,77.4842971675002,72.0956764486422,70.3783901720467,58.8569689234864,58.9434017834496,56.5917605892694,56.510536419669,54.9583330240543,3.64925862027457,4.02659493261353,3.5459520152894,2.70500214276797,2.61801087711294,57.5558958130331,17.3173663105108,71.5537149746024,72.5526583629025,76.1896176451671,72.4959747643023,70.6613958657854,58.9263069524532,58.633563842262,56.23650686865,56.8552622230679,55.4670672363242,3.66447913480734,4.04193053009388,3.63337044219635,2.61735744584733,2.58791830243067,57.6747847928685,17.3827497188279,71.9160139042059,71.9085471214142,71.8164048250093,71.5764781167919,71.6756694405776,59.9162072312491,58.3664320413808,57.2449379506068,57.503301337086,56.8249598715006,3.43062726365006,4.40023216261188,3.89291052794919,2.79073485119783,2.68376079104936,57.9172191087272,17.15936042513
71.8532266561674,-171762.5616,-249725.2128,-238175.1904,-163100.0448,-165987.5504,71.9001694054769,71.9020863955117,71.8431520122627,71.582370090677,71.6965415230338,59.9379160855314,58.3783247744822,57.3404940983645,57.5340782999754,56.8476224937693,3.43099473005854,4.41234459461823,3.92422098363375,2.77418295359573,2.67106966039442,57.9398848427053,17.2128129223007,69.0815398252258,75.4705232294329,64.7086281692845,75.9939654777283,73.1502510483935,59.5368167705222,55.8993827560653,53.041521159921,59.8836315672161,59.9636460129952,3.79913397052279,4.17896566527858,4.41172328560017,1.84430616512285,2.32095219725049,58.7296643010322,17.9487829399712,71.8285972301642,72.2159110208372,77.4988689031298,72.0735931918558,70.3744398728967,58.8548543338451,58.9441410328282,56.5953334927713,56.4907966803005,54.9684422206041,3.64991023850779,4.02633689061921,3.54435153177552,2.70840127871162,2.61777656284442,57.5471407910647,17.3192098356154,71.5487077328166,72.5475137654641,76.1957093683073,72.4730282479036,70.6572590062883,58.9243374554094,58.6339196803017,56.2332461386007,56.8364825219487,55.4773886576489,3.66511420012538,4.04188778189049,3.63272545645398,2.62036120114788,2.58753401227477,57.6676245895508,17.3833551641422,71.9143420887612,71.9134366452633,71.7856805939497,71.5876683879767,71.6758990186558,59.913103905164,58.3557693840911,57.2490988312688,57.4895834053572,56.816627711143,3.43141852930827,4.40470576180565,3.89576579684484,2.78854852787623,2.6815447413866,57.9240258620291,17.1673646384306
71.8547396465147,-171762.5616,-249725.2128,-238175.1904,-163100.0448,-165987.5504,71.9064608516044,71.9091001785079,71.8310628348247,71.5848021121616,71.6895145312023,59.9399648479821,58.3808938308519,57.3358860936585,57.5348012886882,56.8431107901257,3.42977828162348,4.41089490757155,3.92624633148168,2.7738455038232,2.67152219489931,57.942557568188,17.2122872193993,69.0906737281991,75.4697079939044,64.6456561284085,75.9660073353189,73.1460362240848,59.5386590317321,55.8988085649746,52.980433496925,59.8743955856838,59.9747879159206,3.79863385022058,4.17914789295595,4.41862458670874,1.84381003592811,2.3193867391708,58.7363188244194,17.9383896280417,71.8314615020191,72.2199881983449,77.5085762379031,72.0533052076904,70.371135753535,58.8561705065789,58.9475071044795,56.5972054972145,56.4725198689636,54.9755248196864,3.64940704679041,4.02490743089916,3.54335867652681,2.71143171944683,2.61762682692504,57.5387935462128,17.3205442830209,71.5522107987132,72.5510924695787,76.1980116179588,72.451958774159,70.6538620979119,58.9257072297312,58.6368842903176,56.2287033700431,56.819126853834,55.4848848471098,3.66461132134534,4.04062253219923,3.63253691328512,2.62303233017621,2.58724003264096,57.6608058301846,17.3834947050782,71.9227045660425,71.9200371524689,71.7668222324263,71.5964968532511,71.6694294280689,59.9196220790876,58.3584104431726,57.2462062602414,57.4960236116473,56.8094222271127,3.42965881030026,4.40314378105876,3.89923028274033,2.78767872820331,2.68126259609097,57.9285143166692,17.1686718675351
71.8553027250617,-171762.5616,-249725.2128,-238175.1904,-163100.0448,-165987.5504,71.9123531534657,71.9150617143192,71.8264592663267,71.5838085886121,71.6805868791232,59.9419693653266,58.3831847119736,57.3343036644378,57.5343288131857,56.8379613348778,3.42866434583538,4.40969840895774,3.9270648251088,2.77394837644231,2.67220223204371,57.9452109466295,17.2115781883879,69.0952821856313,75.4698857759573,64.5882312668101,75.9414370679894,73.1444766121872,59.5398170185746,55.8986153038558,52.9217312078272,59.8663773622862,59.9858424999899,3.79811370764192,4.17917060780552,4.42467379159816,1.84323656783468,2.31778372737925,58.7436276317403,17.9264595466334,71.8337548083242,72.2241407605979,77.5145923230825,72.0360966864165,70.3690410131786,58.857251122996,58.9497491582128,56.5993688962519,56.4564177878913,54.9814529399883,3.64898208286313,4.02393907146467,3.54259855648464,2.71411456557472,2.61748056087973,57.5315078402479,17.3201706450096,71.5547399888714,72.5548400533153,76.1975638940191,72.4340001865052,70.6518218802003,58.9267957291905,58.6388782170738,56.2246653453945,56.8038484129438,55.4913352875367,3.66417665994875,4.03975515037181,3.63247057507982,2.62538340014647,2.58694534311023,57.6550071157112,17.3819436154681,71.9304558084227,71.9242715213458,71.7653262335047,71.5991060385809,71.6605267706378,59.923519719008,58.3618672360661,57.2482752650693,57.5040783888177,56.829278221099,3.42837004222659,4.40129690572898,3.90194102718847,2.78764609478398,2.68193640625749,57.9324589533516,17.1664103611941
71.904209051289,-171762.5616,-249725.2128,-238175.1904,-163100.0448,-165987.5504,71.9222970894737,71.9254407975247,71.8267258998343,71.5802459537944,71.6719974724217,59.9456203951825,58.3875000505732,57.3354529222263,57.5339847145605,56.834622058334,3.42686282246573,4.40772327215953,3.92730401201618,2.77458399421233,2.6731477772722,57.9478146784068,17.209621878126,69.0976243430563,75.4702592126724,64.532289063407,75.9199169690821,73.1448870396762,59.5404183008247,55.8985832991242,52.8647970453327,59.859454158653,59.9969365913554,3.79783440126728,4.17914498947894,4.43058738953033,1.84260931668859,2.3161044079956,58.7514752256977,17.9143596139649,71.8353719094871,72.2276368474564,77.5184604234924,72.0215044508068,70.3678181168855,58.8580360778582,58.9512340548826,56.6014415672892,56.4423544305377,54.9865838202512,3.6486635082666,4.02328930711714,3.5420114376323,2.71646731490614,2.61733619699032,57.5248840152162,17.3193719074779,71.5564309638573,72.558017982651,76.1953381007083,72.4187020915376,70.6507653984028,58.9275619701973,58.6402085611776,56.220725985905,56.790512544587,55.4970737416184,3.6638620862744,4.03916897840344,3.63254579489938,2.62743252610466,2.58664458717712,57.6498577404596,17.3799934328226,71.9318442220425,71.9255993742165,71.7701846487266,71.5939971843415,71.6740470088822,59.9256764483652,58.3644848540621,57.2538709057846,57.5083932663136,56.8309128605973,3.42771311413806,4.40041030151901,3.90361474367386,2.7878100993471,2.68254227107421,57.9358395835269,17.1661181384579
71.8943650539874,-171762.5616,-249725.2128,-238175.1904,-163100.0448,-165987.5504,71.9410610142804,71.9446907336552,71.832713212127,71.5750467698734,71.6655285173424,59.9527638948458,58.3958558974742,57.3405417885789,57.5355206425264,56.8356559786018,3.42354111609592,4.40417919392651,3.9270605377816,2.77591503156151,2.67450020255466,57.9504801145118,17.2051960819202,69.125360556362,75.4935760368641,64.4774967399121,75.9010639233779,73.1467248897173,59.5462492632258,55.9036365735505,52.8095619092358,59.8535255535901,60.0081366225318,3.79603827291454,4.17616258734911,4.43642252931548,1.84193400093288,2.31433678888326,58.7596684896648,17.9025278398256,71.8528900051885,72.2470521644796,77.5210542861755,72.0090421636372,70.36718027322,58.8657716578653,58.9605697299596,56.6032318962371,56.4301005663613,54.9910546336184,3.64584472347432,4.01923315901479,3.54155993086256,2.7185177060136,2.61719783326089,57.5187532808984,17.3186447981713,71.5749901531285,72.5778308126197,76.1920850557967,72.4055886690147,70.6503797957957,58.9351034943891,58.6491079152067,56.2167061600601,56.778903142223,55.5022301749464,3.66114749690094,4.03522223108025,3.63273481582341,2.62920520305788,2.58634022346918,57.6451864356655,17.3781349022895,71.9587906116878,71.9600225512743,71.7750121616799,71.5849698098555,71.6676473112914,59.934696259935,58.3759303591362,57.2606129349072,57.5112009834231,56.832534654085,3.42346317607345,4.39574003796807,3.90470753068371,2.78847478400153,2.68332835784841,57.9394578468719,17.1647408804644
71.8883618958446,-171762.5616,-249725.2128,-238175.1904,-163100.0448,-165987.5504,71.9508829700951,71.9539466647981,71.8432078494457,71.5697273233088,71.6624467904811,59.9566331300348,58.400100890518,57.3463498199656,57.5357830540933,56.8371488999358,3.42184201993846,4.40255094245564,3.92579098094558,2.77701912344005,2.67532547416912,57.9536164701574,17.2025285409488,69.1316317269454,75.5039109479328,64.4310472603114,75.8863546943077,73.1524433660289,59.5481729897712,55.906675751872,52.7570835031163,59.8489492139082,60.0206885465148,3.79492263699655,4.17468391368488,4.44090842035313,1.84107243334428,2.31227327132282,58.7695712732319,17.8871126304987,71.8604859294261,72.2587361551422,77.5219510647258,72.0014141156483,70.3686015226539,58.8693852668547,58.9647645953524,56.6078521039284,56.4208140907514,54.9972503529541,3.64440884325805,4.01737714049927,3.54082631158658,2.72027205076179,2.61693843261335,57.515042925453,17.3144417405559,71.5824511021619,72.5893773495804,76.1881578651167,72.3972391405754,70.6522388768776,58.9385449262893,58.6531850310859,56.2155087600487,56.7700965683345,55.5090735090427,3.65974424542242,4.03340465910777,3.63253299690787,2.63069302028912,2.58589700672264,57.6428630824096,17.3727894719296,71.9663265812302,71.9655972492906,71.786320301027,71.5778644764556,71.6445779920454,59.9381196865398,58.3807125799369,57.2713864686977,57.5172081364993,56.8365953761254,3.42143737057419,4.39367595600072,3.90488755180058,2.78993621234144,2.6844925764917,57.9455975839383,17.1572850141162
71.8881450401674,-171762.5616,-249725.2128,-238175.1904,-163100.0448,-165987.5504,71.9523899225486,71.9548849030982,71.8530289351205,71.5656285395153,71.6630973758621,59.9573951253662,58.4007884899432,57.3507904610341,57.5350901186513,56.8389870125306,3.42162950416612,4.40246953161266,3.92433448159576,2.77769323199666,2.67553978866952,57.9567400484902,17.2016665380407,69.1313192862363,75.507750831443,64.3821958491747,75.8742946488204,73.1595323334923,59.5482835807856,55.908271934327,52.7057449659898,59.8453105758588,60.0336259483145,3.79473625552121,4.17404294214887,4.44594035122219,1.84015818845911,2.31006323885559,58.7800673622554,17.8726751682726,71.8631908599533,72.2652681544662,77.5228558008668,71.996340289605,70.3708226436671,58.8708458414268,58.9665197129608,56.6122787713359,56.413478611288,55.0038314390275,3.6437544295289,4.01658202142874,3.54012003459983,2.72173760319527,2.61664292580849,57.5121162844785,17.3109089958309,71.5848486017205,72.5956350572421,76.1839930956017,72.3914535094403,70.6549559682676,58.9398679550574,58.6549239552648,56.2142536768534,56.7631377490323,55.5163022211942,3.65913751810565,4.03262524567043,3.63241136882927,2.63191610226162,2.58540643460013,57.6413040434173,17.3681456780163,71.964162685582,71.9598704336429,71.801821187992,71.5694035111802,71.6441514390149,59.9387378789507,58.3827633943583,57.2805671365824,57.5202510125543,56.8399358002253,3.42162638786582,4.39367841051299,3.90460436550866,2.79068879211412,2.68479757011331,57.9487150494599,17.1573395069357
71.8856717130889,-171762.5616,-249725.2128,-238175.1904,-163100.0448,-165987.5504,71.9513477533752,71.9535972262457,71.859514589874,71.5634677749779,71.6663954787032,59.9571712836234,58.400461958454,57.3535607424163,57.5346922103594,56.8416412250005,3.42186295189703,4.40278174078741,3.9233293517031,2.77804227698921,2.67542358071908,57.9592826335967,17.2014399020958,69.1311654841709,75.5101405996165,64.3324248333043,75.8640084589463,73.1668784407466,59.5482549511766,55.9093167024378,52.655734191859,59.8424209378924,60.0465946800588,3.79474187376397,4.17363395559688,4.45125398587694,1.83921885787335,2.3077816473492,58.7904474740588,17.8598652594324,71.8647994977622,72.2697995514507,77.524002736798,71.9925216016562,70.3731823972349,58.8717497636958,58.9677247959121,56.6156406504981,56.4074240050965,55.0100170654896,3.64333616741138,4.01603555914764,3.53954941363743,2.72295291966913,2.61635808070987,57.5094700642483,17.3087407176966,71.5862776697797,72.5999482500456,76.1799521530744,72.3869758669827,70.6578237665614,58.9406768623929,58.6561127042145,56.2121775753329,56.757405612027,55.5231789580513,3.65876244389559,4.03209279038193,3.63244027714645,2.63291188816383,2.58491814695699,57.6399850373613,17.3648931558237,71.9642360880398,71.9621068554493,71.8106175262161,71.5626398086729,71.6483311333465,59.9376995027022,58.3825040077094,57.2876203741886,57.5209807372748,56.842210980639,3.42174054792889,4.39468669046212,3.90416186407515,2.79068550702008,2.68424089151319,57.9523121253972,17.1582849404654
71.8843856273396,-165701.8608,-228788.2464,-219442.1152,-158692.2624,-161028.7952,71.9520409280369,71.9541906215975,71.8626573940758,71.5632579959971,71.6718347096602,60.1848008642187,58.9181461730034,58.0249035074975,58.0952089877645,57.5226230523155,3.36478492463753,4.19365224997466,3.78929935835868,2.81550045157523,2.71941718723338,57.9894486138472,16.8826541717795,69.1297519028773,75.5105285183925,64.2838112362015,75.8551474820819,73.1742920972248,59.5479575480512,55.9097525475493,52.6073308559861,59.8401937861869,60.0594176072357,3.79483367989412,4.17351535413695,4.45648027554722,1.83825680704139,2.30548362583363,58.8006500362919,17.8479160580302,71.8649636365345,72.2721438728388,77.5251748112805,71.9894980090755,70.3754871269914,58.8719609684545,58.9681565395938,56.61812751768,56.4023435446844,55.0156019812557,3.64319551400391,4.01583163469935,3.53910321633535,2.72396055856822,2.61609645242342,57.5071035874409,17.3074188722522,71.5862810593535,72.6020932393983,76.1760517137571,72.383357520703,70.6606490296456,58.9408362466092,58.6565448657787,56.2094793912933,56.7526158667409,55.5295013332428,3.65864547509807,4.0318975592388,3.63257203264745,2.63371884124261,2.58444903662947,57.638899182507,17.3624885207325,71.9605246512652,71.9598897708828,71.8129923662813,71.5595647442275,71.6529074614093,59.9372690764137,58.3814953953334,57.2931632277088,57.5215313979475,56.8434746943104,3.42196609826419,4.395825560659,3.90398258278703,2.79040741983536,2.68346381179472,57.9556707303394,17.1592663568763
71.9614911951343,-165701.8608,-228788.2464,-219442.1152,-158692.2624,-161028.7952,71.9621539504193,71.9649248111688,71.8652016030442,71.5645561357317,71.6772856842728,60.1887077284022,58.9227860239509,58.027728767786,58.0985511417601,57.5288315365683,3.36301123941793,4.19169263757527,3.78937632238232,2.81592781834641,2.71956278509966,58.0662333349973,16.8795708028216,69.217570964777,75.3518369031644,64.3037402898724,75.8369361391096,73.0633176523522,59.6372598168491,56.066236263359,52.5745804658609,59.9088341634552,60.1338244002675,3.70611411876182,4.15638214579382,4.45005132992022,1.83420369255732,2.29662784981251,58.8106315363357,17.8367010789838,71.9680338841428,72.2337233560949,77.8197680558723,72.0035062499361,70.3078765840111,58.9490459462317,59.2611595749722,56.7880593757615,56.4704336387739,55.2078268376457,3.60061106041445,3.89584650738585,3.49264516949967,2.72317905677092,2.61159648783177,57.5048917840807,17.3068060064168,71.687797409073,72.5514186586368,76.4426602419765,72.3940830041274,70.5886202678534,59.0191660077813,58.9356383542858,56.3587605587596,56.8207620275446,55.7097220580582,3.61136045280661,3.92239170762231,3.59019243171408,2.63260400457259,2.57950527138432,57.6379297185149,17.3607954371586,72.0638569789814,71.9108878397647,72.0836955577768,71.5736030088836,71.5858005262248,60.1322377745845,59.0398676707338,57.6746187035845,58.343443416704,57.2734949724008,3.3067103538885,4.11655337477192,3.76272398479701,2.8473051391954,2.74849085562732,58.0149318734827,16.8004124299671
72.0755361236191,-165701.8608,-228788.2464,-219442.1152,-158692.2624,-161028.7952,72.004424874046,72.0092480623782,71.873797548258,71.5673134738319,71.6825080459308,60.2046651291132,58.9415273696606,58.0377569019082,58.1096777686352,57.5431880555672,3.35551170762855,4.18348680830639,3.78976856629642,2.81767904074513,2.72131965278455,58.1455035466628,16.8677657757611,69.3244253647182,75.2910662530362,64.304155554809,75.8138923376458,72.9842897057693,59.667108261381,56.1427370462619,52.5411201728925,59.9661082061412,60.1728797973912,3.69053899493489,4.14657050108283,4.44724591772777,1.83169646105419,2.29449982146482,58.8609334181603,17.7065306511547,72.0584334047681,72.3322466617001,78.0460247997153,72.0164787035587,70.2621766598096,59.009805189874,59.4309683223937,56.9445959110581,56.5181996926559,55.3415753543453,3.5689022781193,3.82494496580012,3.45320782596543,2.72346521493672,2.60839428592731,57.5451853751203,17.2449145207621,71.7798734683437,72.6337119775222,76.645906670164,72.4033858687874,70.5395246507133,59.0767758421649,59.0959402311043,56.4959388830973,56.8694968220879,55.8338225748315,3.58129548092144,3.85771443368332,3.5544874065623,2.63260555258466,2.57641251382432,57.6792430244947,17.2919472134429,72.0490883880874,72.1028956425244,71.9952331475716,71.5728172699571,71.6515954710258,60.1393284150936,59.0697210388015,57.86483954792,58.3482158859558,57.4518435610263,3.33983732093874,4.1054084699976,3.74519630122171,2.83710064861527,2.73780856938798,58.1747568679207,16.7888881725571
72.0373454098005,-165701.8608,-228788.2464,-219442.1152,-158692.2624,-161028.7952,72.0615107946424,72.0671301986285,71.8975726456335,71.5711627223605,71.6892024845215,60.2263740031063,58.9663762345639,58.0563786713071,58.1260316378184,57.5636507351839,3.34548156635096,4.17293823565977,3.78835756660855,2.8202996182099,2.7239721357143,58.2125532432512,16.8510491225435,69.4402277560244,75.30705898843,64.3065926555703,75.7929736540717,72.9289905467797,59.6943147941486,56.1898419647929,52.5100342660339,60.0153277244198,60.198049174821,3.67968593473757,4.13596722760567,4.44425259069472,1.8298482407379,2.29431410014751,58.914039951895,17.627009018509,72.1545725483465,72.4897737692087,78.2202114050262,72.0516902159965,70.2436256535558,59.0667705268488,59.5465669152721,57.0806857145161,56.5625750817891,55.453448628689,3.54148148589998,3.77565625908104,3.42059800938598,2.72434577968485,2.60509035623175,57.6047347225202,17.1717416215037,71.8780160416695,72.776818569392,76.8025942299829,72.4328784427278,70.5172294846253,59.1307091432105,59.2045602075001,56.6149956513354,56.9143657651123,55.9368618473515,3.55556272557367,3.81236727053929,3.52489512589507,2.6332080895498,2.57342628909336,57.7381359327991,17.2181274606483,72.0753669244211,72.1418071937695,71.9553621445832,71.5956468207999,71.6485477408321,60.1493601217417,59.0465399900829,57.913354883329,58.3113169432237,57.5465373517134,3.34541173794504,4.11805644954499,3.74372944761494,2.82934791668866,2.72867439335083,58.2171971370082,16.7668065691382
72.0812869167716,-165701.8608,-228788.2464,-219442.1152,-158692.2624,-161028.7952,72.0968263747117,72.1013334613854,71.9327910448151,71.5762933824141,71.7001290263224,60.240375248341,58.9819133733286,58.0770343097381,58.1404549409731,57.5832374321922,3.33946739621452,4.16700103858887,3.78437590426162,2.82225022500712,2.72564318499017,58.2708006661648,16.8387377490623,69.4716616990496,75.3017317380568,64.3140445094838,75.7790879052667,72.895181953327,59.7038495492305,56.2107933204116,52.481693008343,60.0590157333067,60.2196033142521,3.6742202546356,4.13231361699936,4.4405368943186,1.82810700859793,2.29401907874169,58.9628042154572,17.5791282931671,72.2044434304013,72.6164533150851,78.3529147696191,72.1136446497131,70.249756279328,59.0988251775665,59.6105958355712,57.1989422543816,56.6101305953918,55.5587701935071,3.52519469733623,3.74791030125039,3.39365036638591,2.72509004801624,2.60125361915746,57.6749097370062,17.0994121523693,71.9260084389178,72.8900483359582,76.9225360911929,72.4871057461244,70.5192908223029,59.1604693088335,59.2642000830331,56.7183157782245,56.9615272301782,56.0336485986839,3.54037846752227,3.78707601021239,3.50031451674412,2.63369911764079,2.56995040688014,57.8061294696416,17.1482890012026,72.1089281455114,72.11116004284,71.9679022142935,71.6203263271044,71.6950265046678,60.1402328678367,58.9899723127723,57.9390261234144,58.149667537917,57.5563860490033,3.34716443355331,4.14254758201489,3.74077110136057,2.83341465266436,2.72992651889176,58.2739003341431,16.7919073003383
72.0531848373197,-165701.8608,-228788.2464,-219442.1152,-158692.2624,-161028.7952,72.1175084832336,72.1210046228721,71.9687082862802,71.583932000813,71.7174931242711,60.249166306242,58.9916206529368,58.0963548219196,58.1539617202747,57.6038555147909,3.3361215392058,4.16383870391795,3.77984831905043,2.82348339366515,2.72627159853818,58.3218183662753,16.8295635543775,69.5122057864002,75.31914098724,64.3015398535331,75.7692030214146,72.873322113981,59.7132679927615,56.2258974876403,52.4521557441165,60.0973720306616,60.238464932865,3.67054580618018,4.12786477026788,4.44048863507141,1.82660171214737,2.29338627461565,59.0029376930727,17.5560123014023,72.2517222773793,72.733097122184,78.4562641761355,72.189929559071,70.2705731157296,59.126826529792,59.6586243692078,57.2924961719335,56.6581620784432,55.6549132611151,3.51172036277824,3.72685360598579,3.37245342770835,2.72511116417935,2.59729523535796,57.7459738143472,17.0426576086294,71.9726011012958,72.9965814295043,77.0140814723361,72.5546110718941,70.5357594593178,59.1865773038381,59.308874051036,56.799328301871,57.0085729373748,56.1219176896233,3.52790261417199,3.76771143917118,3.481272354026,2.63356471216886,2.56633085648889,57.8740421202982,17.0949617893367,72.1386296408563,72.1498280921067,72.0001987166246,71.6143527857168,71.7167045331935,60.1716405755853,58.9855454491042,57.9317268927172,58.1636996909306,57.5834795192095,3.33855839796068,4.14671678820115,3.73904031249189,2.83403215369184,2.7301914868196,58.3249940072964,16.7883205086627
72.037840000921,-165701.8608,-228788.2464,-219442.1152,-158692.2624,-161028.7952,72.119286872144,72.1215328697179,71.9972955366226,71.5951632470517,71.7400662712104,60.2510058579107,58.9933957587156,58.1103210695547,58.165267919844,57.6228181742929,3.33613873178785,4.16423416897439,3.77586867808274,2.823499151754,2.72557435433805,58.3666308412627,16.825315084937,69.5148709826747,75.318165853535,64.2876783792317,75.7640470669727,72.8620878168211,59.7148706150357,56.2317311750811,52.4240591655503,60.1316866670802,60.2572529071137,3.66915149809758,4.1268040573181,4.44081376593232,1.82507596114523,2.29208924791375,59.0367331300278,17.5408476584186,72.2734193046417,72.8147115255847,78.5352577468113,72.2754159289018,70.3013491464587,59.1413394931419,59.6858437355277,57.3673490686176,56.7064767235811,55.7432740572467,3.50416751938445,3.71474486800808,3.35576886720813,2.72426046790255,2.59331581709468,57.816505140852,16.9964125909549,71.9923590319819,73.0697810309481,77.083614319032,72.6308621652674,70.5622551828589,59.1997748709871,59.3339144942285,56.8636919831394,57.055461163321,56.203189918144,3.52097724559891,3.75672835155891,3.46632086031809,2.63264523657663,2.56262473911276,57.9408305364283,17.0518834584718,72.1373025488321,72.1499892847466,72.021418032461,71.5962329275028,71.7445770197696,60.181414234373,58.975720067818,57.8950246376922,58.1769662844403,57.5985731909675,3.33628707966022,4.15337361945429,3.73710259463718,2.83385082350265,2.72916244697609,58.3700137167446,16.7779467743968
75.7551412848112,-165701.8608,-228788.2464,-219442.1152,-158692.2624,-161028.7952,72.5920801869964,72.6319798552069,72.0433768499088,71.6105306943056,71.7657556258511,60.4216013633369,59.199223353139,58.1966079376348,58.2695643487536,57.7506632581984,3.25330108576783,4.06980035141712,3.78683231125904,2.84232019498038,2.74544101154794,58.4067598343138,16.6976949549723,69.5075812674001,75.3107688370368,64.2643375680254,75.7613045362445,72.856635494877,59.7135055571941,56.2329698194319,52.3960452904762,60.1620989050603,60.2749424396854,3.66942728785727,4.12719292182573,4.44293397026256,1.82363730252548,2.2904180681383,59.0647347654803,17.5327084684236,72.2825028261163,72.8712783843264,78.5963036007516,72.3615761996731,70.3360422309855,59.1486352737974,59.7021625159826,57.4234155869396,56.7525894412871,55.8208600827008,3.50000090207446,3.70739906020659,3.34313195490255,2.72253324416294,2.58960333093511,57.8830968537235,16.9629283420696,71.999774333129,73.1198308009471,77.1360622669919,72.7079643943757,70.5928579714866,59.2061882246029,59.3486968045294,56.9111918005974,57.099974205909,56.2746732683299,3.5172632519143,3.7501706064826,3.45518750667499,2.63094741387765,2.55912023558098,58.0034904212455,17.0209815421509,72.1580127725232,72.1341270539015,72.0293627262582,71.5951872886395,71.7692286839006,60.187830267481,58.9678249664606,57.8689500506924,58.1849777907558,57.6019497803857,3.33727456834136,4.15984795448979,3.73657673388466,2.83236307328941,2.72687523988499,58.4061398648354,16.778697046007
76.0000029914054,-165701.8608,-228788.2464,-219442.1152,-158692.2624,-161028.7952,74.0036809561217,74.0971827595797,72.3611033967475,71.6313014101423,71.8095455774546,60.8873263367451,59.7484253916855,58.5031713020246,58.5514242783618,58.0893513414335,3.01869178749055,3.80999104876769,3.78378184891695,2.89905613657353,2.80445077561414,58.4657570349033,16.3159715973629,71.8874358765615,77.0913422881564,64.2368852591391,75.759872854916,72.8546442481678,60.2140652602097,56.6442559084691,52.368791279925,60.1890204738784,60.2913173588123,3.51502695454052,3.89446356089876,4.44589176319098,1.82227705919185,2.28854698353014,59.0880016825023,17.5284932556034,73.6192140495144,74.201429127263,78.6431215217974,72.4437766082952,70.371138248896,59.7575260062633,60.280253536152,57.4638577934263,56.7953507884807,55.8869281570709,3.26957219870863,3.45478609705382,3.33380937511969,2.72011009666598,2.58628723188592,57.9447203451646,16.9396356282495,73.442768329278,74.4958737721133,77.175313015511,72.7816437784367,70.6241752784631,59.8040414311236,59.9097925670657,56.9447366411517,57.1411216852599,56.3356782551149,3.29458085273524,3.4995835243407,3.44711613749268,2.62863256252021,2.55595136474946,58.0612058755576,16.9996325780886,74.1985810099594,74.5396077914725,72.088434875981,71.6141365873532,71.7956918188079,60.8867360049396,59.6728209340688,57.9246246568082,58.3047088447935,57.7046765123125,3.01749125530932,3.84014458413514,3.74954397493428,2.86133997365606,2.75825669196325,58.4404513794084,16.636926836143
80.9999966875636,-165701.8608,-228788.2464,-219442.1152,-158692.2624,-161028.7952,75.7000779849211,75.8313686452354,73.1135163626122,71.664329501367,71.9329300324934,61.3735690278901,60.3244133129287,58.9771100321772,58.8810312489277,58.5101526145293,2.76370412988119,3.52542687852602,3.70924481780389,2.96631568126639,2.86659073369498,58.5766480375673,15.8312822411725,73.2504291134554,78.2229647652507,64.949660421445,75.8947565133914,73.0681963544024,60.5562553668593,56.9941215734,52.4567141641331,60.250723598066,60.4065247698219,3.36153587596225,3.72920452402084,4.31858837390705,1.81095350690799,2.26931303535869,59.2240203929125,17.1617359325904,74.5935899749537,75.2975983631208,78.6015907670969,72.7687679374487,70.5527581421657,60.2190444326266,60.6566841894478,57.7620048528978,56.9585159155416,56.1519916061014,3.08704768997337,3.28769549624709,3.29386798056868,2.71724079014203,2.57169511976871,58.127339358745,16.6088251495409,74.456739315151,75.5956552331293,77.2106362441229,73.0872656032281,70.8090486498071,60.2534018503904,60.2835165928163,57.2214645855224,57.2939491510354,56.585473318752,3.11501447372757,3.33267953612767,3.39827368949113,2.62490187807531,2.5408863097816,58.2390769230391,16.6651595824754,75.3443240370328,75.5363939534971,72.7244094765095,71.8822443053074,72.0125053162747,61.3142818375539,60.1090543113353,58.4450054061014,58.7626614904158,58.2304039207398,2.81353789054861,3.59135316006137,3.70838382215714,2.94318009841886,2.83298939660681,58.6456959358842,15.9108584687014
81.0000030340419,-165701.8608,-228788.2464,-219442.1152,-158692.2624,-161028.7952,78.1041439971948,78.2857198766017,74.3683326680883,71.739727164543,72.2461600190763,61.9362702776044,61.004379142173,59.6273272457953,59.2924705065877,59.0831004940561,2.44894490506506,3.16344883031578,3.55711095826867,3.04639802219238,2.92315090527763,58.7366540100181,15.1390536211195,77.6392963655413,80.9400390692089,65.6060411400205,76.1086175246958,73.3986125993038,61.5256134402627,57.7605500503505,52.5419930687464,60.3255886363635,60.5596827380278,3.02259784582355,3.34684631549659,4.20170864134457,1.79715396561023,2.2408495702062,59.4195174875917,16.7464947511339,76.9797660047688,77.8705070335918,78.5721067728494,73.2374162022352,70.8376564684291,61.2655563292191,61.4233886327246,58.1560458561413,57.1974566448865,56.5327147972852,2.70899770056993,2.94352546723992,3.23918889106809,2.70836480618172,2.55014930585112,58.3521386882488,16.2033220603151,77.0469635889293,78.1832525106235,77.251032962734,73.5299543535976,71.0985846612332,61.2920527737276,61.050192918706,57.5840467381317,57.5161726968909,56.9430105671307,2.74094948536531,2.98461862724649,3.33725716172297,2.61552424752186,2.51863567698273,58.4608907351083,16.2586643080355,78.4315479483831,78.7057269975554,73.9974914744623,71.8870434407268,72.2683324097773,62.2613266312483,61.0673345821484,59.0779656174141,59.2137899825523,58.8837234135661,2.4233344022888,3.13813088664991,3.62455819938099,3.01922857727757,2.9040809448442,58.7068079873517,15.4456645672602
85.9999884293299,-165701.8608,-228788.2464,-219442.1152,-158692.2624,-161028.7952,80.2431677327715,80.4280465089443,76.0753498103892,71.912201555402,72.8516083164974,62.3453816806769,61.5028144947284,60.3040641962897,59.6855745534405,59.6939432519338,2.21224188601205,2.8886640381239,3.32473795773881,3.10137031729459,2.92434935666619,58.9310850307685,14.4513635558355,79.8321434601164,82.3525930452322,67.6401472506323,76.5089226046296,74.0958819584197,62.1002350615451,58.3164484817591,52.8419439506859,60.4402306458133,60.8229846597409,2.74741779257026,3.1171900373958,3.84240898787835,1.77329945371049,2.18936980470914,59.7200467925382,15.8451695001776,78.3883630929786,79.5791208562303,78.4888184592128,74.1235137468215,71.4537276503913,61.8742128578265,61.8299680000361,58.9183601424942,57.6534394486216,57.2589267616963,2.49333591574469,2.75712509974484,3.13536042061095,2.69337519027155,2.50713923706457,58.6895175038284,15.4173784742993,78.5354655745328,79.8617016772542,77.3834796606861,74.3665559508105,71.7229288836307,61.8972415869949,61.4719859607371,58.2992521942794,57.9373773037215,57.6220580059899,2.51922356143494,2.79381104385013,3.20739949330634,2.59963141376189,2.47476265602389,58.7945150637994,15.4609648278234,80.055595827305,80.1934519167306,75.8769031208863,72.0312653644922,73.0858312438536,62.3960066916281,61.4653336027242,60.2311958059201,59.872882064361,60.0458210116733,2.2514131550996,2.88503650870311,3.40100438851754,3.10450170868915,2.93495994261307,58.9817628105055,14.339662507994
85.9999991291175,-168552.8353,-238637.0674,-228254.2182,-160765.6984,-163361.4107,82.672258195703,82.8982531374184,78.0245900831777,72.2589089999878,73.79678873162,62.6597139827697,61.8249614116725,60.7533755568362,59.9799465759058,60.2139912725031,2.01251115212844,2.70588952693461,3.15791525516476,3.12850071701244,2.87385457620902,59.1432709255872,13.8786712274493,83.6600501630245,84.4628653233085,69.1576479723685,77.0072937060369,74.9561189091979,62.9641485038362,59.1076658992356,53.0779493168115,60.5605166043512,61.0821083275514,2.43017156941741,2.78179647073506,3.57535833095415,1.74945158878779,2.13507198640795,60.0514733642729,14.9968854497159,80.4664300743196,82.1345671078554,78.489073086261,75.1390743818789,72.2801699631475,62.618581125223,62.3507713178197,59.7163638279719,58.1829667260169,58.1081412538175,2.30164068317291,2.51421347062717,3.02016138746979,2.66136248248533,2.4541407105942,59.0268350579221,14.6153877096464,80.7918185135054,82.3717904785891,77.5383219734636,75.3294216846449,72.5528144314033,62.6537899562164,62.0203409657561,59.0399955448144,58.4252082019939,58.4111499015069,2.31473631236505,2.54147670555786,3.07672875048207,2.56845059749744,2.4216317485786,59.1312324032459,14.6542573781562,82.5839971321958,82.8471865186151,78.0207794515345,71.7891648967193,73.8164798606232,62.8746128952726,62.0612704552892,60.8540013807256,60.2834100865903,60.744624017581,2.08148975222528,2.59641231680828,3.1455554585439,3.12974613596773,2.89124857763621,59.0996715564964,13.7758129177604
85.9999979869856,-168552.8353,-238637.0674,-228254.2182,-160765.6984,-163361.4107,84.4598035783288,84.6501739684957,80.0553848051438,72.8440526517208,75.032585669455,62.901963538398,62.1321086453812,61.3092179614026,60.4316164629719,60.8605951787972,1.86825156585218,2.53227790933715,2.90944982420055,3.09485923341382,2.75437558763077,59.3563446469516,13.1592141204345,85.2429298314648,85.6063557695996,71.2518387701363,77.6433449753752,76.2080135324496,63.365902127773,59.5399023938025,53.3866502248021,60.6668128479316,61.3317085777492,2.24680876634741,2.59937073621609,3.20543648753799,1.72274101183222,2.0777802822032,60.379141882807,13.8865483061017,81.7043480208463,83.822134860537,78.3274139919304,76.4411275514691,73.5481442007934,62.9988548906138,62.5968774317904,60.5054324958225,58.8288744393876,59.1247591283236,2.23945269695099,2.39400260954179,2.91830560019525,2.61681490831453,2.38307345768,59.3729107475632,13.6745805096406,82.0648835824682,84.0039238149639,77.606504705975,76.5636179041915,73.819150365029,63.0362522404204,62.2854113498482,59.7801209723062,59.0161365098483,59.3496186347033,2.24020218495299,2.41492695631472,2.94756051113626,2.52572038184845,2.35196804529429,59.4754326410455,13.6961772771122,84.5134998406946,84.8438283284264,80.0143118006488,73.1407340783105,75.3106049624825,63.0392181855965,62.1382020735336,60.9685169080665,60.5256818751881,60.8540818097531,1.96668833015909,2.53189965307063,2.95929754431314,3.1240135281053,2.77881238705671,59.3569053150354,13.0538883782335
85.999999312732,-168552.8353,-238637.0674,-228254.2182,-160765.6984,-163361.4107,85.3964194508733,85.5173616889109,81.8863210997191,73.6808108133351,76.4518780297015,63.0301081666211,62.2923484692698,61.7212626334953,60.8696304735454,61.4059739635017,1.80072019472202,2.4551977146136,2.70472966489597,2.99853266670505,2.59439276389473,59.5753196228691,12.5535730048314,85.9979001920073,86.2875534765777,72.4415148018705,78.3304540346142,77.5472363483733,63.5754135071006,59.8360406003122,53.5711692565584,60.7742273727808,61.5741694439385,2.13838182475791,2.48311767473897,2.99603567549227,1.69571233249676,2.0175036693325,60.6665956542633,13.0800997366771,82.4808320594188,84.9522162374658,78.2905599674272,77.7227544981602,75.0503242207302,63.2199581844324,62.7470677937259,61.2616369587002,59.4815827879418,60.1968159186435,2.2147937695305,2.31950973509121,2.81190220911298,2.55212499704629,2.30381695256084,59.6816586349102,12.8312541070933,82.8391756564611,85.0882697716848,77.6946181758914,77.7846711940002,75.3047271607892,63.2561744685961,62.4504719029866,60.4780781092745,59.6132864947698,60.3371503671234,2.20700838405755,2.3361792607836,2.83066301959226,2.46486766133429,2.27464534486796,59.7820109343453,12.8566082471473,85.6478575375792,85.388781747233,82.0375392370921,73.9791487793078,76.4075703596767,63.0656909727304,62.3025751835044,61.5744375796917,60.9190264761124,61.8760981423522,1.84976716743462,2.45519678085393,2.71577559458441,3.02697581956367,2.61079690549738,59.554650561673,12.4652534620838
85.8924996710158,-168552.8353,-238637.0674,-228254.2182,-160765.6984,-163361.4107,85.7712815704399,85.8384108033202,83.26073301924,74.7389963458065,77.9108045250413,63.094820755622,62.3730776642835,61.9962048718388,61.2822517066484,61.8370724258617,1.7760914606513,2.43005283755689,2.56488323887978,2.85468319255499,2.42849541069528,59.8039918209344,12.0542061403382,86.4187311404163,86.7189348819927,73.0736416270259,78.9938895574409,78.8287150755488,63.6911034059323,60.0355549236439,53.6782687187956,60.8777559693012,61.8217330309934,2.07922619625097,2.40714907390845,2.88550999548224,1.66775947683075,1.95194407868704,60.9024130545923,12.4871445742261,82.9854333936864,85.7541042592577,78.3158567781029,78.8749827734931,76.6504525046905,63.3546023444094,62.845565693332,61.8830887147444,60.0809200463434,61.1869531854885,2.20621425158232,2.26996937361041,2.72032159021415,2.47503635350034,2.22483087922851,59.9599704510971,12.1184360876489,83.3352418756094,85.8524079778248,77.7817430894027,78.887097831566,76.8723891904519,63.3888874353569,62.559262065146,61.0471240420132,60.1621072852938,61.2516290133636,2.19327581683686,2.28394620470745,2.73715214484144,2.39278531687287,2.1970272558681,60.0559931210628,12.156002697211,86.0046400080568,85.9804131427058,83.5469023013794,74.6003891084201,77.7807099300108,63.1260426605993,62.3967768968112,61.9776609892537,61.2582478751481,62.4338732977849,1.78943992544893,2.43015127785914,2.5378805932284,2.873616204881,2.43145885190888,59.7934585716002,11.9641550859156
85.7984586827763,-168552.8353,-238637.0674,-228254.2182,-160765.6984,-163361.4107,85.8990041345405,85.9326128085438,84.2026902153256,75.9045245967462,79.2739806011388,63.1305999942663,62.4181607501654,62.1748176892256,61.6431034000021,62.1611748424314,1.76891925155833,2.42497674354339,2.47600088312357,2.69361252416271,2.28103942661428,60.0377840976291,11.6445488290023,86.6334532779211,86.9876242247645,73.4295360285047,79.6005121171199,79.9773871270748,63.7523797020974,60.1618029608528,53.746802402407,60.9758677418735,62.0682208441485,2.04640878326431,2.35944334969558,2.82395402100562,1.63910586435558,1.88445830617078,61.099805270878,12.0390400268748,83.299627278801,86.3275879503627,78.3531542754251,79.8767884732322,78.2496831928517,63.4342801295267,62.9102447156517,62.3541278751862,60.6126011226671,62.0254480842193,2.20429751181133,2.23690841188282,2.6495574272136,2.39529657638107,2.1511443731407,60.2142403265016,11.5362187450605,83.6393008806196,86.3948370805561,77.851501476403,79.8486394981499,78.4257138010384,63.4666903475706,62.6302141710199,61.4771531182146,60.6496132765704,62.0298060733371,2.1882106995043,2.24939313174716,2.66732617674458,2.31825055691777,2.12397252405606,60.3044679011801,11.5874497078972,85.9850988396494,85.9851677015662,84.3155091221768,75.9355200395626,79.1916165061782,63.1591975494841,62.4524066292362,62.1651199188758,61.6199992457256,62.356140520785,1.77395921551661,2.43854569482247,2.43808513161325,2.69775085052977,2.2780402659939,60.0377698614524,11.5159994932195
85.7351048998502,-168552.8353,-238637.0674,-228254.2182,-160765.6984,-163361.4107,85.9119495935547,85.9259878367058,84.8181056905606,77.0860894712911,80.483299648046,63.1509937794619,62.4442625407041,62.2908623700239,61.9433123433639,62.4011778425276,1.76949811510352,2.42835646273585,2.42111433928692,2.53683603894971,2.15876129225556,60.271610736757,11.3145662483316,86.7409961542465,87.1565644473079,73.6290143417592,80.1410662970922,80.9653538993861,63.7838864243617,60.2399486758398,53.792987891175,61.0680459915346,62.3018038723061,2.02901503624165,2.32968996436686,2.79008545171293,1.61062753558714,1.81946154878062,61.2707788441425,11.6930617871488,83.4932817180029,86.7474743850764,78.3813279950513,80.7338289616715,79.77090579218,63.4813011911843,62.9545012884114,62.6919334339227,61.0766562350444,62.6801944383245,2.20483612401627,2.21397600759879,2.59870278839698,2.31956536849816,2.08590272499868,60.4476072766187,11.0777390677507,83.8241816691487,86.7891553531122,77.8971289108725,80.67343413922,79.8926045523634,63.5121306993943,62.6779236075482,61.7852463765626,61.0757789629773,62.6416413505246,2.18692223703601,2.22576575801961,2.61820219796164,2.24733380415319,2.05875582710339,60.5314777759577,11.1404324669964,85.9692322592273,85.9909636698828,84.7795474075201,76.9848023181451,80.431637738541,63.1773004742895,62.4805415815713,62.2465064545822,61.8923585928715,62.3682868836198,1.77468991890409,2.44787873294611,2.40399080956927,2.5327800494397,2.15895274616172,60.2689657005789,11.1806564270187
85.6932212883522,-168552.8353,-238637.0674,-228254.2182,-160765.6984,-163361.4107,85.874771947276,85.8785925834275,85.1963867093652,78.2211680854209,81.5154396974244,63.1626937835222,62.4596240720173,62.3654859768791,62.1859684116613,62.5779760858687,1.77330617306819,2.43486383061454,2.38891283646775,2.39565103830745,2.06125727480127,60.5003218574436,11.0539911532592,86.7934758288029,87.2644797075936,73.7422561210625,80.6172031954815,81.7952953821629,63.7996274479492,60.2882095657326,53.8263860772934,61.1544209639947,62.5150055355926,2.02009796866706,2.3110090756556,2.77144372819249,1.58313460938813,1.7597226833858,61.4214130971217,11.4217164584932,83.6130406397952,87.0622465961499,78.3972794397148,81.4622396360116,81.1617073267357,63.5092634737472,62.9862578551807,62.9261688354251,61.4789821700836,63.1495644178269,2.20608848105936,2.1973684304105,2.56370685898712,2.25131793894336,2.03056222257581,60.661746143473,10.7290657600809,83.9370857088198,87.0828515255581,77.9229929779698,81.3761413898828,81.2262617266693,63.5388477942791,62.7113617506452,61.9990190723489,61.4459135954454,63.0849111032414,2.18713846169271,2.20894693729526,2.58487254988164,2.18323872956498,2.00296718857708,60.7391463468419,10.7996378768002,85.9356046614014,85.9285098231779,85.1354347643978,78.1205779084682,81.5040810045456,63.1854961643103,62.4978635614235,62.2896640464819,62.1230828598257,62.5568231802991,1.77911138240677,2.45914503615759,2.38919595962607,2.38902780747619,2.0643703562846,60.4976382172615,10.9071313106754
85.6580593167502,-168552.8353,-238637.0674,-228254.2182,-160765.6984,-163361.4107,85.8218749721408,85.8213070456046,85.4124112556387,79.2700367700217,82.3702361617794,63.1695631584947,62.4689904747781,62.4129320633849,62.3791284531959,62.7082236722508,1.77798490248263,2.44181339379281,2.37140290752001,2.27428519694483,1.98529955447806,60.7192813549702,10.8507859552183,86.8172275773292,87.3341722535615,73.8087547405905,81.0350318339273,82.4841952959735,63.8070510560668,60.3180585633458,53.8524215323,61.2353516138018,62.7047569141042,2.0157112830566,2.29920332312846,2.76102030340498,1.55722768551776,1.7064593441701,61.5553170379063,11.2056602386475,83.6872371844693,87.3025274012525,78.4044761347839,82.0800577035467,82.3918331902373,63.5259740140825,63.0098925359429,63.0855517854455,61.8269588604693,63.4535138796741,2.20736958043498,2.18494038367039,2.54016652251019,2.19174414390904,1.98527289736359,60.8577401983193,10.4721521551789,84.0061425834557,87.3057516010055,77.9362317695014,81.9735831301224,82.401243690106,63.5546121167503,62.735629589643,62.1448156432551,61.7666817601076,63.377225262497,2.18784208733662,2.19658229425911,2.56266865647027,2.12709515176253,1.95686541482729,60.9288142248913,10.5468871091749,85.8737085678363,85.8494092959675,85.3579938131623,79.2268929675762,82.3592732770176,63.1914756832019,62.5086021156011,62.3125943455161,62.3713569138158,62.6872343750353,1.78391625577651,2.46989153343588,2.38202909915804,2.2662971820393,1.98863615727987,60.7176212463192,10.6888251035003
85.6401553573205,-168552.8353,-238637.0674,-228254.2182,-160765.6984,-163361.4107,85.7694548328755,85.7677121315219,85.5243341657716,80.2143086840965,83.0635082240993,63.1737927103139,62.475025998724,62.4429030336185,62.5322736763662,62.8046600061741,1.78244249681787,2.44806455784601,2.36298310601633,2.17252950416143,1.92681164376684,60.9253459224055,10.6928313086085,86.8242490277561,87.3785414290319,73.849897011678,81.4017892915186,83.0530785201929,63.8097805839104,60.3360619004851,53.8740610577546,61.3112363152008,62.8709820811557,2.01378744921187,2.29188334789664,2.75502222815088,1.53328420672728,1.6598583565342,61.674793495992,11.0316184440962,83.7317217178832,87.4875038039319,78.4068548966393,82.6039076095114,83.4491837365504,63.5356439327887,63.0277276101886,63.192833851556,62.1277324454567,63.624345677828,2.2084249758802,2.17552068314692,2.52450485046087,2.14070753871015,1.94929374772274,61.0365405791682,10.2881777291129,84.0468101149214,87.4764019520792,77.9425600298619,82.4814273543953,83.4088257557875,63.5635748997022,62.7534818076939,62.2433718459699,62.0445420865393,63.5475877047279,2.18859393798262,2.18737652849193,2.54799157951704,2.07881898452113,1.91980403774846,61.101570267936,10.3639246893512,85.8098184713594,85.7765466656119,85.478567420422,80.2052745633996,83.042252098682,63.1948251328896,62.5147901833622,62.3258520647017,62.4859663345781,62.7866616370908,1.78837245954279,2.47888510487565,2.38000579604613,2.16429386919399,1.9296333803552,60.9245874406781,10.5192838670877
85.6283289959813,-168552.8353,-238637.0674,-228254.2182,-160765.6984,-163361.4107,85.7247911653963,85.7235724676349,85.5704814263185,81.0439942352166,83.6107838089684,63.176593950402,62.479210494847,62.4614011640888,62.6531387841414,62.8757260110646,1.78619461356356,2.45315399258922,2.36015588716878,2.08879586107907,1.88255972161069,61.1160668838617,10.5708600760113,86.8253375569142,87.4075458935743,73.8765301970999,81.7243622667199,83.5220667635474,63.8105002487124,60.3472809396508,53.892824826494,61.3824426762338,63.0152121811166,2.01314165756838,2.28720605703528,2.75152699876109,1.51149684662196,1.61955154727777,61.7814542178366,10.8907129776976,83.7591804371755,87.632266464212,78.4070830592802,83.048066600717,84.3354311207813,63.5414245490101,63.0416604620702,63.2643089697893,62.3876664964452,63.6980184299394,2.20923148606071,2.16815904818544,2.51417148447747,2.09743217506394,1.92139197808827,61.199119104333,10.1600505043653,84.07158205408,87.6093703545616,77.9454785216311,82.9131983085534,84.2525598488897,63.5688398706567,62.7671381572804,62.3094763617949,62.2852472352914,63.6284493348687,2.18925247745571,2.18028839335596,2.53835493090494,2.03773296955736,1.89063835557319,61.2584514946621,10.2344955276196,85.7558074219035,85.7172020917673,85.5384086565135,81.0450831116528,83.5883032864489,63.1968736647023,62.518631810552,62.3366522052062,62.6224732749847,62.8568916187904,1.79215075553978,2.48580333868682,2.38128162344991,2.08079651733506,1.88449116378562,61.1167096898239,10.3902476822734
85.6184292890271,-168552.8353,-238637.0674,-228254.2182,-160765.6984,-163361.4107,85.6898833140338,85.6898839430817,85.5788459242442,81.7596250509904,84.0335441410275,63.1786340646262,62.4823540693379,62.4726441647082,62.7484647959254,62.9279470614853,1.78912631479355,2.45704733286787,2.36044990845143,2.02064167744179,1.84950866296222,61.2904197635131,10.4767738965168,86.8236179986102,87.4265666427074,73.8959410494162,82.008937093555,83.908980429305,63.8103155115489,60.3543032830969,53.9097738370191,61.4493217112913,63.1396998182914,2.01304582431297,2.28420443626219,2.74924639940732,1.49190545998012,1.58492061810871,61.8766020853448,10.7756321976315,83.7760609495245,87.7465062221545,78.4065345671759,83.4247750008852,85.062295767155,63.5448696251284,63.0526717539884,63.3116834490218,62.6123981365004,63.7078296005992,2.20981674095698,2.16234296005122,2.50737450851305,2.06092567507895,1.90014470222457,61.3465321201544,10.0731996832748,84.0865674606274,87.7139085312901,77.9469636276843,83.2805194933389,84.9447879023343,63.5719151159105,62.7777430271192,62.353750880638,62.4938957435605,63.6499445491575,2.18976833830871,2.17475906291875,2.53201811510212,2.00294990009212,1.86802745913514,61.4005393701847,10.1447684400872,85.7123578031894,85.671216600377,85.5556251430972,81.7563441395186,84.0053413254328,63.1978641225899,62.5209582650818,62.3473628135722,62.7318084561933,62.9060837509202,1.79507905436075,2.49085940642933,2.38424349932152,2.01365520667894,1.85089707872791,61.2919256467894,10.2944594338495
85.6136722682172,-168552.8353,-238637.0674,-228254.2182,-160765.6984,-163361.4107,85.6638255950872,85.6651430095916,85.5676484592636,82.3655316091011,84.3522975878773,63.1802081145463,62.4848100717691,62.4793622704195,62.8234196255088,62.9659960901149,1.79132510352701,2.45993012834137,2.36228152154101,1.96574161381137,1.82523306517901,61.4480559911976,10.4045114323998,86.8203958017256,87.4388029460911,73.9115310776395,82.2608310505103,84.2287435438417,63.8096786532235,60.3585763400715,53.9254267039351,61.5121856810826,63.2468318466403,2.01320696646509,2.28232140235527,2.747580983248,1.47445559264841,1.55528484886068,61.9614175656052,10.6810755804717,83.7859688566256,87.8369910428262,78.4058372222374,83.7443153357464,85.647421607091,63.5468180308731,63.0613855304841,63.3429357869641,62.8067960732085,63.6805261470275,2.21022091220567,2.15773948532086,2.50291560746187,2.03018162438475,1.88417684968163,61.4798643645626,10.0161515731048,84.0951375805391,87.7964208435852,77.9479257546881,83.5931675402285,85.502876724517,63.5736001167989,62.7860043519289,62.3834138349378,62.6748920761309,63.6363383264455,2.19014774804658,2.17043276580152,2.52784383390666,1.97356035414627,1.85066702326667,61.5289283859928,10.0838986998527,85.6793127518153,85.636591838598,85.5510635702734,82.3566620622295,84.3292372162477,63.1982226919068,62.5222951065676,62.3583597965865,62.8175022447918,62.9417092615022,1.79722354565984,2.49438314286915,2.38778998720719,1.96009872171424,1.82625103411957,61.4506385611777,10.224849454188
85.6104381701738,-175912.2577,-264060.5266,-251001.5238,-166118.0056,-169382.7563,85.6418632406521,85.6441551305965,85.5498232072468,82.8991926295921,84.6040316358462,63.0757575264716,62.198081733622,62.1951040155523,62.7630351553566,62.8690691005523,1.8627047490762,2.69114998300896,2.56806638328757,1.97126334804992,1.86215075493897,61.596237742755,10.9553352183616,86.8175512351831,87.4468967463637,73.9248502972294,82.4845204619747,84.4935653742919,63.8090235363499,60.3613000724536,53.9400411544199,61.5713145390253,63.3388981868612,2.01345810805476,2.28109599722928,2.74625933589262,1.45903239839234,1.52998099659026,62.0369422114338,10.6032511519928,83.792020178123,87.9092979953577,78.4052363275616,84.0153332580735,86.1110982931404,63.5479732987169,63.0683930300482,63.3633906791856,62.9750547080085,63.635306914283,2.21049636672885,2.15404262758018,2.50000797845125,2.00428195201743,1.87228372798536,61.6001982137466,9.98028836451689,84.100282526499,87.8621853092809,77.9487431389962,83.8593633015436,85.9462926815847,63.5745709299357,62.7925753912132,62.4032736619455,62.8320318029913,63.6051067118488,2.19042072539737,2.16698771700695,2.52509779584331,1.9487280989313,1.83740752217377,61.6446967589035,10.0437601875445,85.6552314629392,85.6117884260464,85.5368466628226,82.8564484217805,84.5707611855983,63.1983158229686,62.5230750975586,62.369618548531,62.8832482713477,62.9977778045531,1.79875481094618,2.49666469941901,2.39124882036697,1.91773829199186,1.80845728917657,61.5927673724298,10.1758283165407
85.6196760021475,-175912.2577,-264060.5266,-251001.5238,-166118.0056,-169382.7563,85.6252937590725,85.6286939930896,85.5282365124618,83.3337659894902,84.7808335182755,63.0768788385105,62.199950192403,62.1984637514824,62.8140794171649,62.8912404491408,1.86416616999665,2.69314055250567,2.57081240618111,1.93441888401242,1.84899631372032,61.7102263619198,10.9115343264162,87.1313349685745,87.4685286845568,73.6295072041927,82.7006165928846,84.7819893360689,63.7783299582983,60.1468749739136,53.8731927530804,61.5934132062529,63.3340150451446,2.10643475796036,2.32129762632047,2.79652930108392,1.45597917214766,1.52845091626382,62.104146717763,10.5389783738854,83.7617750669573,88.0237289044331,77.5083979055395,84.2497822886473,86.549866944856,63.5215361562375,63.003199120227,62.8270315930281,63.0969254392711,63.4154392520162,2.226135945779,2.17954340182538,2.64418831988983,1.98781087876444,1.86660690345594,61.7086075624784,9.9592314985292,84.105089489674,87.967161207599,77.1131892845932,84.0919424098316,86.3697431606184,63.5477001119129,62.712176760033,61.9147516211066,62.9437370558034,63.4071431820862,2.21393994826171,2.19398631756842,2.65970988874209,1.93362413014722,1.83215319706083,61.7489078689645,10.0183001809821,85.6365143903439,85.6398951257699,84.6865838132263,83.3458858370258,84.8687723813738,63.110621049355,62.2339194440069,61.7889520535138,62.8027175660564,62.8068195570712,1.90227531655075,2.71159351711638,2.69718045416816,1.94889268132938,1.85591108818519,61.7322007426778,10.8025219951906
85.6182633021005,-175912.2577,-264060.5266,-251001.5238,-166118.0056,-169382.7563,85.6189435141783,85.6239327988287,85.5076000759813,83.6838424328802,84.9036059481129,63.0782483517654,62.2021535257749,62.2005585121084,62.8535775240762,62.9067358733957,1.86480461135254,2.69394136492808,2.573319701814,1.90557678326719,1.83997890409817,61.8010327726001,10.87762136546,87.0902687751509,87.4908610581812,73.6601156649617,82.8828455917312,85.025085670926,63.7723481789571,60.0227302081552,53.8549377345642,61.6137142230136,63.3509984337089,2.10598620592662,2.34373528678988,2.78926701921967,1.45192355928321,1.52136870762441,62.1328526557918,10.7565540684475,83.7483849594053,88.1149452208256,77.2723390251488,84.4210156298971,86.8303095342013,63.506779598165,62.9746324258554,62.6782872357833,63.1960192164714,63.3317632946272,2.23557352775633,2.19025329266717,2.68323069376498,1.96735514490071,1.86119467589832,61.7888624450724,10.0351897471634,84.088879548161,88.0513591442219,76.90430034537,84.2642960658853,86.6463806513234,63.5338375899112,62.6738719006309,61.7793024339447,63.0348028733134,63.3337231056597,2.22237026148882,2.20589111592841,2.69403441915446,1.91483935576715,1.82657082010454,61.8239105831264,10.1086874093985,85.6014581836918,85.5848159745382,85.3780992694417,83.6532262578881,84.8371563976744,63.0772030535266,62.2063736742719,61.9894547454349,62.8206691321687,62.8648345825436,1.87450164673348,2.71684097941817,2.67936903623629,1.90681061691708,1.84277271258769,61.7950356529987,10.7298754990871
85.6173002619577,-175912.2577,-264060.5266,-251001.5238,-166118.0056,-169382.7563,85.6180190055377,85.6241561019828,85.4905870434877,83.9645531527979,84.9879742516611,63.0796195710394,62.2042696966103,62.2020261277181,62.8842538520789,62.9175575092731,1.86499455758249,2.69415909760435,2.57536176083337,1.88297465008802,1.83384742418274,61.8788641259769,10.851337490291,87.0751706382028,87.5095529757356,73.6330450049406,83.0409621693881,85.2307940284479,63.7680803603966,59.9510928261262,53.8289662918736,61.6315150198335,63.3723485370188,2.10824592086639,2.35618707336614,2.79225734326353,1.44822705757293,1.51332465693053,62.1712515437321,10.8795787442649,83.741980344562,88.1870983898838,77.1973889583253,84.5699941879749,87.0359775170713,63.4983346535198,62.9632418295109,62.6263391078803,63.2855605704778,63.2872285157646,2.24122961912954,2.19411947201653,2.6963082711122,1.95011468302196,1.85669159476195,61.8651212779253,10.1260249001761,84.0815891762426,88.1180653055896,76.8342285687051,84.414205669562,86.8520527478464,63.5258182402019,62.6563429387277,61.7300009931308,63.117034795615,63.2959011412147,2.22768030618276,2.21063205722735,2.70608423630576,1.89897884765159,1.82170696012612,61.8963119789516,10.2028022570188,85.6013740435958,85.5757313101805,85.485809914576,83.9650841409672,85.0305706176558,63.1034897542449,62.2257039367237,61.9624645718241,62.8547993757397,62.8876804163949,1.87385472937097,2.71273783552971,2.65652430654157,1.88157023955187,1.834707560502,61.889676714658,10.7557304505198
85.6166633429555,-175912.2577,-264060.5266,-251001.5238,-166118.0056,-169382.7563,85.6185615956578,85.6252241526287,85.4780292105655,84.1867590745989,85.0442456170973,63.0807569307681,62.2059672157553,62.203166484874,62.9079150717383,62.924965704362,1.86504377453593,2.69423151186958,2.57687746450629,1.86540533847544,1.82979631585407,61.9476410037428,10.8313544052413,87.0649272813565,87.5242678966997,73.6023593100565,83.1778961625395,85.4043597785032,63.7653953853628,59.9101083267241,53.8031662992177,61.6473744756612,63.3963059475058,2.10953225904677,2.36296743875841,2.79594363848979,1.44469905372745,1.50484359829947,62.2056174992135,10.9434393371102,83.7391911842761,88.244506995468,77.1723835734308,84.7022170306755,87.1937749867625,63.49353831669,62.9598558796754,62.6059144560706,63.3665263125971,63.2579639920099,2.244614012862,2.19486245834922,2.70111778546857,1.93608481445406,1.85307818904051,61.9339536487592,10.2069791750687,84.0780405300703,88.1711239788037,76.8086444339436,84.5469085173507,87.0114568006607,63.5212370237372,62.6491261846577,61.7090286638518,63.191367052132,63.2720592418275,2.23085093528371,2.21199017413112,2.71077930921029,1.88601898280225,1.8175976037472,61.9616326693776,10.2820149075582,85.6056651316754,85.5842900113437,85.4686471083258,84.1810742398685,85.0411674203728,63.1188577258354,62.2365843748765,61.9641180138334,62.8914614054291,62.8998699995737,1.87000906225314,2.71494125962203,2.61926800204715,1.86654306949946,1.83057962389218,61.9540400494408,10.6794341362222
85.6162218217152,-175912.2577,-264060.5266,-251001.5238,-166118.0056,-169382.7563,85.6188808525444,85.6256790657242,85.4694364920991,84.360514740455,85.0805507410169,63.0815988000805,62.2071951554234,62.2041036280403,62.9260334789607,62.9299298327233,1.86508702265471,2.69432044642912,2.57793299574776,1.8518605006238,1.82720733027008,62.0087321366738,10.8164082957255,87.0584505181764,87.5354353713098,73.573269253475,83.2966760812994,85.5503215511772,63.7636867490225,59.8868812112689,53.7782849159578,61.6615799391061,63.4207340474963,2.11035843814288,2.36656852783517,2.7994037753156,1.44136339614478,1.49649999610864,62.2369012231491,10.9683460338855,83.7381958347882,88.2903677305626,77.1638943429335,84.8187347328614,87.316836151885,63.4908361024672,62.9600197412384,62.5970114896499,63.4388991278076,63.2363406721157,2.24663753610245,2.19427699694458,2.70303477518705,1.92452164490346,1.85021980768029,61.995764906179,10.2740811544199,84.0764866956667,88.2134499209155,76.7980562466326,84.6636567100457,87.1368512404811,63.5186360422056,62.6469068092384,61.6984977041283,63.2578133691127,63.255127963949,2.23275246469538,2.2118312678861,2.71285352559153,1.87529408994182,1.81418034957334,62.0203335673317,10.3448177352392,85.6115284558812,85.5819107200117,85.4417540177713,84.3639171397414,85.1072026856651,63.1148671580968,62.2399594111014,62.0325802935902,62.9126481346654,62.894783874568,1.87017231261446,2.71006242752056,2.60932719590389,1.85288741746812,1.82641067576167,62.0163485121321,10.6920974336822
85.6159368932479,-175912.2577,-264060.5266,-251001.5238,-166118.0056,-169382.7563,85.6186842566074,85.6254674487258,85.4637847537968,84.4948278753852,85.1030919801055,63.0821858804921,62.2080412235389,62.204874031367,62.9398060010365,62.9331824697014,1.86515187854152,2.6944421396759,2.57864480254758,1.84150447310652,1.8256175955375,62.0627097121532,10.805360889409,87.0543216596861,87.5437066571996,73.5466564813878,83.3998787497648,85.6726633671883,63.7625989346787,59.873862354961,53.7544374796951,61.6743528160789,63.444308871494,2.11088345209934,2.36841511572602,2.80248082617825,1.43824873282188,1.48863404211624,62.2655093134132,10.970465750658,83.7380282772561,88.3271032214596,77.1609877338391,84.9205148329079,87.4133362055796,63.4893262439705,62.9615978241362,62.5927577643507,63.5030067602118,63.2195367214504,2.247846959712,2.19321340852964,2.70386511922668,1.9148197342542,1.84797200725541,62.0513683103254,10.328549775533,84.0759155329781,88.2472852787401,76.7927342871956,84.7655817513515,87.2359842343729,63.5171691845307,62.646997653475,61.6922476339756,63.3166906561777,63.2424380863729,2.23389215584378,2.2110641886675,2.71391277989792,1.86626333430365,1.81136013221418,62.0731864993476,10.3939526824013,85.6123643129592,85.5796616828208,85.4330041275848,84.5054991263588,85.1399224854882,63.1129122248905,62.2415686904841,62.06211796827,62.9278837576143,62.8978760190968,1.87018027430009,2.70755139400346,2.60782183530241,1.84333694699481,1.82389044809462,62.0708878624077,10.7027467746597
85.6157323517278,-175912.2577,-264060.5266,-251001.5238,-166118.0056,-169382.7563,85.6181495490055,85.6248942623034,85.4600765233756,84.5975518011377,85.1164296280004,63.0825845781847,62.208614565525,62.2054876231692,62.9501994954163,62.9352620088874,1.86522913165857,2.69457406731334,2.57912403890225,1.83365007595091,1.82469099862861,62.1100330675046,10.7972683124537,87.0516924375013,87.5497320708781,73.5221656043841,83.4896830955978,85.7748899370983,63.7619062097251,59.8666662172496,53.7315576738174,61.6858768816217,63.4662973474511,2.11121779292899,2.36931167302387,2.80523643247775,1.4353723129387,1.48142036699931,62.2917080057768,10.9602527005771,83.7382032925251,88.3565894617576,77.1599851465897,85.0088689360818,87.4891284894088,63.4884915889686,62.963594407517,62.5905849889252,63.5594842383824,63.2062676037074,2.24856979459271,2.19205972291765,2.70425336459525,1.90656784094556,1.84620787363457,62.1014218252407,10.3726189541336,84.0758048328449,88.2743811652879,76.789338548059,84.8540836154306,87.3144698288808,63.5163489903587,62.6480576178827,61.6879650808897,63.3685879650217,63.2327612598432,2.23457540822269,2.21011939619929,2.71454222862096,1.8585591319724,1.80904076104083,62.1208095174406,10.4324912063919,85.612526177403,85.5779156140196,85.4287884736181,84.6141792277734,85.1575380826753,63.1114510452601,62.2420103943595,62.0850484119887,62.9385400330602,62.9015526742273,1.87021775128545,2.70621897807375,2.60695693908163,1.83604371433683,1.82235375138439,62.1193542843655,10.7104965004621
85.6155971329481,-175912.2577,-264060.5266,-251001.5238,-166118.0056,-169382.7563,85.617492535187,85.6242171377433,85.4575669386935,84.6753632548691,85.1237980243793,63.082852966294,62.2090025037087,62.2059557574394,62.9579888221767,62.9365533976311,1.86530572869617,2.69469663251268,2.57945433457385,1.82773793961801,1.82419122223378,62.151212283497,10.7913858576345,87.0500115354708,87.5540657812481,73.4993531258882,83.5679358224145,85.8600675752262,63.7614638559322,59.8627590586562,53.7095655016579,61.6963099589594,63.4863570996341,2.11143093746962,2.36970774037596,2.80774774260473,1.43273857150377,1.47492654528601,62.315708268936,10.9440165730558,83.7384802330614,88.3802901923362,77.1596356515983,85.0852735176136,87.5486828702372,63.4880351650358,62.9655668618803,62.5894382630104,63.6090984790611,63.1957726445126,2.24900181398864,2.19098131640221,2.70444489561657,1.89948774327333,1.844823283358,62.1464495365939,10.4084230119661,84.0758822946331,88.2961086478589,76.7867003665805,84.9306764989811,87.3766348870809,63.5158939999905,62.6494310159933,61.6846944745417,63.4142101536621,63.2253794291888,2.2349851271115,2.20919121943474,2.7149701150263,1.85193206029447,1.80713560639014,62.163694804724,10.4629930447315,85.6122886952657,85.5766225512218,85.4263995495372,84.6960622151497,85.1662087070677,63.1102316224673,62.2417504474184,62.1030794941057,62.9458808073982,62.9047290297149,1.87025332442171,2.70547816157716,2.60617587752646,1.83045946671387,1.82145828461725,62.1617414056865,10.7162833007278
85.6155080572898,-175912.2577,-264060.5266,-251001.5238,-166118.0056,-169382.7563,85.6168509180592,85.6235765676673,85.4557778602794,84.7338053647512,85.1274164742629,63.0830333322158,62.2092656745249,62.2062974097073,62.9637891367925,62.9373252994009,1.86537377085926,2.69480064187474,2.57969073222176,1.82331831009591,1.82395721471927,62.1868105906156,10.7871406697709,87.0489368316693,87.5571540508703,73.4778715844533,83.6362092960663,85.9308571660787,63.7611811027939,59.8606894456576,53.6883944429231,61.7057888155581,63.5043869148806,2.11156713088707,2.36984983223787,2.81007488570154,1.43034236800153,1.46915563396979,62.3377003707639,10.9254054030904,83.7387555364918,88.399362429194,77.1595116883864,85.1511951323515,87.5954928165982,63.4877893391484,62.9673395715399,62.5888336864857,63.6526296181994,63.1874991974624,2.2492600704276,2.19003729247119,2.7045413857285,1.89338127380108,1.84373537934614,62.1869007827793,10.4377399165126,84.0760200498474,88.3135523259005,76.7844003433333,84.9968377376191,87.425888048,63.5156444116956,62.6508122428409,61.6819944403983,63.4542718071513,63.2197859431942,2.23523094691273,2.20835785660705,2.71529387972723,1.84620361877151,1.80557056471158,62.2022653036682,10.4874267005116,85.611908941677,85.5757441384575,85.4249212058921,84.7565378911114,85.1693929167055,63.1091525694544,62.2410891981106,62.1173239318776,62.9508441929708,62.9072694326358,1.87027468424918,2.70502912825726,2.60542658390227,1.82623900324834,1.82097403175895,62.198481813091,10.7208901484248
85.6154488224667,-175912.2577,-264060.5266,-251001.5238,-166118.0056,-169382.7563,85.6162881321235,85.6230278183054,85.4544311340104,84.7773794022843,85.1287632954437,63.0831544370111,62.2094443790998,62.2065363038334,62.9680835541002,62.9377613947798,1.86543038579125,2.69488436862852,2.57986667977605,1.82003442366192,1.82388235893292,62.2174148759914,10.7840982167907,87.0482491281834,87.5593390259209,73.4574816248966,83.695847909705,85.989550271022,63.7610002231499,59.859631723958,53.6679934601645,61.7144322528476,63.5204281242412,2.11165421756121,2.36987063894418,2.812258857902,1.42817225622265,1.46407386338483,62.3578605725017,10.9064472408682,83.7389900078138,88.4147237304992,77.1594664672243,85.2079961187998,87.6323051044259,63.4876595468446,62.9688609587208,62.5885261864147,63.6908118190725,63.1810057774735,2.24941449299894,2.18923848247648,2.70458913530717,1.88809828319918,1.84287914919508,62.2231829720923,10.4619775224724,84.0761605635248,88.327571130567,76.7822822573695,85.0539278414505,87.4649297071152,63.5155094142548,62.6520708522994,61.6796396752212,63.4894443913791,63.2155885094741,2.23537850883006,2.20764255491692,2.71555928266647,1.84123779012171,1.80428380683076,62.2369048716838,10.5072632183026,85.6115123260746,85.5752317350503,85.4239790812056,84.8003496259186,85.1692928489103,63.1081681476587,62.2402081015388,62.1286900393187,62.9541131442207,62.9092599596455,1.87027877130762,2.70472066914567,2.60471033900199,1.82309228466542,1.82074847394614,62.2301202801137,10.7247711776099
85.6154092632357,-175912.2577,-264060.5266,-251001.5238,-166118.0056,-169382.7563,85.6158216001825,85.6225804025383,85.4533742049127,84.8096678126932,85.1287970562384,63.0832354451597,62.2095653331963,62.2066964908037,62.9712471263274,62.9379850542618,1.86547571560442,2.69494978912463,2.58000175271973,1.81760713238315,1.82389796687308,62.2436071357412,10.781932356705,87.0478085356242,87.5608760146195,73.438020667603,83.7480047668604,86.038106974316,63.76088438558,59.8591205794725,53.6483225951063,61.7223434296262,63.534601453088,2.11170995648543,2.3698396040894,2.81432707414597,1.42621311059547,1.45962814300778,62.3763524614301,10.8882124241543,83.7391745283076,88.4271047150222,77.1594492655897,85.2568975610084,87.6612785436813,63.487592818117,62.9701344258957,62.5883823158953,63.7243098416756,63.1759303473524,2.24950685468212,2.1885752338077,2.70461118146684,1.88351908455332,1.84220392874422,62.2556748661935,10.4822258834237,84.0762813931114,88.3388472526525,76.7802839893807,85.1031609681923,87.4958984268181,63.5154376819735,62.6531624907074,61.6775062573861,63.5203354464671,63.2124742780751,2.2354671391294,2.20704372063071,2.71578980700186,1.83692554087455,1.80322442137222,62.2679703469545,10.5235906428972,85.6111617589453,85.5750277571586,85.4233868015002,84.8315719864909,85.1673400142482,63.1072558627047,62.2392145462571,62.137878297562,62.9561853288178,62.9108237337038,1.87026748191113,2.70447828337182,2.60402790300285,1.82076982159903,1.82068210534151,62.2572138346026,10.7281720893789
81.2544936217315,-169616.0634,-242310.0372,-231540.5596,-161538.9552,-164231.3246,85.489679293475,85.4759053593381,85.4484037237291,84.8314658974608,85.1264010714688,63.1621273602121,62.4386861866953,62.4495032141438,63.0665149913892,63.0400478607531,1.81522476919109,2.51330900800322,2.40560624048723,1.77347109876006,1.77679171352501,62.2671710350439,10.2844028299667,87.0475258888157,87.5619521255237,73.4193775259756,83.7936712779314,86.0781942328359,63.7608101075533,59.8588968851959,53.6293493833442,61.7296118571747,63.5470674531306,2.11174567454847,2.36979156239032,2.81629786453944,1.42444800319194,1.45575687124958,62.3933270737322,10.8712164695951,83.7393129066462,88.4370890716111,77.1594423533951,85.2989733073587,87.6841065106051,63.4875597841475,62.971185250678,62.5883266027259,63.7537138845208,63.1719765779132,2.24956211336096,2.18803056350779,2.70461973741799,1.8795449693092,1.84167034450315,62.284730708849,10.4993200019068,84.0763768744517,88.3479239746203,76.7783782872741,85.1456025668655,87.5204848915589,63.5154004457698,62.6540834585387,61.6755230966277,63.5474841573969,63.210193470045,2.2355204068731,2.20654965033982,2.71599828917615,1.83317649486015,1.80235077009076,62.2957952690312,10.5372114253694,85.610879356787,85.5750727961873,85.4230364708919,84.8535574712183,85.1644495053301,63.1064030749737,62.2381715864955,62.1454109225199,62.9574236820636,62.9120701063516,1.87024419865539,2.70426639342372,2.60337704967224,1.81906496822753,1.82071054579498,62.280293578122,10.7312239048693
85.8156816332014,-169616.0634,-242310.0372,-231540.5596,-161538.9552,-164231.3246,84.8937756050784,84.8222665112502,85.3901372818625,84.84618211047,85.1223138207633,63.1097372627341,62.3633878884444,62.4353614689355,63.0610279434899,63.032667799843,1.86051478002944,2.57802944832498,2.41023040438698,1.77182640535797,1.77652685469112,62.3002749737645,10.3971278927905,85.4858067176008,86.9460848084719,73.6492285008293,83.8260367163667,86.082516784539,63.5459596011194,59.7460103296115,53.6773972037728,61.7627802950593,63.618273299104,2.07988088345088,2.44452888129984,2.77685109607648,1.41327467233647,1.43781943752531,62.4089231927943,10.8556599154422,82.8546208238377,87.8805093572713,77.7863088188218,85.34676300216,87.6233662472271,63.2878953395396,62.8879221871608,62.981593939479,63.7976574825179,63.3153010342465,2.23462782626052,2.22853827054458,2.6011905457115,1.87278776230261,1.83891997662684,62.3106809252688,10.5138967568314,83.1227045180151,87.7853036230181,77.3647940268092,85.1918207301242,87.466373684631,63.3141887385516,62.5678021456433,62.0336170450399,63.5903299064222,63.3461699759617,2.218861121145,2.25054491058327,2.61908807601322,1.82596934214727,1.79805303730729,62.3206905373091,10.548717987179,84.5329944432545,84.7199973450764,86.0016565363725,84.8739074091074,85.0830055040892,62.9479839310475,62.3132904964713,62.6911954846948,63.0427356899278,63.0752572519607,1.79686042069262,2.60808830605197,2.34726082002649,1.77202174273388,1.77330264726201,62.3020471447136,10.1987427612896
85.7268337640639,-169616.0634,-242310.0372,-231540.5596,-161538.9552,-164231.3246,84.5989347011919,84.5516976320804,85.2222063161091,84.8559540023628,85.1084604091426,63.0823372756639,62.3298447209926,62.4128406616312,63.0575068822062,63.0269602282592,1.88364008040481,2.60552757223319,2.42559567101952,1.77074592447264,1.77718221340594,62.3344582217389,10.4626914615361,86.282072452559,87.1488067650159,73.1351608294913,83.8283156037102,86.0122957695736,63.644847438895,59.9720879582617,53.6123786578765,61.7890153426784,63.6626485002715,2.10861869217659,2.38288053173464,2.86853388343776,1.40846283273473,1.42647830748914,62.4285625990681,10.9018214323453,83.2095382931127,87.9793265134971,78.0865799177492,85.367922534795,87.5486581954805,63.390111858055,62.9844647041247,63.0087189882601,63.825443148641,63.3240537891206,2.22240630537809,2.18774456463462,2.57492187248904,1.87000721898596,1.84090799005394,62.3283134055325,10.5783750346905,83.5225896476001,87.8947073298856,77.5820945738032,85.2110565700432,87.3921228036981,63.4160661077003,62.6775426093387,62.0513538573933,63.6179575846441,63.3585521957932,2.21081282436597,2.20762638714327,2.60483712581135,1.822981836102,1.79868298400549,62.3385274972867,10.6113300248177,84.9984080517978,84.6532601956198,85.4450101158008,84.8489501982734,85.1265187198559,63.2369818162618,62.4528374104756,62.3938151374652,63.0419821496401,63.0219072754913,1.86608623398965,2.59704194532836,2.3899463838633,1.77487400917049,1.77651628152155,62.3379072889833,10.4978069515256
85.6703656943937,-169616.0634,-242310.0372,-231540.5596,-161538.9552,-164231.3246,84.7466730281441,84.7555291191312,85.0216774827998,84.8602250449491,85.072290008471,63.0949924642812,62.3525647698925,62.3921474474034,63.0579573165426,63.0238908329528,1.87188819755193,2.5844638041357,2.44487174517823,1.77043562067434,1.77985027640284,62.3617422035059,10.451509643943,86.533812318599,87.2694266354174,73.2922116667068,83.8425390318951,85.9652170188985,63.7132343094075,60.1032607225034,53.6459589049942,61.8186289431633,63.7095022688398,2.07419133330363,2.34685538957954,2.84164216020244,1.40158863023545,1.41515219254314,62.4351036791227,10.7498765275462,83.4244949266206,88.048097057263,78.196689439035,85.3972933820535,87.5354778725276,63.44942170203,63.0310835403776,63.0495207166065,63.8547700275576,63.3160970461759,2.21714367696121,2.16780808456079,2.56083568102347,1.86970555986906,1.84156641629607,62.3553776826489,10.5481830469863,83.7412940151181,87.9687606471181,77.6969868059625,85.2388840918863,87.3754886709052,63.4763007828748,62.732776393485,62.0914198105252,63.6473136767674,63.3561799326228,2.2025786884251,2.18605068120732,2.58944621685285,1.82201052011507,1.79812034103987,62.3635007269794,10.5687329950109,84.7374320630694,84.6098640967362,85.0448483328241,84.8953258838055,85.1280821138717,63.1528353312814,62.4190269536556,62.4117869108178,63.0466860501013,63.0079750885864,1.87764287061093,2.60518961908134,2.40899355972069,1.77660557217656,1.77680545478001,62.3786490073939,10.3637326502428
85.6345574206159,-169616.0634,-242310.0372,-231540.5596,-161538.9552,-164231.3246,85.0388975767573,85.0794007558442,84.8865989713534,84.8565590724912,85.0111925009924,63.1204078895442,62.389279761729,62.3801344406325,63.0593703624235,63.0202459950849,1.84910209978125,2.55175591531515,2.45824032089465,1.77084815437786,1.78450024223579,62.3833511994973,10.4144467326047,86.6683077322645,87.3426454184768,73.4434275672934,83.8664341496292,85.9322184862039,63.7510353804641,60.1793021427869,53.6790487770445,61.8479854302103,63.7435595178675,2.05431595840009,2.32569004553392,2.8158112658967,1.39558412682624,1.40742424128947,62.4660278362976,10.559077692465,83.5560533425085,88.0966507523011,78.2346369523249,85.4228108820975,87.5446964623822,63.4843332253233,63.0539505148663,63.0948426834484,63.8809089582581,63.3082353388667,2.21506543097684,2.15786161176574,2.55146913396789,1.86915142480817,1.84154905238491,62.3846955380719,10.4860547878685,83.8731516729622,88.0198273945139,77.7464748978834,85.2642362922288,87.3804058838798,63.5115067135837,62.7610611538847,62.13549548566,63.6737804347011,63.3525892229263,2.19868714598086,2.17496115103403,2.57840216649219,1.82090106325617,1.79731736834905,62.3929822437037,10.4934948741316,85.1165304156132,84.9087797104565,84.7989288871697,84.8667130421684,85.0448840307288,63.1752701512295,62.4182251452921,62.3948866834752,63.0411966009203,62.989453665812,1.86722733725306,2.58441043227062,2.45253607514429,1.77604595107091,1.77906626393759,62.4026354616513,10.4176756845143
85.6127784809861,-169616.0634,-242310.0372,-231540.5596,-161538.9552,-164231.3246,85.2890420574411,85.3334779368675,84.8539355156149,84.8418876729635,84.9336355468646,63.1418195122434,62.41778346028,62.3788662547548,63.0598298551578,63.0150306845356,1.83000487857778,2.52663738928378,2.46167421991232,1.77207827289377,1.79038992733666,62.402854316791,10.3807846880043,86.7426789382827,87.3876512876122,73.5475974074396,83.8959893215707,85.9092423811385,63.7719839875543,60.2233865240185,53.7053047181092,61.8766253637734,63.767699615545,2.04327171824778,2.31320114893027,2.79829891242392,1.39055709191804,1.40239115465869,62.4954384805591,10.4247239460493,83.6371591035585,88.1315201940465,78.2465504928526,85.4432903806934,87.5610026549722,63.5050895599377,63.0654475131053,63.1382699517388,63.9038203270528,63.3035144624508,2.21441551597264,2.15274260234782,2.54431414830633,1.86814817058388,1.84122076282659,62.4130671573956,10.4185597623563,83.9535712702578,88.0557296066565,77.7677881580096,85.2856404841515,87.3927097201574,63.532282638268,62.7758783835208,62.1771732185613,63.6972754698985,63.3508089052034,2.19697818414505,2.16909124576071,2.570191899472,1.81948783800213,1.79650972102945,62.4214597261838,10.4191878126738,85.2778742775883,85.277318610196,84.7812035300643,84.8604751392795,84.9872787505597,63.1420854680132,62.4226907997129,62.3760076862296,63.0398147243916,63.0067644816276,1.84468276714096,2.56340765439757,2.46968535763079,1.77722337758134,1.78373862722094,62.4214390369921,10.3816289973869
85.5991510895228,-169616.0634,-242310.0372,-231540.5596,-161538.9552,-164231.3246,85.4471462488325,85.4822717183898,84.9064647615056,84.8145641914502,84.8554546161015,63.1552467802341,62.4344601499519,62.3860504710826,63.0587600317178,63.0092315771407,1.81812794202448,2.51215393244704,2.45671761969898,1.77421671543141,1.79632192241194,62.4220480410773,10.3575381320139,86.7839073985269,87.4156600279963,73.6149457329112,83.9284232418742,85.8934595345964,63.7836228637376,60.2490241040511,53.7259777625268,61.9044371436027,63.7851740008211,2.03711899231016,2.3057813975491,2.78727814012424,1.38636543481847,1.39912063752453,62.5201661704921,10.3428602562617,83.6876184535709,88.1571090877562,78.2495309964272,85.4595859099597,87.57849422482,63.5175660555604,63.0714783678925,63.1758687150728,63.9241459816291,63.3012902292854,2.21437097448665,2.14997493159392,2.53866543814629,1.86691974500564,1.84077856570511,62.4390822803291,10.3565193566449,84.0030901124044,88.0815650513367,77.7773269072487,85.3035803060151,87.4068110588213,63.5446737913408,62.783906909148,62.2130474708052,63.7183638634806,63.3505917056019,2.19631129793746,2.16584958836713,2.56399584590032,1.81795749758966,1.79577935480555,62.4473436764033,10.3551276715882,85.4307682091299,85.4203115214079,84.8801743065445,84.8328945115517,84.890759520288,63.1568334977461,62.4382808903928,62.3691979748337,63.0389876844814,63.0088740651513,1.82688178947221,2.54981487019815,2.47536382132146,1.77792475949396,1.7884982043757,62.4380213147632,10.3368726248387
85.5893833120913,-169616.0634,-242310.0372,-231540.5596,-161538.9552,-164231.3246,85.5292035920501,85.5532515613693,85.0025620770954,84.7763713336693,84.7927897773248,63.1622761133548,62.4425688731104,62.3972634636997,63.0563339599614,63.0043820216126,1.8120291820709,2.50531977990269,2.44749248998715,1.77713835081031,1.80108844146712,62.4404067276205,10.3430682442382,86.8065595669323,87.4332196076094,73.6586408925232,83.9619669155867,85.8828580579118,63.7900504863222,60.2639714851776,53.7428493638798,61.9313808680152,63.7983201568186,2.03369996989455,2.30135045743736,2.7804098535324,1.38285899373282,1.39695546202851,62.5407774622052,10.2963085912778,83.719197590357,88.1762131843573,78.2496875053151,85.4725812984049,87.5949557732648,63.5251242557856,63.0748277821506,63.206238716436,63.9424041344605,63.3004774957654,2.21454898231521,2.14838254936169,2.53427032454826,1.86564978980235,1.84032252612897,62.4622601293453,10.3037665010738,84.0337597069695,88.100511781702,77.7819194395864,85.3186692980467,87.4205152362383,63.5521168003774,62.7884380057078,62.2420421603941,63.737506963332,63.3512012017607,2.19612281506758,2.16396799392671,2.55934874807188,1.81645967350081,1.7951491764609,62.4702600265399,10.3030066368568,85.5145510940803,85.4944731224458,85.0121581309464,84.7916772603843,84.8192529142689,63.1659304459914,62.4495441914156,62.3668059134203,63.0372905307976,63.0071072274866,1.81736227176259,2.53998572640965,2.47139598265467,1.77919316998399,1.79363323001502,62.454399944003,10.3093242765785
85.5832542678829,-169616.0634,-242310.0372,-231540.5596,-161538.9552,-164231.3246,85.5655027523204,85.5812041976388,85.1057655160719,84.7324015947958,84.7547325090359,63.1655018697455,62.445961772016,62.4087926100328,63.0531159502062,63.0014935390117,1.80935373695399,2.50266020129638,2.43760693636297,1.78047893416094,1.80400028799676,62.456757690709,10.334100096771,86.8184917476944,87.4441356138065,73.6880023298609,83.9955264654741,85.87600782346,63.7934950705052,60.2726299166968,53.7572086298812,61.9574355253737,63.8086555752876,2.03183006721973,2.29872020725995,2.77604094891424,1.37991618690812,1.39547338555474,62.558186497115,10.2714808324905,83.7388192831601,88.190547053126,78.249114788725,85.4829107321282,87.6096198398753,63.5296793352076,63.0767912330354,63.2296032235324,63.9589360663932,63.300299621598,2.21477587411453,2.14741366636043,2.53094063778136,1.86443647253215,1.8398996844393,62.4825867502274,10.2609861353769,84.0525979382927,88.1144974146329,77.7843966247863,85.331365579119,87.4329872747902,63.5565587347469,62.7910835882295,62.2644891502959,63.7550091373964,63.3520944956679,2.19613607072288,2.16282983917197,2.55591317849325,1.81507014369089,1.79461841249383,62.4902893832769,10.2620554088091,85.5567075365589,85.5293174648042,85.1266807697339,84.7376181686405,84.7787520871286,63.1694853555897,62.4554995401596,62.368311068131,63.0345687628715,63.0037333981877,1.81349243345714,2.53427822210515,2.46232738265013,1.78138512867164,1.79781357901829,62.4696816258788,10.2938764067831
85.5794158086959,-169616.0634,-242310.0372,-231540.5596,-161538.9552,-164231.3246,85.5779758985308,85.588595418889,85.1954288996159,84.6889618152432,84.7431135534694,63.1667499823922,62.4470888489435,62.4186339936689,63.0497646085336,63.0008783331818,1.80844749217729,2.50198275946069,2.42906426556781,1.78377742155245,1.80491329291521,62.4704609642299,10.3281852316734,86.8246378441604,87.4509442631255,73.7087218905211,84.0284321887835,85.8718771215542,63.795294286868,60.2776541115114,53.7698564369845,61.9825889568075,63.8171320241952,2.03083765094291,2.29715343934007,2.77316289869384,1.37744284547548,1.39441213640034,62.5731320420782,10.2596269873489,83.7510563741251,88.2014595020715,78.2484849075593,85.4910153649773,87.6222892929214,63.5324390123385,63.0780375231412,63.24692327684,63.9739695038873,63.3003165215861,2.21498416539435,2.14677817795379,2.52848763448089,1.86332153330582,1.83952954444027,62.5002586465416,10.2274880761403,84.0642144359692,88.1249917396568,77.7859419746626,85.3419971212093,87.4439450100847,63.5592205533908,62.7927147977943,62.2813331623531,63.7710736709324,63.3529733139002,2.19622202548585,2.16209946546939,2.55341686842803,1.81381680090953,1.79417785744131,62.5076834997719,10.230762614083,85.575153228311,85.5438287953422,85.2116319996585,84.6902352633958,84.7657304293697,63.1703597606098,62.4578612231402,62.3723146309212,63.0311782985884,63.0004757641903,1.81234702229086,2.53144885962152,2.45245801877499,1.78415019098783,1.80035687182702,62.4824773306134,10.284608935902
85.5770155321715,-169616.0634,-242310.0372,-231540.5596,-161538.9552,-164231.3246,85.5801411478185,85.5880247805317,85.2648836399217,84.6515185366978,84.753074731491,63.167138721972,62.4473274870799,62.4262370997222,63.0468468293969,63.00218190866,1.80830415018028,2.50207025880477,2.42248587248025,1.78662799975827,1.80419487542109,62.481704169516,10.3236831566448,86.8276689863744,87.4552038969859,73.7243393697627,84.0602929569868,85.8697383662279,63.7962004776754,60.2805761624618,53.7813043212992,62.0068392202199,63.824344508323,2.03032611479632,2.29621661238398,2.77114959060182,1.37536335785004,1.39361027242929,62.5861598249948,10.25533351432,83.758716389375,88.2098739371226,78.247974290595,85.4972369645725,87.6330365491754,63.5341199074076,63.0788920280371,63.2594203661724,63.987678196629,63.300331306052,2.21515290150836,2.14633192811304,2.52672187640889,1.86231813660892,1.83921599455404,62.5155592718464,10.2020020332904,84.0714028291318,88.1329828543889,77.7870746013859,85.350831019332,87.4533793489975,63.5608225161499,62.7937799587998,62.2937233513112,63.7858564129134,63.3537214505475,2.19632145068531,2.16160323218746,2.55162588822178,1.81270376451288,1.79381455468734,62.522752551935,10.2074358190538,85.5810312706134,85.5465655414042,85.2722479153403,84.6504144753658,84.77568144539,63.1702350333624,62.4582582307519,62.3776219675698,63.0276525093065,62.9983383672938,1.8122924333152,2.53023864603806,2.44409811964493,1.78698680218469,1.80112695476724,62.4925253983561,10.2784571989367
85.5755172107453,-169616.0634,-242310.0372,-231540.5596,-161538.9552,-164231.3246,85.5783985275946,85.5849856401086,85.3145575914219,84.6236520687451,84.7782509454697,63.1671992753989,62.447284486363,62.4317376675483,63.0447324981707,63.0048595625331,1.80844964379533,2.50239425607659,2.41780946466659,1.78876014953431,1.80233059134463,62.4909295448491,10.3197441054175,86.8290618307102,87.457876637408,73.7369182140895,84.0908932489044,85.8690715042126,63.796631674627,60.282280504058,53.7918618261009,62.0301924931548,63.8306627753826,2.03007372026812,2.29565411409262,2.76963697154209,1.37361634470857,1.3929697103523,62.5976757068721,10.2553457018877,83.7635294617541,88.2164333483636,78.2476012708523,85.5018558395393,87.6420435825613,63.535149394664,63.0795164827319,63.2682576689571,64.0002056303591,63.3002792233428,2.21528089744013,2.14600118228524,2.52547411124219,1.86142558748188,1.83895558029229,62.5287888533573,10.1831214537636,84.0758674246621,88.139146264316,77.7880212084983,85.3580970634908,87.4614007379931,63.561791045389,62.7945144399548,62.3027359203561,63.7994868591572,63.3543184238032,2.19641068976604,2.16124887379138,2.55035113788074,1.81172415659228,1.7935154082969,62.5358075296942,10.1904801672974,85.5808770841205,85.5455805872429,85.3162130998867,84.621048225899,84.7982878338555,63.16985229175,62.4577977124679,62.3832761902222,63.0244920054974,62.9976719440987,1.81251491970546,2.52974376691414,2.43783969883481,1.78946726743377,1.80046941707626,62.5004868823103,10.273864135145
80.5755203215695,-170393.693,-244996.394,-233944.142,-162104.504,-164867.567,85.4249254370969,85.4062463013764,85.3477282113512,84.6057833564728,84.8121662887782,63.1432161238128,62.3972449987842,62.403422747154,63.03023383329,62.9938405343853,1.82729871648032,2.54428912243932,2.43636188462965,1.79530298706648,1.80558669155291,62.4985822608506,10.4088394021687,86.8296217558322,87.4595587516549,73.7476399236977,84.1201275478001,85.8694982195553,63.796817439568,60.2832781350483,53.8017166989297,62.052661763335,63.8363186277686,2.02995769592318,2.29531481058845,2.76841744625118,1.37215103540885,1.39243105957385,62.6079795133856,10.2577464509827,83.7665656169689,88.2215936220215,78.2473414883658,85.5051103040967,87.6495284656564,63.5357835862821,63.0799942888334,63.2744118979584,64.0116761374176,63.3001568388619,2.21537417611681,2.14574651342079,2.52460517834878,1.8606370632548,1.83874190675159,62.5402313556081,10.1695180863274,84.0786512841678,88.1439521586706,77.7888802975349,85.3639985359924,87.4681664853975,63.5623795481486,62.7950452094659,62.3092671969352,63.8120779974323,63.3547847666672,2.19648264318122,2.16098558175556,2.54944648417212,1.81086667674983,1.79326862379334,62.5471340136277,10.178507411629,85.5786207237519,85.5431128914675,85.3470198557229,84.6030374344873,84.8299186550783,63.1694844509071,62.4570524886727,62.3886411642846,63.0220485997086,62.9983392013453,1.81276892992678,2.52950748824817,2.43347226391034,1.79131128745253,1.79883297057173,62.5068514457824,10.2701922616113
75.6835952732531,-170393.693,-244996.394,-233944.142,-162104.504,-164867.567,84.3212395569961,84.1716099005001,85.2956514599737,84.599765386794,84.8490268965153,63.0427581872435,62.2494974819959,62.3820795973604,63.0165461447204,62.9835559665244,1.913451346534,2.67043388040302,2.43962973723359,1.79466501600757,1.80169358072519,62.5025219547944,10.6198735609034,85.3768271942459,86.7752634962656,73.7231245739154,84.1480086127535,85.8752850967225,63.5173226682066,59.8901433718399,53.7999547996168,62.070573057997,63.8334296565246,2.09364994037678,2.43085363786618,2.77289881429453,1.37208278125337,1.39390484537965,62.6172954976362,10.261418902801,82.7007887144216,87.6067292094637,78.1693676689912,85.5054194512018,87.6654335314191,63.27225441865,62.892553460289,63.2300888945023,64.0200576652907,63.2821886265178,2.21632066529042,2.22972796118379,2.53680728345019,1.86031844050574,1.83884417868047,62.5501410194772,10.1600335073307,82.973442305007,87.5220136443246,77.7163532024101,85.3671169036888,87.4830406390595,63.2972236927034,62.5866468385429,62.2692806176193,63.8214304848607,63.3383529332879,2.20382211048278,2.25022005736246,2.56086194636959,1.81057356331109,1.79351063518631,62.5569831892487,10.1703633633161,84.3317589074663,84.5739884867586,85.2937439193754,84.59195409146,84.8740430918746,62.8905171920356,62.2128747631,62.3374653709712,63.0094453693519,62.983235521181,1.84106306948171,2.6514990142684,2.46065375165736,1.7979150835321,1.80231945240888,62.5121010334232,10.3656296094118
76.2320773578326,-170393.693,-244996.394,-233944.142,-162104.504,-164867.567,82.1108610737548,81.7851644747215,84.9641959082925,84.6031224055111,84.8729495840604,62.807571504211,61.9149343496701,62.306316562412,62.9833804578667,62.9510553160566,2.10924354019904,2.94619394762678,2.46716078097721,1.79163324892467,1.79705631878705,62.4975698859155,11.1112878365148,82.7641401316066,85.4141785359974,73.1552364279331,84.1380649258741,85.8038332565096,62.9534361886872,59.2203214947954,53.7152933011498,62.0816370588657,63.8259052473859,2.27998125477293,2.67845465115085,2.87313421906658,1.37622090817787,1.39573363388652,62.596638839139,10.6401621680355,80.8165072739314,86.3934440859557,78.1626015130275,85.4650168907006,87.5714979623192,62.741483878736,62.4995655718047,63.0416352618156,64.0094723099552,63.2371971040359,2.27140238786716,2.40494643045516,2.56451149343716,1.85801566466339,1.84309559143552,62.5309418277374,10.3095928123017,81.0149457851079,86.2936696356457,77.6524159980895,85.3298177071044,87.3913958701319,62.7630790683331,62.165453159467,62.0914020563611,63.8130509179499,63.2971788233951,2.2722764630655,2.43281336846429,2.59595614377143,1.80892703186853,1.79751521397209,62.5376355005617,10.343273539413,82.0200846434167,82.1651219121304,85.1534245960224,84.5578170628776,84.7937194839696,62.5237784556081,61.8111107959141,62.1853664990528,62.9809467782964,62.9500377966758,1.99560175887764,2.89823283147689,2.49361143096878,1.79582584740535,1.80288407567276,62.4840959486858,10.746330736798
81.232076164859,-170393.693,-244996.394,-233944.142,-162104.504,-164867.567,79.8876494423776,79.5437353515442,84.1379160245106,84.6115347233155,84.8448551558587,62.5120168869489,61.5234557368398,62.155466284848,62.9366921979609,62.8993243768198,2.34324354519289,3.2486483553012,2.54296641021811,1.78707865864586,1.79512079296463,62.4660708133523,11.7170577623227,80.8556266647542,84.3239007745383,71.9062816032339,84.0549833201952,85.5849980208033,62.4525613153759,58.8087725744594,53.5249060670499,62.0815136018056,63.8162285784376,2.52037238236076,2.85227871919456,3.09324005782095,1.38670064427751,1.39680663164674,62.4977461825905,11.4650170384107,79.578215320847,85.3298978961523,78.2109170477671,85.3603979467175,87.2977721200473,62.3634354230903,62.2610318480795,62.5959510114046,63.9689580660511,63.1289996371186,2.33168196826973,2.51499521178253,2.6252426178346,1.85532068547945,1.8547162265894,62.4546634975784,10.77399816855,79.708366958126,85.2273998456218,77.5685565196042,85.2273931383758,87.1232626682806,62.372516194809,61.9092914326554,61.6717292585834,63.7766519710203,63.1990193471555,2.35090707257927,2.54936002381138,2.67292548314431,1.80757438518619,1.80806118176627,62.4590530640398,10.8444040231183,79.9182602597443,79.7101240050898,84.456588843878,84.5384305820585,84.718556058137,62.3994421785408,61.6003360616626,61.8875334223717,62.9282353256959,62.8781667641997,2.22174434499896,3.14329482806792,2.56491397007764,1.79246655127303,1.807095674944,62.4243803640975,11.4982462278979
84.2450554170819,-170393.693,-244996.394,-233944.142,-162104.504,-164867.567,79.4750241043421,79.368865536546,82.9058208221182,84.6125820069184,84.6930455598811,62.4423042063681,61.4730362085979,61.9785341397368,62.9153793988672,62.862964938746,2.39041909178549,3.27123994421162,2.67118390217936,1.78523698221806,1.80461443536573,62.3864039331901,11.9226943557602,81.7527917998448,84.5726721257737,70.6720374203809,83.9191386701381,85.2550211584519,62.5539601692001,58.9388229184778,53.3322374717735,62.0757164645775,63.820135157186,2.56449585750194,2.80552851291292,3.31038471218595,1.39826964903631,1.39394084807679,62.3341330738745,12.2644425043634,80.0075792396855,85.2068098672117,78.2643383482941,85.2156597498559,86.907391088701,62.508911807377,62.3986566243529,62.0817173655674,63.9097083857073,62.9842668233326,2.29892839363922,2.45982440707506,2.69548774087551,1.85512337538185,1.87092623512249,62.346533193093,11.4182856964746,80.1853937496223,85.1421994614077,77.4907814191215,85.0835610785102,86.7390360378098,62.5135016507943,62.0461444725854,61.1902589180213,63.7228484110953,63.0694309583778,2.32598627158483,2.4950471687982,2.75813776191665,1.80857590986535,1.82232761465597,62.3452697818774,11.5044980934967,79.5724198621976,78.9608638495762,83.0512738448665,84.5496130859594,84.5973790937236,62.4988874680538,61.6563137087537,61.6977367249363,62.8753644972147,62.8136988504179,2.34766501848666,3.23447846191138,2.65017831159925,1.78991409994133,1.81465591683434,62.3592451920196,12.1274694858699
82.8463156944552,-170393.693,-244996.394,-233944.142,-162104.504,-164867.567,80.5705907721288,80.6846127774014,81.7765024842343,84.5847733379806,84.3761199321387,62.5909862901009,61.6967947094025,61.8380345552461,62.919791642134,62.8396542540885,2.26452917080849,3.08311105166106,2.8036573071393,1.78789204857704,1.8292174399929,62.2860085144124,11.7684070181788,83.6864510644487,85.3652470018728,70.6851432701856,83.806616163765,84.966624606085,62.9707651670419,59.2604624899658,53.3228797419277,62.0771678532798,63.8469997683048,2.42721194543983,2.67476207403802,3.30714954539386,1.40222186811177,1.38643118873487,62.2393313657786,12.3941213818343,81.0192362136743,85.6438470135294,78.2542428456435,85.0980026864301,86.5988883598993,62.8152272780527,62.6044519939644,61.8374806297339,63.8631778989941,62.8934885114056,2.25177445562031,2.37030858467533,2.73149127211964,1.85881810807188,1.88289331705114,62.2842735397749,11.8352319188554,81.2909907909755,85.6154612881043,77.4830498331713,84.9664271598101,86.4325818674422,62.8310745703187,62.263742862904,60.9699533045608,63.6812066547623,62.9906389335005,2.2696492589474,2.40132844394374,2.79014337908364,1.81229687707631,1.83231026942472,62.2796945155191,11.8921755016814,80.5707403223785,80.6371741401572,81.5096502311909,84.5838019634018,84.4018479663565,62.6442968871269,61.7585191038293,61.7974367210787,62.866000892312,62.8192267328321,2.30915021442445,3.12134606159487,2.72999058403354,1.79163986061481,1.82703707344803,62.3103532255517,12.0035759161571
80.9999200122869,-170393.693,-244996.394,-233944.142,-162104.504,-164867.567,81.6164947966398,81.7541430084016,81.2005124983505,84.4920331573627,83.8912449797908,62.7193595657253,61.8629988528868,61.7656163146326,62.9174549389861,62.7969188120894,2.15457731193796,2.94309624799271,2.87630202774647,1.79538381304614,1.86755804859116,62.219220691773,11.6369174493145,84.0308503950159,85.6003952481672,71.5611077240357,83.7437705906899,84.7934177677345,63.105056256622,59.3756672955841,53.4435339952057,62.085233065086,63.8648321571494,2.33236945681448,2.63208662954196,3.15172719215964,1.40123532094866,1.3825295125672,62.262426792835,11.9910730898542,81.3372550646624,85.7608331938761,78.2090775328373,85.0321609745233,86.4512441800087,62.9146387485638,62.6556552138762,61.8747893636125,63.8409919424079,62.8887393625873,2.23438216083408,2.34794328017243,2.72946862110541,1.86436354218715,1.88728615142217,62.2718660395633,11.9475047114636,81.6116974704582,85.7444866494248,77.531735688862,84.9008907155654,86.2823331844151,62.9340398213338,62.3214670137656,61.0157538651806,63.6621028996257,62.9881905502995,2.24436579458309,2.37689379976722,2.77249128928504,1.81717678707352,1.83585800082074,62.2709043028273,11.9519437637768,81.5658855326993,81.730755963745,80.7710450769286,84.5206388833046,83.9782116249724,62.7417966047046,61.8237070472678,61.898054483302,62.887482085192,62.8596962332317,2.1998142814725,2.97272511108894,2.82389216597884,1.79791245271219,1.84882462497422,62.2473142103887,11.69877521259
80.6826677381559,-170393.693,-244996.394,-233944.142,-162104.504,-164867.567,81.8198234153361,81.8780326117649,81.1276046886674,84.3051514789402,83.328408470165,62.7391662165789,61.876861115495,61.7487484835385,62.8948400430212,62.7307459277622,2.13385411231032,2.92690614363741,2.88461974796401,1.80915857401252,1.91258976755245,62.2012345915165,11.6671283454767,83.5478404488525,85.4160632809216,71.9318835223451,83.702037233556,84.6747406298917,63.0283955763441,59.307895365902,53.492461414102,62.0916021603577,63.8517561871473,2.33448333311122,2.66112027522652,3.08576581065531,1.40196255072301,1.38672289020787,62.317710317151,11.6959875316963,81.1123257943373,85.5530934477389,78.1835216879832,84.979764924247,86.3586349103497,62.8576899070073,62.5964202178969,61.961755623468,63.8248884812224,62.9064819835736,2.23567862427638,2.37463480518715,2.71881881800503,1.86870268925713,1.88935282905929,62.2700461808535,11.9549561934697,81.3604731287211,85.5391318521628,77.5465608947236,84.8495810553364,86.1870679373055,62.8750825992384,62.2613622150372,61.098844460823,63.6482891002869,63.0027931568379,2.2457455417866,2.40382395648139,2.75620595419718,1.82114792664773,1.8381413615872,62.2749025377413,11.9285706478156,81.8366867686393,81.9056299207006,80.9664234111588,84.3263698479108,83.3371960081134,62.7342673401496,61.8272103463004,61.7730406436665,62.8911847794652,62.8397301553472,2.13566383051935,2.93269140253784,2.90525272117178,1.80688729462335,1.88316258698786,62.2093707582923,11.6641726754098
80.4626107199178,-170393.693,-244996.394,-233944.142,-162104.504,-164867.567,81.5513435128618,81.5397142065643,81.218481026854,84.0372328845256,82.787043188413,62.7017579614499,61.8184129130538,61.7465262227166,62.8571156719564,62.6558496785375,2.16001241608742,2.96844264286157,2.8708279093988,1.82882125333963,1.95690725414629,62.2024888212948,11.7850114758337,83.1578784187156,85.2207283483156,71.8202622471877,83.6566195721648,84.5495361060482,62.9344158611995,59.233575406024,53.4706792693469,62.0945062703276,63.8256272783637,2.37379966871764,2.69237774437216,3.10504854333665,1.40501500507774,1.39386074366295,62.3388894229766,11.6918564402833,80.8830989547627,85.3249031112035,78.1829444469085,84.9172116063318,86.2477235973307,62.7957934482355,62.5423276237179,61.9781868705477,63.8036735165282,62.9052204570497,2.24017825051554,2.39944393485325,2.71649018201928,1.87159631149154,1.89261036705934,62.2601431294109,11.9893032207814,81.1148694593025,85.3142890548796,77.5346697077419,84.7887736384287,86.0747003316056,62.8099172730292,62.2052087148108,61.1113822592207,63.6295315562757,62.9989979667988,2.25379253884756,2.42929008825177,2.75607923619914,1.82405773181383,1.84179425337211,62.2681663547299,11.9589972542109,81.5964570900714,81.5523856974946,81.377331583517,84.0424070527844,82.7790592859366,62.729311849783,61.810851406569,61.6197685094326,62.8695037667258,62.7691999278376,2.13347609592129,2.96489761399053,2.91604287904678,1.82011396877404,1.92359233339552,62.2037466347455,11.7742288077101
80.0379147242584,-170393.693,-244996.394,-233944.142,-162104.504,-164867.567,81.1356001529497,81.0921329642716,81.2603843572821,83.7081998681966,82.3293676051221,62.6439953939536,61.7388714928925,61.7325047089347,62.8086584904163,62.5834120697724,2.20182830856494,3.02489334001675,2.86260629975773,1.85337313419483,1.99508595791033,62.1977119769505,11.9377870404446,82.8007666313002,85.0349352290641,71.6144515468413,83.6052229166637,84.4121193324171,62.8469603133143,59.1626543800097,53.4345188131906,62.0958895261254,63.8014770280204,2.41143634979076,2.72215372806318,3.14092881189712,1.4085137421354,1.40025257085376,62.3309269645002,11.8052062194836,80.6741692985186,85.0953968723605,78.1899768818789,84.8481182362544,86.1208259231654,62.7369549063115,62.4943489010023,61.9462670769121,63.7790782079638,62.8878605720284,2.2462746553351,2.4217552354914,2.72057380701121,1.87417904016533,1.89687400761626,62.245012484631,12.052951809729,80.8908419670485,85.0892366155997,77.5200161895718,84.7214833338929,85.946730897725,62.7481630295987,62.1548924691419,61.0790303971109,63.6075831262615,62.9809462316788,2.26310248847727,2.4523619432139,2.76340252650339,1.82673378985368,1.84627472852672,62.2537660551032,12.0277097494069,81.1668783873388,81.1625365658743,81.4344535415207,83.7135350917309,82.3153894591033,62.6727433252737,61.7611974585817,61.5885319905819,62.8360732829179,62.6959303550402,2.1601696245458,3.01279825242411,2.88617695245728,1.83813239253726,1.96372311515053,62.198864677528,11.8952872173611
75.037927344204,-170393.693,-244996.394,-233944.142,-162104.504,-164867.567,80.4865475339523,80.3990593788479,81.1865513131581,83.3514116119278,81.9568329872106,62.550409345503,61.6112516155251,61.6921410627367,62.7484473742928,62.5104780813937,2.27001701265727,3.11593308116879,2.8675210270114,1.88005221286631,2.02582328692941,62.178511035135,12.1593466206332,82.3671986768186,84.8128927313381,71.3938834796467,83.5484545804634,84.2631838631119,62.7453283292139,59.0770569195454,53.395587313842,62.096234968797,63.7808912439795,2.45180078099439,2.75790377867982,3.17936730036382,1.4120253782335,1.40559426158813,62.3114409037455,11.9411000161891,80.428665396422,84.8284125577163,78.1977239886826,84.7743586749425,85.9811596401623,62.6647347437609,62.4370734400923,61.8866109590297,63.7519960123106,62.8593957678873,2.25597603553421,2.44831074802009,2.72860755837337,1.87684736546684,1.9018764815533,62.2260089237369,12.1401874503775,80.6261767787711,84.8268312888298,77.5045009432947,84.6494549579021,85.8061202049362,62.6729461841485,62.0947313640495,61.0214858488863,63.5832954509887,62.9532841974293,2.27592803561857,2.47985425984401,2.77453412597382,1.82948803758059,1.85131176425294,62.2347133337354,12.1199030246559,80.761359858573,80.6915764005225,81.271744549489,83.3380370024833,81.9628704853492,62.6099248536174,61.6827256046279,61.6047292330597,62.7935002558653,62.6251559855236,2.20656511726144,3.06510238369486,2.8700581112266,1.86072156315031,1.99871239471145,62.1820880929218,12.0609186754449
71.0738553667414,-170393.693,-244996.394,-233944.142,-162104.504,-164867.567,78.6772387263293,78.4461227425118,80.866546866734,82.9907818539592,81.6593456189414,62.2615133677336,61.216138064231,61.5663697435467,62.6479272100987,62.4020380239472,2.48026437697631,3.39765547244925,2.89637918582161,1.90409110150434,2.04571061763267,62.1398153017983,12.7241007543842,79.7736615026799,83.5697439773711,71.1337196483122,83.4847716390445,84.0978667631932,62.2089534645114,58.5791746615403,53.3501485091326,62.0952245105298,63.7626560338228,2.60936405396835,2.96171439830204,3.22474540771958,1.41573682091351,1.41019985611518,62.2838650463441,12.0948693747446,78.9957590973947,83.7102139725858,78.2058726324815,84.6939382675496,85.823145453341,62.1918485603494,62.0462116263306,61.8022568646669,63.721483676789,62.8198446277504,2.35490022672713,2.62158118577191,2.74017620656848,1.87965164795216,1.90777874762203,62.2019264864187,12.2565849707983,79.0750172566196,83.6959019031392,77.4853120281251,84.5707398810676,85.6473619460499,62.1935913280904,61.692965555966,60.9410967174836,63.5557889738742,62.9159048739122,2.38082678820766,2.65623634576788,2.7895475192671,1.83238474791632,1.8570819163202,62.2102749622494,12.2401082503587,78.8432733332604,78.9473697836791,81.0258840533889,82.9708822541522,81.6714982992532,62.1410297067387,61.2267226400737,61.5783105598028,62.7395195863957,62.5497516140828,2.37356887042822,3.28964230451194,2.87865792987988,1.88596549355035,2.02619179060381,62.1511603395247,12.3098825573184
72.2330826033345,-170416.7413,-245076.0154,-234015.3822,-162121.2664,-164886.4247,75.9532203159267,75.6055445411307,80.0714693426285,82.6431645844814,81.3788116953982,61.7035297083235,60.4863856012021,61.2801458863087,62.4819703169733,62.2206271832155,2.85766528622328,3.87326949793862,2.97571664817325,1.92144638581513,2.05653017959762,62.0623405785378,13.6846279977479,76.0129876691371,81.5818525962737,69.9119671858092,83.3598107542718,83.7766128959468,61.3477812335489,57.8521492320327,53.1597652691722,62.0823914764811,63.7371289060633,2.93561044195873,3.27406747511358,3.43971968541935,1.42601378816554,1.41514542617402,62.181574145672,12.7074954270758,76.8723173687827,81.9337273235506,78.255421290821,84.5443570232712,85.4732377973439,61.3829098768331,61.3716784038635,61.47111870815,63.6577326710094,62.6845408231776,2.59057107118181,2.91887276182045,2.78428249012439,1.88161320819822,1.9224692822099,62.117604691732,12.6926235544152,76.7847628250527,81.8978758555872,77.4053316016153,84.4236671318918,85.3003737392483,61.3793307239935,61.0130840588626,60.6242996602002,63.4972258485838,62.7917858879889,2.62572610502939,2.95506249327105,2.85106303384517,1.8351935402162,1.87077956549592,62.1241223488719,12.6941388052273,75.9138025747727,75.7228659400261,80.3487353290387,82.5758846515463,81.2783820254511,61.5857255926059,60.5066843804453,61.2306776421639,62.6280527891888,62.3772292375813,2.7677848216255,3.72760116803903,2.95827526332298,1.90896013883551,2.05003822776509,62.0417867958178,13.2256623001335
72.0514112465135,-170416.7413,-245076.0154,-234015.3822,-162121.2664,-164886.4247,73.8635883114488,73.5949025247219,78.6318751688351,82.3067567189469,81.0107014601302,61.1292465270528,59.8018502517214,60.8224095723849,62.2816862427771,61.9858247847839,3.19771896170294,4.24565759611753,3.13977158648293,1.93450774143942,2.07094034342202,61.8795396812848,14.5885962291649,73.516801652164,80.1247006426796,67.9511861819232,83.1370441951385,83.2041532957963,60.6873389466474,57.4204915036748,52.8550350215863,62.0532740088953,63.7156731905516,3.25627900901425,3.48316894190679,3.78479659732242,1.4435617571836,1.41717036493174,61.9161860622979,13.7813350124007,75.5646269430742,80.4302362875368,78.3458342381878,84.2861007622281,84.8119778524001,60.8211579998693,60.9954260206856,60.8248099656731,63.5413481663397,62.3961626140449,2.78806376896177,3.09049186337139,2.87083687831884,1.88509484358805,1.9512995243139,61.9373976818418,13.6290344264914,75.3559801232815,80.3991061706681,77.2867545064201,84.1690268108762,84.6481613969588,60.8075235750937,60.6311865900797,60.0127933332345,63.3897327224126,62.5306036167481,2.83576882527154,3.1305005613817,2.96395751201508,1.84010835244524,1.89687869507699,61.9352364931017,13.6445518795884,73.7354628077672,73.4060808268609,78.9551851483021,82.217634859306,80.8829761432792,61.0958010690518,60.0309602732185,60.6732637405516,62.4457278776564,62.0884017363689,3.14454357541229,4.10385058098842,3.09796552590272,1.92774947437301,2.0723591870214,61.8606416064384,14.5456984690911
71.6845519810722,-170416.7413,-245076.0154,-234015.3822,-162121.2664,-164886.4247,72.7313155764846,72.5865109728554,76.8886804294773,81.9525649969657,80.4567901364161,60.7279131531329,59.357761797901,60.2626639648007,62.0780003856887,61.7157182134363,3.39244197208205,4.42676600652334,3.36326228047357,1.94915735849829,2.10230155444272,61.587250493718,15.23392917202,71.6394226776903,78.8846265481233,66.3775827227987,82.8583463690266,82.4668859231175,60.2120055604714,57.0651225334524,52.6031903012892,62.0172353316281,63.7120507251125,3.47238836744569,3.65876983269265,4.06114043367798,1.46060804859741,1.41455349711336,61.5850153283413,14.6806267803094,74.5267475797324,78.9987291222793,78.4035353584419,83.9513852175466,83.9359331402934,60.3350702761383,60.659273176981,60.1348945733866,63.3869681484601,62.0103343534189,2.97794690435387,3.24481750029819,2.96612046408187,1.89307343083708,1.98955321549975,61.7403423423194,14.6327004336419,74.2325666448677,78.9871035508336,77.1782468616436,83.8400187447006,83.7862562946417,60.3225315787863,60.2930758724762,59.3675116569983,63.2474101512685,62.183717166259,3.02832407241878,3.28699387055949,3.07768878745393,1.84901082106501,1.93096820673188,61.7245165354802,14.6375835063634,72.3795569709571,72.4958400966536,76.8186350623525,81.8962943642814,80.4131978198265,60.6234026924662,59.4559851785524,60.2102095991912,62.2375166711493,61.7530314682487,3.41099790611423,4.35136376187555,3.27886965571007,1.94535068741864,2.10107827417127,61.6205189742468,15.2425964925849
71.4452600691928,-170416.7413,-245076.0154,-234015.3822,-162121.2664,-164886.4247,72.1282701234242,72.0570086522056,75.2335622778579,81.5299716731068,79.6566059773205,60.4593009000537,59.0620586255469,59.6671347294955,61.8606235795556,61.3839275172036,3.48966951658543,4.5064103391222,3.5921956965689,1.96949353251424,2.15619098872663,61.2538638411817,15.7139600735174,70.3160805787496,77.7919936748094,65.2691229597111,82.5406558209439,81.6288271128589,59.8802859714604,56.7515448818519,52.417163946606,61.9740501962275,63.697514798343,3.62080963970456,3.81358269332745,4.25509646674283,1.47745781971845,1.41492863618207,61.2837683767127,15.3181912805188,73.6443614687875,77.623740392715,78.424754142109,83.5430730377453,82.8784778663131,59.8978839644538,60.3248952462607,59.4738028064132,63.1953727327245,61.5432386414446,3.15908340171111,3.397775154862,3.05995969828341,1.9056382532848,2.03573171086559,61.5479787928279,15.473073440267,73.3052528416181,77.6408832185139,77.0843660627366,83.440939733054,82.7511546729151,59.8960909573603,59.9608172202453,58.7548228899819,63.0709358169815,61.7627314229272,3.20612731292747,3.44014054654446,3.18172862411086,1.86201222417106,1.97247993454209,61.5210591804356,15.4572929583003,71.9970912718595,71.9817536193666,74.9853876161058,81.4666746991873,79.5656339802752,60.530384833658,59.0348929509574,59.7192436601096,62.0095686826094,61.33341395594,3.54039048349934,4.45546234881503,3.51772055788042,1.9669670683711,2.15383309721833,61.2827135433805,15.7052533780422
71.28978962814,-170416.7413,-245076.0154,-234015.3822,-162121.2664,-164886.4247,71.7565362659289,71.7189471769421,73.8887986730976,80.9834551255568,78.6267986821559,60.2584053025116,58.83423377425,59.1001771201184,61.6128716218906,60.9662195297767,3.54151873189891,4.54496544286938,3.78112685146875,1.99987025954528,2.23092257029949,60.9432235805899,16.0984038560818,69.4898599743832,76.8806465334375,64.5475021335296,82.192072218535,80.7635990961665,59.671690191882,56.4861531735088,52.2866408990629,61.9223849895056,63.6409858221476,3.71522044675837,3.94346293077265,4.38059665808472,1.49513540982792,1.42617392727555,61.0319784708548,15.7753160310342,72.9333233145757,76.3577263212387,78.4164216154936,83.0615975319182,81.6742467879668,59.5304443431448,60.0119966958815,58.8666748496384,62.9661587394353,61.0039024393889,3.3175211841275,3.54067400081695,3.14820998783181,1.92272460242317,2.08855241281681,61.3619837689265,16.0807986922433,72.5824790906114,76.411005104231,77.0033587156859,82.9730041874703,81.581463606858,59.5448354619959,59.6527590005101,58.1962547879223,62.8598117407569,61.2725870111554,3.35804157751758,3.58171296525205,3.27377419521052,1.87915881309107,2.02106464170628,61.3283605119704,16.0496739737207,71.877991492931,71.6312111416403,73.6806491676264,80.9445979061285,78.5284572676937,60.1676062337865,58.7489271453225,59.2220630563508,61.7546611588107,60.8818393824389,3.58399501746943,4.50648124435634,3.74941176595986,1.99620065060585,2.23134674621765,60.9629947296552,16.0459148020552
73.0298560811763,-170416.7413,-245076.0154,-234015.3822,-162121.2664,-164886.4247,71.697208327783,71.6964245986305,72.8879238736849,80.285599571582,77.4448295996211,60.174497203617,58.7427765793701,58.6317522505863,61.3497751238793,60.488103691561,3.53396399076325,4.52077878520699,3.92234714399612,2.04578649142051,2.32352547592195,60.6667821690978,16.3464018873088,69.0091137618382,76.1562221115912,64.1098644595785,81.8202373010862,79.9424265820461,59.5498700104679,56.2695897023461,52.1974372663906,61.861901527215,63.5223663861655,3.77067756165176,4.04780314563436,4.45588934906383,1.51398259622693,1.45330157863309,60.8260298005605,16.1121505744577,72.389347210837,75.2408628846277,78.3830581752729,82.5130456623145,80.3796735656824,59.2406304475891,59.7326958956819,58.3332010192238,62.7016450719187,60.4095838249407,3.44590281359446,3.66807970453484,3.22769280634961,1.94424848980252,2.14583008338152,61.1765564533297,16.4894246669227,72.0449452921669,75.3341261100218,76.9288049778522,82.4424574818004,80.3351237727852,59.2721379456336,59.3798503199137,57.7080463247727,62.6160861031817,60.7267359692123,3.47899314538786,3.70676859500701,3.35283009411298,1.90040997937963,2.07527041661066,61.1408423366629,16.4509853332879,71.5975433675897,71.3716446017285,72.786101767004,80.2550902839376,77.3632998429763,60.0619855450184,58.5600959192714,58.5793581680212,61.4608672152866,60.4627745795236,3.58843529404137,4.54221502857453,3.90945862489635,2.03635327831947,2.32540213447605,60.6825925020876,16.331289301459
70.9097972855165,-170416.7413,-245076.0154,-234015.3822,-162121.2664,-164886.4247,72.0318852188978,72.0548279140797,72.2949492476453,79.4258989720704,76.2010377553833,60.2474961016374,58.8271672243105,58.3423557674935,61.092352355189,59.9978367932631,3.45549063117122,4.42713027873509,4.00768890240547,2.11299290140348,2.431580323401,60.4306817372339,16.4348830371163,69.7638351863772,76.4259907735564,63.8523224420309,81.4326213859283,79.2018636026585,59.694982026041,56.2899805963188,52.1349164007365,61.7931221408887,63.3396578858376,3.73768870566826,4.02076402689989,4.49938061911416,1.53385785334924,1.49668505402726,60.6533632031624,16.3744147144537,72.6156927795195,74.8478972160773,78.3300957560625,81.9085049085391,79.0630683642021,59.3014728199804,59.7825905536595,57.8839517134465,62.4066463693489,59.7847916340259,3.44168710016522,3.65201343830646,3.29647809416298,1.96994616383034,2.20479372744765,60.9855438653394,16.7632304657385,72.3251255031253,75.0086844685665,76.8549985526726,81.8600185537581,79.0772097976705,59.3415663009859,59.4267389272487,57.298199627955,62.3441362129883,60.1469863688606,3.47184582215966,3.68958433751755,3.41903824979039,1.92551442469002,2.13264664369367,60.9516989670136,16.7236151868615,72.3011470795683,72.2537768324714,72.1338848123286,79.4214961258085,76.1826109711935,60.3346060796272,58.7735580702279,57.9068573338731,61.1370466118612,60.0409609031976,3.43180548938511,4.40571527445341,4.00378582640724,2.09251463848129,2.42940065869092,60.4175193175034,16.5136568549467
70.9097971254166,-170416.7413,-245076.0154,-234015.3822,-162121.2664,-164886.4247,71.6998493391255,71.681033935347,72.0372237429357,78.454913773484,75.0475953607541,60.077269537193,58.6113918773786,58.0786925517901,60.7147438048009,59.3675446423425,3.5035979001838,4.48065653954216,4.00598410280083,2.18366869806807,2.51270772927669,60.243549742675,16.6866149698715,68.9073944642235,75.6699800575916,63.9776234689037,81.0805254998159,78.6203054924857,59.5333863802325,56.0986396710089,52.1300656115221,61.7290957083863,63.1293723240957,3.77152043414248,4.12285577729232,4.47534649153506,1.5491137448789,1.54910089466564,60.5721359004425,16.3959325078368,72.0501262709889,73.9423403867213,78.2303293508884,81.3250680089455,77.9026774211509,59.0301917689828,59.453124944522,57.6406954338643,62.1193431522332,59.2451225362683,3.55042940782005,3.79764875057296,3.33901562848363,1.99872075988216,2.25634018225571,60.8367370312472,16.8264486479794,71.7299226872879,74.1183644473064,76.7781635978249,81.3001523010184,77.9757944080065,59.0814607692438,59.1113464307656,57.0792337737363,62.0795820024651,59.640877178575,3.57295571401016,3.83078312595177,3.45479299575241,1.95291164020124,2.18428167763467,60.8097776100989,16.7825846406791,71.7390793505431,71.7537961759306,71.9463443349654,78.4955956531657,75.125495985894,60.114368655957,58.5335448524762,57.8214957019863,60.8348729165431,59.5793449267363,3.46418935213634,4.44653719859118,4.0248414541256,2.16969774391866,2.53302224840416,60.2531714292119,16.4100666036756
70.9097968173638,-170416.7413,-245076.0154,-234015.3822,-162121.2664,-164886.4247,71.3068553679868,71.2805795235137,71.8039209496619,77.4741939058501,74.0774400186011,59.8834785743367,58.3817900656859,57.8170504690629,60.2894596193379,58.7235509249043,3.56469430399991,4.5400056608392,3.99786743773324,2.25424805604501,2.56608500915757,60.0482156279782,16.9229004677749,68.5537597141289,75.144233204393,63.7534037968459,80.7048920654189,78.0449063082273,59.4410798698077,55.9495657322365,52.0743886907057,61.6530020278697,62.8765972524747,3.81547461006194,4.19699249473946,4.5131090969263,1.56839069054864,1.61065114498568,60.4456472193246,16.6270691982066,71.6819988048535,73.2033426617086,78.1722972136965,80.6939675454606,76.777457607733,58.8454652744893,59.2187108007948,57.3745790726949,61.8050435732773,58.6869458076899,3.62792111163285,3.90233783061972,3.38174578656199,2.02964304178739,2.30760189508003,60.644643973242,16.9777644213193,71.3632718408258,73.4010942184915,76.7031991076666,80.6950806122624,76.9065941809468,58.9061506716699,58.8856273463501,56.8345584603864,61.7895525130455,59.1138169152372,3.6470303789917,3.93235931676826,3.49701702468248,1.98264741348107,2.23659165890177,60.6243687866632,16.9420331295222,71.2112784504198,70.9036867561783,71.9562098546207,77.3489499967386,74.0005366275527,59.8381472175029,58.3623253360791,57.6619459679778,60.3900331770879,58.9324202370806,3.56221259215019,4.53718281953828,4.00573985238093,2.24824969765476,2.59774616079598,60.0208998338072,16.8895534901265
70.9097960143177,-170416.7413,-245076.0154,-234015.3822,-162121.2664,-164886.4247,71.0920510498166,71.0763913910434,71.543798045888,76.539008618844,73.2948261413173,59.7614291001099,58.2419332874537,57.5777827630622,59.8665959449058,58.148660216721,3.59387563802918,4.56276195565533,4.00383738079838,2.32351817440168,2.6012777644025,59.8268717143851,17.0852709132871,68.3987713386501,74.7884021509355,63.5892285072973,80.3216514822573,77.4853824229144,59.3998055304825,55.8387754402288,52.0280188885482,61.5703997008266,62.6078577393571,3.83569840168051,4.2491095324244,4.54030252005973,1.58824440541435,1.67577801552828,60.2965894694984,16.8643108256372,71.4493525334243,72.6279975208579,78.1207416532973,80.034592891669,75.7333469357456,58.7245877657337,59.0501431585829,57.1336480069651,61.4721560121589,58.1341368540034,3.68029937885377,3.97811625102798,3.42035867183211,2.06308470688157,2.35640765544435,60.4374470115529,17.1141136841364,71.1385379011242,72.84811471422,76.6401690584831,80.063840436509,75.9118566133946,58.7933836927631,58.7229464662704,56.6134506623345,61.4821657689952,58.589950950798,3.69613252246012,4.00572694936222,3.53446641496642,2.01470464279587,2.28706032857251,60.4230954561131,17.0886620148791,71.1796357048851,71.0874045710041,71.5657923350462,76.515358742592,73.3340082967184,59.7550461968991,58.1918085742624,57.5279674466429,59.8926167164323,58.4646359821468,3.56822939536807,4.58590729721957,3.98370407941104,2.32369961245184,2.62314888736656,59.8190859397595,17.03940350612
70.9088798327061,-170416.7413,-245076.0154,-234015.3822,-162121.2664,-164886.4247,71.0044218678378,70.9984060821574,71.3077723426514,75.6757577893781,72.6696165668021,59.6955588901695,58.1666394566725,57.3780535089755,59.4617389967187,57.6592302106614,3.60079048346249,4.56371900032887,4.01427011685228,2.38920741084614,2.62480816288152,59.6030178951632,17.1927951743713,68.3321128965645,74.5521698779035,63.4921782223095,79.9399491784428,76.9508125588506,59.3819815625102,55.7592084642663,51.9922124028537,61.4836208417039,62.331839299128,3.84448127349709,4.28488891507654,4.5556933419178,1.6078027441046,1.74265788976439,60.1540440271922,17.0551712353964,71.3055713422494,72.1960201071938,78.0672351452454,79.3650305309209,74.797646768029,58.6477466294949,58.9287959888217,56.9355651865565,61.129109478837,57.6092937186983,3.71442934051585,4.03286815868578,3.45293228162178,2.0987371725225,2.40118427701972,60.2248647113442,17.2183516709253,71.0026145171571,72.4360811899415,76.5822260046869,79.4236072796198,75.017026417619,58.7225556400264,58.6058561560202,56.4319016943576,61.1652295857479,58.0904598225923,3.72767994462982,4.05854580295362,3.56528932166974,2.04871732577541,2.33408898473073,60.2176490027633,17.2017257023543,70.9856185782382,70.9671608178961,71.2271676313847,75.6241166071772,72.710115142698,59.7324681340896,58.1268011823804,57.4079730952329,59.4005525336094,58.1145957562645,3.56902745380882,4.58574871272963,3.98490785158453,2.39549631805911,2.63703932326472,59.5916494458586,17.1547849238697
65.9999998617884,-170416.7413,-245076.0154,-234015.3822,-162121.2664,-164886.4247,70.281448399443,70.2207823112224,71.0858423502089,74.8904069467322,72.1641460278196,59.3596942294079,57.763467267574,57.0766191892143,58.9243099960938,57.0341280537382,3.72841629236547,4.70089878527794,3.99148856489552,2.42630706670433,2.6040540535442,59.389228337495,17.4511647627875,68.3032624820948,74.3969385918461,63.4342375962991,79.5662289435701,76.4448041549765,59.3742840461331,55.7034165070857,51.962979725678,61.3943786271506,62.0564265400442,3.84826281330792,4.30908783173887,4.56424167162092,1.62666073774753,1.80950033153538,60.0234510543988,17.2096717614478,71.2178265909186,71.8800526023855,78.0128419856524,78.7006487238484,73.9805803259123,58.5997468267756,58.8416702791223,56.7816838393101,60.7832910045036,57.1278893427934,3.736168731923,4.07224500142591,3.4791920662908,2.13605650865187,2.44109547163708,60.0122171717222,17.2950718297889,70.9208703344023,72.1364906197363,76.5274714043061,78.7888401144529,74.2316527525856,58.678662117229,58.5219229490427,56.2907204288599,60.8455529023549,57.6300433190145,3.74758966402222,4.09637621201055,3.58974453894283,2.08415569070279,2.37674412391044,60.0133617585699,17.2863706711751,71.0381984281606,70.9491435938068,71.0392054854744,74.8062818256339,72.203142188515,59.6975690098819,58.1009093285106,57.2926005631618,58.9452475471761,57.3897599729392,3.57448517127395,4.56703866436776,3.99339523160269,2.46057338768579,2.6480502664756,59.3784371624601,17.2366029857022
65.9999998924968,-170218.3255,-244390.579,-233402.097,-161976.964,-164724.0845,68.370835027325,68.2488366239846,70.5344595804135,74.198748409493,71.7521148365366,58.4231251249483,56.7034357409293,56.3975320986226,58.0412792115439,55.983478668657,4.08872347556661,5.05801346025119,3.94506588974875,2.3954353571485,2.49613176744086,59.1077978295588,17.9833699501559,66.1983678795078,72.2498504652532,63.3957493189724,79.2051124630681,75.9692039413648,58.9500369778261,55.1847031918081,51.937479714179,61.3040849312488,61.7888172139371,3.96316394953031,4.59418719445045,4.56942441916004,1.6445829106642,1.87462195605568,59.9037084690446,17.3398736051446,69.830202330737,70.2712436547622,77.960752453162,78.0533548343744,73.2801818234381,57.9889330795038,57.9615265078494,56.6662354821138,60.4405319117596,56.698024152241,3.95785902696157,4.45214460350065,3.49973312228237,2.17445498862545,2.47590875598706,59.8031541027434,17.3516384026578,69.4601655353003,70.4728380097404,76.4767676631954,78.1707039888485,73.5541582782402,58.0868570932199,57.6786042504723,56.1844366407109,60.5285167569701,57.2167098952389,3.95839952972229,4.46661690004291,3.60872078262828,2.12046790073553,2.41464543477216,59.8133992876418,17.3504397224787,68.7607422480936,67.9851924184274,70.8306317183343,74.1151549239229,71.7737631992368,58.8654470213212,57.0403415427764,57.0524984828594,58.4185051546535,56.2079086527272,3.93801584227521,5.01052111230828,3.97229472426943,2.48734299089944,2.60202775099298,59.176603964115,17.5074533184399
66.0256803259336,-170218.3255,-244390.579,-233402.097,-161976.964,-164724.0845,66.9553656810554,66.8675555344785,69.5437765208617,73.5667260302581,71.3382559475918,57.6190249222579,55.8411360743085,55.5262913721107,57.0961865961528,54.8791373457014,4.35646427832535,5.29607941013245,3.97868161103312,2.34990318038164,2.3914156413783,58.6481632936276,18.3725441212508,65.5222789289828,70.69636773627,62.9028429972912,78.7323947567158,75.3483614568912,58.7680661558525,54.7910208377933,51.8445847917572,61.1762373748436,61.4468902144332,4.05363944315901,4.80406904505444,4.65484302124945,1.67509036492658,1.95088729653366,59.6191495854663,17.8346903455263,69.0596723173817,69.0437538090845,77.9982299323428,77.2579288270972,72.5313317076482,57.6503648947493,57.4586863103301,56.3452665603314,60.0173960792256,56.1284356426498,4.08045939013302,4.67267095429816,3.5432702611068,2.21515267143614,2.51723012661886,59.4144779878278,17.6717888975451,68.6992578405602,69.2121337200969,76.460205916564,77.4081577692209,72.8183504787562,57.7642441473607,57.1868858205196,55.8867054994439,60.1354669674251,56.6703171388596,4.07772678561447,4.68605871441853,3.65652509900799,2.16012733150929,2.45952714241694,59.4353313673318,17.6883864409057,67.1326702180839,66.4018052157711,69.8111616038895,73.3809581614615,71.2697675192261,58.0124969682273,56.3329954297841,56.2871422622387,57.5916081413039,54.8999709968041,4.25236435742557,5.32355947268461,3.96534495851316,2.42913641527778,2.44235627793476,58.6496649337438,18.3783641289603
66.1299076648042,-170218.3255,-244390.579,-233402.097,-161976.964,-164724.0845,66.3564901714555,66.3192126302792,68.4149200941732,72.9504656313737,70.8348809381767,57.234099581786,55.4491994468971,54.7215214630999,56.2977036866168,53.9522275789436,4.45863774480714,5.37228355525511,4.07284647857312,2.324189412375,2.33142224923638,58.0608908890133,18.5593794402468,65.3034482726178,69.6829874281054,62.6336832063827,78.190417152683,74.6945773781257,58.7067680863514,54.5084862454852,51.7843616411764,61.0217357686451,61.0526083558158,4.08573604479056,4.94602549243122,4.70071332061903,1.71092840966285,2.03644044418973,59.3023755088681,18.2449315678955,68.6680133249903,68.2050206317827,78.0071751236752,76.3789810610879,71.825141661863,57.4830387156796,57.1781598372717,56.017443864339,59.5441162274119,55.4998666279103,4.13885088856284,4.79743817857299,3.58992071700167,2.25970733492828,2.55947102930028,58.9580502160114,17.9464280685119,68.3252078125868,68.3556062667881,76.4408158195441,76.5635428894073,72.1174999208685,57.6077208565883,56.9061547461717,55.5861477241339,59.6946664816305,56.0656189446731,4.13343917532438,4.81257729744005,3.70309606707806,2.20379388467735,2.50618100074069,58.9931324945865,17.9768417010224,66.6898429955417,66.4548933525215,68.3182391888866,72.9109853459469,70.913265323874,56.9467401774755,55.6951110148085,55.2844131882164,57.0200289040793,53.9289690139937,4.35958481874942,5.40213165209467,4.00268555536742,2.36376104561921,2.31391747199339,58.1525804984396,18.5512734479763
66.2114461875655,-170218.3255,-244390.579,-233402.097,-161976.964,-164724.0845,66.2133819272244,66.2044227277095,67.4728533714439,72.3086689886867,70.215699130768,57.1164365075081,55.3340769215284,54.0970446167821,55.6220298463203,53.1433272992473,4.4711090513767,5.37211916821303,4.16955052342743,2.31947084542252,2.30551408183309,57.5032434584939,18.6377636702728,65.2680335788979,69.104705649625,62.5107365114371,77.6106344568126,74.0606273072115,58.6938674800669,54.324799917985,51.7460990488577,60.8484898951154,60.6243727431787,4.09442375905786,5.03143667293786,4.72078947663387,1.74904644369961,2.12845064260827,59.0141121668597,18.5353269670738,68.4954998747702,67.6950865623632,77.9762266554521,75.476735524078,71.2080155907235,57.4126051181459,57.0365044320202,55.7540485222672,59.051494981302,54.8873249859366,4.16187899251667,4.86141714494456,3.63024190223708,2.30733045632235,2.59860904263725,58.4849303435754,18.1445374557742,68.1666629463413,67.8387084528544,76.4004939260012,75.6941521308806,71.4986597024993,57.5431491241808,56.7602169354342,55.345690487415,59.2345854410278,55.4718556951045,4.15500617968346,4.87873992827765,3.74135454658255,2.25044856102986,2.55070600354485,58.5388471034721,18.1843538351807,66.2127801522654,66.2242499390156,67.2238110968248,72.3624969345111,70.368284557652,57.171265176681,55.5195999161994,54.6035720185128,56.1063313884472,53.5848745905229,4.42001315707327,5.3321871846979,4.08003585336844,2.34410816594687,2.29251381396657,57.5410043730793,18.6421675077423
66.2525722130816,-170218.3255,-244390.579,-233402.097,-161976.964,-164724.0845,66.2315715026977,66.2331545331431,66.8345119020258,71.6180550160158,69.5161179627994,57.1022375853609,55.320942087345,53.6728156511792,55.0020661008974,52.3863372914408,4.45524672164021,5.35150807964486,4.23738014700636,2.32933310178062,2.29778736943627,57.0467124244223,18.6712554195083,65.2823159110053,68.8010695260296,62.4575526693993,77.0206501839531,73.4667032152544,58.695484121157,54.2126999527228,51.7188848266046,60.6648629576097,60.1906403087904,4.09512332778771,5.07935267091844,4.7286049183569,1.78695463941105,2.22153157469729,58.7627560295103,18.7456467171447,68.4277664481758,67.4072392355132,77.9191833458675,74.5968693628337,70.6944993765304,57.3867478905821,56.9681143317528,55.5646954512723,58.5633617382929,54.3400343614608,4.16944066900993,4.89277628468324,3.66181879718146,2.35664962916952,2.6324657057702,58.0260395704222,18.2840566793815,68.107285861131,67.5492524525283,76.3438438460702,74.8438211718801,70.976950969122,57.5200911272679,56.6873733672049,55.1728572608155,58.7774774385664,54.936135176403,4.16186869645432,4.91178599699082,3.77051045782764,2.29860510340232,2.59059685105235,58.1011014162544,18.3310867135621,66.4144739555697,66.2335735987921,66.6598048073398,71.7213882658765,69.6596115467442,57.2126510394784,55.5200311688445,54.2280296840436,55.4498325112049,53.072823836821,4.43112910256724,5.26143976855268,4.15175314655026,2.34807026676087,2.30455290462856,57.0445457211772,18.6694018259136
66.2886781726607,-170218.3255,-244390.579,-233402.097,-161976.964,-164724.0845,66.281700289005,66.2853537012087,66.4874195769606,70.8772612694183,68.7994556842485,57.1147934503099,55.3327763633524,53.4275507394946,54.3999545093744,51.6774352474096,4.43698574902975,5.33178550300189,4.27041887543847,2.348938061447,2.29882879845039,56.6816446085767,18.6869569873675,65.2990613726984,68.6452080266586,62.4306715264039,76.4405765822679,72.9212897108619,58.6989690251591,54.1464214119367,51.6964325834534,60.4775748257125,59.7763537888133,4.09408052131168,5.10566185197793,4.73184630955826,1.82315608680039,2.31073647117648,58.5428477232611,18.9069013963474,68.4028223837586,67.2498848683659,77.8523435211629,73.7668039685909,70.2787351759094,57.3781434484074,56.9343762940933,55.4351090232325,58.0945114841256,53.8789310611295,4.17146944515323,4.90841976529717,3.6854985555489,2.40635311305117,2.66046702635746,57.5969479279908,18.385805997621,68.0865894183641,67.3920501892325,76.2810752924348,74.0392266968231,70.5479771870781,57.5127184325691,56.6503198745981,55.0541864157931,58.3373147104525,54.4798018983862,4.16358451819272,4.92851617405718,3.79210781183672,2.34693290499928,2.62483402170284,57.6933228409298,18.4388988558035,66.4176550791838,66.279221083409,66.3838297657595,70.9718311633549,68.8587371469931,57.0861348203717,55.5296524128392,53.8365533104164,54.6170196538543,52.3280702271612,4.42017963111244,5.23361885728867,4.20566100710862,2.36115222164113,2.3152029455269,56.6770035634417,18.6659354997723
66.4851369415375,-170218.3255,-244390.579,-233402.097,-161976.964,-164724.0845,66.3541530235885,66.3593800116005,66.3370587737925,70.1216958757755,68.1413336571084,57.146174517172,55.3650710934913,53.31099692187,53.8240726878653,51.0642542014371,4.4171948248609,5.31154741107032,4.28150204016067,2.37483543167918,2.30487852270252,56.3690579681121,18.6899582304736,65.3158941574091,68.5730231817449,62.4112110755387,75.8834038509707,72.4301019917613,58.7026297295022,54.1095528132954,51.675967289205,60.2913362203642,59.398429323991,4.09284751968494,5.11905702416636,4.73384968294991,1.85701640260158,2.39256021814318,58.3477207967664,19.0364709083629,68.397887604764,67.1691931700824,77.7869817219792,72.9997337916961,69.9461825221723,57.3771576116414,56.9196073514599,55.3473344161339,57.6527648007682,53.5049596978125,4.17128082766179,4.91540116977402,3.70303336237681,2.45536741329601,2.68300522024528,57.2039237737301,18.4640711706707,68.0838724716044,67.3122252289026,76.2203902449219,73.2935423455165,70.1992616789986,57.5122060180378,56.6332992638342,54.9732697541115,57.9216009841762,54.1054277653304,4.16328949151225,4.93615105822386,3.80806016716953,2.39440321090271,2.65341264402197,57.320461845803,18.5223912751492,66.4425316809037,66.3346758837351,66.3033770507235,70.1649822511837,68.1674911671499,57.1076740779007,55.4993015678622,53.4998120047471,53.9875755701809,51.7306483024091,4.40859410413652,5.23959632524374,4.23932509941601,2.38157469638588,2.321096218452,56.3861191324755,18.6706154274834
66.685862898832,-170218.3255,-244390.579,-233402.097,-161976.964,-164724.0845,66.4863136728585,66.494368382469,66.3032560170653,69.405653671711,67.5875785622001,57.2159331922204,55.4393451284535,53.2860385724771,53.3168226789615,50.5952566705139,4.38746123645339,5.28237632148615,4.28441106032623,2.40565476859366,2.31637523810794,56.0923221150712,18.6762786249674,65.3892519929085,68.624183831684,62.3943070089567,75.3578473854172,71.9979575850105,58.7174278244651,54.1058697312659,51.6567452958302,60.1096458712909,59.0667496508194,4.08882828871041,5.11540975032809,4.73547211042728,1.88833573602808,2.46487347995932,58.1730943797222,19.1422514253641,68.4377290008818,67.1730882427421,77.7286097538898,72.3007896558251,69.6812959240353,57.3941332452507,56.9389572304602,55.2877776823164,57.242033231957,53.2094504672849,4.16537849964559,4.90740469860815,3.715974979426,2.50285986708786,2.70084185298475,56.8494107454288,18.5261302748619,68.1271287579078,67.3209360504588,76.1662433178121,72.6122641629685,69.9173336808907,57.5289597887198,56.6503023830349,54.9178226068676,57.534205743084,53.8062332361293,4.15757902664514,4.92859771382035,3.81984850570552,2.44024783362942,2.67679973824872,56.9842769285611,18.5889050238749,66.5438694133301,66.4822935640849,66.278563526652,69.3947867726809,67.6288641944001,57.1655335432218,55.5109686508915,53.445676763209,53.5002566037275,51.0917008673503,4.38683483508215,5.23759434369426,4.25697736790539,2.40759367259399,2.32743045277946,56.1147327332032,18.672068738897
66.6646977808323,-170218.3255,-244390.579,-233402.097,-161976.964,-164724.0845,66.6255015538433,66.6335840922679,66.3491362383285,68.7718155573939,67.1540018537072,57.2919871176034,55.5194012010411,53.3178014400449,52.8848719596464,50.2545626178727,4.35778347843425,5.25425878285545,4.27976959057265,2.43622524122844,2.32910649392431,55.8542243885868,18.6571435870151,65.4795156577822,68.7468753109364,62.3892714045569,74.8754572612369,71.6313252258545,58.7367441995718,54.1248223230045,51.6401423861213,59.9371368649335,58.7900664696398,4.08258414961666,5.10121426628768,4.73506894200088,1.91658359389945,2.52603211151049,58.0204053639527,19.2212645115472,68.5013143459644,67.2290171913071,77.6773234919294,71.6756549116601,69.4729528338545,57.4202477268252,56.9763671439569,55.2527243990463,56.8664205140503,52.9850791400813,4.15676399341725,4.89139800621432,3.72485239152335,2.54818148744458,2.71455584923798,56.5398612154085,18.5689029315756,68.1934322775372,67.3836672344348,76.1196693976009,72.0016732429933,69.6928629685316,57.5543816314733,56.6858317349896,54.8846491772083,57.1792866574372,53.576532009926,4.14920603006441,4.91277556005127,3.82778034709393,2.4838298591778,2.6953477270867,56.6907094491556,18.6353701100113,66.7054414232407,66.673157608094,66.303495041025,68.7347468694934,67.2176573428787,57.2466872772168,55.5774747922586,53.4391991311351,53.2570534179412,50.6450735893839,4.35339508514355,5.22043793925152,4.26583627162818,2.43902041958115,2.34134741689272,55.8778301926132,18.6509008649409
66.8302724679079,-170218.3255,-244390.579,-233402.097,-161976.964,-164724.0845,66.7240550802846,66.7307631683031,66.4361055075009,68.2475591651897,66.8420836274664,57.3463113061396,55.5760258067711,53.3716728678959,52.5258853886109,50.0153893496442,4.33723036004813,5.23515625494473,4.26892708874278,2.46183539671612,2.33917565850942,55.6522712385143,18.6423247589612,65.496063867953,68.8031414721887,62.3910918791329,74.4426777292721,71.3309059936813,58.7419591252337,54.137879712482,51.625412039582,59.7767552780891,58.5702317011052,4.07947773126078,5.09384810204174,4.73352495074799,1.9417388494581,2.5755972649922,57.8887787294449,19.2769460393868,68.5279468948763,67.2588012476627,77.6338298351265,71.1249590318669,69.3105195080579,57.4305498589825,56.9906154861232,55.2367277753793,56.5276704422516,52.8212893181024,4.15367946203379,4.88520569470387,3.73039913787201,2.59082031147406,2.7248288503714,56.2747285287307,18.5956624937092,68.2190373632092,67.4161494735859,76.0807926626837,71.4629915086866,69.5163706697017,57.5641654433121,56.6999587345335,54.8687815707465,56.8587100193304,53.4070319352628,4.14611926868252,4.90646364818172,3.83260463930692,2.52468733448761,2.70962408859792,56.4391792965084,18.6650764450916,66.7848714033165,66.7239486367074,66.4024092410775,68.1858661718493,66.9093403699985,57.3048201845391,55.6210617041769,53.4689532618406,52.9022655074441,50.3231525095493,4.33290883661669,5.21563331012666,4.26583285907855,2.46841417497069,2.35317286757442,55.6687731872863,18.6314123271503
66.8986036206695,-170218.3255,-244390.579,-233402.097,-161976.964,-164724.0845,66.8275629520044,66.8343248873954,66.5350730540616,67.8348315368103,66.6356689559898,57.404381997978,55.6376469895297,53.4393866941436,52.2580462632632,49.8809583270921,4.31631687902525,5.21554639717031,4.25873901233341,2.48473432220534,2.34922551273277,55.4759801045782,18.6245621234671,65.5618065082888,68.9137107686355,62.3815082699175,74.0534396469784,71.087142600617,58.7554407835861,54.162340716445,51.6097871118152,59.6273600221436,58.3972581541986,4.07561817550522,5.07960774028703,4.73405949750924,1.96475330082034,2.61510507612433,57.7713588631988,19.3226197241151,68.5783733220628,67.3195492062247,77.6008733358375,70.6383843965012,69.1811244482854,57.4508498479385,57.0222378609871,55.2269853683556,56.2223644044548,52.7001037611181,4.14718546673953,4.87152313740248,3.73425874534021,2.63043475522821,2.73267580658403,56.0419949090144,18.6200091141318,68.2710243137368,67.4819735798806,76.0502175575522,70.9863342048131,69.3753229610767,57.5837707328702,56.7308514586453,54.8584398112043,56.5692892667428,53.280569854227,4.13989368858663,4.89272425784592,3.83612546624281,2.56261045445719,2.72069687502185,56.2181946516909,18.6915960165772,66.8844592536166,66.8385298352717,66.5073498708036,67.7704465780802,66.7019791344524,57.3694623717465,55.6770282309647,53.5028445485673,52.4010279920871,50.0809828963335,4.31324844346922,5.20286270982043,4.25969981585633,2.49042543850319,2.35913939884256,55.4734856782367,18.6297316101421
70.2628370308248,-170218.3255,-244390.579,-233402.097,-161976.964,-164724.0845,67.4105164739989,67.4507918171654,66.6580992497931,67.5234421227974,66.5151770733245,57.7288908748185,56.0009432250672,53.6327754050089,52.2779209036894,50.0659748585732,4.20109563102883,5.10022404233282,4.28174462753172,2.5387241565933,2.39285730420188,55.3229702771825,18.5146457616886,65.604177869872,69.0074917846335,62.3792820759024,73.7112042412228,70.8969752603294,58.7652048636235,54.1860256950318,51.5960059979705,59.4910572965518,58.2685118526109,4.07187053527237,5.06695341351554,4.73335629828696,1.98538844526778,2.64529763558828,57.6695412685234,19.3535149742521,68.6189943404586,67.3745504709647,77.5747221505008,70.214482036647,69.0796929729756,57.4669483159753,57.047875559712,55.2258546864986,55.9507070163893,52.614754083524,4.14216355902467,4.86036510260508,3.73636875802544,2.66685649562266,2.7384752579543,55.8434055894982,18.6351455287245,68.3118236693868,67.5409259979775,76.0265040183247,70.5707526476809,69.264850452769,57.5992238089797,56.7562902005311,54.8560202145093,56.311422762106,53.1907986238637,4.13500161219032,4.88141377031572,3.83794884914546,2.59742374560828,2.72898166752507,56.0294651150006,18.7083380519885,66.9777089679111,66.9471248759176,66.6023014193962,67.4771694437715,66.5787963980026,57.425212876899,55.7237763070354,53.5555787160129,52.1974857382153,49.9509480544742,4.29275440938218,5.19060446349712,4.25208993770196,2.51202615541469,2.36754249703306,55.3154417214881,18.608984433833
70.9999885674726,-171449.9064,-248645.1312,-237208.8016,-162872.6592,-165731.7416,69.0245849329551,69.1104934521205,67.1016462039672,67.3106202654249,66.4844012779069,58.5181735325495,56.8150280227563,54.0650390423106,52.6524001252752,50.631402572422,3.89930662417341,4.83214017512719,4.34781201315213,2.65504254705533,2.49803666064326,55.2426487519167,18.2323380201513,67.0279800959759,70.8789080863387,62.3750839300419,73.4121485130163,70.7514597019937,59.0546121013948,54.5377345768021,51.5826564856518,59.3674104292904,58.1753779961085,3.99129316719448,4.8381485426535,4.73306029569665,2.00406933199963,2.6677913646009,57.5810574027515,19.3741550609425,69.5101540693639,68.4081226388195,77.5551971285919,69.8463454217541,68.9997436593054,57.8414565258766,57.6050181070112,55.2290148064253,55.710336299048,52.5556977419493,4.01442229055834,4.6197122319168,3.73736617436666,2.7000025909485,2.74275072288129,55.6729127638998,18.6460326935397,69.2572527559469,68.6598636092545,76.008540606168,70.2096544785869,69.1782207897077,57.9650613342893,57.2925017234987,54.8574982171776,56.0829446902073,53.128270225787,4.01206573306494,4.64196805704249,3.83881448288397,2.62909602391263,2.73511333711976,55.8673279380692,18.7202189129662,68.6377834470764,69.1129665922884,66.7587441487855,67.2598304954659,66.5137615270207,58.1656519446098,56.5698511865416,53.7613875725094,52.3731788610808,50.193307199089,4.01792241822634,4.85950043710665,4.26906547621013,2.58929216555588,2.43855817520664,55.1780403113432,18.479133107409
70.5429758034352,-171449.9064,-248645.1312,-237208.8016,-162872.6592,-165731.7416,70.1444760520247,70.2108870292405,67.9889358911506,67.2024129075791,66.5959435318586,59.0548509746262,57.399195929356,54.782038374545,53.1351510344413,51.3329116486231,3.69423846919657,4.63743716656218,4.29175112148244,2.76657948698013,2.59459406560819,55.2869939027684,17.9846003098295,67.8383507684435,72.3184432452943,62.6478062781132,73.3189509493391,70.7945074611302,59.2356235242445,54.8585444286405,51.6101240196238,59.2971990107785,58.2243147788946,3.92633511621881,4.65228917299658,4.68384826113909,2.00858423085754,2.66502949202908,57.5814179406504,19.2364164105595,70.2025475205376,69.358753432245,77.4430042694446,69.6662506860996,69.0277941143757,58.1271529264352,57.9767405915265,55.344536073133,55.5412050834527,52.5798734682155,3.91952142983935,4.45620084510902,3.72904453743452,2.72860122114328,2.7408062981874,55.6591103151879,18.4827111212457,69.9616665548233,69.6603074123656,75.9355656110798,70.0384134369768,69.2077992754223,58.2400916942555,57.6590368715051,54.9640479513099,55.9238921181211,53.1549687823555,3.92021565605115,4.47617970082187,3.82632664512285,2.65524083445078,2.73308562509621,55.8549685138811,18.5595039083913,70.3685293681464,70.8002508103319,67.6362769373756,67.2932223045852,66.67424411081,59.1189759404128,57.3118794273087,54.4127585912175,53.0530842616979,51.3733750025503,3.69654624155856,4.60323797126543,4.30626277202772,2.75409879190508,2.59884331116107,55.3214374671256,17.9778465137151
70.9096327940165,-171449.9064,-248645.1312,-237208.8016,-162872.6592,-165731.7416,70.5892014362593,70.6227259193128,68.9446495559637,67.210439841873,66.9075648275842,59.2697801300191,57.6273706952313,55.3897442945997,53.4804123863176,51.9422853351252,3.61924151964446,4.57189599273287,4.18156498590624,2.83453170521182,2.64621666220041,55.3971128348591,17.8534508656958,67.9010615143144,72.8598703619239,62.88542031644,73.3608538478066,70.9396763486902,59.266055702783,55.0491937973757,51.6338621914731,59.2674765892599,58.3690558760726,3.90205688391647,4.56866021297929,4.64095566768061,2.00579597933636,2.64356839786657,57.6407787504165,19.0417998535263,70.4469460763931,69.8064342174331,77.3543554982146,69.6467017954028,69.101686009213,58.228355404056,58.1124010660622,55.5240944925651,55.4608213394615,52.7158125591542,3.8857285265345,4.39538900564913,3.70972734976283,2.75247453337558,2.73362348482311,55.7156877751738,18.2848818982544,70.1875534808455,70.1175397320568,75.8801587857975,70.0251256860543,69.2889533707618,58.3340835968801,57.8003000006958,55.1277303097997,55.8486701053905,53.2918046834947,3.88739217423692,4.41304309290528,3.80460742957087,2.67639767935915,2.72444804022682,55.9118295610864,18.3620020143661,70.557871225617,70.4059321432749,69.05087384063,67.2268853029654,66.8870935989477,59.3805771892257,57.6834143153766,55.4967622417298,53.7734034699269,52.2822050033841,3.63317825849109,4.53696594132713,4.25694162998874,2.86816134838899,2.69395280620441,55.3611185080036,17.7832195481454
69.4665424781711,-171449.9064,-248645.1312,-237208.8016,-162872.6592,-165731.7416,70.5910669867451,70.592760752868,69.6796589994991,67.3327321726438,67.3944478191,59.289654636627,57.638841592976,55.7895454271525,53.7338570719461,52.4986576585927,3.62500883081788,4.58652024455073,4.08065181994191,2.8618689301885,2.65856134657597,55.5094657875945,17.812611172075,68.1183237177674,73.3729262183966,62.9438617846301,73.4424320097192,71.096707100332,59.3133366382005,55.2150681243131,51.6322340897511,59.2527360250859,58.5281050750346,3.88610502483926,4.49231282106757,4.6297976458891,2.00169034236802,2.61686678210155,57.7197279791443,18.8763333970367,70.7009325804206,70.2175856737462,77.3174388717463,69.6852757032717,69.1766960670129,58.3370281628082,58.2619598577658,55.6709237913959,55.422087304731,52.8780229015434,3.84772756864581,4.32927789229814,3.69128294798611,2.77142872401965,2.72557634912275,55.7756961236903,18.1511529035527,70.4377982552646,70.5390739241974,75.8529579115861,70.0680811692868,69.3723202727726,58.4365013255978,57.9515211336913,55.2594337262433,55.8123806939145,53.453692946395,3.85163773335665,4.34588903561874,3.7869054153496,2.69300237284756,2.71450025511185,55.9737677394755,18.2250393842075,70.8985443696467,70.9625199147027,69.8322597688536,67.1603070299385,67.3736949741811,59.5383376759747,57.8368397829307,56.1019127152073,54.0710520571409,52.3860398879686,3.58008255606374,4.51758634205171,4.17303913487374,2.8941388608348,2.69620153833679,55.4256005077795,17.7586836814562
65.9999995436866,-171449.9064,-248645.1312,-237208.8016,-162872.6592,-165731.7416,69.6586070103702,69.5873863942927,70.0551592568785,67.5529966101632,67.9667821231967,58.8877852543334,57.1617193749863,55.8340157584602,53.7047538123581,52.7201673058148,3.80358346817233,4.78150689060028,3.98566523391736,2.81033476264363,2.5973878412855,55.6040598460147,17.9784781966191,67.5049653944662,72.96179752768,63.0015008825716,73.5540803669223,71.2679220535892,59.1922990617587,55.1823181593509,51.6311807516023,59.2519044548223,58.695860583934,3.91655521261313,4.53384886693176,4.61883784018796,1.99541410368903,2.58714522574192,57.8110969436287,18.72051248469,70.41095329834,70.0195347696018,77.3074148328718,69.7708484615192,69.2564231392869,58.2127196750026,58.1046688564251,55.804798961096,55.4160299044414,53.0567318617622,3.89130768436004,4.396159281344,3.6727062751036,2.78595098961105,2.71687285672378,55.8499490576853,18.0377991696147,70.1148708458033,70.3193131589949,75.8498278681988,70.1563106926502,69.461368772759,58.3125261012091,57.806919247623,55.3795614321402,55.8068557378821,53.6312858920818,3.89388007981829,4.41018806313461,3.76910480237866,2.70540554078364,2.70365529477465,56.0497645748398,18.1073587959426,70.1548916248306,70.0920664138106,70.1830470383694,67.5377398038362,68.01956387376,59.1707251673864,57.5149906921284,56.2922849255773,54.2270369022282,53.1149800222025,3.68537005051431,4.66237139186981,4.08759881906484,2.88739763545754,2.67275080979531,55.6144290840718,17.7279310890179
65.9999997562517,-171449.9064,-248645.1312,-237208.8016,-162872.6592,-165731.7416,67.7659948820785,67.6455868949737,69.7922553990539,67.8443701212003,68.490204008211,57.9459277527866,56.1042326607995,55.3469953648709,53.2377580175489,52.361557887816,4.17183701806797,5.14787184134715,3.92382809960274,2.66442333513272,2.45534384298721,55.6316251023303,18.3633041371378,65.9270480143956,71.1890828642913,62.8596721628663,73.6115390187852,71.3599292650151,58.8630251792997,54.8110770311228,51.6010906300516,59.2421374128493,58.807040601631,4.01586502055668,4.75805413049439,4.6431422719745,1.99268926995228,2.56606360822618,57.8696292469534,18.6670984703529,69.3637402910692,68.8977796903239,77.3423648469096,69.7925769260876,69.2947373450551,57.7655475306152,57.4592172667802,55.8341281274415,55.3914306162471,53.1714710255858,4.04725089103639,4.67410190040675,3.66587120096203,2.79704913315843,2.71171520661827,55.8695361010412,18.0446384804486,69.0135859506003,69.131233746464,75.8667664235607,70.1816795995858,69.5051535989582,57.8773662595898,57.1894061452028,55.4028365442121,55.7837676630799,53.7456624251069,4.04405307817067,4.682655543093,3.7654424397524,2.71509530234492,2.69687519905652,56.0733196347421,18.1080590749291,68.0740512001268,67.6058524543251,70.1487626302358,67.8379836019288,68.5533671391814,58.2950060949665,56.5333900520253,55.9562344193624,53.5867452767868,52.9988210517609,4.03305683064988,5.08860803296103,4.00882764510519,2.77443851566106,2.55017037973999,55.638577623074,18.0693981732086
66.05969408021,-171449.9064,-248645.1312,-237208.8016,-162872.6592,-165731.7416,66.6032126980782,66.535118219686,68.9024050913455,68.1597351981384,68.8269733947098,57.2873256802413,55.4182527809256,54.6388217014463,52.8582971616928,51.9738426069175,4.39761876581936,5.34443929364886,3.97380627846537,2.54343402518794,2.3497931895311,55.4998642245635,18.6090915526526,65.4491557745742,70.0024796388031,62.4824488888836,73.5033039007636,71.275286697786,58.731896952532,54.522379885284,51.5358413066493,59.192511254563,58.7827862459783,4.08275065057274,4.91601370445895,4.70898974531757,2.00126341452724,2.56778852782762,57.8189841676182,18.8138066880092,68.8104478240585,68.1135291573828,77.4273523368957,69.6103777921015,69.2366451247508,57.532826880573,57.1222435397992,55.6693300340408,55.2855381345271,53.119515090756,4.12672647972013,4.82145244707819,3.68333051572966,2.80735911591537,2.71535253936841,55.7361021356978,18.2642781713037,68.4679757881712,68.3059886960181,75.9046606354219,70.0070164388971,69.4443562428814,57.6549965589794,56.8573511752909,55.2481811784976,55.6836079894749,53.696528921675,4.1222459134628,4.83108701195815,3.78783187988142,2.7252284257194,2.70031768172674,55.9483207824215,18.3202679951939,66.6149485220157,66.1715958533279,69.1185940614284,68.1677602228381,68.8697855270065,57.2445570471634,55.6732288977868,55.0066981784839,52.61027570492,52.0763503061577,4.36048520949822,5.37711725390178,3.97488504970968,2.53157774529769,2.32031560890194,55.5002962010517,18.6776199519981
66.6641550043083,-171449.9064,-248645.1312,-237208.8016,-162872.6592,-165731.7416,66.33671332584,66.320544367831,67.8933902958619,68.4344378502054,68.8965252004876,57.1135377724377,55.2575653492479,54.0237652009885,52.7436114941095,51.724187899425,4.44182367913182,5.37047140497313,4.08667983744903,2.48031539276329,2.30611426116006,55.2541883257605,18.6854045754773,65.3116532447074,69.2899873428024,62.2929874225366,73.3035911680729,71.131782772327,58.6921619826995,54.3217384068447,51.4978112243104,59.1207015338248,58.6820823545303,4.10434651552772,5.01621248607571,4.74163325647613,2.01530968203758,2.58409574852601,57.7148979248207,18.9847221627269,68.5459646982759,67.6260281547716,77.4801457777823,69.3301726026375,69.1437153797842,57.4255274652669,56.9567505711903,55.4833880424971,55.1389165259941,52.98062852002,4.16146839447028,4.89497480008886,3.70623831494123,2.81855327659073,2.72307725243016,55.5525722175156,18.469942005206,68.2164303371164,67.7955640006216,75.9327714453254,69.7350123861207,69.3462736452909,57.5545810837934,56.6882770296991,55.0773094908524,55.544608741375,53.5615326704111,4.15564841635259,4.9073273468283,3.8117316217871,2.73671317906566,2.70891684093005,55.7728851437148,18.522391422271,66.1740484288765,66.3388758986095,67.6550602301463,68.8599192221741,69.0543278157433,56.9707370185164,55.2106733478143,54.0977126789557,52.3457892310749,51.520049633552,4.44427670838625,5.42214212938078,4.02534489435409,2.49034754193339,2.28063657932804,55.3304126061825,18.7715917850636
66.793344161179,-171449.9064,-248645.1312,-237208.8016,-162872.6592,-165731.7416,66.5186886322511,66.5271569878432,67.1736900236447,68.5906212430896,68.7129832219082,57.203692680326,55.3646560877645,53.6475264300576,52.769903837656,51.5175741704907,4.3980394389142,5.32258971398597,4.19045036946536,2.45995153941844,2.30302005779656,55.044882510206,18.6740511195805,65.4749531321789,69.1476694017623,62.2144630930271,73.0657480063576,70.9828204111007,58.7205773212105,54.2422126796521,51.4762062745652,59.0379046136729,58.5445276268797,4.10070474687196,5.04396273628918,4.75468649621811,2.03225995585028,2.60799219271363,57.5977815213566,19.1257126425342,68.5476698953141,67.4815118021472,77.493104683423,69.0226361575725,69.0491469454579,57.4290399337981,56.9562065040756,55.3331588487797,54.9805227700566,52.8129302776322,4.15892152668189,4.89683109303105,3.72695696521686,2.83050387139987,2.73183116783249,55.3667980542524,18.613443130543,68.2345999358807,67.651271637606,75.9364093966038,69.4345767821266,69.2461631757559,57.5606308315779,56.6796857564725,54.9401854382679,55.3939173218834,53.3969056609625,4.1529899923758,4.91182189795614,3.83166926621357,2.74917317627778,2.71921358349088,55.5941063151121,18.6656367454125,66.5573470019911,66.6038589446345,66.8929806085815,68.9522495069024,68.8653116245167,57.1765742437194,55.3385481603318,53.4961186021213,52.5830057012891,51.4214553475538,4.39290309575851,5.31833851806799,4.12603223556179,2.53228347827693,2.33076431293889,55.0407980798809,18.7548246333204
66.8901725369411,-171449.9064,-248645.1312,-237208.8016,-162872.6592,-165731.7416,66.7327598063502,66.744812849022,66.8134360852178,68.5858181152675,68.3690038631581,57.3168815071043,55.4860434057467,53.4744681859245,52.7575322200932,51.2486857723491,4.35091855139773,5.27707870495613,4.24925808774145,2.45877528330886,2.31312127130927,54.9203832072987,18.6491518987134,65.5583923804884,69.1259296174818,62.2181059677013,72.8443069205546,70.8623107239763,58.7400470782911,54.2075578212823,51.4671234264134,58.9586556903137,58.4166300330949,4.09304113883246,5.05261537363214,4.75325897899563,2.04836718688411,2.63124723903933,57.4971598819526,19.2129507758035,68.5767117233201,67.4365148945339,77.4732420906123,68.7481177626429,68.9756518850039,57.4422642702902,56.9688204172083,55.2445827755999,54.8353596972672,52.6661964262749,4.15391896474851,4.89215535050015,3.74122028011473,2.84246178644429,2.73917464123139,55.2155927091183,18.6817869462231,68.269184155028,67.6086443290217,75.9189417058682,69.1654662761423,69.1678779350154,57.5744914953728,56.6874835952588,54.8597086930293,55.2554700454654,53.2520909797888,4.14771630438013,4.90850414435428,3.84433388895917,2.76155385277034,2.72817823966539,55.4480547931,18.7359056468382,66.9100521251478,66.7650615292915,66.7049638599927,68.5726995623626,68.470435149401,57.2837438582309,55.5157567949052,53.3135791856987,52.7104974889248,51.272546996246,4.33455260645631,5.25108592960907,4.21064005342247,2.51226331102692,2.35315744353611,54.9297592663571,18.6672645009549
68.5271872767306,-171449.9064,-248645.1312,-237208.8016,-162872.6592,-165731.7416,67.1432642829737,67.169120063066,66.7308387317567,68.4227093499165,67.9668264798548,57.5436441829094,55.7347452783789,53.5062196020614,52.7687572548367,51.0729561579552,4.26763967145093,5.19603507772761,4.28599997265114,2.48615799382913,2.34412666800786,54.8541028647639,18.5799593836667,65.6168227825101,69.1584821066153,62.2262421061875,72.6481532619873,70.7663179342405,58.7535041324874,54.1980453949326,51.4592240964214,58.8853038101727,58.3085110760302,4.08788211875685,5.05170053277877,4.75108023968387,2.06338323300349,2.65135160203974,57.4129243821986,19.2683316024381,68.6125577775664,67.4395526832003,77.4421946195357,68.5152084299101,68.9211467619887,57.4573565632962,56.9862359426344,55.1942245197099,54.7089323689039,52.5487310443187,4.14875758910327,4.88496355051735,3.75080007019536,2.85387706501036,2.74489585374806,55.0911128289776,18.7144291066503,68.3073312612055,67.6146892826142,75.8918865360683,68.9363018695796,69.109145757202,57.5894171787668,56.7021555118788,54.8136764506423,55.1344504164453,53.135577877228,4.14255516873687,4.90195188504232,3.85271563750079,2.77333600281814,2.73536490854708,55.3276752930158,18.7708645822421,66.9588076300767,66.8594168320919,66.6934984064882,68.357346396932,68.025254076987,57.415934975242,55.6384287170517,53.3630655965661,52.5800142527134,50.9586627044443,4.30701066594485,5.22034534765857,4.25340343323082,2.49776368017172,2.36300870214613,54.8424141351757,18.6329687787284
68.8217709295321,-171449.9064,-248645.1312,-237208.8016,-162872.6592,-165731.7416,67.9091698293682,67.950849023377,66.9247539028455,68.1524652206644,67.6007467909147,57.9590045881453,56.1890568627972,53.7755112805091,52.8971148615342,51.1351290537801,4.11729037425085,5.05139111981972,4.31056897010278,2.55111795009733,2.4050948211994,54.8390556820387,18.4354632354701,66.2656634338853,70.0163993969124,62.2312134936404,72.4793767718487,70.6912926827404,58.8848511885595,54.3515543489656,51.4513538003779,58.8190314461927,58.22324813941,4.05179359503352,4.9483240586367,4.74950091569575,2.07703034254921,2.66747895856697,57.3432212039881,19.3037913092706,69.027897900343,67.9010074071763,77.4105776839461,68.3231050024315,68.8816060162349,57.6293233716748,57.2442809343293,55.1667465056069,54.6019151005989,52.459870550275,4.09134553584415,4.7736981752369,3.75711982797368,2.86444482042411,2.74915245407364,54.9885563970554,18.7297816751766,68.7464620573995,68.1165383966765,75.8639974757413,68.7465751542713,69.0659896008423,57.7572453615619,56.949549638039,54.7881962085342,55.0315845250901,53.0470839275955,4.08731570639366,4.79149028640312,3.85823058136399,2.78421750445307,2.74083098486703,55.2284661812666,18.7882658072047,67.8215546656873,67.9955627957768,66.8023150406991,68.1974582083046,67.6189116586915,57.9040928297732,56.0844596679594,53.5815414217282,52.5803011317445,50.8149234163828,4.15839155570515,5.06355228381754,4.2774874038056,2.5393966349952,2.40010050667656,54.8037669496011,18.556488254016
68.6944138393394,-148396.5959,-169006.4222,-165953.1146,-146106.6152,-146869.9421,68.4940388980432,68.5108840328049,67.3386123587999,67.8551454181831,67.3114197480341,59.1959023083422,58.7086634833058,57.0550455352791,55.8116957795916,54.5820560621324,3.81357730745699,4.11986775584259,3.85608120238267,2.8988351349362,2.75696191405318,54.9830703291528,17.4453233146716,66.5728851843781,70.6349247293848,62.3540538686309,72.4104825157531,70.6881303957506,58.9598092976092,54.4980325476913,51.4615412872147,58.7813885581585,58.2146646884664,4.01974255505783,4.86677233830498,4.72715664937802,2.08344849058348,2.67126491097892,57.3191245143407,19.2657312774783,69.3171863484298,68.2828111138714,77.3628063769658,68.2377091882637,68.8819950072506,57.7475594393039,57.4208265288254,55.2145361999567,54.5399712690975,52.446560875471,4.05262610205208,4.69682751167786,3.75377840698019,2.87345929081141,2.74952750042259,54.959894585716,18.6641859709143,69.0375776762572,68.5224609647871,75.8336092848993,68.6628606347084,69.0660167627189,57.8710719668873,57.1230317551307,54.8321547259522,54.9721166443425,53.0342557936644,4.04927569538687,4.71414268391124,3.85295301705714,2.79296744328852,2.74155355827594,55.2002694965799,18.7254756306001,68.5003603490947,68.6267449846426,67.2565253278659,67.9785571917612,67.3774579779438,58.3118303791605,56.4876247301021,54.0659696734512,52.8620873340958,51.3620667865028,4.01085057880072,4.94198692258271,4.28483335505219,2.63505462037068,2.47079423676824,54.8984270211694,18.3249567389576
66.3678866071186,-148396.5959,-169006.4222,-165953.1146,-146106.6152,-146869.9421,68.4149179938014,68.4157432854848,67.8141628279798,67.6146964480741,67.2119634063463,59.1670544410205,58.6717344407422,57.2852748642077,55.6928490361954,54.5383054485202,3.83430859438411,4.14448026690043,3.76623522427702,2.9284031033142,2.76907984963342,55.3751050348765,17.4425070385092,66.5502758793384,70.1747017625752,63.1005618769912,72.6994374421842,70.1185951118754,59.2150246773793,55.1163105099368,52.050704775833,59.4745751186899,58.517516883822,3.71649430268104,4.78483361184679,4.63434130915782,2.09421835237112,2.66170155339547,57.3261644531448,19.1966426127648,69.6870394265529,68.5980103792049,77.7356074939584,68.2724578603114,68.5763839840584,57.9883818968916,58.5924467684436,55.5327271833001,54.7038674747076,53.6095093219919,3.92928827224633,4.21175082448448,3.68009918283216,2.8876577210028,2.71787927055568,54.9668720912775,18.5843458648821,69.3674439310421,68.7586547683503,76.2444862840311,68.7235096249053,68.7335152826591,58.1133608764494,58.2382735981429,55.1779542908128,55.1899406678145,54.1095715948039,3.90760732845784,4.27014052285955,3.77732407103618,2.80681654685666,2.71215549026997,55.2072533632785,18.6467309569025,68.919859106306,68.6881829024965,68.2707666781104,67.7043571838479,66.7991700800876,60.034504842949,59.9060308259946,58.867169332975,62.0816471277007,55.8423085428493,3.53691621217513,3.72664955851659,3.84627000920806,3.3273565732937,3.04211476131801,55.2049524104051,17.1094955232791
66.4252846414715,-148396.5959,-169006.4222,-165953.1146,-146106.6152,-146869.9421,67.4791942768474,67.4674516940775,67.9976335786018,67.461534841768,67.2839723682621,58.7002324752418,58.1863776990453,57.2332043069795,55.362112879337,54.318649328312,4.03910661664282,4.35120465574942,3.68382454108955,2.88542502828534,2.70678723268414,55.7390216312423,17.6663480744513,65.4042886518311,69.0656489550517,63.6023892149456,72.7597800881443,69.7750466625427,59.0281119365936,55.1271839409339,52.5057345746308,59.862797975507,58.6735920106249,3.72740300585568,4.87742339038103,4.57675430445268,2.10785722915116,2.66428708896889,57.4432467328299,18.9608825716579,69.3243664306826,68.4737536814259,78.0983504885803,68.3422274862456,68.4048304081091,57.8403271859663,58.8189012913656,55.8744882121539,54.8561220997093,54.2647156404499,3.97768597434996,4.12008573107538,3.60376674303383,2.89602583544188,2.70018936074825,55.0990930376643,18.3843066927807,68.924961381078,68.5340601279966,76.6214001681562,68.7923187639266,68.5444376613181,57.9613470365936,58.4427632056801,55.5312559372845,55.3662373931648,54.7139229227213,3.95218538811518,4.19724860958107,3.70290154778941,2.81572168357259,2.69653138520544,55.3379318760031,18.4430522918467,67.7800000328256,67.7845637638184,68.5908668650738,67.449459774847,67.4068609174863,58.8744318023318,59.2749512953356,57.3415493074068,55.914681920302,53.2058236221746,3.92648598281313,3.98312400090683,3.74610780493333,2.97975193345661,2.7764149571616,56.1334320141845,17.2436034841212
66.5737263449602,-148396.5959,-169006.4222,-165953.1146,-146106.6152,-146869.9421,66.8719803281458,66.8634431306007,67.7569958233438,67.4013837252327,67.4065976441601,58.369062951173,57.8490217646292,57.0076604643893,55.1048883724377,54.1670429558414,4.17023488857462,4.47991620737678,3.68899726331378,2.83918091753262,2.65072139496704,55.9653952942446,17.8290506717648,64.9626734586609,68.4074016862688,63.7547976473553,72.6153259269631,69.5338564644543,58.9236233821756,55.0518329002483,52.8138489818552,60.032943738896,58.6813698215971,3.76965383963156,4.94841951371591,4.57311339292027,2.12932515268502,2.67901564819365,57.5196965538822,18.9350000869671,69.1094274051818,68.4450927677056,78.5120514062201,68.3726363326399,68.2927302335318,57.75836573021,58.9422181552612,56.0770570109866,54.9624676163122,54.6069390720934,4.00160615799489,4.06972842966101,3.54373110744369,2.89878975003908,2.69175713006211,55.198781203512,18.3212810620392,68.6869269959697,68.4412525356744,77.008478772691,68.8049113392786,68.4191848887179,57.8770903618478,58.5458383884764,55.7445784638066,55.4790833268945,55.0220706861638,3.97797322710724,4.15925564718394,3.64861180267146,2.82039129393365,2.69045893842286,55.435252356111,18.3838110656317,66.7247187654944,66.7030852200087,68.2274079213234,67.3939018536256,67.6206255175211,58.2565534162743,58.2765155861253,56.6499572660404,56.7884418428933,55.1843948401071,4.1885704218291,4.33973019518711,3.70821200993642,2.83292156207977,2.60483025848632,56.08932060574,17.7270054943871
66.7710083068045,-148396.5959,-169006.4222,-165953.1146,-146106.6152,-146869.9421,66.7183269453503,66.7157010186954,67.3645471146322,67.4011685631085,67.4641852063315,58.2743077061853,57.7553918403596,56.771505860364,54.991186513666,54.0924173186916,4.19932282196292,4.50697086158354,3.74342625217733,2.81321720040299,2.62451241803275,56.0863861523242,17.8874495541595,64.859951826635,68.0664455572248,63.8668370230852,72.3663275661038,69.3496398044307,58.8909654586724,54.9824509768229,53.0484040998635,60.0756636334648,58.6227511708463,3.78927272628862,4.99114585235183,4.57109313732923,2.15337228364246,2.69839333110258,57.5412077015227,19.008718826083,69.0063366552781,68.4831830123975,78.9096714591815,68.4012618395957,68.2303629909634,57.7253691651423,59.0317973787977,56.2431244725579,55.0456253654783,54.8091327735416,4.00787890145198,4.03248258663678,3.49016103630903,2.90125052903579,2.6867003090143,55.2902527753364,18.3019270864438,68.5838738543871,68.4407228742714,77.3770018610025,68.8052505771981,68.3444027719126,57.8441282999604,58.6192215341876,55.9176239287135,55.558120983493,55.1976909938315,3.98560576934577,4.13015793156558,3.60029398871021,2.82505144204037,2.68789167620921,55.5195958686805,18.3739399917371,66.7489934461756,66.8071999742888,67.5049309488231,67.3965016623674,67.4953076525168,58.2930407446297,58.0043320294168,57.1099013170779,57.4075493224556,56.6350876127853,4.1991728213835,4.50723333664171,3.71509712777892,2.85883155342767,2.62354934106459,56.1481418236489,17.9986381143525
66.8773618793347,-148396.5959,-169006.4222,-165953.1146,-146106.6152,-146869.9421,66.77692058591,66.7774372813594,67.0510250549585,67.4119232154104,67.4201864019277,58.2981038496881,57.7814198880384,56.6081736972019,54.9583949041766,54.0233170261144,4.18208858656376,4.48908118024776,3.79726449828008,2.80338022170725,2.61959491338491,56.1723607360772,17.8914094001838,64.9084334969811,67.9406374058903,63.9981039632164,72.0747753636668,69.2017559693265,58.8962375831546,54.9456949663384,53.241327384102,60.0460193804577,58.5407177907805,3.79190013067789,5.00909880982973,4.56205242365733,2.17767243367357,2.71862835726331,57.525448354944,19.0973025580903,68.9821450656768,68.5701450299821,79.2711108350867,68.4414481845034,68.2046397856893,57.7257732770616,59.1153853208429,56.4046092539167,55.1166914822395,54.9432494655013,4.00264153671487,3.99714692215136,3.43994586481234,2.90423907055431,2.68287553270672,55.3826776764321,18.2877703454107,68.567086726797,68.5060063730444,77.7149896529561,68.8116370695435,68.3062329838997,57.8450283991812,58.6905479893335,56.0823118854964,55.6189260206271,55.3097847987186,3.98116972251107,4.10025168606093,3.55427396009019,2.83021135987725,2.6865182815171,55.6009981989889,18.3702511715071,66.8388540438457,66.8505350470007,67.1894192907764,67.3632860187576,67.4560836762163,58.2318847852598,57.9186937871726,56.7658494549422,55.45087395271,53.9623215203329,4.17193935329012,4.47583245376376,3.75479685687691,2.83667622991072,2.6109077639886,56.0948013014644,17.9819744217162
66.9654204908754,-148396.5959,-169006.4222,-165953.1146,-146106.6152,-146869.9421,66.8840546407707,66.8854611431184,66.8841225544988,67.394362899651,67.2994378892457,58.3515424543813,57.8364506015273,56.5298696994061,54.9422715181398,53.9319674998523,4.15577053106141,4.46279205797436,3.82975664942554,2.80370372241413,2.62535617060418,56.2575356729303,17.8773791314796,64.9730476726277,67.9082541308884,64.1458086555514,71.7795998127525,69.0801621794959,58.9092519646731,54.9304906801739,53.4068345163383,59.9788210512033,58.4591505393913,3.78838328496611,5.01484619298186,4.54767616839306,2.20105657704585,2.73740177605092,57.4920638546713,19.16530734944,68.9860159291865,68.6653514954454,79.5929775949846,68.497914552716,68.204749631375,57.735501074613,59.1824687075109,56.5677239397742,55.1819306623094,55.0431253928375,3.99541530479272,3.9685012022753,3.39244140951383,2.90744199873636,2.67943241110153,55.4791730796534,18.2650548998079,68.5771465454668,68.588213099856,78.019111558502,68.8322756899217,68.2939428086362,57.8550910569846,58.7492473300964,56.24567033059,55.6706715373145,55.391174020972,3.97432142890213,4.07511017701842,3.51014483842648,2.83547049196873,2.68533873704436,55.6842605256683,18.3567789406527,66.9969241702417,66.9288534964648,67.0759576678223,67.3829886899142,67.3342655020873,58.3752950255361,57.9529166761965,56.6170179451749,55.094006546589,53.5085750639753,4.14407302395478,4.43909676715658,3.78985861800386,2.82934915279396,2.60845230520825,56.2088973074809,17.9314059562621
66.2703302928289,-148396.5959,-169006.4222,-165953.1146,-146106.6152,-146869.9421,66.8582518082834,66.8581288418483,66.829592392445,67.3316938497225,67.1494523976781,58.3344120321681,57.8181179276954,56.4894235188843,54.8711201039985,53.785691096761,4.15999873665856,4.46723491387766,3.83497302669967,2.80179513966317,2.62608483359801,56.3407999061077,17.8900866504971,65.0348227432523,67.9242661650872,64.2904199877568,71.4995489392143,68.9793588836334,58.9229264777882,54.9305128656027,53.5499570961879,59.8934573703821,58.3866034957969,3.78357695364447,5.01347428516037,4.53205911525195,2.22323933942963,2.75383613406334,57.4513944564878,19.2106631897239,69.0042855056761,68.7586448499998,79.8788238264794,68.5672117020717,68.2209521555463,57.7491905903188,59.2380170445039,56.725956512721,55.2426063484731,55.1207768868178,3.98784570750273,3.94461780221662,3.34832315034487,2.91025681233191,2.6762604791039,55.577211913807,18.2363744150213,68.5998487671801,68.6736324908486,78.2905677867522,68.8659788096982,68.2982239582861,57.868779044121,58.7991382728817,56.4023633913426,55.7164677073294,55.4535222332996,3.96703337255173,4.05352040585715,3.46893048225372,2.84025864818218,2.68416443154187,55.7681667911479,18.3356417965229,67.0523948358527,67.022145390461,67.0489074275753,67.3874735012299,67.1997406425107,58.4528388395573,57.9990390995176,56.5680924863593,54.9349302333868,53.8677350752394,4.12090928549873,4.41370614616117,3.79891624837201,2.83133499950979,2.61484141306118,56.3084561897492,17.8897013019013
69.7896027750893,-148396.5959,-169006.4222,-165953.1146,-146106.6152,-146869.9421,67.1303692354476,67.1357501977009,66.8012752517357,67.2350019354018,67.0071392892535,58.479724070852,57.9690746378691,56.5130414660027,54.8707273498906,53.75346504503,4.09901944021964,4.4055068943969,3.85433200172945,2.82361692283142,2.64789749811892,56.4066629201271,17.8303727572963,64.7652088286653,67.6562762122282,64.4232864790336,71.244206148947,68.8959577409204,58.8704622214346,54.8548781429331,53.6741971935069,59.8016519565695,58.3263253619527,3.79609430910583,5.0511949081225,4.51711884184507,2.24405779816025,2.76762492142533,57.4088964612645,19.2380671181546,68.8594007336542,68.6608415052198,80.1314304557067,68.6456975826481,68.2466468394874,57.680478853642,59.1531809840102,56.8745078296995,55.2992591599162,55.1828977334814,4.01505723257439,3.98058890301947,3.30807674788754,2.91239132280256,2.6733353769918,55.6747756489017,18.2043563115814,68.4422557143067,68.5584893394432,78.5309744499493,68.910451881254,68.3128031933727,57.801722714824,58.7152397092943,56.5484377105569,55.7579945523587,55.5031722123837,3.99274775244587,4.08966976026216,3.43126244591535,2.84429681049409,2.68294225784882,55.8514600536905,18.3096780269319,66.7434130894588,66.6620246361855,67.0428319467994,67.2701426297189,67.0803297219294,58.3155715425285,57.8371361973418,56.5509823761872,54.8344218977385,53.7900026905986,4.17364032573834,4.47229682540505,3.78442343828379,2.82255142546314,2.61062072886687,56.3928995141202,17.8984921723489
69.5727644828137,-148396.5959,-169006.4222,-165953.1146,-146106.6152,-146869.9421,68.4072556729716,68.4207407263133,67.0238067157244,67.1186790770807,66.8993037202927,59.1350861876713,58.644367642235,56.8317130544504,55.1792487094795,54.1140673094431,3.82425739265605,4.13076015309885,3.89068919885378,2.9240905037581,2.74491372270452,56.4753705107481,17.5147109710713,66.3102832249997,69.0906412411264,64.4888147038612,70.9828120319226,68.824180502655,59.1804872368757,55.2062794527291,53.768608613481,59.6925146117028,58.2506621627219,3.71338025530962,4.8597780660241,4.51245124360201,2.26599867846829,2.78208310201601,57.348136147455,19.2892457304036,69.630224734434,69.4740755773035,80.3648774089268,68.6983975921042,68.2642858880396,58.0648029811561,59.6883600146684,56.9797629646086,55.3346536265091,55.1986482547352,3.85483567931263,3.75145195433632,3.27550584662836,2.91292708129249,2.67229409358823,55.7485489903533,18.2090233290594,69.2919657819169,69.4350085947842,78.7473126640508,68.9311497756388,68.3213318827722,58.1784767270963,59.2316941753244,56.6525880116474,55.7786631031454,55.5096088619174,3.8404232074618,3.86437600089603,3.40153452909525,2.84701347309457,2.68348016866912,55.9115261616931,18.3190839722743,68.1868235771502,68.4094391508665,66.9606530102975,67.199094126044,66.9638859440426,58.9861347751834,58.545003895106,56.5717278947853,54.7898789982271,53.8097668592383,3.89926245438081,4.19685349899993,3.7975687298569,2.85741241998539,2.64955160509581,56.4250493913252,17.853660934956
69.4202327833041,-148396.5959,-169006.4222,-165953.1146,-146106.6152,-146869.9421,69.1798798875716,69.1904410075931,67.622302951844,67.012734881556,66.891862112157,59.5104761262524,59.0295972874578,57.2626777864356,55.3973952290174,54.4275014583991,3.66715089941407,3.97445856760026,3.82777060834531,3.00567835315551,2.81557729650433,56.6114277199309,17.2906357250195,66.825569148069,69.7818720755344,64.8316805473611,70.913759949629,68.7825859514828,59.3139528251245,55.4580793766186,53.9190294277841,59.6709503584652,58.3208225571943,3.65054771635194,4.75136291626832,4.46002712219094,2.27463571687182,2.7787272196803,57.3669840908563,19.1545761658696,70.0478446056338,70.0269924190937,80.5069238784051,68.8939552094258,68.3429681968725,58.2682467762243,59.9595360221969,57.2211721500737,55.4440262834423,55.3644402606103,3.77196398841255,3.63375665410751,3.23008738923495,2.91757724765123,2.66405107247358,55.9125713831391,18.029719448108,69.7195365562601,70.0020178373376,78.9098200214419,69.0997470987614,68.3877595405633,58.3747906510898,59.5008960113992,56.8847266629681,55.8746949882744,55.6656572477292,3.75959324606994,3.74762622755957,3.35540228546027,2.85206984997173,2.67573508356914,56.0607571622084,18.144327748887,69.339054436177,69.5971864967464,67.5600270891434,67.1909379207731,66.9585177759958,59.4756812333275,59.1206023430446,57.1674076603007,54.912755158215,54.476069521448,3.64148395409752,3.95873888631506,3.81429994897118,3.01277817483698,2.79577974557429,56.6089055198529,17.2730197862536
69.3114632534284,-148396.5959,-169006.4222,-165953.1146,-146106.6152,-146869.9421,69.4355369833747,69.4399872058598,68.2949771556461,66.9515682057068,67.0350841402201,59.6422596196261,59.1630511399446,57.6473971653589,55.527443001382,54.7161813046604,3.62076569294127,3.92956150729366,3.72425177907071,3.05598672403974,2.84882276779219,56.7786401785658,17.1793884711376,66.9536145764168,70.1308391842201,65.1255563081186,70.9252141976422,68.7854699690178,59.3563252668219,55.6189734822634,54.0647819782695,59.6781157277585,58.4252167330566,3.62414250952826,4.69000666138303,4.41646479842979,2.2787577412868,2.76803981751898,57.4254698660297,18.9930724157399,70.2763956433088,70.3908366159766,80.6342492754546,69.1393706246439,68.4425859222426,58.3774142293433,60.0983089704467,57.4615672235905,55.5785871180159,55.5492655665744,3.72839888763778,3.57261279556934,3.18591120880861,2.91778505030174,2.65456189573991,56.0947432150105,17.8438675654942,69.9378473767394,70.3643462520129,79.0541147390078,69.3213249074664,68.4775213565469,58.4771525594325,59.6419228184919,57.1154788916899,55.9962758783163,55.8422876653976,3.71777651578203,3.68646072859018,3.31128864906127,2.85267646101998,2.66612382321536,56.2303269901406,17.9609566249752,69.4071169097288,69.3480533905363,68.5704947561632,67.0145115443077,67.0529118282371,59.5882844380171,59.3128512857494,57.6738871852945,55.0483081977897,54.6922282696863,3.63401891531646,3.89477073624258,3.74515288465719,3.06911551563432,2.86256793325234,56.7578874326573,17.1563164595299
69.2331373561899,-143750.8603,-152957.5174,-151593.5682,-142727.8984,-143068.8857,69.4267231242739,69.4276558980363,68.7893172491866,66.9844380791621,67.3488022982488,59.8430798710102,59.6278016435535,58.4641021407335,56.1290019043121,55.6170481243489,3.58413493217535,3.72954410105912,3.50821503070231,3.14171026126441,2.91398141838981,56.9429433405775,16.877585743591,66.945485429153,70.3050926883851,65.3262514168687,70.9676013315416,68.8197792190624,59.3606106958625,55.7143943349922,54.190527466413,59.6928111682369,58.5265562920966,3.61764280554058,4.65641179131166,4.38885094687454,2.28072691215893,2.75492621682082,57.4971780312766,18.8615197108001,70.3980357049506,70.6247351777143,80.7610659804147,69.3918456314175,68.5466735596425,58.434204473163,60.1695957852158,57.664201939823,55.7146930963174,55.7118253346382,3.70629231089699,3.54067264881062,3.14722304914813,2.91307081745079,2.64578838995048,56.2743723381045,17.6947557896324,70.0462656401813,70.5921677564772,79.1884586944958,69.5523946865837,68.5744994818822,58.528593244051,59.7156685785097,57.3102795934738,56.1200116985195,55.9986098886979,3.69726007682364,3.65435198700145,3.27372881767069,2.848643180269,2.65690811808191,56.3989603682637,17.813633890553,69.4793308176534,69.5029746625046,69.0520078616242,67.000146241446,67.3195003930861,59.6226795956556,59.2935076862042,58.0388933422234,55.3464470214252,55.2616145856373,3.62084384004952,3.91208253358378,3.63071412790876,3.09502019327436,2.87810932537074,56.8852812971366,17.098914073239
65.9999999289108,-143750.8603,-152957.5174,-151593.5682,-142727.8984,-143068.8857,68.9159414013317,68.9131219366014,69.0325823376954,67.1259762597164,67.7353354446523,59.6278575431866,59.4077137665112,58.5311847499927,56.1729583897382,55.8305777184506,3.69818695504212,3.84507303337597,3.44935752943281,3.11372040344306,2.8716345560414,57.1088846511349,16.9779724773354,66.9318554776203,70.2665210182726,65.7462567736932,71.1198213535615,68.7446637946847,59.4101341411057,55.9081670296368,54.5682897895176,59.9136268755572,58.6857486483705,3.55711980504768,4.62170692819265,4.34040271416553,2.28609645427512,2.73892123325201,57.5658004989056,18.7693237419921,70.5527783683583,70.7849816447968,80.9443574960913,69.627711344172,68.6221883524176,58.5273344236736,60.3962106697711,57.8634797898809,55.8657434517754,55.9699386863185,3.66097054996425,3.44572744105596,3.10481515707515,2.90304938039443,2.63462808008894,56.4451805272772,17.5855755315525,70.1838533193218,70.7321572357067,79.3958682784352,69.7797379890337,68.634667010458,58.6172802576145,59.9389372701498,57.5277426949049,56.2781702378946,56.2466444747756,3.65038950686642,3.56554448854612,3.23070549328043,2.84018988424112,2.64525419884537,56.559357158611,17.7061841111222,69.3965222765738,69.4062202330157,69.2954929172094,67.1776370798691,67.7228698521349,59.9845729474617,59.8626527847506,58.9716947095572,56.5492793548628,56.4942561095345,3.53807298070452,3.71391440247093,3.38606310981178,3.24474667466143,2.98669086464086,57.064216006841,16.7683575542607
66.2170005088108,-143750.8603,-152957.5174,-151593.5682,-142727.8984,-143068.8857,67.6442846009721,67.6390888649617,68.889900547075,67.3495747672791,68.0864745457014,59.0160691750879,58.7871330355569,58.3098689276013,56.0276269538216,55.7479183611945,3.98101679965982,4.12891674229049,3.42372084900362,3.01225864868322,2.77067374469531,57.2381018547758,17.3165867843325,65.3867413423898,69.0651834750619,66.0592663367623,71.1848671021314,68.7378999932351,59.1084876409181,55.6187322854241,54.8699565213047,60.0271147874717,58.7786690519677,3.63000607674103,4.7810695765038,4.30593795269938,2.29120011449562,2.72832454234796,57.6468798314343,18.6674608690224,69.8271144022608,70.2262923296292,81.1098051399542,69.8505204825775,68.7036430367292,58.1567140099127,60.0661910819934,58.0392032916032,56.0027522546172,56.1407400587822,3.81906255048501,3.58767165180861,3.06713536873385,2.89252564332264,2.6263900070546,56.6219650249315,17.4689890464195,69.3746980160839,70.1079904066019,79.576350566758,69.9864730855202,68.7071333759991,58.2536873904805,59.6130527512079,57.7162981772381,56.4127825672128,56.4095107872766,3.79980014944768,3.70926341202377,3.19335327445204,2.83125837613591,2.63677581326102,56.7263905420323,17.5910977709807,67.7394490074086,67.7778192439983,69.2510371673099,67.421499636305,68.106804998762,59.0387769551825,59.1533217760919,58.9371682078112,56.4653912797338,56.5507234050696,3.90642335023732,4.02289134506058,3.341133975396,3.10102574654089,2.87615287142949,57.2701395436883,16.9523024712058
66.4901241554613,-143750.8603,-152957.5174,-151593.5682,-142727.8984,-143068.8857,66.8254363644197,66.8222461287324,68.327238859675,67.6034682610833,68.2891962803905,58.5724279546799,58.3406469509649,57.9269320710837,55.9169610977951,55.58908906502,4.16200600510628,4.30920960304867,3.48288522396709,2.91829156004485,2.69179724927733,57.2721357704287,17.5641896414442,64.7643635637294,68.3188369318016,66.0332052516439,71.0652199837672,68.7350360396224,58.9548274702779,55.3976339297966,55.0381703422591,60.0100365449323,58.7205641192123,3.69705519106396,4.88817141733657,4.32456423918832,2.30581480527184,2.73419233552231,57.6312785107484,18.8052348552163,69.4119469364727,69.8378341538846,81.3278278807375,69.9334562316422,68.7302940625597,57.9522356333807,59.8974155199869,58.0269019014214,56.0529373743373,56.1291890965362,3.9032834342347,3.66142414585345,3.05268027012692,2.87840932330742,2.62624429853944,56.7112373765217,17.5674304522657,68.9384185086577,69.6830680510005,79.7695043334822,70.048768269581,68.7307772084795,58.0543867295935,59.4389461755938,57.7223889442852,56.4561144232847,56.3932165796284,3.88227145275366,3.7864137716875,3.18226873964526,2.82006937323982,2.63724280252282,56.8049776275025,17.6935466562932,66.739840418142,66.6609085474294,68.666099213676,67.5762807143196,68.2875872939962,58.3771736594221,58.6032654158051,58.4004920030099,56.3594616462022,56.4198112587291,4.15147915705944,4.29595812161914,3.37522077196315,2.88562641414518,2.71346958893275,57.2763895674865,17.5483583676636
66.6589651257421,-143750.8603,-152957.5174,-151593.5682,-142727.8984,-143068.8857,66.6071457183823,66.6060563688487,67.6681005302613,67.8246408137561,68.2973432714998,58.4360866707769,58.2050807349316,57.5629420973573,55.9082098738436,55.4383695076122,4.20374768575387,4.35056476994021,3.58461226305586,2.86198404480309,2.65854136539788,57.2314996545992,17.6594501289509,64.6345610643151,67.9304327110534,65.9946956365425,70.8584816547857,68.7133325801367,58.9101313807294,55.2583709314448,55.1488201134695,59.9295006347991,58.6035956798022,3.72586479443747,4.94865401906209,4.34084744790082,2.32435147798795,2.74846854010663,57.5540407781375,18.9756455493778,69.2154976563031,69.6063369308425,81.5167294200233,69.9638829554627,68.7347902568222,57.8622016835827,59.830231068245,57.9792829622875,56.066996959814,56.0682938481355,3.9376000404201,3.6916511628407,3.04549065666821,2.86997115818012,2.62842335353936,56.7661292380739,17.6894933404517,68.7487596704833,69.4355840412828,79.9352356275528,70.0550309525272,68.7326039980527,57.9689721193453,59.3644178554115,57.690895532672,56.4605359554502,56.3266082008002,3.91602696682422,3.81972344009263,3.17747070212779,2.81437959400044,2.6406544000646,56.846407198231,17.8205355584344,66.6642122335653,66.6910833315647,67.6812708179338,67.8327884253028,68.3033181877645,58.1612480472416,58.2886810531917,57.8822475390598,55.4463443107198,55.1580678211275,4.17977398080011,4.39179217797161,3.47218538417153,2.83574425080837,2.65403638188464,57.2678129944271,17.7177687915344
66.7611568680564,-143750.8603,-152957.5174,-151593.5682,-142727.8984,-143068.8857,66.6560230378496,66.6557324856093,67.1665954414966,67.9562858694406,68.1242042720339,58.4489266302266,58.2190646854756,57.3037629852091,55.9234494366842,55.2491922730612,4.18528902982361,4.33215927092286,3.67268479914382,2.83429725082825,2.65522965497736,57.1844316363917,17.6796600056959,64.6667915547482,67.7466752865629,66.0091604716899,70.6272876347151,68.6728041572016,58.9096901044754,55.1775689539661,55.2368865924044,59.8254981919875,58.4767800239581,3.73223684307143,4.98019381142028,4.3452961369231,2.34404198104384,2.76589853766882,57.4560585281928,19.1051400629871,69.1305560182834,69.4770094403053,81.6584240642461,69.9777815411954,68.7318240983071,57.8281327284278,59.8085834054663,57.9481145826471,56.068410847248,56.0085491985336,3.94843544283332,3.70200907118072,3.03944094727333,2.86656013828711,2.63070491868992,56.810040185059,17.7725533134844,68.6757563516544,69.3007108468854,80.0639672054612,70.0439577826211,68.7258107322887,57.9383293882393,59.3367431356891,57.6718756376511,56.4512092869601,56.2600298861318,3.92640761141421,3.83223950750864,3.17249064327994,2.81332231947674,2.64447939387656,56.8758610699855,17.908326608509,66.6727463846952,66.7315047247436,67.1823281823976,68.0506558561794,68.1581994687431,58.2322234191434,58.2609559612988,57.4404913633976,55.6706138423285,55.4140891802818,4.16181477285675,4.36830715685944,3.59445981408534,2.83169263391783,2.65564712598331,57.2137846420667,17.726011226023
66.8264232789839,-143750.8603,-152957.5174,-151593.5682,-142727.8984,-143068.8857,66.758493285278,66.7583501424949,66.8829986291681,67.9711793762987,67.8406359765455,58.4952508672094,58.2660838196962,57.1586530507466,55.9014510786318,55.0160306236352,4.15685136943594,4.30379680014561,3.72498843717457,2.82563404742259,2.66566593880441,57.1651356457277,17.6769365929831,64.7284050514101,67.6692924639561,66.0606430881707,70.4025288135662,68.6194922164409,58.920974264391,55.134502385207,55.3136259842112,59.7176212450311,58.361169504229,3.73020292418057,4.99524836672542,4.34183802586236,2.36373329267639,2.7834591916232,57.35816513315,19.1903398429334,69.0983767570615,69.4097859464695,81.7601933491041,69.9887413147349,68.7266266659818,57.8188308261697,59.8058810066344,57.9383838940107,56.0672828301086,55.9625693747914,3.9495717346641,3.70387917588325,3.03326925171037,2.86597270626165,2.63251268197644,56.8492001289189,17.8157597303546,68.6531333551875,69.232452249299,80.1606129314485,70.0309008905953,68.7157110559998,57.9311249385439,59.3299281518011,57.6709551279747,56.4392049392951,56.2069555981587,3.92722089991649,3.83545293661543,3.16659542675996,2.81480102824582,2.64789217227593,56.9010570573346,17.955811604073,66.8659749785627,66.8120598639581,66.9684972288322,67.986635538962,67.8661524489805,58.4599194022736,58.3296483383574,57.171346393905,55.8508239268745,55.2209500514498,4.13709785500621,4.3127116991192,3.68758156135041,2.83231513985993,2.6658548138939,57.1565905766939,17.6983630532899
66.9850339603637,-143750.8603,-152957.5174,-151593.5682,-142727.8984,-143068.8857,66.8623473025286,66.862220339485,66.7764337118679,67.8699761298205,67.5287125828197,58.5455886593471,58.3167999800358,57.1050654046967,55.8265828253506,54.7789985853509,4.13010308886267,4.27702641750451,3.74539296697561,2.83181279219448,2.68132396339624,57.1671369754308,17.6656592289335,64.7820016479942,67.6447664165806,66.1262543576111,70.1971144063101,68.5601078648995,58.9326094704099,55.1143462814447,55.3819061208361,59.6144323947923,58.2641060936184,3.72630123137646,5.00129573998678,4.33502501733472,2.38286114537865,2.79955396289021,57.2679892570812,19.2443392172355,69.090428714714,69.3790962791543,81.8333109005973,70.0019616111301,68.7210506522406,57.8197670715496,59.8106840390844,57.9433730630663,56.0679228522866,55.9304769576858,3.94718934488419,3.70225193267135,3.02710592930688,2.86657420211174,2.63381050229353,56.8846960551282,17.8324355524121,68.6514559128006,69.2023905748621,80.2329656902196,70.0218451482017,68.704652670979,57.9331512691584,59.332188172199,57.6823928252146,56.4292661468991,56.1682434800299,3.92468371287644,3.83460763721846,3.16036590977227,2.81729011941799,2.65069760985512,56.9237486579018,17.9762902117069,66.9211416937921,66.8917087259957,66.8792760665394,67.8775282749041,67.5623877506448,58.5415373760448,58.3959128633394,57.0810212601899,55.8915304313964,54.9093053941585,4.11634109854006,4.2782628807646,3.72769323141513,2.83966570962123,2.6780039016243,57.1442540329434,17.6684132260628
67.0019980830166,-143750.8603,-152957.5174,-151593.5682,-142727.8984,-143068.8857,66.9660203765985,66.9658617943763,66.7709905398102,67.694036220009,67.250792702156,58.5977965176408,58.3692660935998,57.1055459666414,55.7168573069298,54.5777291871867,4.1047026394688,4.25156537520365,3.74768843424594,2.84746812822383,2.6975414135249,57.1743048557003,17.6489659906671,64.8720040615094,67.6905933174108,66.1923386611214,70.0149524427885,68.500296514025,58.9519837654194,55.1206578612838,55.4425120855172,59.5191870295349,58.186523663547,3.71994174607218,4.99614403916783,4.32749731024436,2.40108202864754,2.81347791802647,57.187283847217,19.278740507067,69.1192948048425,69.3948449946987,81.8868739806595,70.0191115241562,68.7158350201352,57.8377666160335,59.8357333268673,57.9561839060905,56.0718735591536,55.9093193748738,3.93821868953651,3.69177918497238,3.02126938894156,2.86742718410866,2.63469655157757,56.9167747775654,17.8343751511835,68.6865510008349,69.2212038671226,80.2878045204465,70.0186877677428,68.6938744436923,57.9512908828788,59.3553283307265,57.7000733708348,56.423110061416,56.1413369375824,3.91597910186755,3.82467703513826,3.15435706146618,2.81991266514818,2.65291205253526,56.9443361410071,17.9815372354987,67.013072802334,67.0150833095987,66.8769121591462,67.6735034253078,67.3019385906801,58.6131027307334,58.4604225837189,57.0993980777954,55.7794180795101,54.6567243404829,4.09084536421794,4.24917192817135,3.73199745886204,2.85652957853933,2.69354747245701,57.1515207344439,17.6480721903828
67.0191167794751,-143750.8603,-152957.5174,-151593.5682,-142727.8984,-143068.8857,67.034301057434,67.0342285223696,66.8182174787701,67.4852904101731,67.0397674519621,58.6322534057642,58.4038472370746,57.1300835811842,55.5844320070401,54.4232879664869,4.08817849952362,4.2349216584811,3.73891145824646,2.86572901430783,2.70963969839751,57.179758997745,17.6373803289565,64.9149441350045,67.7238565284138,66.260506206832,69.8616459558216,68.4440165599859,58.9625626116886,55.1291875285429,55.4982324525487,59.4358124877499,58.1310299534666,3.7153424173153,4.99163040788638,4.31917840278267,2.41776936651413,2.82456836753554,57.1183771277666,19.2953955807515,69.1387797076391,69.4125516690106,81.9251420655633,70.0448560375273,68.7133249154859,57.8494119729411,59.8517122437091,57.9766382664089,56.0820195088536,55.9010772276063,3.93257888528032,3.68501208282151,3.01546824975512,2.86820078357781,2.63503863023725,56.9490188319258,17.8230174908954,68.7084256811167,69.2404955506254,80.3291189723614,70.0261893079623,68.685885889233,57.9628275761939,59.3705482657147,57.7241208795434,56.4237274867734,56.1282804693106,3.9104453085611,3.8181395324227,3.14829939436892,2.82230766802629,2.6543492506886,56.9662742442842,17.973033709244,67.0780763515261,67.0874767954496,66.8940255935036,67.4743501940338,67.1074028971978,58.6583163370297,58.4979240458393,57.1617917822298,55.6217438018714,54.5276421463408,4.07351865409978,4.23101403269512,3.72246061889057,2.87676599212359,2.70927819530284,57.1638801808083,17.6239426419172
67.0229459219241,-143750.8603,-152957.5174,-151593.5682,-142727.8984,-143068.8857,67.0688307554659,67.0687979092805,66.8777300214866,67.2846351634746,66.9053612465601,58.6494574235317,58.4210320474609,57.1581360805723,55.4523146720737,54.321535131961,4.07976570313671,4.22640820878506,3.72680947979005,2.88232855472542,2.71667085642581,57.1795095286982,17.6319828028631,64.9385074060836,67.7505212633419,66.3201488397078,69.7310293911547,68.3947461824474,58.9685713468383,55.1379793402945,55.5476185798673,59.3618600423188,58.0908158253103,3.71257988431293,4.98762893279042,4.31195151940683,2.43308137416821,2.83329360566115,57.0585395808422,19.3045001603657,69.1535342653743,69.4303294576694,81.9546664196018,70.0750697266023,68.7122077449066,57.8577730336285,59.86329503055,57.9973629939358,56.0959086191212,55.898491200182,3.92868473043904,3.6800509107617,3.01027901088629,2.8683942546388,2.63514130215342,56.9792374632608,17.8095511287758,68.7240777324192,69.2591788037713,80.3617119881286,70.040016481489,68.6798625318127,57.9709489654383,59.3818466884162,57.7477658317319,56.4286666825519,56.1218606267716,3.90666645129866,3.81327614102824,3.14290254597005,2.82404152175277,2.65533045019501,56.9873173198333,17.961867033154,67.1137775264052,67.1163973841178,66.9527583142629,67.2626660560744,66.9754182716172,58.6822814165229,58.5171063927214,57.2177517324947,55.4354944769135,54.4730127242195,4.0651395014504,4.22231068707633,3.70847843690345,2.89334982947411,2.71939880695606,57.1685108270718,17.6185051311175
67.0267543349576,-143750.8603,-152957.5174,-151593.5682,-142727.8984,-143068.8857,67.085153657862,67.0851398984723,66.9283168073204,67.1153752558427,66.8307898612903,58.6573796333823,58.4288973231706,57.1808365539899,55.3378185458855,54.2628642751909,4.07569904719294,4.22226945560984,3.71614754760166,2.89573092797711,2.72010789956238,57.1722999410908,17.6299548779439,64.9488749055096,67.7682776152411,66.3706224505193,69.6188804387733,68.3533910830109,58.9714009312832,55.144883784839,55.5908191679182,59.2959601469068,58.0616679428327,3.71114659871398,4.98475842196672,4.30595029446992,2.44705412262463,2.84006668364148,57.0058301075343,19.3099209210591,69.1628542127369,69.4445627909411,81.9783475109574,70.1077938693927,68.7120415176469,57.862868749881,59.8706583387523,58.0160576874151,56.1121793018188,55.8986940291901,3.92637783605432,3.67686391546452,3.00581777708034,2.8680193253074,2.63512126698071,57.0072495445079,17.7970927307134,68.7335044117417,69.2737710869183,80.3881228894946,70.0579799360921,68.675499693041,57.9758137922702,59.389163244367,57.7689573578225,56.436565249777,56.1190729992025,3.90444856631122,3.81012139139147,3.13828440705436,2.82512843457906,2.65600254508933,57.0071049223022,17.9512302893272,67.1310691595463,67.1308090305237,66.9917153055151,67.1011441908982,66.9053984001604,58.6870957399993,58.5211548151025,57.2557191622352,55.2684817039201,54.4618931571749,4.06098937778106,4.21977439377805,3.69550113433641,2.90560975003323,2.72414611125483,57.1638601110935,17.6164048642372
67.0303748215422,-143181.6675,-150991.215,-149834.245,-142313.94,-142603.1825,67.0934334210829,67.0933914547008,66.9651939322757,66.9845161279702,66.7978127152883,58.6861039774326,58.4931866923947,57.2720832017621,55.314686806747,54.3146823564956,4.06943286251903,4.19514934426995,3.69362199325691,2.9139860998878,2.72967064740096,57.162120780376,17.6018609473346,64.9542379257486,67.7807681088364,66.4126597102882,69.5214384420441,68.3197146533614,58.9728553079952,55.1501714473573,55.6282354183373,59.2368685072187,58.0401504849566,3.71041612378609,4.9826547120741,4.30106920385481,2.45976717351548,2.84531323303225,56.958682678107,19.3137124814638,69.1691614161489,69.4558636851726,81.9978801250935,70.1413068494579,68.7124106041188,57.8661836773734,59.8757162381041,58.031763707236,56.129603187186,55.8998610399946,3.92492665150102,3.67465753297321,3.0020967461614,2.86717950451126,2.63505566217429,57.032967609813,17.7869060468806,68.7397154151423,69.285193185886,80.409948434948,70.0781503035987,68.672399983274,57.9789391537849,59.3942445536035,57.7868753683789,56.4461931961847,56.1179287570549,3.90307081271514,3.80792546990545,3.13444518110802,2.82566947551419,2.65647817985272,57.0253989393664,17.9424678071679,67.1350527099924,67.1389381727942,67.0186607371487,66.9743783281006,66.8600200750866,58.6854537335712,58.520988875659,57.2755019907706,55.1515203821237,54.4424855487573,4.058760486314,4.21966182422662,3.68672631719595,2.91432591751319,2.72655756669552,57.1515607471283,17.6166855256491
66.8980730679971,-143181.6675,-150991.215,-149834.245,-142313.94,-142603.1825,67.0776479048303,67.0776400115847,66.9876701573227,66.8926691879741,66.7914800284087,58.6773330579421,58.4843174551456,57.2785779611618,55.2454832203434,54.3018191703122,4.07283100069614,4.19850914849474,3.68754217736819,2.91965119511397,2.72824337788063,57.1515231371787,17.6067768995537,64.9527105658198,67.7759687445108,66.4765098498614,69.4488881662293,68.2772595119968,58.978848016863,55.1691392423756,55.6869119234486,59.2109898743201,58.033736320018,3.703114541926,4.97934499575413,4.29380573081915,2.47214020817967,2.84897912361171,56.9161254719524,19.316539706856,69.1825258758693,69.4723313783222,82.024707562382,70.175484523424,68.7102636261727,57.8745416014399,59.9059698579433,58.0507472250699,56.1504335848873,55.9172470823587,3.9207532530379,3.66203777193701,2.99735959624364,2.86562388426814,2.63450911826586,57.0566029483681,17.7788012506739,68.7515625917113,69.2994940418897,80.4405480051065,70.1014537846327,68.6661461266081,57.9870560931192,59.4233482943646,57.8099030864677,56.4622645498731,56.1328898671819,3.89857869296246,3.796254281597,3.129450631652,2.82553300443545,2.65636082834825,57.0422901166843,17.9354768420827,67.1488434361407,67.1485094036489,67.0516907831476,66.8826470272752,66.8367581940729,58.7313632640574,58.6030699828435,57.384875101502,55.2362515818105,54.5790650194982,4.04788172027927,4.19055744893712,3.66400098895722,2.9342486520321,2.74172196304694,57.1391844182322,17.5833092506238
66.9050290007845,-143181.6675,-150991.215,-149834.245,-142313.94,-142603.1825,67.029560472525,67.0296860682366,66.9902055869356,66.8336198178581,66.7983076084057,58.6511360224695,58.4579718429019,57.2707104172185,55.1886329627471,54.2882069407657,4.08347212867543,4.20909311961659,3.68359532590227,2.92020256039898,2.72378579784079,57.1354984932183,17.6201489324341,64.8890455006567,67.7242012108581,66.5292110815425,69.3747570901863,68.2487152061859,58.9675151371194,55.1631135744817,55.7368195442613,59.1755099549014,58.0248699337298,3.70483288868327,4.98494800678166,4.28793088644525,2.48338525241574,2.85219234651354,56.8806763576927,19.3149549241725,69.1593956215396,69.4579909708378,82.0462580320809,70.2109230603672,68.7105034829246,57.8634930406752,59.9018656967704,58.0678240420824,56.171847782777,55.9288656789256,3.92516253169928,3.66388652377081,2.99329049242344,2.86415064937636,2.63409497188063,57.0811158146698,17.7679452720161,68.7243023662318,69.2813402959903,80.4652723331665,70.1257286000431,68.6634532507653,57.9759785639405,59.4190483565948,57.8303249362985,56.4778819755996,56.1424213098567,3.90271380058662,3.79848554371863,3.12519754630487,2.82535559712479,2.65631626381617,57.0606936353731,17.9255654779701,67.0801004370802,67.0767707284358,67.0537130818784,66.824308798079,66.8411324822534,58.6768086847045,58.5646600122929,57.3819106782028,55.1566172943259,54.5106616442617,4.06503473321807,4.20405054097003,3.66104860169062,2.92913504706717,2.73349893476776,57.1299429934811,17.5929506047642
66.9122687694642,-143181.6675,-150991.215,-149834.245,-142313.94,-142603.1825,66.9970303090535,66.9970543658937,66.9735755752343,66.7982836723126,66.8071883145332,58.6329166265962,58.4395980136675,57.2555843202836,55.1504643341924,54.2796255169366,4.09045883675305,4.21610603480199,3.68416538336152,2.91949243398855,2.71998912147649,57.1123271938833,17.6302118103816,64.864586986953,67.6968138882244,66.5642683114968,69.2970077925067,68.2287366732353,58.9618391752275,55.1570341853813,55.7765557055927,59.1333604705195,58.0105138610312,3.70704274883886,4.98847928544658,4.28455569638615,2.49407716315687,2.85544475246237,56.8459239968874,19.3202706355492,69.1466864743366,69.4494397386698,82.0664938794768,70.2408257264772,68.7099791119413,57.8578074835734,59.9000555218772,58.0766807160584,56.1898836615411,55.9316325837598,3.92726804798608,3.66472708295881,2.99050571174493,2.86244018096705,2.63401794484611,57.1011034262866,17.7658805246414,68.7103961110696,69.2708699106649,80.4870182870883,70.1446629281856,68.66094675316,57.9702939844661,59.4168032041812,57.8423278292718,56.4897857469646,56.1434436055079,3.90482994815944,3.79960025230029,3.12235261057301,2.82490877018875,2.65657846279218,57.0751039542335,17.9242527035562,67.0402628692163,67.0350917699146,67.0295416186826,66.7840568600379,66.8426953378601,58.6464415163056,58.5293466283992,57.3431511648821,55.1543154595642,54.5013810146818,4.07536613528425,4.21571438047042,3.66262806734872,2.92524565219273,2.7262756983374,57.1026914640962,17.6153147326387
66.9189025124683,-143181.6675,-150991.215,-149834.245,-142313.94,-142603.1825,66.9865031159983,66.9864510878699,66.9506460756933,66.7777884337778,66.8112818554173,58.6264394898886,58.4330795296112,57.2407798012399,55.1282638641107,54.2742304539968,4.09244047104639,4.21811950099841,3.6872482035614,2.91906508516677,2.71793051149297,57.0853816286158,17.6348037722659,64.8582599548928,67.6833276693309,66.5935662145417,69.2222381095421,68.2130699774136,58.9599432619328,55.1527452577149,55.809574572872,59.0903371577262,57.9956698705549,3.70811563698979,4.9904721845196,4.28171956669304,2.50401147132831,2.85844068187062,56.8118150766593,19.3273714467633,69.1403024004081,69.4451135239242,82.0834196416494,70.2680125100731,68.7095011579622,57.8552395148662,59.8997596239953,58.0825024588565,56.2061735654513,55.9316752249174,3.9280885147171,3.66489756780624,2.98840539675989,2.86085455843989,2.63403341185925,57.1188036837613,17.7655529036796,68.7040178489671,69.2656104103781,80.5052046098461,70.1614616710635,68.6589212635116,57.9677944894833,59.416100468387,57.8509206060813,56.5000324038792,56.1419694921056,3.90567613335713,3.79995641750541,3.12017732561886,2.82449687909032,2.65689760024196,57.0875255288969,17.9246819434245,67.0343227563998,67.0316201019993,66.9931990016108,66.7681604399518,66.8420176554355,58.6404229948203,58.5108765325109,57.3067069840808,55.0945989852141,54.370663227499,4.07694502916188,4.22011192963785,3.66624781971387,2.9245239421551,2.72409101499188,57.0739448720085,17.6250650068343
66.9243698641491,-143181.6675,-150991.215,-149834.245,-142313.94,-142603.1825,66.987084696531,66.9870101694565,66.9322358191094,66.7646056634921,66.808749341573,58.6260925655043,58.4327512525592,57.2302620532367,55.1151907906107,54.2683260914889,4.09198599733799,4.21768194295685,3.69024776208306,2.9190925725608,2.71719971874536,57.0589706762996,17.6362079936841,64.8590452309789,67.6777094335872,66.6201158651083,69.1533137848044,68.2001067488063,58.9598344375134,55.1503239739863,55.83769415286,59.0491819924353,57.982221754249,3.70838584063103,4.99142684565501,4.27900261095868,2.51314505361857,2.86107489202271,56.7789953566712,19.3338004535831,69.1376395422335,69.4436665084503,82.0969355416136,70.2934516826094,68.7092281542758,57.8544139737244,59.9003660347501,58.0872040147012,56.2213565286787,55.9310819029741,3.92822849737083,3.6646646912882,2.98672061020458,2.8594050719336,2.63406297662273,57.1349711960034,17.7649627155609,68.7017063109227,69.2637384016943,80.5200484798404,70.1772864279082,68.6573552906038,57.9670419724737,59.4163983963684,57.8580081546594,56.5094752429853,56.1400664334506,3.90582938383945,3.799844535662,3.11838737442004,2.82412566994384,2.65719254456659,57.0987018779471,17.9248069201725,67.0315121340224,67.0296202407079,66.9722104802306,66.7550513196501,66.8364255102487,58.6389709322746,58.5081158760151,57.2878427676087,55.0943156270819,54.3454707068993,4.07690001733899,4.2206277657504,3.67137211132073,2.92446579537163,2.72312555275178,57.0445825886715,17.6262803759975
66.928447466945,-143181.6675,-150991.215,-149834.245,-142313.94,-142603.1825,66.9911244750784,66.9910587263859,66.9217055844724,66.7537160713013,66.8014478122145,58.627817800806,58.4345080997936,57.2245756715777,55.1059946230468,54.2611619883872,4.09085354113134,4.21655231689364,3.69209109281823,2.9195169700082,2.71722949594436,57.0352655633372,17.6362434167958,64.8619669812583,67.6763384460556,66.644287882698,69.0911538279385,68.189188735457,58.9603720675916,55.1493037175126,55.8619264283326,59.0110623800807,57.9707443463482,3.7082864275913,4.99174401332201,4.27641738791501,2.52148874383596,2.86332474505966,56.748074823102,19.3387814257602,69.1370246023694,69.443996048648,82.1075410164729,70.3175369276397,68.7091561040227,57.8544818781598,59.9014088018557,58.0914025310092,56.2357254775026,55.9305484662888,3.92804790480329,3.66423240899555,2.98532509552764,2.85804921384825,2.63408304513203,57.1499048581181,17.7637689096403,68.7014517138838,69.2638946801864,80.5320362093328,70.1925844061838,68.6561781774736,57.9671577358558,59.4172309681459,57.8642478510215,56.518496288639,56.1384179481328,3.90565706241221,3.79948861259363,3.11687064390095,2.82375806994661,2.65743979918037,57.1089635926325,17.9242422440018,67.0388620402882,67.0320667617487,66.9622934986601,66.7434698127613,66.8265087983538,58.6428468693524,58.5081742298229,57.2770762974828,55.1036049889932,54.3339323497591,4.07614828755731,4.2190154381269,3.67543415221348,2.92468359641424,2.7227771947623,57.0171701377432,17.6254836833736
66.9630098924911,-143181.6675,-150991.215,-149834.245,-142313.94,-142603.1825,67.000436399226,67.0003680821409,66.9177234143126,66.7429187097987,66.7924353725705,58.6325462359725,58.4392737629724,57.2232551002336,55.0994184156366,54.2554275594001,4.08861278727782,4.21431443505931,3.69310474977825,2.9205753915047,2.71793996110299,57.0144784119668,17.6345473247231,64.8649894715507,67.6770171150328,66.6659677081906,69.035706358478,68.1799913958712,58.9610222774619,55.1491536196736,55.8829100978239,58.9763481113386,57.9612502345275,3.7080733582647,4.99171548397574,4.27403756481979,2.5290738336306,2.86520867271776,56.7194207482333,19.3423063530355,69.1373980322612,69.4452567785793,82.1158381446317,70.3404331044507,68.7092461656006,57.8549282679183,59.9025597398476,58.0952343789983,56.2494132730207,55.9302586594207,3.92775600398309,3.66374515010938,2.98415434804619,2.85675284152618,2.63408905095031,57.1637527999321,17.7621232744561,68.7020950486501,69.2650961056606,80.5416968606648,70.2074983822095,68.6553219734079,57.9676248922385,59.4182493474719,57.8698272470197,56.5272525419869,56.1371903420466,3.90537319349811,3.79904809229403,3.11557670730624,2.82336660334769,2.65763714086185,57.1184811305517,17.923123422027,67.0411159702131,67.0353194434615,66.9575828958461,66.7317043001858,66.8163467624978,58.6445246998448,58.5089742289276,57.2731755288464,55.1087666160444,54.3206465608024,4.07530566613811,4.21766448058146,3.67750680844444,2.92513256816335,2.72279450648389,56.9941035901563,17.6240247522006
66.9594113266895,-143181.6675,-150991.215,-149834.245,-142313.94,-142603.1825,67.0150674101677,67.0149860067244,66.9205060345071,66.7319509166571,66.7842962484146,58.6403161845963,58.4470889400367,57.2264689514256,55.0954177471522,54.2532557112841,4.08526316812233,4.21096834945092,3.69326903440303,2.92232402338046,2.71923424292736,56.9970885283255,17.6310588182841,64.8813121617871,67.6909600350498,66.6851168219142,68.986477186363,68.172299600637,58.964397025614,55.1531686929416,55.9011056375344,58.9450174526033,57.9535180331757,3.70708286838609,4.98973728230404,4.27190793821984,2.53594235352812,2.86676582415165,56.6931708546216,19.3446363428615,69.1454184048102,69.4539126317934,82.1223614743961,70.3621945057176,68.709454515975,57.8591944256834,59.9084253195384,58.0986853499817,56.2624666435651,55.9302034357429,3.92586879091791,3.66123670761331,2.98317062432201,2.85549750555992,2.63408312832587,57.176605545286,17.7602675538025,68.7109613196212,69.2742906423646,80.5495065939532,70.2220267653878,68.6547254014754,57.971800226933,59.4239263845747,57.8747804981966,56.5357837559783,56.1363529339782,3.90357734488767,3.79659367445633,3.11447623095093,2.82293898285988,2.65779047519786,57.1273498244819,17.9216941709477,67.0581980738533,67.0553548578811,66.9557029780072,66.7202369757441,66.8076803073836,58.6538293340051,58.5165834362421,57.2739607924795,55.1099847972603,54.3094710318023,4.0715231067425,4.21384789210709,3.67853380651857,2.92638820694708,2.72364551832284,56.9748043465745,17.6213921232062
66.9572148529454,-143181.6675,-150991.215,-149834.245,-142313.94,-142603.1825,67.023785005118,67.0237149875881,66.9276723724225,66.7216124868205,66.7788546149227,58.6450535639243,58.4518527472873,57.2312617998836,55.0911019910511,54.2521514809293,4.08332251297694,4.2090204389367,3.69236499521755,2.92383730210959,2.72017578476881,56.9830389282137,17.6287210340096,64.8863904768511,67.6979637816949,66.7038771673339,68.9445745532077,68.1658677009372,58.9657293710381,55.1558360381152,55.9175038960185,58.9177599783826,57.9485374927647,3.7064437098085,4.98861603421291,4.26970517362592,2.54202759244644,2.86790517105406,56.6699535985346,19.3447190094789,69.1493309295922,69.459643490767,82.1269732420891,70.3840976302168,68.7102994065138,57.8611939860184,59.9112769408116,58.1029750533349,56.2756491572864,55.9317076875823,3.92501533940218,3.65999999545077,2.98220814747292,2.85431114312036,2.63400284019977,57.1894353347449,17.7566513399006,68.7149926233029,69.280151192072,80.5555599180916,70.2374289112742,68.6548288815295,57.9737318067279,59.426759230505,57.8803039061688,56.5448459597718,56.137196469649,3.90274572704117,3.79536872658414,3.1133873848775,2.82249350222545,2.65783445205235,57.1365068878301,17.9184548249654,67.0659617845843,67.0636611105318,66.9629654389027,66.7109730874846,66.8018605783449,58.6588063077192,58.5206920492369,57.2801737844087,55.1112095859237,54.30543591219,4.06942433828731,4.21137346126198,3.6786349850658,2.92837172883408,2.7251227822405,56.9610249538569,17.6156855219808
66.9556419143877,-143181.6675,-150991.215,-149834.245,-142313.94,-142603.1825,67.026541378508,67.0264842755802,66.9353640260214,66.7129094899749,66.776728839964,58.6466452920555,58.4534479252796,57.2355553675292,55.0865684282252,54.2520189670759,4.08275500925667,4.20844399754708,3.69107146726597,2.92488584753334,2.72060869065219,56.9716587663877,17.6277650122552,64.887274688387,67.7014290239395,66.7199484508552,68.9079557952052,68.1608580963494,58.9660753195096,55.1574670523946,55.9318298103363,58.893590282592,57.9448306681112,3.70619884051078,4.98800022948356,4.2678408169444,2.54746447950931,2.8687786177034,56.649295665,19.3441246383816,69.1511800017775,69.4633434179981,82.1307109668617,70.4051011926166,68.7113147930798,57.8620863404376,59.9126842720858,58.1067476162589,56.2883477730743,55.9332966115832,3.92465534896052,3.65937980623042,2.98138538003245,2.85310327275053,2.63391540390527,57.2015195958884,17.7534523005816,68.7167433887104,69.2838272079488,80.5605542724317,70.2525615070664,68.6552303996913,57.9745684894725,59.4281893521743,57.885151718635,56.5537881730989,56.1382458255919,3.90239746595,3.79474898408652,3.11245849301146,2.82196264640016,2.65784491725916,57.1452551442749,17.915521167534,67.0666095631274,67.0633375321146,66.9706174764246,66.7010067960583,66.7988094386718,58.6601454422669,58.5214617683481,57.2853135894431,55.1090294674043,54.3017371578033,4.06920513605004,4.21074466570325,3.67789304288829,2.92927288954393,2.72573218664038,56.9493293076176,17.6147939365815
66.9546593482965,-143181.6675,-150991.215,-149834.245,-142313.94,-142603.1825,67.0265480223462,67.0264975787968,66.941141161671,66.7065560553992,66.7774209495101,58.6467508403755,58.453547635825,57.2385162967959,55.0828125760775,54.2531274226193,4.08280319691086,4.20848641473214,3.69000012634837,2.92553947793178,2.72069913204402,56.9621806545346,17.6275283479672,64.8868164938271,67.7029996187022,66.7333557793081,68.8754782523854,68.1570338490206,58.9660406102111,55.1583781550531,55.9441988829636,58.8719779273142,57.9417954045306,3.7061562904776,4.98768741901644,4.26631954526878,2.55233315048503,2.86947319016509,56.6308026551068,19.3434368664573,69.1519574749358,69.4656409536611,82.1338956773686,70.4248889477301,68.7123308196585,57.8624247092635,59.9133556984503,58.1097437775389,56.3003503066611,55.9346060299818,3.92453432041699,3.65907790490588,2.98071584367747,2.85189420817294,2.63383867775423,57.212723919112,17.7509943020962,68.7173949633651,69.2860506777685,80.5647805350348,70.2670241066367,68.6557532651775,57.9748688464795,59.4288851984426,57.8891028579365,56.5623657857755,56.1391125772836,3.90228443334816,3.79444597126193,3.11170217588141,2.8213728241966,2.65784677642659,57.1534336946757,17.9132435321606,67.0661677351777,67.0632377415595,66.9746323492935,66.6949452109839,66.7985762464584,58.6590724905015,58.5198513171055,57.2885328342816,55.1069685763847,54.3001958922523,4.06927933518959,4.21101749535309,3.67690277189792,2.92968082866139,2.72572534493531,56.9402467977719,17.6145420408927
