66.9109069781773,-153004.2958,-160378.4764,-159286.0052,-152184.9424,-152458.0602,66.8212004196598,66.8205250341035,66.5357488572166,66.5672224098122,66.1565774935206,58.1857466902266,58.008582977937,56.4994644801985,53.878728998699,52.4994395111192,4.23372846476396,4.34889566213356,3.79235687840374,2.8659338593681,2.6674435054607,56.888102673018,17.9083583701301,64.8401732570389,68.51039418037,65.3331447588009,70.7922314424329,68.5710123248996,58.830758537861,54.6251905086041,54.5114169600354,59.4360122518764,57.8647099794712,3.85624914506229,5.02328851003069,4.41370350913924,2.26502787487263,2.84946534567749,56.8085368210926,19.7296898336957
70.9999991911506,-153341.0014,-161541.6412,-160326.7316,-152429.8192,-152733.5466,67.4927693747272,67.4896061287154,66.6565168853999,66.4691185440469,66.2209131923553,58.5350712027588,58.3384654785702,56.6277760902005,53.9945631606489,52.7630117648492,4.09040591651282,4.21807014989398,3.82000622176896,2.91977507388063,2.71182481962006,56.7694616892833,17.7600821816765,64.8979993018946,68.6144049356075,65.3017443162849,70.7271595373942,68.5552768984872,58.8441656036578,54.6581539797934,54.4667792580559,59.4049726444966,57.8933439695058,3.85103893264196,5.00794095066681,4.41598934082608,2.27313675638068,2.84718234255562,56.8064019961587,19.7035137364526
75.9999973412391,-153341.0014,-161541.6412,-160326.7316,-152429.8192,-152733.5466,69.9671943132074,69.9598736168923,67.1468420825365,66.4154525542881,66.3170422379588,59.7174237422635,59.5317239462497,57.2435343492867,54.7086241965923,53.6927118384444,3.57477480567467,3.70153425420488,3.86838955892952,3.11125223274032,2.89088371075229,56.7104150666409,17.1468345623017,66.8992212664677,70.7345585237331,65.2670040484508,70.6762375541596,68.5583411792109,59.2503636176073,55.1476260540721,54.4200945017211,59.3702276943835,57.9207077857529,3.73846068860392,4.73087627860676,4.41873841195703,2.27941159983696,2.84389173003549,56.8101272415148,19.6751119022235
76.0000154476323,-153341.0014,-161541.6412,-160326.7316,-152429.8192,-152733.5466,73.193403213609,73.1903691065003,68.5878926297608,66.416933528864,66.5644967833318,60.9197097625363,60.7550477301788,58.3249117412453,55.5724453538361,54.8431614147771,2.98529711101375,3.10407363394393,3.73281921211012,3.35865513229675,3.11359328639457,56.7862757818571,16.2944383757591,70.9993061336509,74.749117349988,65.6035314014073,70.8820841074066,68.60299862453,60.1493329041199,56.1696866117202,54.4565359218066,59.4509262363019,58.1395113324589,3.42956753754138,4.18757245908447,4.35822057246756,2.26858805451641,2.81721358206529,56.9016442710157,19.4535591175333
81.000010107249,-153341.0014,-161541.6412,-160326.7316,-152429.8192,-152733.5466,75.5853578862833,75.5963676003983,70.8054620808059,66.5326340238589,67.2080508022909,61.6133174066184,61.4666878828151,59.4966621402079,56.2912768410773,56.0103738364569,2.62242452376823,2.73184912789101,3.38761428581291,3.55645206159057,3.25920020933493,56.954673712891,15.5575402083976,72.9841636268388,76.7709782737046,66.7967681425006,71.5149732774987,68.8683905184015,60.6586127568156,56.9632324824249,54.6772116402038,59.7002504778751,58.6476001919179,3.19319308622324,3.85927332297778,4.15109484214509,2.233520129102,2.74736606571852,57.1413393968911,18.8114626414846
79.7836386622114,-153341.0014,-161541.6412,-160326.7316,-152429.8192,-152733.5466,77.9632474361072,77.9920876767864,73.1949934825185,66.9241406737883,68.429287439898,62.1575352202406,62.028689012604,60.5121813003036,57.0888912226745,57.411173798364,2.31818858274379,2.41804104663923,3.02061180783638,3.70330168515086,3.31231572830554,57.1288907533996,14.7724588506758,77.5398359260269,80.033250116131,67.9444946951697,72.2715436632473,69.3431847645463,61.6859048487364,58.0900220449212,54.9330557429842,59.9790399437767,59.1655239107643,2.8166507995626,3.35968333795696,3.95542116047157,2.19252825774372,2.66455932982296,57.5021781887616,18.0580932077715
80.9999990219772,-153341.0014,-161541.6412,-160326.7316,-152429.8192,-152733.5466,79.3545063566772,79.3838774319271,75.4462302280111,67.7180896442389,70.0796313745877,62.4444211579831,62.3247617301782,61.2645393065159,57.9675839777186,58.7745207000398,2.16679106996961,2.26272884765661,2.70135997507204,3.73548789282297,3.22822767169158,57.3022179334476,14.0945954572128,79.0535881333055,81.3403870787804,70.3571945807692,73.2637340687698,70.2047906831113,62.1197090130929,58.7474420076401,55.4401029397991,60.3171245852913,59.7844322085183,2.58316381918627,3.11912195906618,3.54157624828546,2.13913122808491,2.55510075464234,57.9543957438779,16.8823524005136
81.0000010988388,-153341.0014,-161541.6412,-160326.7316,-152429.8192,-152733.5466,80.1861035024362,80.2113762828107,77.2403157277506,68.9398535098318,71.9050170581327,62.6203342619102,62.5069092585053,61.7793985779198,58.9403140089642,59.9373572826262,2.08591044885312,2.18024937779077,2.47785120784953,3.64245732146249,3.04950773966722,57.5032100837334,13.4359760956231,80.4732388696873,82.4831263589546,72.0354266769499,74.2760466460932,71.2367163792918,62.4778425879815,59.2906848246712,55.8856307311167,60.6249701554679,60.2970014498422,2.42127730704253,2.9149918282562,3.26127909564819,2.08595105155027,2.45159572603003,58.4541916345746,15.8929440934688
81.0000018941626,-153341.0014,-161541.6412,-160326.7316,-152429.8192,-152733.5466,80.6716922737988,80.6899491589582,78.5371401364565,70.4280084074244,73.6541279741385,62.7353259591734,62.6261760855601,62.1212588901214,59.8603152308614,60.8026587508179,2.0428118470729,2.13688209307191,2.3337067111595,3.44662692771659,2.83978979188507,57.7533941107828,12.799817370906,81.2541746856537,83.2171940965155,73.4430750245964,75.2672587601766,72.3713408416368,62.6900347122538,59.6410187907415,56.3147372073139,60.9081835740048,60.7464609190786,2.31442498002784,2.78359534657539,3.03069080347772,2.03034052708106,2.35037067526408,58.92872175678,15.0431852194509
81.0000071328998,-153341.0014,-161541.6412,-160326.7316,-152429.8192,-152733.5466,80.9062733304177,80.9171941482806,79.4236809714647,71.964087421694,75.182786455698,62.8063365496014,62.6998498399456,62.3434708232675,60.6058792403123,61.3965068285444,2.02435080545643,2.11886829169705,2.24293799091302,3.2067466350804,2.64723131244411,58.0572068358074,12.240135035591,81.7065950045437,83.7169706459483,74.475343873002,76.1944454196496,73.5096087652501,62.8162783283078,59.8668149762581,56.69609725971,61.1629491972215,61.131384274875,2.2486375671927,2.69663132391067,2.86702866131354,1.97384104361957,2.25492320543893,59.3575665453253,14.3943642012639
85.9999952372904,-153341.0014,-161541.6412,-160326.7316,-152429.8192,-152733.5466,81.2451082005633,81.2589605248328,80.0078068778438,73.3964458008695,76.4500188797638,62.8784267603286,62.7756730183045,62.4903694806945,61.1663630598111,61.8010259819226,1.99495056960533,2.08838136615175,2.18695528150731,2.97813977528632,2.49132970202268,58.4058757905592,11.7397566945734,81.9799291273345,84.0701809548131,75.2223830062352,77.0384045471089,74.5858870628567,62.8930523394352,60.0143271380144,57.0310407006988,61.3917581485625,61.4643969484084,2.20830223539454,2.63753689018108,2.75339376091896,1.91748531539773,2.16593851350237,59.7356921015201,13.9157681782993
85.9999980170374,-153341.0014,-161541.6412,-160326.7316,-152429.8192,-152733.5466,82.4427940659324,82.4751620706389,80.5126562891174,74.6393604336241,77.4535931933037,63.0324630005333,62.9379438268334,62.6150103934813,61.5864724587344,62.0908986000796,1.88768658697798,1.97572411446535,2.14049671434781,2.79040898353352,2.37559048574772,58.7782808253868,11.1699068850724,83.9689133963238,85.2215300071597,75.7750908265449,77.7962990447803,75.5659885248961,63.3072006768547,60.5373952010187,57.3264801156487,61.5979844145219,61.7545270052315,2.08418228090326,2.43662772301251,2.67320096817028,1.86242683876954,2.08409570282369,60.0671501214629,13.5600279881611
85.999998898687,-153341.0014,-161541.6412,-160326.7316,-152429.8192,-152733.5466,83.7264664021864,83.7652819289942,81.165279450891,75.7061583108127,78.2849310012323,63.1732971920665,63.0850453183544,62.7390945988657,61.8968749182649,62.3038435704061,1.78272368734817,1.86652377052589,2.07909844288568,2.63756596420089,2.28366631927151,59.1489571954827,10.6495781842321,84.914191336606,85.9539949453284,76.9158330966857,78.555486625897,76.6045424701556,63.5439825832375,60.8664089992416,57.7074969307575,61.8013015214077,62.046739091832,1.97836149543348,2.30954905901695,2.48904669874781,1.80475112197254,2.00422224818961,60.3715519631773,12.8568562681953
85.9999994171181,-153255.8229,-161247.3882,-160063.4526,-152367.8712,-152663.8551,84.7076457286009,84.7422295051803,81.9468583602588,76.6341093536739,79.024854513439,63.2725237028903,63.1901602551488,62.8623342975994,62.1324925964275,62.470744734565,1.70842359896471,1.78775603478274,2.00408152455249,2.51062306266711,2.20361100114804,59.508652754878,10.2144952221151,85.394444804933,86.450941532954,77.8649584332013,79.2934621308817,77.6385703193453,63.6765603133264,61.0742883194796,58.0608513953087,61.9900642020997,62.3000372175316,1.91020581278648,2.22634026949533,2.33878756967132,1.74925215852452,1.9325653974592,60.6511301530101,12.2264645486971
85.9999997681661,-153255.8229,-161247.3882,-160063.4526,-152367.8712,-152663.8551,85.3375944698305,85.3635368148093,82.7695660319948,77.4504708259447,79.7226438304071,63.3334958804742,63.2529915777833,62.9695154672499,62.3129511301161,62.6058722442464,1.66424760217743,1.74260025932232,1.93165880833424,2.40515581206711,2.13117399150392,59.8542658036662,9.87483647340504,85.6556126556059,86.801999954661,78.5650191780085,79.9858873493827,78.6110229373154,63.7527421569504,61.2113049053734,58.3740784459532,62.1638777665678,62.523922799457,1.86835450630023,2.16948782681439,2.23224549798139,1.69679843033064,1.86684445334767,60.8922282917528,11.7470725366382
85.9999992244081,-153255.8229,-161247.3882,-160063.4526,-152367.8712,-152663.8551,85.6841331885026,85.7014345478655,83.5335073260699,78.1816159065417,80.4054149690501,63.3686690520582,63.2890481215578,63.0585835662415,62.4569291510219,62.7217218965051,1.64102651378896,1.71913160566306,1.8679894747102,2.31534618417262,2.06285068810512,60.1832849685595,9.60634446643996,85.806455811519,87.0565348608069,79.075347959072,80.621028859207,79.4943077548979,63.7971734041818,61.300842711553,58.6479000312021,62.3221479440031,62.7233937066574,1.84367746411536,2.13018995241497,2.15828587235816,1.64799559228877,1.80644623309094,61.0990475790849,11.3890153161155
85.9999994754998,-153255.8229,-161247.3882,-160063.4526,-152367.8712,-152663.8551,85.8579677134757,85.8687308718802,84.1722983702508,78.8571042514035,81.0773011777857,63.3888726959622,63.3097021713769,63.127927773603,62.5767359160832,62.8232141905928,1.6298061086514,1.70795659579704,1.81744290727067,2.23631878141939,1.99839183677237,60.4939550411715,9.38991622991088,85.8957615126463,87.244494882009,79.4609699191835,81.1960037608675,80.2776424455776,63.8235174945109,61.3609468478408,58.8899153982872,62.4661693961317,62.9015421380142,1.8290220327143,2.10235011051762,2.10526066625939,1.60317440504773,1.75128866521309,61.2784165814744,11.1194049058608
85.9999996559619,-153255.8229,-161247.3882,-160063.4526,-152367.8712,-152663.8551,85.9390053944794,85.9455153375829,84.6675739422994,79.4964949659283,81.7247337797791,63.4009131413007,63.3220251734473,63.1796559057904,62.6797895619902,62.9117863788495,1.62481668386317,1.70309008841083,1.77992777214942,2.16499561609593,1.93902729038282,60.7840391910714,9.21185745090218,85.9493432478387,87.3850617198495,79.7647481727911,81.7129872226245,80.9621871452384,63.8393033231429,61.4023822111089,59.1061543064683,62.5971838967898,63.0594582047312,1.82025264318277,2.08221901183009,2.06557493501925,1.5625428711832,1.70154845116854,61.435825194836,10.9108381550006
85.9999998027686,-153255.8229,-161247.3882,-160063.4526,-152367.8712,-152663.8551,85.973870251973,85.9778726068939,85.0311841932598,80.1086496515185,82.3294115907006,63.4085616614325,63.3298941035003,63.2172444473068,62.7701650681738,62.9878760635114,1.62285696951485,1.701248606273,1.75332574144241,2.09984288428967,1.88603528254823,61.0513667471719,9.06330948406817,85.9817259835827,87.4911287930809,80.0135627915914,82.1762920113514,81.5550406677769,63.8488261355591,61.4316510618836,59.3011299225265,62.7163119014165,63.1980012062015,1.8149733139778,2.06742034840244,2.03452542472711,1.52615105317338,1.65725635728196,61.5749778421118,10.7453437578286
85.9999999251399,-153255.8229,-161247.3882,-160063.4526,-152367.8712,-152663.8551,85.9870073932799,85.9896286041375,85.2875318521855,80.6941813388599,82.8764124597645,63.4137875544318,63.3353113895365,63.2441445818847,62.8499545306756,63.052058303726,1.62228820597358,1.70077259441597,1.73507554033601,2.04032900209517,1.84010122780355,61.2945298768073,8.93856657062428,86.0013761038028,87.571678191158,80.2241967184411,82.5908842440478,82.0656704070251,63.8545951624206,61.4527617332373,59.4782263927645,62.8245624084502,63.3183085165137,1.8117809034595,2.0564009353785,2.00922174750941,1.49390361745827,1.61823691832633,61.6984003549877,10.6116199091079
85.9999999936302,-153255.8229,-161247.3882,-160063.4526,-152367.8712,-152663.8551,85.9904221185425,85.9923169408575,85.4626531514805,81.2490435407519,83.3571619657976,63.4175951133868,63.3392881165373,63.263241036094,62.9202655785135,63.1052967444203,1.62231643856784,1.7008693258022,1.72288085288276,1.98638957554682,1.80125721873919,61.5131852617057,8.83371341153881,86.0133271728346,87.6331348893629,80.4072510306225,82.9616950981887,82.5039916913553,63.8580994188409,61.4682497847867,59.6400281966934,62.9228537112078,63.4218004759371,1.80984448934786,2.04811479982183,1.98787458682614,1.4655941573869,1.5841616573289,61.8079480161778,10.5023848346556
85.940489338841,-153255.8229,-161247.3882,-160063.4526,-152367.8712,-152663.8551,85.9880930947014,85.9895879744407,85.5764946097262,81.7650256876507,83.7649501031382,63.420358597008,63.342190346467,63.2765078069326,62.9814883427193,63.1483887770791,1.62268252132951,1.70129224102145,1.71511052526998,1.93829803237392,1.76939392782395,61.7065269473153,8.74677724781882,86.0206052000831,87.6801856059033,80.5695546124877,83.2933318722257,82.8794287186389,63.8602315427281,61.4797660355998,59.7885545074438,63.0120296193863,63.510055558404,1.80866748862108,2.04183792932036,1.96936019923526,1.44094285181717,1.5546169673233,61.9051067503348,10.4126971318094
85.8711192624058,-153255.8229,-161247.3882,-160063.4526,-152367.8712,-152663.8551,85.976157101747,85.9772823373294,85.6493956268283,82.2370343185347,84.104163365185,63.4219167027177,63.3438295419463,63.2857605004924,63.0342913007088,63.1828900939776,1.62365336484523,1.70234043440595,1.71022921196799,1.89598399785411,1.74362324654219,61.876652319017,8.67583025561547,86.0124095155384,87.7103705385624,80.7156183542687,83.5899795997422,83.2005182015036,63.8591864151024,61.4842153530165,59.9254191936068,63.0928698772809,63.5846894103006,1.80840371047873,2.03838737230586,1.95295911160107,1.41962912592773,1.5291569939696,61.991152001561,10.3390016212839
85.8210047078424,-153255.8229,-161247.3882,-160063.4526,-152367.8712,-152663.8551,85.9519555979386,85.9526762078783,85.6941981498488,82.6646961792925,84.3843447013973,63.4221838642176,63.3441131725813,63.29216361153,63.0796824301357,63.2104951066088,1.62541674847959,1.70421454046618,1.70729770161864,1.85897717218963,1.72282410242101,62.0266894189086,8.61873026517505,85.9934263988875,87.7268187032796,80.8443505695134,83.8550280078444,83.4741167615009,63.855631243498,61.4834144087195,60.0512784467915,63.1660365902733,63.6471101901639,1.80912239774153,2.03713963272302,1.93893075774911,1.40135440151176,1.50735751486984,62.0670356582171,10.2824594710031
85.7830986959409,-153255.8229,-161247.3882,-160063.4526,-152367.8712,-152663.8551,85.9171357500796,85.9174821841353,85.7173757974267,83.0472997797754,84.6121966593255,63.4213391503427,63.3432335722877,63.2963385959698,63.1184302505764,63.2323659594829,1.6278715960581,1.70680506475762,1.70585070330144,1.82690209413829,1.70622578518395,62.1585883839757,8.57365524343941,85.9722491311815,87.7347054743149,80.9571596636134,84.0914980171702,83.7062095991184,63.8512022222499,61.48051339878,60.1670471499488,63.2321663912253,63.6987727152851,1.81046675712393,2.0370349322856,1.92708399816396,1.38580075329263,1.48879372848263,62.1335751906008,10.2417695771839
85.7563347693723,-158569.9592,-179605.3136,-176488.9648,-156232.6976,-157011.7848,85.8746275383726,85.8745186006856,85.7270469400158,83.3965099468925,84.8029904028799,63.3520283678748,63.1462150489594,63.1114160058257,63.0807300684086,63.1756004728399,1.68231355520224,1.88823784483087,1.86471895362335,1.83756610172882,1.73473314959678,62.2808942498004,9.00756960498206,85.9521445887381,87.7372053830325,81.0578375306026,84.302276842799,83.9023146733255,63.8467408834101,61.4768962848452,60.2739401860538,63.2918821165312,63.741094304047,1.81204386205189,2.03753074281772,1.91680248459999,1.37263959256725,1.47306600534184,62.1917522348168,10.2131324695197
85.7411442440832,-158569.9592,-179605.3136,-176488.9648,-156232.6976,-157011.7848,85.8301608948986,85.8298388631903,85.7199054506849,83.6969510751796,84.9486712181622,63.3499391824728,63.1439195331571,63.1127170785633,63.1100119936092,63.1897757020473,1.68548488389559,1.89176564946862,1.86541532529272,1.81336274843822,1.72424883529175,62.3796944313654,8.98027744238691,86.1314372790722,87.7259238578424,80.7824626480454,84.492680245447,84.1131857446226,63.8276926842606,61.2686982522894,60.2359196143373,63.3181004898277,63.7067597751644,1.86693987352286,2.07932230832806,1.96565484520483,1.37104256158564,1.47425401073587,62.2425952206341,10.1932210845128
85.7280276145494,-158569.9592,-179605.3136,-176488.9648,-156232.6976,-157011.7848,85.792027940849,85.7919093090571,85.7012796803505,83.9557834137316,85.0591627949952,63.3480525894204,63.1418739976401,63.1126992739041,63.1344497487635,63.2004356188757,1.6882068924792,1.89476273767841,1.86695201257976,1.79294895493159,1.71637396581279,62.4600469197519,8.95924456348174,86.1737830324208,87.7234989669648,80.7404471464204,84.653359899316,84.2838600790989,63.8247674508189,61.1613477427977,60.2314789105197,63.3422602307057,63.6930745557745,1.87806088571183,2.10058105366284,1.97321939338034,1.36824958912324,1.47144964836806,62.2639549669235,10.4099400462004
85.7185964406778,-158569.9592,-179605.3136,-176488.9648,-156232.6976,-157011.7848,85.7622205059658,85.7625188106813,85.6756208327503,84.1749105904727,85.1392742010251,63.3465605701131,63.1402760735406,63.1117938714866,63.1545886469767,63.2081612061419,1.69033943195721,1.89709054994419,1.86900013563892,1.77597605475484,1.71070890290199,62.5264635671435,8.94311507519714,86.1814177248378,87.7242115819554,80.7408696431688,84.7917678246233,84.4245618297903,63.8242173930794,61.1059832289976,60.2331771212434,63.3637890770787,63.6863687457992,1.8800924938178,2.11137727752929,1.97327809389152,1.36543688158895,1.46764855717261,62.286797468673,10.5736762525927
85.7121557765146,-158569.9592,-179605.3136,-176488.9648,-156232.6976,-157011.7848,85.7394450412223,85.7401871407951,85.6471683410757,84.3582097982405,85.1946024154562,63.3454133158423,63.1390570534617,63.1103999275021,63.1710520410598,63.2135409954076,1.69197196590433,1.89886270064103,1.87124413213279,1.76199133752303,1.70682159218557,62.582711263152,8.93089172838675,86.1810329318742,87.7257712256236,80.7449563853722,84.9118512552548,84.5407810823008,63.8237892123089,61.0774067668764,60.2353866105422,63.3829184144893,63.6828403191282,1.88052447040878,2.11684797017401,1.97268718287791,1.3628128213524,1.46368922723526,62.3099238240011,10.6678507916184
85.7071830386037,-158569.9592,-179605.3136,-176488.9648,-156232.6976,-157011.7848,85.7222015089765,85.7233343191087,85.6189433647933,84.5089507654234,85.2297909141301,63.3445345415022,63.138126995041,63.1088035080965,63.1843261576963,63.217038039099,1.69320930273867,1.90020141499608,1.87345773591845,1.75063285387725,1.70436430481406,62.6308536095386,8.92186561234452,86.1789266660219,87.7273127572112,80.7474962239119,85.0164117419769,84.6365061171556,63.8232809350351,61.0626325784665,60.2373272192819,63.39997489829,63.6810305305695,1.88073761531394,2.11961355748797,1.97236619017685,1.36039942537644,1.45987552635453,62.3319866243879,10.7150553773376
85.7035893078249,-158569.9592,-179605.3136,-176488.9648,-156232.6976,-157011.7848,85.7091769131297,85.7106274545569,85.5928402274286,84.6306978366991,85.249244486606,63.3438563869613,63.1374099306837,63.107196442252,63.194865610336,63.2190714547183,1.69414401365642,1.90121070998342,1.87549869837111,1.74155069141536,1.70301659440399,62.672231400654,8.91542070783031,86.1765360765434,87.728496560586,80.7487775996514,85.1076890998495,84.7149769265599,63.8227391682628,61.0549265070106,60.2390279036891,63.4152440895233,63.6801426303507,1.88093836493211,2.12102362644356,1.97226305969374,1.35819234364513,1.45635131449878,62.3525223957835,10.7351094011736
85.7010173480394,-158569.9592,-179605.3136,-176488.9648,-156232.6976,-157011.7848,85.6993078357484,85.7010089929453,85.5697544551018,84.7274954610173,85.2570640601884,63.3433255427087,63.1368480024293,63.105688148843,63.2031214428689,63.2200206515294,1.69485166816901,1.90197379522383,1.87730017692235,1.73438671914037,1.70248565359517,62.7079138447083,8.91099801305073,86.1743466848206,87.7292985425298,80.7494302657241,85.1875369738317,84.7789117454441,63.8222316696312,61.050860426589,60.2405757903835,63.4289603781385,63.6796707364216,1.88113549696791,2.12175249683996,1.97226608573942,1.35618518952327,1.45318890317492,62.3714150712296,10.740699377217
85.699177884573,-158569.9592,-179605.3136,-176488.9648,-156232.6976,-157011.7848,85.6918483435898,85.6937444573417,85.5499840120976,84.8028026092953,85.256498193139,63.3429059203362,63.1364027258292,63.1043323679943,63.2094586790298,63.2201814615406,1.69538554287434,1.90254877662376,1.87884033485898,1.72884702598387,1.70254179533999,62.7386755844396,8.90816347568093,86.1725002077797,87.7297861323882,80.7498722204182,85.2575135830323,84.8306245988436,63.8217928203689,61.0486779243984,60.242032295566,63.441317730213,63.6792926390277,1.88131445630932,2.12213884557275,1.97230141598695,1.35437013538095,1.45041756693205,62.3886824871756,10.7391259081526
85.697861666647,-158569.9592,-179605.3136,-176488.9648,-156232.6976,-157011.7848,85.6862376303741,85.6882845254208,85.5334672634306,84.8598486849284,85.2502109094609,63.3425714553648,63.1360466350336,63.1031492212746,63.2141983222009,63.2197946361392,1.69578589234806,1.90297934616351,1.88012472992476,1.72466928964026,1.70299779111886,62.7651665977707,8.90655704919545,86.171009670839,87.7300432613606,80.7503171760519,85.318939294194,84.8720942026719,63.8214317972168,61.0474770708849,60.2434315048737,63.452478810085,63.6788124492419,1.88146685291233,2.12235237434765,1.97233151037955,1.35273755758054,1.44803892150758,62.404403011728,10.7343826347763
85.6868962450242,-158569.9592,-179605.3136,-176488.9648,-156232.6976,-157011.7848,85.6817022045289,85.6838526327319,85.5197915242014,84.902310269803,85.2404231438778,63.3422786208679,63.1357317942496,63.1021272553256,63.2176795632531,63.2190605210615,1.69610794750443,1.90332681036234,1.8811859766178,1.72156902001612,1.70369794519545,62.7881240689556,8.90588769969613,86.1698393237817,87.7301442254542,80.7508544523472,85.3729389740542,84.9050133004593,63.8211444162601,61.0467936675039,60.2447902452538,63.462581720617,63.6781222251102,1.88159109659791,2.12247776790642,1.97234088964761,1.35127615766922,1.4460369043232,62.4186807787713,10.7285803194508
80.9625849987667,-158569.9592,-179605.3136,-176488.9648,-156232.6976,-157011.7848,85.583545160291,85.5806098582805,85.507507956321,84.9327342382649,85.2286062821889,63.3348824510012,63.1271545194309,63.1005500545452,63.2195247878058,63.2174896469644,1.70302702584882,1.91135138300598,1.88208483436267,1.71930310533145,1.70449100209919,62.8080422595897,8.9202573506481,86.1665523410347,87.7290941804368,80.7515080369242,85.4204750142612,84.9308278385724,63.8204794934139,61.045663098786,60.2461158968878,63.4717448808219,63.6771741752844,1.881773364866,2.12278915692899,1.97232562988181,1.34997344473317,1.44438470952976,62.4316281911874,10.7227934617188
80.9629780409055,-205849.0372,-342933.0376,-322624.2968,-190617.4816,-195694.6668,84.5636199454626,84.4048410678395,85.4326562339336,84.9679632340641,85.2253976563896,62.5154903105099,61.0436592079161,61.1512231251925,62.427640451926,62.3434966334897,2.23090781059868,3.50767262767091,3.17487983942231,2.02072462620847,2.04357897140952,62.7890249433043,12.9777638753099,84.969536874619,87.1984378959459,80.7513943485287,85.4623147149913,84.9506575320668,63.5982570281451,60.674063199446,60.2472721962335,63.4800599396333,63.6759340254707,1.92479951684984,2.24098294559558,1.97244131820663,1.34882375264303,1.44305314674711,62.4433063858249,10.7182386138032
85.955256538297,-205849.0372,-342933.0376,-322624.2968,-190617.4816,-195694.6668,83.3604919146724,83.1724761391467,85.0686579136876,84.9928264676494,85.2058361496522,62.3572313336612,60.809522223475,61.0462730221222,62.3893890653609,62.2974323548268,2.34189088984488,3.66424661380133,3.20911653015313,2.0150822424886,2.04121475136713,62.6060812047643,13.2715510276551,83.8268039602876,86.9031945896411,77.6391432961878,85.6499181188644,85.311122008887,62.6937214382129,59.5304506339519,59.7824127200147,63.4520482976747,63.0486054275606,2.77743416890234,2.49046372108139,2.52169906721372,1.42970411897368,1.59928374073998,62.4260058928618,11.0742541194997
80.9552634532628,-205849.0372,-342933.0376,-322624.2968,-190617.4816,-195694.6668,83.3425572338427,83.3197083762934,84.4731268573301,85.0043456629904,85.1287149273788,62.3495832495503,60.824950665697,60.9443999084401,62.3792635981298,62.2765325381722,2.34303842078364,3.64277665109036,3.27644723901478,2.0131544804116,2.04623658956784,62.3405789163117,13.3216533808682,84.6073747872599,87.4371252175983,76.6373653762026,85.7972866764671,85.5194266944681,62.8393549713485,59.0253837196797,59.6242524838088,63.4499960785767,62.7903177854164,2.74852970354342,2.54390631433566,2.69780007474481,1.47786167150473,1.65772937234326,62.074722136505,13.2888365715244
76.6578582578823,-205849.0372,-342933.0376,-322624.2968,-190617.4816,-195694.6668,82.6226486437305,82.4824255505726,83.9457872148401,84.9913109313509,84.9611450358156,62.2391124519808,60.6469139574297,60.8115405903871,62.3381823773769,62.2132735426541,2.41309182808118,3.75275742043198,3.3323165305819,2.01066202489562,2.05561965524245,62.1042052675423,13.5644474592331,82.3767463759812,87.0700166602252,76.9664328785884,85.9478706056624,85.7873289713941,62.3789001185688,58.4000103810292,59.6591216848746,63.4576624968149,62.6741990749224,2.88303029094737,2.69789726080183,2.63856144171773,1.50993797575609,1.67817933863487,61.8509838655364,14.3926725602268
81.6578551866776,-205849.0372,-342933.0376,-322624.2968,-190617.4816,-195694.6668,80.8527275784281,80.5754501210875,83.3072377100056,84.9368128122999,84.7060309570088,61.9443721861047,60.2027628778989,60.5884384083614,62.2415388897577,62.0818666088733,2.60135498784193,4.02221745133268,3.39325293672735,2.0069282038193,2.06685962127596,61.9112093230005,14.0906132009972,78.3441441588583,86.0436041895236,75.7662060493778,86.0479823587591,85.9501699616097,61.4637657026432,57.7105031475913,59.4723954713757,63.4535856399007,62.5863604907846,3.22312934101052,2.92077487284762,2.84977283512159,1.54473625063678,1.69072616936494,61.6253921933679,15.3157404005599
85.9643820173382,-205849.0372,-342933.0376,-322624.2968,-190617.4816,-195694.6668,80.7276810515402,80.7202561340125,82.3931800986991,84.826598998653,84.3555339294298,61.9088534313075,60.2049408188964,60.3886187551236,62.1949481300077,61.9986994401173,2.61373054710516,3.99425389770727,3.50339328494411,2.01257016524844,2.09157391126306,61.7096136642267,14.215521806268,78.2553088357697,86.3015946253359,73.6619204650082,86.069521012697,85.9715742221139,61.3662056816085,57.5130874536978,59.1550099844555,63.4435255983696,62.5345414712746,3.32134330891106,2.93745399795967,3.22089131200991,1.57659334854396,1.69429719232858,61.2624136189315,16.3694753460687
85.9631705615418,-205849.0372,-342933.0376,-322624.2968,-190617.4816,-195694.6668,82.4915790460229,82.7652839179538,81.7600835167829,84.645035156332,83.8919013806751,62.1835307304277,60.6355512947929,60.3391612161046,62.2181527666415,61.985338596006,2.42206163031116,3.70286345323185,3.59884748971722,2.03094592182337,2.13456452369594,61.5236113469583,13.8892830187795,81.2577783105931,87.2022795577631,73.4156138893552,86.0988781021031,86.061603096991,62.0245895632145,57.6111000183447,59.1072852917399,63.447151522588,62.5491510756596,3.09505624305574,2.84130776930439,3.26346886238149,1.59062962048504,1.68162610782639,60.9785212815163,16.7343877708714
80.9663102391157,-205849.0372,-342933.0376,-322624.2968,-190617.4816,-195694.6668,83.9441668876801,84.1674382088391,81.8972980286355,84.3800250191088,83.3665588152671,62.38159256009,60.9038532517445,60.4171282255616,62.2238285612561,61.9516061135927,2.28114435059694,3.52238824373908,3.58892099811014,2.05575832545082,2.18356642705152,61.4267606427278,13.6317783449485,83.0089355317353,87.6847149957016,74.8552688559611,86.1603938074928,86.2503160831844,62.4495737372574,57.6927992483394,59.3037999857826,63.4540899893093,62.5718879937523,2.91503304393834,2.78408250613245,3.00788571175454,1.59730201704884,1.66780517871964,60.9204118660439,16.4275012546824
80.9698834824034,-205849.0372,-342933.0376,-322624.2968,-190617.4816,-195694.6668,83.4497843519331,83.425684544971,82.4498238299557,84.0462829949213,82.9392569701907,62.3132320534605,60.7667749541353,60.4888051154794,62.1629658243054,61.863462950565,2.32712241415375,3.61638665054019,3.51033954533296,2.08139309837881,2.21870510371892,61.4127382126666,13.7539468121246,81.1044551101357,87.2194630322194,75.8824442297063,86.2305185078274,86.4383764976726,62.0691218272075,57.5064945282017,59.4402140495884,63.4511620599759,62.5569409334514,3.01500752034298,2.86035349811909,2.82522097476701,1.60874863784676,1.66444212501195,60.9660876790472,16.1256677005591
80.9725378643744,-205849.0372,-342933.0376,-322624.2968,-190617.4816,-195694.6668,82.4568386517473,82.3258656944178,82.7154931232199,83.7050493049497,82.6821575015743,62.167023366902,60.5397675032795,60.4789366269399,62.0757472202825,61.7728738169969,2.4242381668426,3.76126911029102,3.46684220023545,2.1058370330332,2.23637368269881,61.3954930342754,13.9945601931011,79.7351456026153,86.9134499663623,74.9393718943435,86.2598698980771,86.5101296878568,61.7342674118435,57.3680240519572,59.2909984965755,63.4338853705627,62.509191311289,3.15875296184335,2.91364381378601,2.99097583308479,1.62862525000317,1.66982779106252,60.9448821846036,16.3339580646786
80.9745202840053,-205849.0372,-342933.0376,-322624.2968,-190617.4816,-195694.6668,81.712339229409,81.5929347655944,82.5902894293197,83.3974636359032,82.5446054430096,62.0446060765515,60.3679338941129,60.4013475198907,61.9899269248747,61.7002318305795,2.50091580099367,3.86070081486767,3.474281593232,2.12765186127601,2.24333782466783,61.3432099430112,14.2068878950372,78.7266424867292,86.7175125096173,74.1609897753213,86.2661519347206,86.549877831358,61.4909890246427,57.266772884992,59.165874706,63.4197700222878,62.4891984375953,3.260703197974,2.95023400453747,3.12762442667544,1.64290134341943,1.66831392086038,60.8475840373001,16.6097782903648
80.9760062364193,-205849.0372,-342933.0376,-322624.2968,-190617.4816,-195694.6668,81.3051665304448,81.2329980348645,82.2366398629684,83.1387692138294,82.4426782949076,61.9688211780514,60.2696116323592,60.2921928887017,61.916200993629,61.6416702832931,2.54377669178423,3.90888077845582,3.51299044079919,2.14619573163631,2.24801469862243,61.266224796915,14.359858341298,78.0178036765661,86.5944890221354,73.6059937543598,86.2572034156385,86.5702889998362,61.3201813828989,57.1937459340886,59.0732894681847,63.4073908953261,62.4826239914874,3.33214501825948,2.9750619299263,3.22478185773148,1.6529416862278,1.66383556739073,60.7415545124098,16.8072402508764
80.9771226640881,-188527.7387,-283095.8246,-269085.7378,-178020.1736,-181522.6953,81.131478147526,81.0994045822203,81.8642557981751,82.9342225668562,82.3227149137589,62.3139052868797,61.1562947382348,61.1968503466416,62.3381531656344,62.1484477651525,2.39395614234727,3.39191624859652,3.1110662384064,2.06532979965391,2.14999624613324,61.2203825820067,13.1122646751373,77.5359860000288,86.5183408974511,73.2280000557296,86.2380122497545,86.577746983635,61.2041962095414,57.1416776063196,59.0064629803877,63.3952029736197,62.4798406205006,3.38056821008496,2.99177629418627,3.29064613469908,1.66029570919532,1.65893670189478,60.6490915881926,16.9326182588292
85.9771226088261,-188527.7387,-283095.8246,-269085.7378,-178020.1736,-181522.6953,81.3583965558697,81.3971211748547,81.5399235055871,82.7565797306248,82.1638493499566,62.3416934260845,61.2039787528915,61.1395611117522,62.3106851676373,62.1204976285849,2.36888822559644,3.34991735876556,3.15179044834782,2.08049962103826,2.16403919069801,61.2527208783235,13.1151348444461,78.6474999317321,86.3393772310656,73.5270682309808,86.0769923777371,86.4880322041981,61.5871723678038,57.517517865905,59.0127761655042,63.3531741566761,62.5992655886441,3.13358886433561,2.93335824556713,3.23473968903957,1.6442516305098,1.62407181659275,60.5762905078051,17.0094068129901
85.9695929561046,-188527.7387,-283095.8246,-269085.7378,-178020.1736,-181522.6953,82.6933529967824,82.8553841395221,81.4994785833234,82.5843776392508,81.9718944892779,62.5235873283893,61.4617512710479,61.174287854735,62.3218183127576,62.129405461428,2.23346393182961,3.1619388227907,3.16344718208646,2.09932394050864,2.18594545155673,61.3250390875509,12.8441193287721,82.7498832950626,87.0860180351963,74.0468279417625,85.9226107505627,86.3441423860535,62.4936135480475,58.0342660679756,59.0510524438977,63.3083638947059,62.6662536423017,2.8163553452953,2.76825377264429,3.13980352509721,1.63314743335155,1.60419321485038,60.6541078461256,16.5152167130183
85.9305752334958,-188527.7387,-283095.8246,-269085.7378,-178020.1736,-181522.6953,84.0785882703045,84.2685897021936,81.8845318878293,82.4080790161877,81.806689107457,62.6935882632568,61.6905184712925,61.2812605975914,62.3368928078245,62.1465320748829,2.1065440317496,2.9960645280797,3.12075041045487,2.11934040412415,2.20621832094867,61.406638677338,12.548917695357,84.7021803466372,87.4992860960209,76.201218670582,85.8250362824778,86.2834836879716,63.0008704997269,58.3752563530817,59.3270114630148,63.2696416800622,62.7048331996897,2.57643720136881,2.66608849148767,2.75585608962114,1.62060634315886,1.59293144510607,60.8422221913103,15.6726894612363
85.9147453101925,-188527.7387,-283095.8246,-269085.7378,-178020.1736,-181522.6953,85.0247663646551,85.1735294537766,82.5972437550324,82.2357658124111,81.740338699643,62.8016496699753,61.8298191250955,61.4258422616216,62.3457641029162,62.1704575877008,2.02709839275586,2.89779805244789,3.03700571526804,2.13864616561483,2.21639561272164,61.4943431498745,12.3169439388083,85.7089108347856,87.7368797070066,77.4741132891813,85.7622030626451,86.2536437721852,63.2650447262007,58.5964438512227,59.4733975208985,63.2247483770741,62.676267361895,2.44967268229893,2.60242078454887,2.52764769742502,1.61563475859026,1.59940068438334,61.0602633508251,15.0107368607538
85.9051994266996,-188527.7387,-283095.8246,-269085.7378,-178020.1736,-181522.6953,85.526182187634,85.6202942115142,83.4121821010868,82.0915075436662,81.8366082215405,62.8591257863862,61.9009626045069,61.5695136676117,62.3512030732168,62.2103600741221,1.98739718719416,2.8519082851127,2.94367272623078,2.15486422480267,2.21003007361334,61.580081508544,12.1478724969537,86.27252387745,87.8792584092429,78.1367299217028,85.722982216194,86.2475526329142,63.4122733787099,58.7397093327616,59.5301135289284,63.178076076906,62.6206760832873,2.37948713530102,2.562165857213,2.40726359881444,1.61484292260992,1.61254340549773,61.2326990848396,14.5844128679572
85.9001548882793,-188527.7387,-283095.8246,-269085.7378,-178020.1736,-181522.6953,85.7586132477902,85.8120764504334,84.135937363462,82.0058915283795,82.0966106843291,62.8885448424326,61.9364239313269,61.6879851381996,62.3592613025615,62.2677433854552,1.96975554840309,2.83323600363284,2.86429990096663,2.16513851999841,2.18744711859847,61.6561375011818,12.0198770915995,86.6003284784291,87.9663662285102,78.4845092482548,85.6990078734544,86.2591492746622,63.4977868552316,58.8322608071224,59.5405196013658,63.1327439344241,62.5630152379635,2.33880298957103,2.53657662399595,2.34250108342221,1.61554200312389,1.62576736351977,61.3598881679251,14.319092837026
85.8974455569533,-188527.7387,-283095.8246,-269085.7378,-178020.1736,-181522.6953,85.8556575841977,85.8850502009016,84.6905105303096,82.0045333177454,82.473591523216,62.9041461181588,61.9552646736067,61.7761469430206,62.3749950818736,62.3361983281402,1.96276590325952,2.82682676993496,2.80599839008359,2.16702376688356,2.15393314406749,61.720658605677,11.9165479742291,86.7956770699698,88.0204337964055,78.6648584844261,85.6842684049729,86.2822968948077,63.5486798212253,58.8919908666867,59.5262700772357,63.0898994535099,62.512913002202,2.31463671121682,2.52024563761481,2.30731577277912,1.61646480468157,1.63665744050346,61.4533685518334,14.1523733436163
85.8959712840874,-188527.7387,-283095.8246,-269085.7378,-178020.1736,-181522.6953,85.893688362112,85.9103366822864,85.0826013644688,82.0936982832446,82.9040050877167,62.9135238995652,61.9670084388923,61.8391174021755,62.4001733539279,62.4069766665375,1.96031861335159,2.82522787307243,2.76626634114015,2.15998283916963,2.11614082523175,61.7757407550217,11.8279364919656,86.9137546770541,88.0543031355813,78.7524448566071,85.6746553579107,86.3118913139698,63.5794175212885,58.9305127990965,59.4983423559971,63.0497333159235,62.4726516358976,2.30005802917986,2.50979869757845,2.28851592929338,1.617092707605,1.64475531123768,61.5227220755856,14.0440179903408
85.8951617919661,-188527.7387,-283095.8246,-269085.7378,-178020.1736,-181522.6953,85.9066656674492,85.9171543664427,85.3438388108268,82.2661044875485,83.3379109007443,62.9199674386012,61.9755169344016,61.8832123029122,62.4340016468782,62.4737641578438,1.95976141006959,2.82542739690936,2.74066284265816,2.14488984006529,2.07890594197207,61.8235754460287,11.7496474316745,86.9857514890304,88.0756457807546,78.7867155881109,85.6674500020017,86.3440656561498,63.5981495560798,58.9553438982777,59.4625400299243,63.0120349985104,62.441525947616,2.29118054129339,2.50310643707575,2.27913260338481,1.61726452618101,1.65037157121543,61.5747952200592,13.9697147140687
85.8947141787904,-188527.7387,-283095.8246,-269085.7378,-178020.1736,-181522.6953,85.9098032868561,85.9175532535737,85.5101349607655,82.5035467781656,83.7416344212677,62.9249279021971,61.9823714628052,61.9139618973679,62.4739145071449,62.532976949927,1.95991683139071,2.82618945277658,2.72491929784416,2.12373723663554,2.04513645885435,61.8656997610229,11.6798992775013,87.0298906614015,88.0891468267716,78.789541117718,85.6609090586645,86.3761280407749,63.6096293912521,58.9713428867147,59.422082929162,62.9764595710006,62.4178943783842,2.28574297414803,2.4988159063531,2.27530222892879,1.61697850712806,1.65403440704071,61.6143687424411,13.9152413457502
85.894465155575,-188527.7387,-283095.8246,-269085.7378,-178020.1736,-181522.6953,85.9094721525456,85.9161120294725,85.6121912060931,82.7825744454913,84.0968347581859,62.9290079221353,61.9881716602457,61.9355534321369,62.5166833664101,62.5832424758131,1.96029304204387,2.82704475535875,2.7156586990763,2.09897880749945,2.01614858498234,61.9030254578018,11.6181238889607,87.057045210689,88.0977091266268,78.7734966315392,85.6539585662631,86.4063731209989,63.6166899497716,58.9816471489246,59.3788238115094,62.9426470366851,62.4000461102476,2.28239995862688,2.49606393118929,2.27480342552716,1.61629678505875,1.65626159765402,61.6448089522165,13.8724151019454
85.8943248427207,-183400.9951,-265385.2558,-253239.4394,-174291.6328,-177328.0869,85.9094326151566,85.9157170213672,85.6717159075434,83.0727149989987,84.395252231257,63.0094307840262,62.1985443630107,62.1611849112786,62.6527147584205,62.7236332329236,1.91368612621377,2.6737353207982,2.57379197920927,2.03950762478494,1.95519784319172,61.9381819124516,11.1559188941979,87.0737885007333,88.1031484307921,78.7459989002457,85.6459759086868,86.4338527805896,63.6210425818927,58.9882812053452,59.3338565084755,62.9102718737234,62.3865169058525,2.28033968259431,2.49429841948287,2.27632612461087,1.61529993626453,1.65748202137061,61.6685171428703,13.8365653879263
80.8943251015363,-183400.9951,-265385.2558,-253239.4394,-174291.6328,-177328.0869,85.724443702601,85.7006705705215,85.7032830019058,83.3640164680577,84.6418601479353,62.9950962203319,62.1764113920739,62.1675781403233,62.6877413919451,62.7523132304963,1.92805428438675,2.69566160468997,2.57103904306305,2.01422867685118,1.93573228737125,61.9814247876166,11.1447158963622,86.9578406405148,88.0938390383873,78.9180603212763,85.5997481696046,86.4351401271457,63.6602716200382,59.134197861326,59.3055134452927,62.8748368807057,62.4258503615861,2.21329634756355,2.46647898181951,2.2415557122587,1.60434624103495,1.64635059578331,61.6872254180727,13.8050293841504
75.8943282490002,-183400.9951,-265385.2558,-253239.4394,-174291.6328,-177328.0869,84.4934483459314,84.3245082059016,85.6371265971023,83.6428187166355,84.8369099995606,62.8766836745544,62.0020864952758,62.1425098365705,62.702208895693,62.7566526153377,2.02728837828961,2.84079581813165,2.57553535441315,1.98880293099769,1.91901307972482,62.0273988074225,11.3514355615569,85.2727040015231,87.4433088125685,78.8448874367174,85.559519467036,86.422658376344,63.3336179048316,58.8860492031158,59.2410714470784,62.8399642076233,62.4465568866397,2.2900581318038,2.57070195026238,2.250108078939,1.59608047468564,1.64042598844635,61.7328463986759,13.5864752044959
80.8943273416309,-183400.9951,-265385.2558,-253239.4394,-174291.6328,-177328.0869,82.1784835623936,81.8550825565039,85.2235553535673,83.8981836252713,84.9717290622468,62.6112539532949,61.6287284745018,62.0455536827754,62.6854666353324,62.7261878899916,2.23963313509269,3.13518897123155,2.61071756593198,1.96329146372539,1.90475486282444,62.0612292727503,11.853585998806,82.1617759599493,86.1406462129834,77.9708758886145,85.4808337837237,86.3268337062691,62.6475672055621,58.3310770728082,59.0590187478159,62.7990399650988,62.4436746044643,2.52907180453886,2.79079096666249,2.40015792860791,1.59450615145116,1.64017079584513,61.7197885321612,13.8026111037733
85.8943258611066,-183400.9951,-265385.2558,-253239.4394,-174291.6328,-177328.0869,80.9466798790173,80.7583000405357,84.3025377226219,84.1210630551177,85.0057421186852,62.4412377387084,61.4263592859053,61.8954315523127,62.6745728883525,62.6951210169102,2.36813665203099,3.28024190902448,2.7005368584953,1.9418909977777,1.89919870588646,62.0580219313527,12.1900051232149,82.0500272377465,86.0190691978865,76.2110940023834,85.3237528963169,86.089163254812,62.4975148850145,58.3152258035156,58.7473784983694,62.7491606257567,62.4260666796228,2.68465032952694,2.80428309119305,2.7067519909181,1.60028679831238,1.64285648754524,61.5837732194046,14.5495158371972
85.9999989571015,-183400.9951,-265385.2558,-253239.4394,-174291.6328,-177328.0869,81.897495784078,81.9770839591143,83.2718019915972,84.2937978514506,84.8708647626275,62.5650077721578,61.6270320048506,61.7764272278251,62.7027640298035,62.6920902645067,2.26682751684538,3.11613171252031,2.81508076831124,1.92889078553592,1.91048891035907,62.0135692236901,12.0374196935719,84.494441834553,86.7977317850317,75.744756818796,85.17991480116,85.8818680545835,62.9991729605593,58.6427292340735,58.6263065156424,62.7112498415793,62.4507513704188,2.54069021132839,2.67355496034063,2.78486169021688,1.5967760126783,1.63563826270248,61.4469595016883,14.8699472314762
85.8823050304869,-183400.9951,-265385.2558,-253239.4394,-174291.6328,-177328.0869,83.4172527850849,83.6021367659369,82.7399653032867,84.3889906161144,84.5678615181793,62.7452300052204,61.8733879621613,61.7312437405761,62.7331621010076,62.6816152841038,2.11993844343043,2.91841204566267,2.88029026061926,1.92311950381936,1.93602421679984,61.9792305305573,11.7777844703316,85.6604453361204,87.2710520208508,76.8829526519548,85.1004357697026,85.794350224509,63.3091047255892,58.8756929065591,58.7404049091736,62.6847889915517,62.4890145147001,2.3892254113419,2.587444962931,2.57943352209606,1.58581685730512,1.62638452203969,61.4590131606108,14.4621629880302
83.4890960578471,-183400.9951,-265385.2558,-253239.4394,-174291.6328,-177328.0869,84.5084202406946,84.6660067766776,82.7669177749292,84.3968159055249,84.1799548785216,62.8613389126436,62.0204614395336,61.7539294952659,62.7487670693966,62.6548398500125,2.02444916847596,2.80026121261491,2.87970541361321,1.9238106170227,1.96850528640121,61.9793282429486,11.596731698128,86.2501967618018,87.5461707343219,77.6097592044752,85.059716062711,85.7642491359912,63.4686483470525,59.026597614121,58.793783413648,62.6563184570615,62.4892185632022,2.30935349664251,2.53435489829184,2.44666760313001,1.57846552448019,1.62748082069217,61.5458644105541,13.9892352517101
83.5577218586897,-183400.9951,-265385.2558,-253239.4394,-174291.6328,-177328.0869,84.6425102099689,84.6967448411918,83.177205313406,84.3027829608989,83.8133382202261,62.8751473186007,62.0260717867673,61.8119311414405,62.7416845320573,62.6158524647499,2.0132625166038,2.79715745950212,2.83222277505512,1.93156885425929,1.99893059076914,62.0105350441661,11.5731421961895,85.7076450117231,87.4040874870007,77.9750273392433,85.0415346111635,85.7709351118509,63.3853249493193,58.9718143363716,58.7938926313827,62.6269794483884,62.4733363857193,2.30846077379203,2.55723306214859,2.3777665096564,1.57358571427302,1.6326919435402,61.6251004337708,13.6612293422744
82.6532999363076,-183400.9951,-265385.2558,-253239.4394,-174291.6328,-177328.0869,84.291366975971,84.2694688992938,83.5775469120429,84.14282128812,83.5566322301102,62.8390491445858,61.9692322833317,61.8576905094977,62.7201503799404,62.5803075176964,2.0428289445903,2.84362194617823,2.78598601130929,1.94405013115651,2.02000604514568,62.0458501895285,11.63649307838,85.4871028589036,87.3156102152958,77.7269331311123,85.0153011551691,85.757561458506,63.3219999208253,58.937193433127,58.7038683840014,62.5943866482425,62.4494850968284,2.34262229806959,2.57157896198625,2.41723382281149,1.57241215813315,1.63936897765664,61.6657025492068,13.6301085513069
82.2409309721,-183400.9951,-265385.2558,-253239.4394,-174291.6328,-177328.0869,83.7491199893987,83.6868739377825,83.7798417548725,83.9578139037239,83.4245847476717,62.7801048094777,61.886410461037,61.8710836001409,62.6905214835132,62.5534565130729,2.08991292239931,2.90881165502559,2.76196467539485,1.95825332937971,2.0301874555,62.0689980169305,11.7491300376995,84.959664284679,87.1240450566745,77.5237577018914,84.9838993215099,85.7413150789246,63.2077823848704,58.8506369834739,58.6205191915704,62.5632795986764,62.4383930676161,2.38068636493749,2.60491406097293,2.44877097071796,1.57081995220228,1.64250477785281,61.6733789194503,13.6860835711933
79.3959376303187,-183400.9951,-265385.2558,-253239.4394,-174291.6328,-177328.0869,83.0409893335926,82.9445031341365,83.7585648378041,83.7800027027104,83.3765571427007,62.6975861388414,61.7732852344366,61.8488802865796,62.6551941941977,62.5301094836123,2.15418312142637,2.99526661841292,2.76184789259119,1.9714614772478,2.03259103982357,62.0768412008004,11.9153501495019,84.4590248526196,86.9278113379859,77.177072113464,84.9411341371034,85.7052200989243,63.0872132281191,58.7617222707423,58.5161933168976,62.5317849606432,62.4317635752663,2.43106343931555,2.63911035264196,2.50567252451295,1.57004001008094,1.64424542142396,61.6646687772637,13.8047682366207
78.4084705641982,-174305.9355,-233965.959,-225127.437,-167677.044,-169886.6745,81.9766554574014,81.8437585512513,83.5149781566474,83.6317746534709,83.3620118713971,62.7280415777774,62.0210334654549,62.1999658699215,62.7858720365282,62.6953483333724,2.16380067986989,2.82029056058003,2.5237560754198,1.92201796292524,1.96423517422189,62.0754949685783,11.3941004530169,82.8350557985661,86.3230535921313,76.8142032273749,84.8877893461578,85.6511358555377,62.7405203957872,58.4938912277848,58.4096450361794,62.5005934792643,62.4311915396393,2.54242471051812,2.74328373437409,2.56544602334712,1.56929924997057,1.64433008184353,61.6393382522453,13.9483774585226
74.1508321734223,-174305.9355,-233965.959,-225127.437,-167677.044,-169886.6745,80.4770739367589,80.2982004669038,82.9882858164212,83.5156792066011,83.3236911069895,62.5273295140848,61.7652932547623,62.093933102693,62.7366448157683,62.6517988028696,2.32037642534178,3.01657175555374,2.57456607980625,1.9282031363705,1.96373833889928,62.0861845154948,11.8034557359716,81.3008688193656,85.6485356079204,76.2865746284264,84.7499816785417,85.4759432478059,62.4907140125908,58.5050620625147,58.2563927080825,62.4715557815366,62.5256410595119,2.55653349793263,2.79870240329466,2.65249595868412,1.55466744471812,1.62212481215352,61.5698125876431,14.3089269490329
76.8457008793483,-174305.9355,-233965.959,-225127.437,-167677.044,-169886.6745,78.5688054024778,78.3496467862687,82.1479786231271,83.4188423562314,83.2128098988812,62.2215412379325,61.3825499826755,61.9154227057716,62.6656456086656,62.5747948205383,2.54783695791839,3.2949564142644,2.65877885008726,1.93060374122139,1.96696180815352,62.0880843605679,12.399137771645,78.2743699763493,84.2743026158837,75.3599062168165,84.5905175087598,85.2102049372802,61.8237222244487,58.0936494868072,58.0430760355017,62.4400613631411,62.5917834430077,2.78854494955929,2.99675180705065,2.80993177095299,1.54602251247255,1.60706452082802,61.5211631469334,14.3869682543522
80.8207508080925,-174305.9355,-233965.959,-225127.437,-167677.044,-169886.6745,77.5238987449965,77.4014209408674,80.975883800486,83.3224672720792,82.9719263158886,62.0174265993816,61.1530813426741,61.6870657985835,62.601657767042,62.4894228165002,2.68598578762233,3.44071122508179,2.78886408441236,1.93362133238153,1.98189579005366,62.0470528501909,12.8310782195517,77.3447705173262,83.746804878523,73.6599905292002,84.3643165151415,84.7705097942751,61.5167933746063,58.0085571413007,57.7133665741497,62.3989854629399,62.6308793024067,2.97943392299528,3.05849115146627,3.10375904958781,1.54623868285272,1.59780075631616,61.3650859812153,14.9409979972162
80.4295173964386,-174305.9355,-233965.959,-225127.437,-167677.044,-169886.6745,78.1522120977792,78.1923867736153,79.795192654798,83.1957752901961,82.55409595868,62.1183583152493,61.3040900095284,61.4956201599388,62.5802586142317,62.4302223054663,2.59763899335694,3.31033053394278,2.93962559897965,1.94349721682538,2.01721538083272,61.9615554858001,12.8083077239375,79.1870565165727,84.320579072214,72.7311104111219,84.1352993032659,84.2712429992309,61.8701598182426,58.2664889427283,57.4978083359246,62.3632578306076,62.6906845948585,2.89990874806862,2.95890527584571,3.26142942200841,1.5431352957443,1.58412399729262,61.2010234429632,15.2712463779369
79.7028734145206,-174305.9355,-233965.959,-225127.437,-167677.044,-169886.6745,79.1126973330728,79.1966952109522,79.1121871446182,82.9945174384084,81.9568933741522,62.2700811009077,61.4923919642836,61.3876370247192,62.5613479779128,62.3562967527747,2.47290345069681,3.15775456766219,3.03499335060014,1.96084113923765,2.07106896995793,61.8916690283428,12.6975614781547,80.0033774379427,84.6008462052708,73.3034563672771,83.9683891140999,83.8598437456387,62.0915489374843,58.4065191755501,57.5057112863273,62.3400335645609,62.7626075993946,2.78870438143443,2.90750799981265,3.1540970745443,1.5329969675846,1.56963974434833,61.184083940606,14.9722444497958
78.9537720655266,-174305.9355,-233965.959,-225127.437,-167677.044,-169886.6745,79.5480214415282,79.6006709786766,78.9400257229343,82.6979905287776,81.2844871029636,62.3302818530281,61.5587266344462,61.3516984847159,62.5209757020818,62.255141243736,2.41902623658576,3.09865962214445,3.05849959621978,1.98573473961785,2.13324135025442,61.867771519698,12.6951615448223,80.0892658258806,84.6311049025835,73.760461732834,83.8377440310017,83.5133365273034,62.13738230627,58.4380786051306,57.4972747452521,62.3172897116645,62.7910801912943,2.75058454975639,2.89873479790129,3.06719271599842,1.52523138750912,1.56720893018649,61.2452078023984,14.6379114547075
76.9654899685366,-174305.9355,-233965.959,-225127.437,-167677.044,-169886.6745,79.3809190143246,79.3773653529846,79.0146580896984,82.3165833628511,80.6455238268334,62.2955032003939,61.5066352251791,61.3415708158354,62.4553105624105,62.1360397571314,2.4377612024709,3.12834696985655,3.04383104789105,2.01730270188249,2.19315607622178,61.8690864337323,12.8203979983228,79.7345001924496,84.4889672439844,73.8398835087278,83.7249439144445,83.2081962075059,62.0682767267707,58.3934040546743,57.4333248027347,62.2931979056086,62.7856221518234,2.76713919170304,2.91963526818269,3.04699730045202,1.5206289543328,1.57350552009719,61.2970596938801,14.4878963589894
75.821283395777,-174305.9355,-233965.959,-225127.437,-167677.044,-169886.6745,78.5791704578738,78.5109763739105,79.0623976448281,81.8770761937886,80.1134339446272,62.1512826993882,61.3203518772574,61.3007277680398,62.3578404828969,62.0012908382144,2.53533286881445,3.2521124788299,3.02865057899612,2.05265205444479,2.24126914284507,61.8670150743214,13.1100171239303,78.376363202944,83.9403706593154,73.6242934356,83.6166119141031,82.9180855881195,61.7763163851275,58.1880680590629,57.3258051596981,62.2679630589045,62.7649313898877,2.8626374901901,3.00675663434746,3.07890661211933,1.51832528798298,1.5833076674267,61.3141571027069,14.5111007852537
75.8228118121565,-174305.9355,-233965.959,-225127.437,-167677.044,-169886.6745,77.468035246086,77.3664247401346,78.8531979165573,81.4149834855974,79.7055506070053,61.9307287219129,61.0479560974404,61.1895133804559,62.2315495762182,61.8560739828518,2.68065534618134,3.42592467887441,3.04545134093213,2.08858327828184,2.27425085395871,61.8360212069957,13.5148654982284,76.7698273477711,83.2479022830097,72.8744846077201,83.4855919956618,82.5743393207494,61.3973064410169,57.939465020426,57.1387095209033,62.2382357346054,62.7356550176403,3.01504487966441,3.11465056488297,3.20511387568401,1.51967928679407,1.59417651923925,61.2677361846639,14.7908472713165
75.5213534657572,-174305.9355,-233965.959,-225127.437,-167677.044,-169886.6745,76.604662815886,76.5208277964946,78.3271266942047,80.9617948782882,79.3677543003432,61.7330569606489,60.8150730030414,61.0125475756853,62.0962405284059,61.7127021765085,2.80065005788299,3.55957705819706,3.10685529160427,2.12377534951174,2.29929581461807,61.7600706197495,13.8901535718141,75.6295737110757,82.7166310991254,71.911513936649,83.3241544160028,82.1514108261946,61.1060793735383,57.7597872749755,56.9194750916931,62.2051141001581,62.7121211271971,3.14926325433225,3.19526056981728,3.3689160169073,1.52288338566062,1.60274022440272,61.1527035033936,15.2080806301854
73.7834147109016,-174305.9355,-233965.959,-225127.437,-167677.044,-169886.6745,75.9070678568999,75.8388723484599,77.6459713440344,80.5277488217438,79.0172112490986,61.5517700698107,60.6031897351916,60.7922020082953,61.952440857995,61.5550328553737,2.90137929682952,3.6694020125989,3.19180182691835,2.15696016245581,2.32469205959921,61.6515530965952,14.2442353584018,74.6653964246434,82.236067922132,71.1302127163876,83.1457171175019,81.6791541408424,60.8677684171011,57.6006061979629,56.7269062789028,62.1715483779857,62.6974755549786,3.25344310176961,3.26752026501964,3.50061843377246,1.52557974541411,1.60904786317522,61.014877671493,15.5563555937114
70.794498174828,-172454.0547,-227568.5526,-219403.4418,-166330.2216,-168371.4993,74.8183964097907,74.7247427278189,76.9001284682254,80.1102365926168,78.6091744351207,61.3062508847283,60.3735377358493,60.6416922800708,61.8334444636968,61.4146844872249,3.04967551970862,3.78903325576757,3.22455064933845,2.17458171219543,2.33982738335677,61.5297381056275,14.5776685203668,72.9902026937663,81.3772102247476,70.4922500702187,82.9551247702152,81.1761773678857,60.4882946541876,57.3221909474459,56.5554182917305,62.1368286353707,62.6784296268897,3.39392210668379,3.39547142095095,3.60699730315596,1.52834875837028,1.61663931734751,60.8819591331593,15.8275075799216
70.8472024350768,-172454.0547,-227568.5526,-219403.4418,-166330.2216,-168371.4993,73.1585180059869,73.0328398494487,75.9832048699001,79.6915669157236,78.1176179388963,60.7821884014475,59.7618323644606,60.2202060855352,61.5637718151449,61.0720114143824,3.32955413626097,4.09744271762491,3.32589957564056,2.19245516074254,2.3602644097809,61.3868667912827,15.3056160000499,70.4014528599473,79.7969302563001,69.6930078972056,82.7249214070461,80.5813593383104,59.9270580288949,56.8840293701316,56.3535564268387,62.1011121001912,62.6612370588294,3.58149580596415,3.61636443320797,3.74132698757874,1.53193127415048,1.62370526850001,60.7152537017264,16.2063135205278
71.0181560488814,-172454.0547,-227568.5526,-219403.4418,-166330.2216,-168371.4993,71.8963357557038,71.8040304236448,74.8120245329026,79.2464839593758,77.510785581674,60.2964631126787,59.2211780023973,59.6843942044936,61.2507739710493,60.6460122377827,3.55242343555394,4.32153149019603,3.46558911274347,2.2085473675075,2.38557243566583,61.1635595502455,15.9336638416668,69.0636559345931,78.516860151686,68.6113371156661,82.4214376397661,79.8396892175674,59.5784950671395,56.5422546538118,56.1075661228122,62.0498585638928,62.5940015098286,3.74703361918348,3.79271544755006,3.92534195830681,1.54331301624444,1.64109996984363,60.4648838549734,16.7540753806981
71.2254843855087,-172454.0547,-227568.5526,-219403.4418,-166330.2216,-168371.4993,71.3487230292122,71.3070784308227,73.5977346528812,78.7448972644484,76.7615016757557,60.0300415202499,58.9373312993522,59.140550598566,60.9462661425715,60.1892412219157,3.64067664541091,4.39598258533246,3.62630445671704,2.23300194543028,2.42767958752524,60.8633294030573,16.3236452204159,68.5044544158592,77.5847630648826,67.917914306263,82.0694234251526,79.0428945939751,59.4260139042186,56.2900935146314,55.9183149413059,61.9881053960008,62.4806227731997,3.82417707432495,3.92177335825397,4.04073598550504,1.55794393987251,1.66928097582461,60.2010039164717,17.19294165758
71.3440443963223,-172454.0547,-227568.5526,-219403.4418,-166330.2216,-168371.4993,71.2463240937653,71.2365367524965,72.6094844754484,78.1562193933563,75.8797080324757,59.9331270578559,58.8363571060218,58.6796327927287,60.6501490743877,59.7021915228463,3.64244159239211,4.3851939669575,3.76358285514109,2.27031979176288,2.48691685148282,60.5603725115704,16.5484550577364,68.3608796688812,76.9781653438113,67.5433381120376,81.6899370318756,78.2754912883482,59.3812897556187,56.1168518624854,55.7764087128089,61.917561347408,62.3092877575177,3.85051777124039,4.00755472846538,4.09983640523549,1.57468008047406,1.71172142144378,59.9826388576966,17.4682828783069
71.4600678825487,-172454.0547,-227568.5526,-219403.4418,-166330.2216,-168371.4993,71.3121728115341,71.3155703857049,71.9538695808519,77.4704117077501,74.933928951537,59.9105666932971,58.8113907628542,58.3410600639482,60.3447769612373,59.1826336328007,3.61419777171666,4.34872135678053,3.85123665343601,2.32075356676865,2.55421142254139,60.3036666724823,16.6891207712432,68.3572650557375,76.5971099089839,67.3468993382525,81.3009719960386,77.5794897440642,59.3764119405403,55.9998108315779,55.661488029775,61.8405569977432,62.0881392711857,3.85557850796543,4.0630519141618,4.12752951378957,1.59241514720213,1.76667942124954,59.8127293246126,17.6416197089561
71.6346040250885,-172454.0547,-227568.5526,-219403.4418,-166330.2216,-168371.4993,71.4327473636203,71.4407148389192,71.5990797714441,76.7034062235602,74.0163781733783,59.9191452897239,58.8183555989947,58.1244994492876,60.024221323893,58.658229254213,3.57904148172267,4.30800549574883,3.89074462538447,2.38287291376811,2.61959554075775,60.0942998710631,16.7802600573818,68.4137619004145,76.3837456923733,67.2242940665877,80.9151228448749,76.9572566158966,59.3877670656488,55.9271989299156,55.5582857354487,61.7593535095257,61.8375237442437,3.85253194550334,4.09551427649171,4.14224856363527,1.61024929991043,1.82922280509368,59.6755099380397,17.7698342488661
71.7495943213241,-172454.0547,-227568.5526,-219403.4418,-166330.2216,-168371.4993,71.5736826720355,71.58315937906,71.4637397026349,75.8953941234242,73.2171117949338,59.9444299344273,58.8434495663406,58.00751716187,59.6942307634655,58.1778609204305,3.5434486081174,4.26832273060252,3.89605261126736,2.45318049315986,2.67514244949171,59.9164043812451,16.8361468926389,68.5270636688864,76.315763055042,67.1330536991486,80.5424791641238,76.4003018453579,59.4124642005186,55.8945041022952,55.4606120277672,61.6763719885851,61.5797299690506,3.84416593208193,4.10773206169495,4.15150102779929,1.62730842459591,1.89400300916397,59.5597500794351,17.8729304813113
71.814093797111,-172454.0547,-227568.5526,-219403.4418,-166330.2216,-168371.4993,71.701338229683,71.710307556482,71.4625658869211,75.1000719077564,72.5905779737234,59.9716479378398,58.8707606115045,57.9561259418171,59.3641157551457,57.779128957636,3.51310720072284,4.23513331178568,3.88156695478784,2.52570466870251,2.71628646051046,59.7587008349694,16.8717985965093,68.6332743302611,76.321312039513,67.0635311110995,80.1922115134582,75.9049958673194,59.4370505212155,55.8855064107922,55.3671358555101,61.5941756783435,61.3333903847282,3.83464167173411,4.10902259804123,4.15699841055636,1.64279385835815,1.95666120186689,59.4624650692074,17.950760745847
71.8449837745,-172454.0547,-227568.5526,-219403.4418,-166330.2216,-168371.4993,71.7996010377827,71.8069107336002,71.5236330466501,74.3553599489173,72.1280702121784,59.9925883592304,58.8913637938605,57.9379406931529,59.041170373821,57.4656323132368,3.49010037919055,4.21021217518849,3.85892375622995,2.59526485069629,2.74389147972749,59.6142216311616,16.8983926410328,68.7113315646721,76.3536412931753,66.9984538940331,79.8686211992509,75.4676061079738,59.4557445764856,55.8880485415556,55.2753233308909,61.5142495632935,61.1096621533569,3.82690960492617,4.1057629016181,4.1617927378476,1.65650145310909,2.01442426108219,59.3800470022999,18.0114115232476
71.8699091768613,-172454.0547,-227568.5526,-219403.4418,-166330.2216,-168371.4993,71.8635083400135,71.8689191275913,71.6080403766342,73.6974296651843,71.8293284430401,60.0047433677891,58.9027232141448,57.9366332878731,58.7415233825429,57.2470541343267,3.47486939179922,4.19376610826304,3.83472971197237,2.65743694631706,2.75897555972451,59.4807502422005,16.9197777180762,68.7605438121877,76.3887369947147,66.928738317595,79.5726595030591,75.0846206845702,59.4678397626341,55.8946612835834,55.1838302550634,61.4373715464937,60.9139907051982,3.82167232557693,4.10146867352556,4.16748815469174,1.6685020905222,2.06579384288177,59.3088486213752,18.0613339883174
71.8812484142458,-172454.0547,-227568.5526,-219403.4418,-166330.2216,-168371.4993,71.9015748843125,71.9055876861372,71.6861767766091,73.1515284417016,71.6656284415482,60.0105164199821,58.9076414947965,57.9403306455227,58.4812539558014,57.113605088541,3.46543241294573,4.1835219329602,3.81396317605937,2.70917752488857,2.76471095784938,59.3555411556989,16.9368060047032,68.7947994253368,76.4230264539198,66.851996290934,79.3033698232055,74.7525363907804,59.4761601481694,55.9028611070323,55.0923034051586,61.3638954694963,60.7477250291727,3.81814259323945,4.09693207534942,4.1745064003017,1.67897520816585,2.11024067502097,59.2462787673557,18.1036127019535
71.8852838388351,-187562.7164,-279762.1112,-266102.9416,-177318.3392,-180733.1316,71.9185628344878,71.921914728129,71.7483344301212,72.7055690410861,71.5891200318043,59.4455674323838,57.6224496996825,56.241793283674,56.7964618557365,55.1545094333827,3.5931908844898,4.67491419838545,4.10052323606208,2.6632527539641,2.62774303157813,59.147331853283,17.6596241044795,68.8154333427793,76.4507518343134,66.7710466942835,79.0593349227367,74.4682183014486,59.481280428415,55.9104013310739,55.001175454704,61.2940536092176,60.6099499716309,3.81588929829124,4.09308545129436,4.18235093986054,1.6880827013891,2.14783463227179,59.1912581044926,18.1381780313672
71.9644708578742,-187562.7164,-279762.1112,-266102.9416,-177318.3392,-180733.1316,71.9366403527717,71.9406594167373,71.7919703508689,72.352193176211,71.5603684045758,59.4493446976145,57.6264944453051,56.2459343735651,56.5924935510715,55.1146796671062,3.58907601924309,4.67011329156929,4.09010582342592,2.68850133773517,2.62597293224383,58.8079805161373,17.6637694042173,68.5987499170064,76.8678059842616,66.5545832733739,78.971106792695,74.4783697148929,59.2800575980238,55.6245477556842,54.9350567342027,61.2239474761961,60.3418565201147,4.01238353068079,4.11352208635882,4.21779925838926,1.70881086629951,2.20407523024023,59.1429572210371,18.1658579480448
71.9375060322472,-187562.7164,-279762.1112,-266102.9416,-177318.3392,-180733.1316,71.9726544621099,71.9776767627006,71.8247807211778,72.103554202647,71.5624650529608,59.4615320950458,57.640595886953,56.2548389067812,56.4535922603188,55.1113879518913,3.58224083069535,4.66264874071267,4.08382594102993,2.70735313482742,2.62511282461225,58.4788054158007,17.6611814718776,68.4300260414118,77.171963700668,66.4351749217678,78.9103667230743,74.4919020877498,59.2357179258364,55.4909795882493,54.8832730369471,61.1615574240954,60.1918269190441,4.03370511811072,4.11373753039233,4.23610589226346,1.72395469064843,2.23250783753809,59.0140063923566,18.4618485427702
71.9334329229353,-187562.7164,-279762.1112,-266102.9416,-177318.3392,-180733.1316,71.9859381894619,71.989498945057,71.8541899087511,71.9432145335874,71.580809390666,59.4657258878676,57.6447387933731,56.2632118845868,56.3620977690521,55.1197317905684,3.57964004934773,4.66015265392589,4.07831581722517,2.7193155769766,2.62351800567701,58.2196819846325,17.6609421031524,68.3515928959255,77.3525261259733,66.3421115964558,78.8667990700602,74.5266150346135,59.2161388352618,55.4284911180149,54.8354909636491,61.1039866117055,60.1057391141929,4.04240625990539,4.11057014740785,4.2497685201098,1.73554228170516,2.24657064115291,58.896087973842,18.6109650851634
71.9135794351226,-187562.7164,-279762.1112,-266102.9416,-177318.3392,-180733.1316,71.9856732754097,71.9880100484272,71.8768870274718,71.8332171423777,71.6050855524672,59.4650482478461,57.6434264875301,56.2689031863366,56.2972541269719,55.1314497367375,3.5795220512122,4.66021002331697,4.07387225212136,2.72721900035918,2.62151804008357,58.0025370132856,17.6623413670933,68.3202703157224,77.4654905110835,66.2747785574639,78.8303630199864,74.5695858685775,59.2081632425128,55.4020832719188,54.7916288841815,61.0490718278138,60.0562791421362,4.04606465577417,4.10610070441087,4.25889646326948,1.74489092825656,2.25279822640635,58.8059298908852,18.6751513327379
71.9048171252673,-187562.7164,-279762.1112,-266102.9416,-177318.3392,-180733.1316,71.9765883646422,71.9782955851786,71.8883483100844,71.7640596625068,71.6307942607558,59.4611103264736,57.6386148913246,56.269932843193,56.2539236094531,55.1431158119702,3.58099412938454,4.66180339144176,4.07115129039497,2.73176027467213,2.61928528087489,57.8206244112428,17.6649943667683,68.2993517597908,77.5282514560509,66.2224328824298,78.7962535525878,74.6131920589937,59.2032067533694,55.3911317091224,54.7501221300227,60.9957283761137,60.0275541371207,4.04807426316015,4.10288803452823,4.26538891450247,1.75274883822264,2.25495024260419,58.7419345702147,18.6982207710026
71.846167898782,-187562.7164,-279762.1112,-266102.9416,-177318.3392,-180733.1316,71.9594884012337,71.9604666178685,71.88968190299,71.7198430289602,71.6534858472327,59.4539988842682,57.6301162644595,56.2659230539618,56.2223180307771,55.1503560033706,3.58385438013614,4.66483864261548,4.06975894190241,2.73398323470746,2.61683292110582,57.6646084802079,17.6692681204673,68.2877712466391,77.564260286849,66.1748180098442,78.7613869363788,74.6517245771121,59.2004122518282,55.3873265348749,54.7094746300738,60.9432962607432,60.0102466119805,4.04924607788425,4.10055879110088,4.27105890252101,1.75959609075978,2.25514609120225,58.6965477314055,18.703584483441
71.74291608484,-187562.7164,-279762.1112,-266102.9416,-177318.3392,-180733.1316,71.91865459351,71.9176716964948,71.8805554160699,71.6905700669896,71.6708845421733,59.4372608213511,57.6100450114359,56.2532560280636,56.1915493763437,55.1452114992215,3.59077312992832,4.67224743574062,4.06883689262137,2.73371939880459,2.61326321563172,57.5293801291393,17.6788400727266,68.2567880740784,77.5602843486153,66.130248272804,78.7246174428931,74.683488320287,59.1936994250333,55.3818230893815,54.6694429860707,60.891559304748,59.9993508895035,4.05148602488696,4.10197760455864,4.27620460099362,1.76566036680012,2.25449098398945,58.6634339582274,18.7005585466991
71.8462725255056,-187562.7164,-279762.1112,-266102.9416,-177318.3392,-180733.1316,71.8764525945336,71.8757714310653,71.8572719629097,71.6704799569806,71.6808933812397,59.4196854223445,57.5898255656373,56.2339649575018,56.1636619092664,55.132824488803,3.5978719648211,4.67933819157012,4.06987664391091,2.73234479144082,2.60972647366972,57.4125256013428,17.6891580654127,68.1993592714919,77.5103105024444,66.0816984531389,78.6838814739992,74.704518562325,59.1811242819099,55.3695914418418,54.6290013421642,60.8401157649552,59.9909811225308,4.05579329121862,4.10864442463621,4.28206774992353,1.77122820560576,2.25376279838917,58.6367649109807,18.6969359892253
71.875193199427,-187562.7164,-279762.1112,-266102.9416,-177318.3392,-180733.1316,71.8839689435164,71.8867246866433,71.8305933626971,71.6548475261013,71.6820649443162,59.4219451483856,57.5936302939215,56.2219699639006,56.1514701095548,55.1305608475147,3.59635434163062,4.67699787422101,4.07370532668896,2.73295117483699,2.60918483444945,57.3129960211028,17.689193551827,68.226432898801,77.5259042857574,66.0265591497556,78.6367950926543,74.7105824426818,59.1858595183083,55.369532625965,54.58776865935,60.7885265373993,59.9819738100813,4.05516111520136,4.10732412333375,4.28910957294871,1.77656714800684,2.25357191029362,58.6119107090605,18.6974127227712
71.8759854788016,-187562.7164,-279762.1112,-266102.9416,-177318.3392,-180733.1316,71.9086412149959,71.9126900070647,71.8186885375694,71.6401569908002,71.6758511773439,59.4312979337071,57.6048339132047,56.2197135306851,56.1464401454115,55.1308579761317,3.59193879424098,4.67217252202358,4.07622502465051,2.73465521199987,2.61021161819143,57.233252077275,17.6852031711064,68.2479310278384,77.5492036547183,65.9905792532704,78.5894226127429,74.7164069231518,59.1907837748882,55.372774522506,54.5495160805167,60.7379932889755,59.9746572003325,4.05329457024385,4.10469842668639,4.29277974397049,1.78120855368625,2.25350786813907,58.5922615216388,18.6883695637599
71.8759852236064,-187562.7164,-279762.1112,-266102.9416,-177318.3392,-180733.1316,71.9253007184661,71.9289780486602,71.8209174833238,71.6249448288357,71.6672047187489,59.4377257405946,57.6120722507558,56.2226055225431,56.1410114304982,55.128947138924,3.58899573860753,4.66921924572451,4.07639829500993,2.73638309042594,2.61127469252778,57.1712630153226,17.6822710622957,68.2558736669393,77.564430980844,65.956185984564,78.5429430319703,74.7235797998125,59.1928159073816,55.3757326867322,54.5116774717916,60.6886072605282,59.9691749468984,4.05235550062084,4.1028177882282,4.29618432753201,1.78524546686207,2.25342444153798,58.57698065991,18.6757528574914
71.8630103312396,-182297.683,-261573.814,-249829.202,-173489.224,-176425.377,71.9335417314645,71.9363909573673,71.8292649771881,71.6097974843038,71.6606232313379,59.6348022011131,58.0580373725514,56.8251976867552,56.6993349359435,55.8153014023917,3.54180855498328,4.50361082694551,3.97867747513922,2.78026329324313,2.6605077441015,57.1486675066936,17.4648678944126,68.2588516863861,77.5741486093873,65.9190171023127,78.4970533698649,74.7305142113727,59.1935832548658,55.3780819809927,54.4736165705854,60.640317582156,59.96558903124,4.05199705447797,4.10152712306648,4.30009442980188,1.78877359263461,2.25319452186671,58.5641186442564,18.6634038419228
71.8176873411668,-182297.683,-261573.814,-249829.202,-173489.224,-176425.377,71.9265897781785,71.9281925328187,71.8374291243974,71.5955284520978,71.6572860040931,59.6320432955692,58.0544287064635,56.8269078644156,56.689708248273,55.8107706989696,3.54301648667771,4.50510072443515,3.9769667908249,2.78112919259855,2.66030736865296,57.1811091700568,17.4665205631893,68.3493800886951,77.4407443029098,65.9369159811446,78.3896655617362,74.6194113698214,59.2607207156694,55.485152366001,54.4316419878582,60.5891545783933,60.0181080385941,3.98974930886845,4.09192422263908,4.29329670150052,1.78712789945279,2.24456496538749,58.552679809646,18.6516033200793
71.8263004891411,-182297.683,-261573.814,-249829.202,-173489.224,-176425.377,71.9073818588894,71.9082770580986,71.8381257634256,71.5839483890626,71.6569628435564,59.6243705066796,58.0454135415964,56.8234202047082,56.6777350669807,55.8037964315596,3.54634377800791,4.50864306572392,3.9758584895632,2.78105584649536,2.65919125164737,57.2204798829547,17.4710924314378,68.3951811288725,77.3339188928206,65.9171193660245,78.2844141216003,74.5277294923299,59.2739352231605,55.5294838660025,54.3845230713685,60.5383753096053,60.0354882766725,3.98258039669007,4.09235448474045,4.293191179345,1.78669526603726,2.24430194019246,58.5708122145191,18.5522817455327
71.8335796347154,-182297.683,-261573.814,-249829.202,-173489.224,-176425.377,71.8974464747951,71.8988594365726,71.8315313387749,71.5754993957246,71.6573413129934,59.6202169879709,58.0408456034208,56.8183261585552,56.6690121966031,55.7993254931228,3.54801390092593,4.51022088859757,3.97625582594249,2.78100475012825,2.65837806649606,57.2517491028191,17.4738734320903,68.4184220158403,77.2683677903989,65.8808499792543,78.1825470095126,74.4487750832683,59.2797878649039,55.5475237092011,54.3353696696756,60.4885944832436,60.0377670428735,3.97994226011682,4.09441543130328,4.29602752907325,1.78697548524575,2.24715164290713,58.5876498294342,18.4964952872642
71.8373870185358,-182297.683,-261573.814,-249829.202,-173489.224,-176425.377,71.8967866499781,71.8987868508424,71.8237917577628,71.5695767661069,71.6564916843511,59.6196896293454,58.0404332054362,56.8143074661095,56.6639201143958,55.7967936139829,3.54805218293088,4.51011029621643,3.97724154967238,2.78115970850059,2.65809609026894,57.2770727351491,17.4746598275892,68.431029631155,77.2290829692836,65.8367989003756,78.0864952391644,74.3824948867186,59.2828938724642,55.5540126572346,54.2854575515486,60.4404820679917,60.0344374041282,3.97859190329532,4.09649817763028,4.30027010439966,1.7875421170644,2.25083912619781,58.5966322038939,18.4685476466621
71.8392404317784,-182297.683,-261573.814,-249829.202,-173489.224,-176425.377,71.8991521731337,71.9014085767885,71.8187788206898,71.5649540058856,71.6541492173216,59.6204114884907,58.0413274865107,56.8120479358453,56.6607088835041,55.7946277801907,3.5475772314819,4.50954818068113,3.97797128648498,2.78142310248441,2.65812569444834,57.2993514697065,17.4746454955807,68.4377594547249,77.2053166879897,65.7892674093204,77.9973877421492,74.3281305079625,59.2845533547602,55.555592881089,54.2354206056709,60.3943802984356,60.0299901638197,3.9778693079077,4.09821812534306,4.30515910640557,1.78816194760401,2.25435621853676,58.5986825545156,18.4533093766345
71.8400520041753,-182297.683,-261573.814,-249829.202,-173489.224,-176425.377,71.9015286335141,71.9038203315923,71.8167920536532,71.5608048243049,71.6510276568636,59.6212091161768,58.0422323606452,56.811185775129,56.6582164180767,55.7924284379828,3.54712113333957,4.50905795178421,3.97826941850097,2.78173231243223,2.65828027128029,57.3194840028515,17.4744610873373,68.4412689526187,77.1907479781579,65.7401191589461,77.9154700896143,74.2843320568825,59.2854219939904,55.55527842749,54.185535910504,60.3504196197405,60.0264228875741,3.97748868204166,4.09952407593753,4.31036552831165,1.78872053531749,2.25729841679614,58.5963019640543,18.4431258382021
71.9524121182656,-182297.683,-261573.814,-249829.202,-173489.224,-176425.377,71.9192410118782,71.9227763517272,71.8180694867966,71.5568134169705,71.648009226554,59.6281416215418,58.050567965492,56.8144613533838,56.6603176842992,55.7956251942207,3.54401014105847,4.5056058649446,3.97879923503042,2.78287004221823,2.65932249355726,57.3376236966474,17.470607776809,68.4430270701253,77.1816757494834,65.6903136712985,77.840515067554,74.2495592418981,59.2858600666325,55.5543822285497,54.1359482538493,60.3086171212006,60.0245081542885,3.97729458205335,4.10047466396188,4.31572015105521,1.78916590425297,2.25954771072165,58.5916100713807,18.4346281908396
71.9317790694294,-182297.683,-261573.814,-249829.202,-173489.224,-176425.377,71.9596999031503,71.9645257162859,71.8287839228756,71.5530945527326,71.6462513921339,59.6442022032896,58.0693426951228,56.825898105903,56.6698091244837,55.8080660227803,3.53698908040084,4.49815618618026,3.97899079498329,2.78534009902148,2.66170653080399,57.3543530531779,17.46118269139,68.4984984365305,77.2269897137358,65.6403733573337,77.7720656562254,74.222306656659,59.2975022675098,55.5638044707306,54.0867384108099,60.2689302878101,60.0244185262514,3.97372525141743,4.09475676524577,4.32113100202467,1.78947909295263,2.26111963986729,58.5860145401415,18.426435709358
71.9193109485127,-182297.683,-261573.814,-249829.202,-173489.224,-176425.377,71.9822363424512,71.9859788905089,71.8499328867923,71.5502002411817,71.6478443770097,59.6534740228276,58.0795577852976,56.8392347728025,56.6769308871707,55.818970032176,3.53318360390288,4.49452112746194,3.97691993474191,2.78721582469715,2.6632722274058,57.3707088215008,17.4551127182097,68.5085151881933,77.2468393492416,65.604242613445,77.7135036565862,74.20857852721,59.3006236230764,55.5693509553189,54.0399630359412,60.2320779073303,60.0285559335299,3.97188626219535,4.09197376961506,4.3241350091282,1.78933325602554,2.26163427680059,58.5834844650751,18.4100911129013
71.9122055714993,-182297.683,-261573.814,-249829.202,-173489.224,-176425.377,71.9849729847418,71.9874485557333,71.8708783653472,71.5492179798087,71.6543476237834,59.6550947710705,58.0809984153365,56.8495029757397,56.6805713612975,55.8275854041706,3.53286383930469,4.49451174338097,3.97409311834515,2.7880823838312,2.66362764845551,57.385566426262,17.4531787333175,68.5068115374014,77.2540139041683,65.55950117087,77.6617691315983,74.2014436906012,59.3004943732631,55.5722136133257,53.9923331412828,60.1974132323356,60.0351990872584,3.97172828119316,4.09079963189549,4.32869383069179,1.78901128206617,2.26138785876584,58.5820865325008,18.3953651895597
71.9083916641574,-182297.683,-261573.814,-249829.202,-173489.224,-176425.377,71.9806693699382,71.9825944849175,71.8840791226354,71.5512164141249,71.6647576216785,59.6538724561406,58.079454433444,56.8553629238199,56.6833911329621,55.8359610106317,3.53374694080929,4.49558180622158,3.97215196389324,2.78823640475553,2.66328530649456,57.3974148928648,17.4530024221742,68.5028881405531,77.2554350893076,65.5108156462555,77.6149853854559,74.197503066852,59.2996511173016,55.5734600561076,53.9445346517936,60.1646687716778,60.0435788653253,3.97200396827979,4.09043382137957,4.33398298590761,1.7885715285865,2.26056791909519,58.5807493040949,18.3828430874495
71.9064852994232,-181762.5616,-259725.2128,-248175.1904,-173100.0448,-175987.5504,71.9760633125299,71.977881248626,71.890099702229,71.5560668723174,71.6766026523322,59.6721876371898,58.1229297818368,56.9183393870498,56.7425340580039,55.9120140458137,3.52993768035713,4.47933599021777,3.96086495617439,2.79217782765441,2.66749640087578,57.4090887438654,17.4298128552795,68.4995838414045,77.2546257515003,65.4613360179723,77.5720953182897,74.1953093086133,59.2988861299325,55.573842063782,53.8970325244038,60.1336764120197,60.0529090177106,3.97230037782924,4.09042803293886,4.33944610748745,1.78804543559533,2.2593930720162,58.5794219856442,18.3713735942146
71.81745063887,-181762.5616,-259725.2128,-248175.1904,-173100.0448,-175987.5504,71.961857538376,71.9627620449117,71.8907315443685,71.563148513178,71.6876851270457,59.6668460063407,58.1165562226811,56.917024508817,56.7440664530073,55.9162391537852,3.53248260464404,4.48216526207259,3.96035000710507,2.79113225133736,2.66633658324495,57.4229299521052,17.432466708404,68.5064929527441,77.2396479470711,65.4183171284768,77.5268743732146,74.1830392326671,59.3055022615291,55.584965422863,53.8496724562258,60.1050632093794,60.0680514526495,3.9658005998,4.08952594659786,4.34370195053107,1.78699502214011,2.25726208328823,58.5782787542068,18.3602760581267
71.8277577007856,-181762.5616,-259725.2128,-248175.1904,-173100.0448,-175987.5504,71.9253155385582,71.9250257111118,71.8817410806535,71.5714373642093,71.6958942051907,59.6525147453906,58.0998291409731,56.9075827568579,56.7391440010084,55.9103582488052,3.53887552586948,4.48897651711917,3.96023065085397,2.78864615609456,2.66395664267357,57.4342943006718,17.4406854926108,68.4691921243423,77.1896785930109,65.3722266125382,77.484844344226,74.1738839617112,59.2980491465133,55.5816850170439,53.8023128788065,60.0778889565751,60.0798116247094,3.967760615473,4.0944370274069,4.34853731407557,1.78605480924198,2.25581344797898,58.5804860027917,18.3400165521773
71.8347709442422,-181762.5616,-259725.2128,-248175.1904,-173100.0448,-175987.5504,71.9040987936406,71.904683373822,71.8629954278163,71.5792040679865,71.6992904524326,59.6438943453477,58.0903228451319,56.8960434117752,56.7360589258553,55.9042299749518,3.54251142743869,4.4924976888375,3.96213742791978,2.7866073852471,2.66235026001512,57.4410948238992,17.4461041894582,68.4609217020734,77.1618216083111,65.3149082730319,77.4428585087348,74.1613298482258,59.2956353718309,55.578109971009,53.7537546830802,60.0515497848093,60.0881674115519,3.96908746933186,4.09751731255005,4.35539318356809,1.78541599009497,2.25492905839469,58.5806347555337,18.3302097596226
71.8532266561674,-181762.5616,-259725.2128,-248175.1904,-173100.0448,-175987.5504,71.9009143497499,71.9027248743546,71.8437168381155,71.5849444663553,71.697013489926,59.6422334968268,58.0888471032699,56.8868892340944,56.7357788190245,55.8991971128765,3.54295171575953,4.49265468946133,3.96481943461678,2.78547757198682,2.66188581798353,57.444948941801,17.447789229808,68.4608418743994,77.1469034941831,65.2634619591936,77.4025274299731,74.1490472949426,59.2954352213199,55.5753253046943,53.7065112609046,60.0264093844135,60.0949445187705,3.96930756718894,4.09933751853093,4.36124841692362,1.78485428534837,2.25429688344777,58.5796576456059,18.3224394619055
71.8547396465147,-181762.5616,-259725.2128,-248175.1904,-173100.0448,-175987.5504,71.9074792644516,71.9099425650712,71.8318286025542,71.587186912239,71.6898840533361,59.6444695243583,58.0915944229791,56.8823495358629,56.7365652006389,55.8944454559942,3.54170104088016,4.49120127165309,3.96676837367289,2.78520446326154,2.6622865272163,57.4478924626849,17.447161676684,68.4696973914337,77.145605868555,65.2155383990101,77.3647128993598,74.1386434489267,59.2972773522226,55.5747465092282,53.6602429316771,60.002566245695,60.1009206463027,3.96875702948042,4.09956184915091,4.3665185336691,1.78430949195252,2.25377409455521,58.578606615349,18.3143967572435
71.8553027250617,-181762.5616,-259725.2128,-248175.1904,-173100.0448,-175987.5504,71.9133982602042,71.915907002141,71.8274825651874,71.5859610536994,71.6809115863377,59.6465689646632,58.0939708093341,56.8809193750684,56.7360712128334,55.8890522180702,3.54059825195415,4.49003539606895,3.96754223765894,2.78534173092191,2.66288993515708,57.4508364003303,17.446407551761,68.4736444151583,77.1454520784425,65.1709415105829,77.3301989290322,74.1314036334908,59.2982677523732,55.5745113266933,53.614925278296,59.9801356643247,60.1070216451288,3.96831316477031,4.09962110381478,4.37123853578017,1.78371134758821,2.25317403976513,58.5782917619158,18.3049536212028
71.904209051289,-181762.5616,-259725.2128,-248175.1904,-173100.0448,-175987.5504,71.9234786484001,71.9264005198218,71.8279420521205,71.582190233011,71.6723243079102,59.6504033395767,58.0984583785537,56.8823077370627,56.735855496558,55.8857815443564,3.53879637075057,4.48808522004836,3.96778882144129,2.78600870905859,2.66378674539561,57.4537011671144,17.4444658666944,68.475474342623,77.1456082136756,65.1261427374324,77.2987050424872,74.1265891016349,59.2987310875175,55.5744318590638,53.5700433026428,59.9590347808253,60.1134645051163,3.9681024989081,4.09962335235713,4.3760321331045,1.78307342544529,2.25243763624176,58.5786009045565,18.2953683352846
71.8943650539874,-181762.5616,-259725.2128,-248175.1904,-173100.0448,-175987.5504,71.9424463081937,71.945811725448,71.8341596228084,71.5768550871496,71.6659113057568,59.6578515553293,58.1070817413801,56.8878029906516,56.7378885953083,55.8874707883313,3.53547798967363,4.48458657834628,3.96759706891046,2.78739209338459,2.6651546027463,57.4565943842592,17.4402083330612,68.5001676719425,77.1679504286256,65.0812466606252,77.2698933786398,74.1235910850993,59.3039324009779,55.5789480386078,53.5256142759125,59.9391941917378,60.1203487586452,3.96649163554494,4.09682951507133,4.38088100343642,1.78239604898419,2.25154487800614,58.5793995876539,18.2858991545258
71.8883618958446,-181762.5616,-259725.2128,-248175.1904,-173100.0448,-175987.5504,71.9520557942823,71.9548738153947,71.8448175864525,71.5715083966986,71.6629134671542,59.6617600854011,58.1113366838111,56.8938828267978,56.7383931943118,55.8893884701982,3.53383802876506,4.48302931237995,3.96638215054355,2.78849164919191,2.66598514772641,57.4599373393649,17.4377262886069,68.5043534568316,77.1779364656828,65.0426346282741,77.2451663088301,74.1251034644786,59.3052710944088,55.5816481186922,53.4825782641773,59.9208812960118,60.1287080145282,3.96568290400147,4.09544713588142,4.38465788465804,1.78154481096616,2.25031755913677,58.5819932432404,18.2730465921174
71.8881450401674,-181762.5616,-259725.2128,-248175.1904,-173100.0448,-175987.5504,71.953353228216,71.9556436129982,71.8546427437336,71.5674867004066,71.6636470985329,59.6624619953887,58.111957764128,56.8984291099091,56.7377602021264,55.8914743591696,3.53366680561063,4.48298115295459,3.9649821951274,2.78912884051868,2.66621372109529,57.4632082182347,17.4369727153066,68.5032723385272,77.1816812188423,65.0003586478852,77.2231384264539,74.1282948753635,59.3051427342706,55.583063847117,53.4394775644859,59.9037833014544,60.1377903970092,3.96563696621215,4.09484967662688,4.38912071917952,1.78064268969309,2.24887687678139,58.5853219006787,18.2610817137104
71.8856717130889,-181762.5616,-259725.2128,-248175.1904,-173100.0448,-175987.5504,71.9522149490128,71.9542856325575,71.8610331783074,71.5654708176281,71.6670065229511,59.6621859060399,58.1115792112737,56.9012042246472,56.7374098967782,55.8943500845626,3.53391470507919,4.48329834204152,3.96402398371851,2.78944213232882,2.66613195649318,57.4658358111158,17.4368111196612,68.5028433324153,77.1840105156943,64.956591049203,77.2029822022875,74.1319005095539,59.305036852205,55.5839952952949,53.3966308277481,59.8877592614829,60.1472836964234,3.96568314089806,4.0944680770702,4.3938856547246,1.77971471619002,2.24729253903823,58.5887916046937,18.250326301787
71.8843856273396,-175701.8608,-238788.2464,-229442.1152,-168692.2624,-171028.7952,71.9527833648688,71.9547468301089,71.8641532262244,71.5655286716194,71.6726487156315,59.8880650428063,58.6264550227914,57.5809765490455,57.3475039356872,56.639020824057,3.4798755437999,4.28097795410996,3.83842330198068,2.83504812191672,2.71837881860466,57.4969091580098,17.1527037404119,68.5014618237811,77.1843987512436,64.9132117772085,77.1843783296856,74.1356976124945,59.3047392452326,55.5843839401464,53.3543146352335,59.8727396633816,60.1569535056477,3.96578101211228,4.09435870461643,4.39862057038649,1.77876452936972,2.24563251340293,58.5924033426402,18.2400326161994
71.9614911951343,-175701.8608,-238788.2464,-229442.1152,-168692.2624,-171028.7952,71.9632004334826,71.9657675962303,71.8666655578902,71.567043187234,71.678256439475,59.892199165968,58.6313102607586,57.5839531850394,57.351424964079,56.6460896845698,3.47806427166622,4.27899853421762,3.83854808195982,2.83552805739488,2.71864304684518,57.573463159848,17.1497819920837,68.5950731566901,77.0324693637249,64.9354974643406,77.1211418114231,74.0198562973615,59.3867435028015,55.723573632023,53.310150507728,59.8860650666308,60.2282251673886,3.88666773574483,4.08003933847767,4.3908167931704,1.77278926110225,2.23574455176614,58.5961332227235,18.2301480994499
72.0755361236191,-175701.8608,-238788.2464,-229442.1152,-168692.2624,-171028.7952,72.0067173262761,72.011226953237,71.8754838152232,71.5700014769368,71.6835955283498,59.9091199464515,58.650958920731,57.5947519275331,57.3644362070515,56.6628186741673,3.4704178783299,4.27073193847952,3.83908042074854,2.83753469567464,2.72070452973014,57.6523904770225,17.1384694629627,68.7093222026932,76.9677544022807,64.9206441752248,77.0613718691778,73.9320922211715,59.4158142606392,55.7906004778868,53.2615524306806,59.8973735413895,60.2623796703611,3.87334742121931,4.07242242700903,4.38965812924801,1.76864472969452,2.23387430942844,58.6373202502971,18.1085240512
72.0373454098005,-175701.8608,-238788.2464,-229442.1152,-168692.2624,-171028.7952,72.0644788263174,72.0696665611616,71.9000024079991,71.5740359343438,71.6904376850547,59.9317555369169,58.676606267163,57.6146009506829,57.3833035600355,56.6864254947439,3.46037053927194,4.26027525752556,3.83782551353584,2.84050063532643,2.72374449639749,57.7196993276032,17.1227164420573,68.8172606156795,76.9761737715082,64.9050241221945,77.0098218979738,73.8668545776944,59.4409810899694,55.8312097192134,53.2138662186721,59.908141841499,60.2823821633213,3.86345659375199,4.06373979496351,4.3887184384053,1.76539575155982,2.23447080568172,58.6808190819477,18.0322829570379
72.0812869167716,-175701.8608,-238788.2464,-229442.1152,-168692.2624,-171028.7952,72.099238750646,72.1033357240917,71.9359468865821,71.579369964847,71.7016185633919,59.9459603541183,58.6922311504897,57.6362222107381,57.3995960933878,56.7085047113909,3.45451793844985,4.25454317203535,3.83398138263486,2.84269584905743,2.72572435790487,57.779025895613,17.1114627000823,68.8412664663486,76.9650173139238,64.8889601086815,76.970126342034,73.8234804323203,59.4483982768382,55.8483869885135,53.1671323504876,59.919379163767,60.2988380239596,3.85912359344108,4.06132415133504,4.38794012095372,1.76246787365812,2.23517667241602,58.7195801834645,17.9852750525449
72.0531848373197,-175701.8608,-238788.2464,-229442.1152,-168692.2624,-171028.7952,72.1194154281865,72.1225782398027,71.9721053601379,71.587307038682,71.7193547724764,59.9547817650981,58.7018957794128,57.6561596986325,57.4146729117527,56.7314414751453,3.45129326493187,4.25150684858785,3.8296372087672,2.84412791327055,2.72667013856543,57.8317157183017,17.1032353741229,68.8755185603646,76.9771945909734,64.8514726842873,76.9385928950112,73.7922600062062,59.4561740037566,55.8606359093258,53.1182241526272,59.9305646912367,60.3136302845197,3.85623162306668,4.05788207661512,4.3910262452105,1.75993022055785,2.23548761668383,58.7498965783436,17.9616174232617
72.037840000921,-175701.8608,-238788.2464,-229442.1152,-168692.2624,-171028.7952,72.1205282258379,72.1225397674739,72.0004809472389,71.5989612101155,71.7423008528153,59.9563465023897,58.7033545879347,57.6702370182584,57.4270049551184,56.7520788942848,3.45142149190771,4.25198122163701,3.82581611699688,2.84426395338026,2.7262502009841,57.878471478977,17.099732984906,68.8746582172998,76.9728544838856,64.8133174184307,76.9151961196161,73.7724370803097,59.456753807879,55.8648058448606,53.0701858877162,59.9420594351918,60.3293201570462,3.85539574190203,4.05743502453413,4.39430926270538,1.75749946259721,2.23500901226446,58.7745974062301,17.9452797950091
75.7551412848112,-175701.8608,-238788.2464,-229442.1152,-168692.2624,-171028.7952,72.6177887899896,72.6559426590463,72.0494271018522,71.6148702953562,71.7683883853302,60.1413821100207,58.9235717092466,57.7661264033984,57.5515900269328,56.9053381089762,3.36504887254006,4.15500889115601,3.83838997311911,2.8662434052087,2.74957662575201,57.9208332183924,16.9742677677759,68.8666349607092,76.9632388220613,64.7664754863754,76.8971857789791,73.7590379892596,59.4551043640077,55.8651052624627,53.0218182588825,59.9534610069951,60.3450076445963,3.85587161281351,4.05819756345584,4.39920422746516,1.7552595584527,2.23398967102331,58.794622041027,17.9353366220365
76.0000029914054,-175701.8608,-238788.2464,-229442.1152,-168692.2624,-171028.7952,74.0304309608396,74.1156051736955,72.3946500132121,71.6370811998414,71.817848556851,60.6243637317267,59.4860978711709,58.1010410026333,57.8790889532496,57.3032832254618,3.13169533721326,3.90020813504936,3.83562179036898,2.92984496592921,2.81559211000697,57.9861774452513,16.6129623385678,71.0874240329418,78.6511205098454,64.7167904900127,76.8830177840852,73.7497943219473,59.923961540919,56.2363250705639,52.9739681767807,59.9646424732036,60.3603892086855,3.70973519225169,3.84124190300676,4.40467773405564,1.75318470196289,2.23259976800392,58.8112121463336,17.9287463334484
80.9999966875636,-175701.8608,-238788.2464,-229442.1152,-168692.2624,-171028.7952,75.7533845423593,75.8768199608988,73.1566031971758,71.6729304994408,71.9488739682533,61.1380429696056,60.0886170820377,58.6053668121864,58.2641817566912,57.7978072615107,2.87257865461366,3.61397201637597,3.7677127038185,3.00615554055825,2.8879162591869,58.1029806239226,16.1483351745533,72.2775742043002,79.7206731870898,65.3411994462246,76.9979958863526,73.9719579935376,60.2217381785629,56.5493798900967,53.0269054592003,60.0020278888828,60.4592483318423,3.57690392867466,3.6885028061429,4.29119376717841,1.74170769443215,2.21593654642382,58.9341254905136,17.5980172680423
81.0000030340419,-175701.8608,-238788.2464,-229442.1152,-168692.2624,-171028.7952,78.2024066617824,78.3725540009357,74.4392202937313,71.7548106715543,72.275086760735,61.7369616790332,60.8035701187489,59.3027117811528,58.7470011911985,58.4687839657798,2.54980768972635,3.24766211726803,3.62202935627002,3.09881416896857,2.96003182272471,58.2705515203093,15.4783451549577,76.6036419850243,82.2019528892498,65.8425838570302,77.1883498034163,74.3109083263176,61.175661375046,57.2383067937271,53.0634009172178,60.0502068096816,60.5934708375312,3.24464948715636,3.34148157020296,4.19957907245462,1.72788645789537,2.19062841686448,59.1112004575674,17.2386701254535
85.9999884293299,-175701.8608,-238788.2464,-229442.1152,-168692.2624,-171028.7952,80.3528602562527,80.5253094679521,76.1893081199743,71.9401107247292,72.9052084518983,62.1694831670199,61.3242577672016,60.0276902990775,59.2046446100044,59.1752277348139,2.30890653731427,2.97161448666066,3.39228898935493,3.16508119623238,2.97648601766706,58.4754638695165,14.8143772272293,78.8579269914394,83.4864485988193,67.7280300060757,77.5437219283875,75.0023597179426,61.7554971854691,57.7359190672454,53.3052389590265,60.1271789917586,60.8207416850245,2.97451830844567,3.13419253065614,3.86358870640112,1.70481056500522,2.14528372047715,59.3969486605896,16.424544977741
85.9999991291175,-178552.8353,-248637.0674,-238254.2182,-170765.6984,-173361.4107,82.8093211229832,83.0212060772319,78.1796121518857,72.3103304524352,73.8900824544694,62.5080114026301,61.6703740061728,60.5193888135398,59.5576055306807,59.7835027083775,2.10158631433871,2.78263092705035,3.22365787780251,3.19964786025898,2.93653540699923,58.6999020819351,14.2440583864498,83.2105717673771,85.3671905870522,69.1260796033284,77.9877746429256,75.8397988882303,62.7359667815752,58.4586721455472,53.4782835212467,60.209378249176,61.0415883127495,2.61597633595775,2.83182869479191,3.61394179976647,1.68217462113159,2.09867256615269,59.71903620161,15.65661388705
85.9999979869856,-178552.8353,-248637.0674,-238254.2182,-170765.6984,-173361.4107,84.572040229048,84.7454163846735,80.2541625500513,72.9336910600062,75.1814852061187,62.7629257485846,61.9890252456667,61.1144733778508,60.0760546376347,60.5214855760041,1.95629009649452,2.61076043544313,2.97447453697942,3.17354042904543,2.82568021427252,58.9280785600391,13.540745712235,85.0393312225988,86.3768463820387,71.4567548808194,78.5596577908419,77.0364295323688,63.200752262793,58.852642583053,53.7900166021282,60.2879777935548,61.2451928885606,2.40339834102053,2.66833756878106,3.19965288715744,1.6583353382595,2.05178592322872,60.0532077945082,14.5879146892358
85.999999312732,-178552.8353,-248637.0674,-238254.2182,-170765.6984,-173361.4107,85.4644921222026,85.5715745070119,82.0942891728465,73.8233212788023,76.658910192037,62.8964078366956,62.1540500686726,61.5510102537658,60.5733787422282,61.1360970097126,1.89049961581563,2.537052359895,2.77124787686808,3.07957780916636,2.66861878768385,59.1666588960941,12.9469964494289,85.9293900382371,86.967435160012,72.712867819784,79.1809692330551,78.3178216578687,63.442824426068,59.1240281675474,53.9468314989491,60.3652977007764,61.4303785587619,2.28134595992345,2.56467727910866,2.97546042598828,1.6359385846114,2.00553908566031,60.3529880601263,13.8083368224998
85.8924996710158,-178552.8353,-248637.0674,-238254.2182,-170765.6984,-173361.4107,85.8093525694424,85.8671267354732,83.4476925085675,74.9413177031185,78.1654677187718,62.9643043883592,62.2381176888115,61.8397280458029,61.0358416090006,61.6152409875339,1.86757998202754,2.51434520685416,2.6347006533871,2.93439999696405,2.5029548880965,59.4196115487298,12.4539807273293,86.4241334199253,87.3328198976204,73.3421023259795,79.7744908116439,79.5414735656652,63.5757043874402,59.3073482569242,54.0135156390887,60.4379558794502,61.6269838688709,2.21546819043959,2.49752104767453,2.86218648251798,1.61370280098915,1.95281140109779,60.5967586135998,13.2466687661692
85.7984586827763,-178552.8353,-248637.0674,-238254.2182,-170765.6984,-173361.4107,85.9185239653052,85.9463610153025,84.356290211533,76.1620506335756,79.5579767260789,63.0022730145076,62.285738455165,62.0259823317831,61.4343861834325,61.970277039023,1.86177724982369,2.51098573117351,2.54947304779609,2.77058383197799,2.35530920092663,59.681137836764,12.0481290616979,86.6749110797127,87.5531370998222,73.6711019998903,80.3075884969192,80.6328021597762,63.6454623917951,59.4229270630068,54.0374235386153,60.5052505879821,61.8325345979995,2.17925891892569,2.45603895208303,2.80206728127151,1.59138208201867,1.89584604812755,60.799141183439,12.826929045775
85.7351048998502,-178552.8353,-248637.0674,-238254.2182,-170765.6984,-173361.4107,85.9202116822072,85.9310079240554,84.9365895792755,77.3877162743395,80.7787904897509,63.024164618266,62.3136857283772,62.1461285622623,61.7612046637385,62.229626816737,1.86342011580848,2.51558941132028,2.49799765111869,2.61121803926357,2.23322580070408,59.9445121940508,11.7214510182151,86.7994642935423,87.6861694143167,73.8312544011293,80.7727468357356,81.564193928726,63.6808091283902,59.4937472135758,54.0375187232422,60.5672104586999,62.0338608260946,2.16045425209609,2.43078894968425,2.77186134086862,1.56953549767437,1.83933425753136,60.9735371962223,12.502852966748
85.6932212883522,-178552.8353,-248637.0674,-238254.2182,-170765.6984,-173361.4107,85.8768744266857,85.8790950678806,85.2838118999379,78.5534627168957,81.8081254577023,63.0369192416895,62.3304013485649,62.2228624611665,62.021931490688,62.4183470998231,1.86799642669494,2.52292064890443,2.46869792761855,2.46826675944425,2.13640765415063,60.2030494802864,11.4642894168128,86.8592325284612,87.7672358368183,73.900890091709,81.1731440521459,82.3388173140636,63.6981130155994,59.5367324705293,54.025107963589,60.6243022862465,62.2214764423904,2.15102933431828,2.41543573055775,2.7577126580787,1.54871645307402,1.78651627237198,61.1264707207124,12.24739096822
85.6580593167502,-178552.8353,-248637.0674,-238254.2182,-170765.6984,-173361.4107,85.8213560926425,85.8201764580598,85.4740339865314,79.6191199898351,82.6483015727833,63.0445610537348,62.340780361087,62.2712006067109,62.2269320980577,62.5555732401676,1.87317638844994,2.5303668541478,2.45360198715745,2.34612397602112,2.06166480780087,60.4506909777234,11.2649340135772,86.885479286993,87.8168404671594,73.9231979823562,81.5161379243516,82.974332052915,63.7060084674762,59.5626396637457,54.0064217706581,60.6770855688742,62.3905695985438,2.14654282522423,2.40611864385882,2.75198118644402,1.5293349927758,1.73902175741726,61.2617989327629,12.0422809113706
85.6401553573205,-178552.8353,-248637.0674,-238254.2182,-170765.6984,-173361.4107,85.7683055946673,85.7664603055706,85.5664770005711,80.5686757360226,83.3200775187656,63.0493747177468,62.3475806378688,62.301523766292,62.3877807681911,62.6559938799909,1.87794728997515,2.53690554297202,2.44705061364699,2.24434655612721,2.00466043499394,60.6835032538823,11.1109104377153,86.8924461466144,87.8462962375275,73.9210526343434,81.8098978766624,83.492389964739,63.7086426998149,59.5776451172131,53.9847549606333,60.7260758614033,62.5398260895423,2.1447207717603,2.4006602847502,2.75062003767847,1.51163306663706,1.6973255196773,61.3819583371108,11.8754195995017
85.6283289959813,-178552.8353,-248637.0674,-238254.2182,-170765.6984,-173361.4107,85.7243196357066,85.7232224413764,85.5976712690916,81.3908752553944,83.8383498311553,63.0526029579956,62.3523146731687,62.3199145120673,62.5129785491866,62.7285964859286,1.88185814413385,2.5421128793297,2.44570465628016,2.16148173937964,1.96233798749828,60.8980057037375,10.9934954066216,86.8927339089691,87.8642372014849,73.9056862781239,82.0619688890718,83.9135759200237,63.7090988706799,59.5865429070203,53.9617176169141,60.7717058373729,62.6699494406949,2.14423836155119,2.39738310774867,2.75164140954423,1.49571248262977,1.66124745243774,61.488667107815,11.7388987665725
85.6184292890271,-178552.8353,-248637.0674,-238254.2182,-170765.6984,-173361.4107,85.6906169861801,85.6907591463838,85.5963988967867,82.0906818437343,84.2307347687316,63.0549705744975,62.355864905662,62.3310343574581,62.6106071328256,62.7811245596687,1.88485691530442,2.54603620767685,2.44700735258944,2.09466491345196,1.9312458591231,61.0932226522528,10.9038112481458,86.8899714092725,87.8750925897686,73.884862267703,82.2789754384545,84.255984344207,63.708624246099,59.5917658572326,53.9384249839537,60.8143542915834,62.7826419016571,2.14429285368562,2.39543173928028,2.75367159366643,1.48155638295349,1.6302905928717,61.583362781687,11.6260755819952
85.6136722682172,-178552.8353,-248637.0674,-238254.2182,-170765.6984,-173361.4107,85.6656965296519,85.6670744160351,85.5794020600997,82.6759966472881,84.5205203801089,63.0567771462991,62.358596692853,62.3376608842947,62.6866147138207,62.8188037809034,1.88708509009326,2.54892174189901,2.44949453906132,2.0412951808203,1.90881079414584,61.2689711592071,10.8356073460197,86.885675245743,87.881352833895,73.8619244553308,82.4665143292771,84.5346544044775,63.7077038539386,59.5946531891793,53.9153516431173,60.8543356163227,62.8798988837801,2.14459123822772,2.39433085249068,2.75611843170998,1.46908296787221,1.60385940358579,61.6673754988176,11.5321017676877
85.6104381701738,-185912.2577,-274060.5266,-261001.5238,-176118.0056,-179382.7563,85.6443734533842,85.646596893581,85.5582012870443,83.1832794834384,84.7438019494934,62.9487313764657,62.0668344676009,62.0449834818262,62.6188654282028,62.7123151589505,1.95735720504652,2.77722841737354,2.6523785908165,2.04640673675124,1.94554564390639,61.4324177708621,11.3789165938942,86.8819724094475,87.8850827709573,73.8382920860794,82.6292178801214,84.7617942156474,63.7068210982291,59.5963113849521,53.8926931686775,60.8919147736903,62.9637283030401,2.14495328934918,2.39368711034041,2.75873011432572,1.45817065183655,1.58135144278389,61.7418748496966,11.4535496833209
85.6196760021475,-185912.2577,-274060.5266,-261001.5238,-176118.0056,-179382.7563,85.6289492223158,85.6322434602992,85.5352571141389,83.5874167160338,84.8946475632741,62.9499435199476,62.068798334938,62.0482563537314,62.6689872748288,62.733234503927,1.95879304081547,2.77915160266045,2.65533927230494,2.01177414290391,1.93413944495941,61.5567574572407,11.3391975036442,87.0929127823183,87.905821637452,73.539795451858,82.8055835785952,85.0256230989831,63.6562892769224,59.3978801813479,53.8300857803145,60.9089820402886,62.9530857943119,2.24250060453322,2.43082858161834,2.8099406633926,1.45962819400964,1.58212304871884,61.8079490058513,11.3875007528499
85.6182633021005,-185912.2577,-274060.5266,-261001.5238,-176118.0056,-179382.7563,85.6236311703638,85.6283876067358,85.5144451522931,83.9091867839514,84.9968204922679,62.9514151987863,62.0710972853269,62.0503381709399,62.7074463919624,62.7476318403478,1.95937964767555,2.77987771050367,2.65793006984359,1.98489155521765,1.9265090437544,61.6563144345516,11.3085880269949,87.0094042366034,87.9259293900121,73.5513107288269,82.9496610074965,85.2495177413632,63.6426612541591,59.2804973569366,53.8129336766807,60.9242499765283,62.9671630568192,2.24330445393712,2.45213021309879,2.8063703130389,1.45942058418331,1.5764055723843,61.8304069035122,11.6014533884947
85.6173002619577,-185912.2577,-274060.5266,-261001.5238,-176118.0056,-179382.7563,85.6232351542776,85.6289663520132,85.4979717704969,84.162739124173,85.0642477704138,62.9528384178528,62.0732331397113,62.0518163160148,62.7368777984762,62.75740776837,1.95953688234479,2.78006146928801,2.65996511150162,1.96412899440847,1.92153003967369,61.7412837572788,11.2852224972166,86.9740639649752,87.9420919725254,73.5012788307738,83.0713063103725,85.4384293067468,63.6327624884762,59.2111699032311,53.7871267483785,60.937112192761,62.9872072599695,2.24848719212633,2.46434504398514,2.81370581869695,1.45906714912763,1.56923615857363,61.8624851389548,11.7216376379884
85.6166633429555,-185912.2577,-274060.5266,-261001.5238,-176118.0056,-179382.7563,85.6238493576002,85.6299786850004,85.486272326778,84.3597466209363,85.1070097748317,62.9539725478777,62.074883473853,62.0529717611381,62.7592100582405,62.7638767031722,1.95958182372484,2.78013676859849,2.66142429800146,1.94824583814524,1.91840880223242,61.8157127033414,11.2677975307025,86.9501960839628,87.9544153256869,73.4595954036779,83.1735018657277,85.596928833743,63.6266147073701,59.1704861674461,53.7628381418761,60.9481671043706,63.010926520828,2.25135736879145,2.47127068828933,2.81959008168491,1.45839965140496,1.56129845620854,61.8906005115308,11.7862144751147
85.6162218217152,-185912.2577,-274060.5266,-261001.5238,-176118.0056,-179382.7563,85.6240591667787,85.630265233939,85.4785395481982,84.5107745224216,85.132864546513,62.9547811160006,62.0760366333021,62.0539113660493,62.7760067743953,62.7680382585406,1.95963358175354,2.78023905578373,2.66240962387155,1.93621371748026,1.91654800275258,61.8810767481711,11.2550439816416,86.9352424947852,87.963508754358,73.4248155408291,83.2595121319057,85.7290861136978,63.6227202501645,59.1467657426842,53.7398556771273,60.957685257284,63.0354194472346,2.25320571997661,2.47514565656065,2.82427839917344,1.45754507914449,1.55338273976947,61.9166141957352,11.812260931824
85.6159368932479,-185912.2577,-274060.5266,-261001.5238,-176118.0056,-179382.7563,85.6237419821978,85.6299186356847,85.4735873252636,84.6250884440642,85.1475568957174,62.9553250852725,62.0768052373152,62.054664375682,62.7885283070451,62.7706333014124,1.95970802656444,2.78037069565854,2.66305823039057,1.92718794516693,1.9155118876587,61.9381185540283,11.2458367854392,86.9257780471342,87.9700691790622,73.3955496887658,83.3320011894315,85.8386857449457,63.6202597983382,59.1330305124411,53.7179750188481,60.9658935578819,63.0590553211924,2.25437038426656,2.47727884813076,2.82801626497659,1.4565958597498,1.54591803954218,61.9408284858811,11.8155814880934
85.6157323517278,-185912.2577,-274060.5266,-261001.5238,-176118.0056,-179382.7563,85.6231306657578,85.6292723310211,85.4703832784601,84.7105932742709,85.155162909722,62.9556811257926,62.0773084069175,62.0552428967477,62.7977812720678,62.772192416602,1.95979165914055,2.78050639409007,2.66348843060854,1.92048174628363,1.914994400198,61.9874941352157,11.2392626303208,86.9197988145181,87.9747282797094,73.3700398276593,83.3931637813048,85.929160627038,63.618705097757,59.1251399335682,53.6969379133681,60.972985223989,63.0809843042109,2.25510651213222,2.47842828085016,2.83111429182984,1.45561606171343,1.53911380090426,61.9633989368443,11.8064296503252
85.6155971329481,-185912.2577,-274060.5266,-261001.5238,-176118.0056,-179382.7563,85.6224398759964,85.6285677589308,85.4682127384219,84.7738605517707,85.1584559947058,62.9559111344769,62.0776358304296,62.0556650147134,62.8045612974122,62.773083502733,1.95987127314474,2.78062823514418,2.66378337991006,1.91554382198273,1.91478891715973,62.0299087838856,11.2346156273414,86.9160136631721,87.9779955548298,73.3470617093565,83.4448145076632,86.0035568864456,63.6177214510264,59.1206478373277,53.67656356451,60.9791276739856,63.1008443568554,2.25557186596757,2.4790301377876,2.83378870619936,1.4546458877673,1.53304469251698,61.9844097699884,11.7910529439196
85.6155080572898,-185912.2577,-274060.5266,-261001.5238,-176118.0056,-179382.7563,85.6217920356353,85.6279248756004,85.4666455455202,84.8202207351275,85.159250652055,62.9560583821436,62.0778479271512,62.0559568088207,62.8094898820219,62.7735546081445,1.9599400231887,2.78072918520383,2.66399490460093,1.91193812421901,1.91476124173417,62.0661059828994,11.2313634789466,86.913617206986,87.9802654036804,73.3258064806407,83.4884625856148,86.0645263366184,63.6170987596391,59.1181189437569,53.6567314583834,60.9844653307377,63.1185575087458,2.25586640263145,2.47933219520014,2.83618228094624,1.45370906626644,1.52770855108999,62.0039327577114,11.7730922867968
85.6154488224667,-185912.2577,-274060.5266,-261001.5238,-176118.0056,-179382.7563,85.6212370256738,85.6273848929825,85.4654458833706,84.8538999393434,85.1586912403294,62.9561515377843,62.0779840923208,62.0561473721751,62.8130462568093,62.7737689830908,1.95999607264441,2.78080902519222,2.66415311325709,1.90932511354241,1.91482742989028,62.0968309030521,11.2291107545264,86.9120991370337,87.9818304590218,73.305759190245,83.5253689434743,86.1143446247792,63.6167043752721,59.1167150674886,53.6373637245958,60.9891220938366,63.1342040433174,2.25605290083138,2.47947382963555,2.83838581810627,1.45281835562601,1.52306186389468,62.0220406180976,11.7545917021429
85.6154092632357,-185912.2577,-274060.5266,-261001.5238,-176118.0056,-179382.7563,85.6207836585089,85.6269496840881,85.4644910586306,84.8781802443405,85.1574739891037,62.9562093002112,62.0780699969429,62.0562639417255,62.815595048383,62.7738317977026,1.96004027431248,2.7808705617574,2.66427505151494,1.90744443981511,1.9149369341951,62.122798553142,11.227567261595,86.9111367472393,87.9829027839772,73.2865919833863,83.5565903473312,86.1549429982455,63.616454408963,59.1159496727492,53.6184096237666,60.9932036638963,63.1479456806563,2.25617106677103,2.47953233978298,2.8404570340796,1.45197946974871,1.51904119811735,62.0388107337053,11.7366431720772
81.2544936217315,-179616.0634,-252310.0372,-241540.5596,-171538.9552,-174231.3246,85.4760103291365,85.4603629784112,85.4591076135774,84.8937828509601,85.1543907827664,63.0359095998632,62.3085883966023,62.3057503666031,62.9167739865202,62.8831402965739,1.91260333823392,2.60408274594098,2.49276095190038,1.86508536767376,1.86933085113702,62.1465126157037,10.7438632548861,86.9105260871588,87.9836335979823,73.2680960191017,83.5830143272716,86.1879464665749,63.6162958390022,59.1155423641476,53.5998356618644,60.9967998184349,63.1599796429624,2.25624599928839,2.47954979635163,2.84243259812982,1.45119372445169,1.51557583522266,62.0543247194186,11.7197820982692
85.8156816332014,-179616.0634,-252310.0372,-241540.5596,-171538.9552,-174231.3246,84.7915466926596,84.7128728532355,85.3985783231813,84.9039024126362,85.150189560462,62.9713341509338,62.2176640261316,62.2882708872085,62.9083692795437,62.8729949031526,1.96693829095575,2.68008788848241,2.49740445948454,1.86351462409588,1.86883206201101,62.1810071689072,10.8767773250296,85.2151408531687,87.4042479529401,73.4766550627652,83.5801914061287,86.1771337788163,63.3683206801648,59.0023575533131,53.6158356908769,61.0144053194397,63.2302864698101,2.23892594941075,2.55122977385368,2.80439072971032,1.44068432655769,1.49806959842138,62.0686668015662,11.7042249402358
85.7268337640639,-179616.0634,-252310.0372,-241540.5596,-171538.9552,-174231.3246,84.5262257870299,84.4852931940794,85.2005092378275,84.9099599294045,85.1346120895295,62.9445653695767,62.1871708803174,62.2609659793562,62.9037967021187,62.8662378022829,1.98867977416625,2.70377639327928,2.51599537969629,1.86261445191321,1.86957229522964,62.2158212316077,10.9406382942847,86.1631670688607,87.6063645060709,72.8160953194435,83.5499760664938,86.090148265562,63.491483225374,59.21626244367,53.5047261891738,61.0264809991316,63.2725264043446,2.26677908677972,2.49202022787577,2.91995362302581,1.43663254422199,1.48775045123112,62.0846251729092,11.7620953862185
85.6703656943937,-179616.0634,-252310.0372,-241540.5596,-171538.9552,-174231.3246,84.7552185848558,84.7732561236333,84.9785583948557,84.9105970854714,85.0912706520365,62.9658099446058,62.2213118834923,62.2379169320527,62.9047377164088,62.8630930009307,1.96971897097898,2.67334541467573,2.53800161904241,1.86264017100503,1.87295316245455,62.2407558334219,10.9166593381567,86.4719787057635,87.7233495316087,73.0388797623315,83.5353143705181,86.0314026117445,63.5809061343601,59.3425216628777,53.5230265101497,61.0433817683174,63.3203999493469,2.21806248295854,2.45726908643879,2.87941552652508,1.42970444918275,1.47654788578754,62.09036845038,11.6140022206379
85.6345574206159,-179616.0634,-252310.0372,-241540.5596,-171538.9552,-174231.3246,85.0858804184274,85.1297683737529,84.8497095738574,84.9022312974697,85.019088157511,62.9964017903231,62.2636678955639,62.2267398864946,62.906417906533,62.8587126058315,1.94296172796527,2.63661645254778,2.55120285480898,1.86349088027783,1.8786836680701,62.2602254172232,10.87295558367,86.6498743730536,87.7921220585224,73.2074474551724,83.5349892669959,85.9881109886091,63.6291844818211,59.4167739491494,53.5340565552186,61.0606216695142,63.352384072288,2.19379042454476,2.43683434122518,2.8485132010373,1.42397226451507,1.46976420637204,62.1281785706302,11.4080349610351
85.6127784809861,-179616.0634,-252310.0372,-241540.5596,-171538.9552,-174231.3246,85.3388079440009,85.3812531939531,84.8415027671754,84.8809967535717,84.9310399847222,63.0194147315147,62.2932375750685,62.228504535466,62.9066233563332,62.8523741356082,1.92294706027685,2.61127407922797,2.55232783637352,1.86530905420287,1.88563638363642,62.279372491668,10.8374944137176,86.7477165595008,87.8328462851206,73.3089105466832,83.543483636206,85.9561775979178,63.6559571697566,59.4603065297856,53.5358425041484,61.0778602082255,63.3736211580189,2.18018332198863,2.4248193406728,2.82951714630402,1.41934379577773,1.46588712682327,62.1628100553621,11.2640023163302
85.5991510895228,-179616.0634,-252310.0372,-241540.5596,-171538.9552,-174231.3246,85.4851515037654,85.5161391829774,84.9197652535383,84.8457438727758,84.8476906026415,63.0326779062082,62.3091633560956,62.2390316719682,62.9048924445223,62.8457403682432,1.91154936130436,2.59788854765677,2.54470538367224,1.86815893596186,1.89221115327092,62.299269699709,10.8145133818662,86.8020888549598,87.8571196840321,73.362099284843,83.5570961525111,85.9326399482729,63.6708447132048,59.4858111816891,53.5310502307839,61.0950001978287,63.3884176698007,2.17261043290815,2.41774468512276,2.81909219781633,1.41557719840882,1.46369581509906,62.1915458730936,11.1752994521544
85.5893833120913,-179616.0634,-252310.0372,-241540.5596,-171538.9552,-174231.3246,85.5544482729998,85.5744566670202,85.0334662962291,84.7996972486475,84.7868386609866,63.0390760856338,62.3162764279439,62.2527474515858,62.9016334514898,62.8407468094427,1.90620928705751,2.59216912530032,2.53353659488356,1.87180921738038,1.89702731169018,62.3182446031602,10.800751536312,86.8320848424091,87.8715983566123,73.3864812978841,83.5734930726923,85.9153182397149,63.6790883842544,59.5007230705645,53.5224643681942,61.1119913905736,63.3996022633089,2.16839683714759,2.41358383948645,2.81379262458518,1.41246479709611,1.46240087017086,62.215219330651,11.1233830218575
85.5832542678829,-179616.0634,-252310.0372,-241540.5596,-171538.9552,-174231.3246,85.5814879458153,85.5940815303009,85.1445240189678,84.749719237805,84.7562938240766,63.0417399982314,62.3189395671862,62.2656769852884,62.8976674616789,62.8384222168755,1.90414780435529,2.59028008602256,2.52267016627608,1.87575052806185,1.89946981957691,62.3346830919773,10.7923184042927,86.8480499737511,87.8800747907049,73.394420823549,83.5912513465742,85.9026143134155,63.6835311157554,59.5093398395572,53.5118525335725,61.1287857845042,63.4088229798432,2.16608959823558,2.41117011859766,2.81142990376808,1.40986018559159,1.46154722139779,62.2350242608729,11.0937940676919
85.5794158086959,-179616.0634,-252310.0372,-241540.5596,-171538.9552,-174231.3246,85.5884082226131,85.5968807309437,85.2348151537518,84.7032283618078,84.755297723608,63.0426237600993,62.3196511859441,62.2760606575172,62.8938355396996,62.8388719850923,1.90363797881922,2.59004778080883,2.51389006577525,1.87941947731588,1.89959513124788,62.3480694512973,10.7865904339671,86.85638793354,87.8850011934036,73.3930436881093,83.6095048895691,85.8933475302033,63.6858713646401,59.5142933705445,53.5002299137187,61.1453384395453,63.4169944364867,2.16486119340542,2.40977796707324,2.81074244550273,1.40766114526521,1.46088580365504,62.2518994854068,11.0773411819929
85.5770155321715,-179616.0634,-252310.0372,-241540.5596,-171538.9552,-174231.3246,85.5876220200693,85.5940679798829,85.3009195252487,84.6660788363236,84.7761861822287,63.0428211509961,62.3197010414347,62.2836992121449,62.8907964073892,62.8414357107658,1.90372103148578,2.59036634104144,2.50750455813291,1.88236353728475,1.89800817116218,62.3588452627001,10.7819636391071,86.8605865222462,87.8878363424407,73.3866302818707,83.6277393925174,85.8866661963634,63.6870659037448,59.5171232446483,53.4882037811251,61.1616134325728,63.4246087670202,2.16422375283952,2.40898087869722,2.81097222255786,1.40579210223026,1.46028601433128,62.2665319510368,11.0684139869947
85.5755172107453,-179616.0634,-252310.0372,-241540.5596,-171538.9552,-174231.3246,85.5844809151433,85.5900743258061,85.3457398701935,84.6414209267879,84.8107956728907,63.0428067057568,62.3196058179971,62.289002904279,62.8889092687594,62.8453406500257,1.90398508852735,2.59080029721672,2.5032069774652,1.8843340163514,1.89535502833439,62.3676154715906,10.7776814078951,86.8625859940062,87.8894469802656,73.3776058841348,83.6456561608342,85.8819488104816,63.6876470311642,59.518727379198,53.4761150343522,61.1775833961396,63.4319146282552,2.16390581970127,2.40852874335061,2.81168947544745,1.40419577461026,1.4596850536747,62.2794289708588,11.0636917476627
80.5755203215695,-180393.693,-254996.394,-243944.142,-172104.504,-174867.567,85.4085268388448,85.3875133658673,85.3732572330782,84.6286770446609,84.8520769794686,63.0155164277905,62.2652382043559,62.2587963515361,62.8734052597249,62.8337887969928,1.92492319247647,2.63516620087004,2.52180303323758,1.89030664261802,1.89771178069184,62.3748033252247,10.869910849894,86.8634499749868,87.8903464827931,73.3673278302353,83.6630876355328,85.8787354220508,63.687908046392,59.5196278058572,53.4641512539735,61.1932289531935,63.4390275977302,2.16375682675171,2.40827534317165,2.81265342296091,1.40282724275112,1.45905690184407,62.2909620328302,11.0612619739085
75.6835952732531,-180393.693,-254996.394,-243944.142,-172104.504,-174867.567,84.1792222414023,84.0259221312127,85.2968812313463,84.6291665970059,84.8927302166657,62.8951851654328,62.0928314999896,62.2296009097077,62.8556790285573,62.819273160604,2.02521847409638,2.77804159100554,2.52696099193124,1.88872520480444,1.89296877097362,62.377682736199,11.1119150328112,85.1755547100494,87.2451311019816,73.3278675587609,83.6820132277192,85.8822293147518,63.3545004686308,59.1448703900234,53.4473084766986,61.2061631199774,63.4378996112219,2.24793378079189,2.53687260016871,2.81872512205862,1.40282543362177,1.46037183925906,62.3014059524878,11.0600435754258
76.2320773578326,-180393.693,-254996.394,-243944.142,-172104.504,-174867.567,81.8513806815928,81.5487296460382,84.8417835868812,84.6389684199801,84.9046209964075,62.6252613968148,61.7207873956028,62.1267572280028,62.812465718221,62.774508454575,2.24199301227333,3.07298847370272,2.56614791644036,1.88413761604193,1.88812256582822,62.3654414433489,11.6533895842866,82.1360096608402,85.9541336831413,72.6117236074297,83.6619638515048,85.8066302280058,62.6845552275809,58.5124959652197,53.331463234025,61.2130393833364,63.432886127615,2.48103710587218,2.77114405364744,2.94438833427174,1.40701137201808,1.46203370817237,62.2738259199663,11.4434447927439
81.232076164859,-180393.693,-254996.394,-243944.142,-172104.504,-174867.567,79.6850655191379,79.3821343580611,83.9200075590866,84.6499520323655,84.851064117337,62.3099494340731,61.3140338056759,61.9470896526126,62.7549721204444,62.7081506421244,2.4808366677134,3.37229903144345,2.65281642660439,1.87824491881056,1.88703103235835,62.3230722064816,12.2712280769301,79.8354189275537,84.9620159394397,71.0784707164333,83.5653710059499,85.5794533603268,62.0853062163421,58.1235143238642,53.0956342482251,61.2106087541836,63.4308278262858,2.7655110845843,2.93215897578317,3.21442510642432,1.41680614437038,1.46198144591997,62.1504347575942,12.2810575883191
84.2450554170819,-180393.693,-254996.394,-243944.142,-172104.504,-174867.567,79.4689061544084,79.399046244341,82.6279631712725,84.6458216346533,84.6491310446688,62.2644921489944,61.296672628783,61.7513211269815,62.7316427096708,62.6636110551312,2.50545151238753,3.36591428764152,2.79212133057884,1.87659938835962,1.90054021439731,62.2289892210591,12.4406267333648,80.7543915451188,85.2672750533556,69.5985004318569,83.4174128422988,85.2433826949884,62.1931394461059,58.2431556522003,52.8669428346425,61.2053513112716,63.4508692403402,2.80605418036668,2.88262548559418,3.47499152371318,1.4259455236273,1.45604879359024,61.9505066147528,13.0955836976113
82.8463156944552,-180393.693,-254996.394,-243944.142,-172104.504,-174867.567,80.7113400349887,80.835644021579,81.526057122068,84.6012255081791,84.2658917245225,62.4427174874551,61.5511183310126,61.6095010880042,62.7378430386637,62.6341888169988,2.35950055771585,3.15958188293102,2.92671672065336,1.88095939978022,1.93162623641706,62.1201974081018,12.2583847974975,82.9960296765741,86.0429949034189,69.6593732952433,83.2992030964753,84.9581772309622,62.6859039045715,58.5470207883936,52.8627640185275,61.2085522040827,63.4967807323362,2.63568306534456,2.75678420298199,3.46316691732968,1.4264879630396,1.4445185384858,61.838866618,13.2169327351233
80.9999200122869,-180393.693,-254996.394,-243944.142,-172104.504,-174867.567,81.7889876439019,81.9190405507894,81.0418973141263,84.4790417760627,83.7157626764655,62.5813523300358,61.7253482034604,61.5483366613637,62.7336940653861,62.5810695813731,2.24415053624472,3.01733021107905,2.99022423871358,1.89116933489336,1.97705094114921,62.0540114108538,12.1199252620799,83.4378445805182,86.2751332843682,70.7547833892828,83.2369358782151,84.7940282580594,62.8452340169299,58.6590683598545,53.0100073483923,61.2177270972965,63.5262922805455,2.52918802863661,2.71498496497971,3.2685118999657,1.42289156601416,1.43832388913989,61.8709761073788,12.7839462117818
80.6826677381559,-180393.693,-254996.394,-243944.142,-172104.504,-174867.567,81.8959958598304,81.9386718967094,81.0870332003017,84.2475998881923,83.1081868530152,62.5897321700403,61.7228831313887,61.5462291869341,62.7027365757594,62.5003004690782,2.23268602264049,3.01403218544488,2.98299484109499,1.90876749463032,2.02759099580058,62.042986022048,12.1660715396113,82.8789973663143,86.1094590786649,71.1723423608317,83.2018724210664,84.6883418111242,62.7492425046067,58.5991307113533,53.0594382438095,61.2249028963086,63.5159308282235,2.54018361336522,2.74088876942578,3.19376563019644,1.42215547917946,1.44264659263646,61.9391703428734,12.4753913669965
80.4626107199178,-180393.693,-254996.394,-243944.142,-172104.504,-174867.567,81.5454646948107,81.5233980361479,81.2426176783698,83.9328001861152,82.5579087696404,62.5389281360995,61.6483817858489,61.5499583951219,62.653745053502,62.4126526739354,2.26789478222162,3.06571009681137,2.95999218410844,1.93261094116893,2.0741540676398,62.0473435338684,12.3003620719501,82.4005653295045,85.9354759340753,70.9934679751531,83.1652366253386,84.5773302112847,62.6323241604893,58.5319479400911,53.0223521216264,61.2290817804345,63.4921800244126,2.59031560409612,2.7689230068684,3.22448876027969,1.42404938957093,1.45006882434782,61.9643160035125,12.475459595137
80.0379147242584,-180393.693,-254996.394,-243944.142,-172104.504,-174867.567,81.0937133070607,81.0474657345668,81.2938749758185,83.5645036686117,82.122079612845,62.4716849642208,61.558787176202,61.5329012883932,62.5933761949576,62.3316651890865,2.31472234366882,3.12648381009286,2.94975938355792,1.96098825962929,2.11134360200106,62.0395835525089,12.46329739895,81.9579695016366,85.771998277379,70.7191272923133,83.1227362652023,84.4547482664949,62.5242050683412,58.4674796772839,52.9714784128288,61.2324309369138,63.4739959222752,2.63664369991292,2.79552767038763,3.27209846075584,1.42618897905191,1.45579531468591,61.9542576303528,12.5962928877826
75.037927344204,-180393.693,-254996.394,-243944.142,-172104.504,-174867.567,80.404643587211,80.317956233641,81.1967105110265,83.1798838383277,81.7873360655051,62.3645783720101,61.4160799496529,61.4814619145704,62.5194598480815,62.2508414479345,2.3893940834141,3.22354442899653,2.95660068791635,1.9904787426647,2.13878516553181,62.0138214553951,12.6988031085235,81.4278354202073,85.5756378883427,70.4379670655416,83.0750341097097,84.3211726327074,62.3993734417092,58.3893190085988,52.9197025333529,61.2353754811671,63.4621879851356,2.68665902444425,2.8276258921418,3.32092118012212,1.42815443854916,1.45972450621204,61.9307177057252,12.7356183157186
71.0738553667414,-180393.693,-254996.394,-243944.142,-172104.504,-174867.567,78.476761091617,78.2504700351874,80.8251815943676,82.8062454228688,81.5260669808109,62.0307593174191,60.9697070818415,61.3249982293083,62.3935813837538,62.1204850287877,2.62099114918211,3.52594605674131,2.9892086895536,2.01463829945089,2.15321369788632,61.9669356149065,13.3039978928142,78.4305523500713,84.4070781645353,70.1128692540483,83.0208466933839,84.1715369261694,61.7664276450155,57.9315616726115,52.8616034549698,61.2376055219596,63.4547621709688,2.88407192560821,3.01719743147547,3.37751763350536,1.43016919303117,1.4624051906317,61.89777895604,12.8901702498855
72.2330826033345,-180416.7413,-255076.0154,-244015.3822,-172121.2664,-174886.4247,75.7306574533345,75.4192183624345,79.8843411847259,82.4577189985795,81.2553719886507,61.4161876244221,60.1875346551841,60.9703828304739,62.1864103117717,61.8934990492529,3.01166113481543,4.00153158300891,3.08275714784607,2.02888430909445,2.15830725812815,61.8646876691185,14.283141432893,74.2700034652639,82.5159827199834,68.6322027317056,82.9055109999939,83.8620067659478,60.8050187384944,57.2667495749568,52.6348562434906,61.2302103561781,63.445070238433,3.25516776354296,3.30908319922024,3.63837385590121,1.43822220979759,1.464612211473,61.7753381251331,13.503467095623
72.0514112465135,-180416.7413,-255076.0154,-244015.3822,-172121.2664,-174886.4247,73.6894230085927,73.4578301589322,78.3561903157598,82.121964107091,80.8703121668916,60.8053127818841,59.4714339952341,60.4386994238102,61.9394061242642,61.5994659311136,3.34600773283172,4.35781045407268,3.2542023133848,2.03780611726571,2.16850211894031,61.6532784345916,15.1643287364952,71.7778793094571,81.1902575888183,66.4859821601682,82.6916503212969,83.2893845048028,60.148557890765,56.8735798622746,52.3103955443659,61.2107955898042,63.4533260053017,3.57190749212081,3.49941217905595,4.01682697458349,1.4519555677814,1.46101488703108,61.4727029394897,14.5489923608444
71.6845519810722,-180416.7413,-255076.0154,-244015.3822,-172121.2664,-174886.4247,72.6336273647852,72.5135439391137,76.5729501879757,81.7616356268645,80.2659108852528,60.3975846575066,59.0232716755829,59.811606864908,61.6908747499959,61.2608380500758,3.52322507207166,4.51807511563246,3.47866750216782,2.04915699867034,2.19882718990212,61.3288735403969,15.7679518784444,70.1554395768982,80.0822374753334,65.032932684752,82.426510330638,82.5487103679015,59.7406527629544,56.5568314933003,52.0862560681448,61.1880781955996,63.4874293137966,3.75529427503312,3.6561610181801,4.27268561246547,1.46404528631649,1.45098319991307,61.1247531468446,15.3686973221463
71.4452600691928,-180416.7413,-255076.0154,-244015.3822,-172121.2664,-174886.4247,72.0773166416258,72.0191506599106,74.9403659754306,81.3185699539183,79.3979989035169,60.1274186057495,58.7255381111544,59.1662671735304,61.4249657768006,60.8438936061391,3.60758998275938,4.58491348333061,3.69638488023223,2.06740516968671,2.25227087085484,60.9715928784568,16.2085643868637,69.1541131909847,79.1103594690025,64.1774240520525,82.1287456507897,81.7092103454083,59.4920740829773,56.2824686382979,51.9487873183755,61.1608066582261,63.5076796440311,3.8647607385595,3.79297034003337,4.42287844433369,1.47615019148725,1.44492981178814,60.8386106005566,15.8936676861082
71.28978962814,-180416.7413,-255076.0154,-244015.3822,-172121.2664,-174886.4247,71.7273750769969,71.696508413866,73.6524263912273,80.7376052562878,78.3068286416731,59.9240144992099,58.4948528920903,58.5694414182711,61.1223045559195,60.3233151948062,3.65237782622299,4.61685000918487,3.86575604332816,2.09673768185987,2.32373229066303,60.6429200657303,16.5554538512589,68.5929217432915,78.3017293269189,63.6977808961937,81.8066788236768,80.8494614242302,59.3524024837057,56.053536960759,51.865953820161,61.127510530563,63.4796303005097,3.92652846254062,3.90692783331398,4.50661489466353,1.48971903449136,1.45158354941622,60.6195844694603,16.2429371001731
73.0298560811763,-180416.7413,-255076.0154,-244015.3822,-172121.2664,-174886.4247,71.7325956584819,71.7353459708631,72.7423389828602,79.9869918959785,77.0828567656437,59.8636579471485,58.4302336113056,58.110377720646,60.8110470300351,59.7500449963993,3.63219805324768,4.58095067293308,3.98491625734454,2.1447777622952,2.41096894447376,60.3507675031341,16.7538116902943,68.2877048829175,77.6588176407784,63.4378568001715,81.4682955718857,80.0417857908939,59.2766340588567,55.8686893364479,51.8151928791636,61.0880692281621,63.3854463014843,3.95989348178496,3.99808666314725,4.55151401149901,1.50499777999382,1.47529264521509,60.4488705343975,16.496523319975
70.9097972855165,-180416.7413,-255076.0154,-244015.3822,-172121.2664,-174886.4247,72.0342340952515,72.0517749607333,72.2213103970503,79.0874829651771,75.8400201942679,59.9291044273021,58.5028052848292,57.8299102161596,60.5011639151002,59.1683366322112,3.56132760505379,4.49850172189553,4.0515265768271,2.21281793391488,2.50657773946508,60.0996513112448,16.8307515771564,69.047525966936,77.9659218008231,63.2953717341701,81.1214676926294,79.3203112309632,59.4294528222566,55.8965846319562,51.7817170393896,61.0431931196261,63.2273014832643,3.91879782713236,3.96638716344824,4.57566632518331,1.52161391193861,1.51523874805601,60.3063129449162,16.7019958928461
70.9097971254166,-180416.7413,-255076.0154,-244015.3822,-172121.2664,-174886.4247,71.6728252894471,71.6486515146711,71.9998644997071,78.0944004014847,74.7082267238411,59.7446565946647,58.2726098612574,57.5630514179315,60.0529181130856,58.4308786504832,3.61416186778786,4.55665921176387,4.0387819652689,2.27964307267148,2.56730216173578,59.8979568648408,17.0565482792279,68.2632853039291,77.2628004186338,63.4643208633601,80.8174120817896,78.7706996111482,59.2800429496204,55.7314282195747,51.7939473409713,61.0030519063411,63.0393353987733,3.95146194430412,4.05882690397827,4.54478986239049,1.53413305264475,1.56410842290444,60.2424433825825,16.7101122498317
70.9097968173638,-180416.7413,-255076.0154,-244015.3822,-172121.2664,-174886.4247,71.2308640409172,71.2028983072217,71.7865176918116,77.0935411385478,73.7778301778229,59.5281107711872,58.0210562459849,57.2923906609679,59.5467309377734,57.6917692269608,3.68377692459187,4.62378953820108,4.02281145918997,2.34390978467751,2.59783119209291,59.6888780900993,17.2721188987533,67.9885243144257,76.7732387928617,63.2704111463634,80.4969571105595,78.2249539302726,59.2078965399736,55.6027668239838,51.7536207650442,60.954727181094,62.8171980128952,3.98611400889286,4.12587017163497,4.57808539427455,1.55037100964941,1.62017197303193,60.1318966146675,16.9173731594505
70.9097960143177,-180416.7413,-255076.0154,-244015.3822,-172121.2664,-174886.4247,71.0337264250272,71.0216442357786,71.5078693042526,76.1461300742884,73.049180114865,59.412829759597,57.8927700843973,57.0436639606187,59.0581374174096,57.0699508693386,3.7097251348485,4.64244402941077,4.03113333400618,2.40684444014658,2.61519941005647,59.4394647263294,17.4053463484685,67.8811208959161,76.4409103881439,63.1514809101137,80.1740168831547,77.6982723047739,59.1796226164181,55.5071569027375,51.7244033398672,60.9026727269044,62.5839457588223,3.99974388497986,4.17300299332809,4.59814101788606,1.56709974881749,1.67837082743206,60.0004927277481,17.1266136134576
70.9088798327061,-180416.7413,-255076.0154,-244015.3822,-172121.2664,-174886.4247,70.9770260526255,70.9746201525963,71.2525407759302,75.2815766817448,72.4748858381897,59.3612525525207,57.8349062476076,56.8397598960998,58.6009756675078,56.5615631999791,3.71136131819673,4.63861419340529,4.0455163231011,2.46562699295854,2.62603051833533,59.1874898846842,17.487149345997,67.8399541831002,76.2194205367025,63.0907074579769,79.8571121513081,77.2029578720061,59.1687638478312,55.4384599383545,51.70389218112,60.8484347313197,62.3449521835817,4.00499345368681,4.2053916239066,4.60793459538153,1.58362793439248,1.73756905398771,59.8753923483213,17.2949879651352
65.9999998617884,-180416.7413,-255076.0154,-244015.3822,-172121.2664,-174886.4247,70.3303069979536,70.2750228670977,71.051537885351,74.5119997062478,72.0159550497385,59.0551192716661,57.4689208779351,56.5578405873135,58.0169005458786,55.9235936211665,3.82346915153473,4.75945478714333,4.02293073407353,2.49335513049162,2.59681408981166,58.9605287534649,17.6960238930549,67.8238683741514,76.0732525941953,63.0579601780816,79.5520370959475,76.7430449167216,59.1645411726154,55.3902318748707,51.6877268230351,60.7931594345388,62.1068277539194,4.00702084018714,4.22733316372326,4.61279505969767,1.59956910669358,1.79622917862342,59.7610524648537,17.433140701177
65.9999998924968,-180218.3255,-254390.579,-243402.097,-171976.964,-174724.0845,68.2149052849917,68.0839254129015,70.5700177166519,73.8440020674997,71.6441112181653,58.0035186271368,56.2833166728697,55.8534919723479,56.9670521206983,54.705079717203,4.21714726014238,5.15111386794271,3.95206026648172,2.43489844958907,2.46472650611363,58.6894900422201,18.2199463502695,65.9650220973864,73.9096888421316,63.037016974815,79.2625357402982,76.3195140824679,58.7890369623647,54.9192749729782,51.6735543205883,60.7377532824084,61.8759487526358,4.10948571657459,4.50447455417477,4.61559103619092,1.61467461993233,1.85284690841881,59.656426010397,17.5510755782713
66.0256803259336,-180218.3255,-254390.579,-243402.097,-171976.964,-174724.0845,66.7747384036549,66.6932394736713,69.5256593009181,73.2531288206582,71.2765759917315,57.1721433492903,55.4056026283106,54.9367256982368,55.8992339528617,53.5036974968804,4.48450872109351,5.38520862813969,3.98662426183294,2.36797903711613,2.34908936897366,58.1966364459564,18.5734100171559,65.4620359198279,72.3078743188822,62.6001378438748,78.8619871323038,75.723172029843,58.6528049004327,54.5558988681247,51.598783792089,60.6541027268527,61.5821733548639,4.17779518197376,4.71254121751682,4.69191694574375,1.64187061707218,1.91906654143126,59.4051941515652,17.9896292587956
66.1299076648042,-180218.3255,-254390.579,-243402.097,-171976.964,-174724.0845,66.2690534772954,66.2402241870315,68.332695225923,72.681957370287,70.8056694168976,56.8389348175602,55.0733059049109,54.1139435663422,55.0603796774201,52.5705087634608,4.5665301594028,5.44342474756616,4.09041511147919,2.33200794931625,2.28953726933284,57.554969526127,18.7219152370972,65.3173614309119,71.2321621139743,62.4028696727138,78.3924460621587,75.0860228622763,58.6126646615546,54.2912989846581,51.5589290041304,60.5510289221274,61.2339976809742,4.19856324712535,4.85630428230479,4.72588452138859,1.67466915368441,1.995292311882,59.1259314350797,18.3529920760133
66.2114461875655,-180218.3255,-254390.579,-243402.097,-171976.964,-174724.0845,66.1865393361082,66.1815133985926,67.3811425129691,72.080011798595,70.1983461990131,56.7595077207885,54.9979616534984,53.4989164340009,54.3710107122552,51.7637608765227,4.56802554861986,5.43532866091568,4.1895727906948,2.32049560892273,2.26476913898245,56.9752760057433,18.7781917481355,65.3058714045906,70.5975551473733,62.3264218299407,77.8869323558618,74.4707940122594,58.6070489095426,54.1164993516618,51.5368490075784,60.4341202285075,60.8436197563055,4.20305832245553,4.94478339162858,4.73850730250964,1.71021985163894,2.07956942376998,58.8701792480311,18.6176295814274
66.2525722130816,-180218.3255,-254390.579,-243402.097,-171976.964,-174724.0845,66.2263615282712,66.2288250381213,66.7718845700039,71.4173687005766,69.5008192298431,56.7615636071652,55.0013829731378,53.1014596709719,53.7408925642562,51.0042314670523,4.54979827624207,5.41408087248347,4.25448346223955,2.32476535155232,2.25717740286687,56.519563963879,18.8003053653843,65.3247317874696,70.2521111282739,62.2993098529738,77.3742917688308,73.9007353383215,58.6103373080475,54.0078883192672,51.5222041359672,60.3095791529449,60.4384313482977,4.202630028127,4.99558593560071,4.7424285557826,1.74581937667066,2.16636966819284,58.6448771652094,18.8168657608136
66.2886781726607,-180218.3255,-254390.579,-243402.097,-171976.964,-174724.0845,66.2811024117497,66.2847459636161,66.4515236940791,70.6953671265074,68.7870219606347,56.7797922916938,55.0193760216861,52.8797232841108,53.1258041415599,50.292856063642,4.53231404114768,5.39585292309806,4.28540023415029,2.3389118610671,2.25747298693284,56.1524922678284,18.809952046396,65.3407915700466,70.0683947795956,62.2875867790538,76.8748687069912,73.3837472672072,58.6138060093488,53.9423937279752,51.5100724169757,60.1823150085902,60.043631089951,4.20148165614062,5.0241204120709,4.74365142759437,1.77974297557216,2.25053412825705,58.4460820786294,18.9746729077808
66.4851369415375,-180218.3255,-254390.579,-243402.097,-171976.964,-174724.0845,66.3552177102223,66.36013356955,66.3181089377885,69.9533789579618,68.1329947602015,56.8145155359406,55.0554396937986,52.7805093586087,52.5384775598279,49.681752075655,4.51360083144713,5.37708318323687,4.29622669178129,2.35968371682327,2.26272455693634,55.833042341695,18.8093189802249,65.3554807647974,69.9792840341859,62.2784409745594,76.4008347690014,72.9234460373518,58.6170010126081,53.905084978385,51.4985887794714,60.0555663099141,59.6767412848778,4.20040511522705,5.03904750749058,4.74444090200775,1.81121962832,2.32845298569284,58.2688613635891,19.10436785387
66.685862898832,-180218.3255,-254390.579,-243402.097,-171976.964,-174724.0845,66.4907737150212,66.4983694720834,66.2931993545143,69.2482832568624,67.5813307059034,56.8883425942624,55.1340976786613,52.7681647634068,52.0263720220253,49.2193536788282,4.48458528104756,5.34889348265397,4.30021795973513,2.38612652793922,2.27372465757656,55.5479343417936,18.7935479089524,65.4191406430824,70.0262795924262,62.2697767368118,75.9593960400589,72.5224669202853,58.629816641961,53.8996573584728,51.4874427879343,59.9315453080782,59.3484636209573,4.19694787674106,5.03609807338057,4.74516704471764,1.83999280248906,2.39794781643142,58.1100956260072,19.2120243735675
66.6646977808323,-180218.3255,-254390.579,-243402.097,-171976.964,-174724.0845,66.6296567811862,66.6370855433164,66.3452476309777,68.6281201601379,67.1506585693222,56.9659972066356,55.2157734751399,52.8093628008659,51.5961849230463,48.8869486172196,4.45617117761829,5.32218005848155,4.29677094513508,2.41274163430159,2.28595833145659,55.3034149873918,18.7738221469931,65.4958360806525,70.1541988174076,62.2711689722232,75.5604530144543,72.1868914218296,58.6461175761323,53.9162087849358,51.4780295859252,59.8133562325569,59.0685095850168,4.19177344041103,5.02192697067479,4.74413719951553,1.86551352327456,2.45727896023785,57.9716256966589,19.2944607076084
66.8302724679079,-180218.3255,-254390.579,-243402.097,-171976.964,-174724.0845,66.7263465955251,66.7324853763265,66.4352434220422,68.120240414968,66.8405623751191,57.0205423482909,55.2726691381602,52.8693096339842,51.2432888889924,48.6539549399324,4.43682153168289,5.30429791085992,4.28725346617258,2.43489822175595,2.29564970141374,55.0963243402887,18.7589208318851,65.5071774859129,70.2150967512234,62.2773895285472,75.2086924340999,71.9165640357292,58.6498061490969,53.9278334432305,51.4695882298474,59.7028276119576,58.8404560247818,4.18951023820629,5.01444617691554,4.74227567007787,1.88776396733708,2.50581032714797,57.852925056422,19.3546408268411
66.8986036206695,-180218.3255,-254390.579,-243402.097,-171976.964,-174724.0845,66.8295113719753,66.8357640267836,66.5351937992992,67.7249939064931,66.6340564522773,57.079509367684,55.3351993303004,52.9414057431434,50.9869128770258,48.5256765659749,4.41670896554421,5.28550388047746,4.27846869573501,2.45509979231874,2.30556682543954,54.9154828803017,18.741348159515,65.5634547673656,70.3342007301958,62.2717465770697,74.8962062608401,71.6991138423727,58.6612339710821,53.9506060500675,51.4596753803247,59.5986809676664,58.6564893801903,4.18633858210589,4.99980798215233,4.74253233239877,1.90772179978939,2.54488807536169,57.747665706302,19.4047094352267
70.2628370308248,-180218.3255,-254390.579,-243402.097,-171976.964,-174724.0845,67.4225827084305,67.4607149925909,66.6582637151652,67.4331600214093,66.513224926899,57.4132473562357,55.7066662928128,53.1436494788604,51.0488923919075,48.7432116594648,4.30227580065888,5.17151841748723,4.30353361463182,2.50811694416328,2.34946813488473,54.759050808106,18.6349129118259,65.5982076743007,70.4366829288482,62.2732122097724,74.625129731371,71.532489421949,58.6691525720428,53.972929203736,51.4510472537128,59.5023261700608,58.5150344000142,4.18337012233429,4.98667756048085,4.74155262532516,1.92520061653957,2.57509854966973,57.6571790286951,19.4401104726761
70.9999885674726,-181449.9064,-258645.1312,-247208.8016,-172872.6592,-175731.7416,69.0348444314535,69.1148277200059,67.1091658323764,67.242948644726,66.4834381690229,58.2132543052677,56.5276853963639,53.5945631726917,51.5023433013642,49.3733108018056,4.00654666502586,4.91000237738554,4.37084278214571,2.62427546435342,2.45415228692798,54.6797711875067,18.3658195758385,66.848333837554,72.3872238244655,62.2719462116344,74.3907634035775,71.4072199558145,58.9235716284755,54.3025213340708,51.4422659043896,59.4132974050501,58.4088300626052,4.11225375281761,4.7554519466039,4.74107576866459,1.94066530908611,2.59789159251699,57.5792465944085,19.4651818641928
70.5429758034352,-181449.9064,-258645.1312,-247208.8016,-172872.6592,-175731.7416,70.147810594971,70.2094194588717,67.9920417913961,67.1582928261911,66.5932289312609,58.7557372398058,57.1153711690071,54.3212929221545,52.0580831498489,50.1275090082119,3.80590999360871,4.71992292722873,4.32091936247578,2.73557025246955,2.55019874042108,54.7246221530335,18.1325212762038,67.5127616780654,73.8883618999682,62.5202895794339,74.3586518508934,71.5003309913676,59.0703362500763,54.6020227669765,51.4702677299305,59.3673375345538,58.439557086633,4.06092559386364,4.56850981133567,4.69650651864399,1.94273280662167,2.59536350769055,57.5858737656329,19.3422702599272
70.9096327940165,-181449.9064,-258645.1312,-247208.8016,-172872.6592,-175731.7416,70.5921491311934,70.6232387922572,68.9434027000722,67.1890904597196,66.8977371407013,58.9741335357435,57.3463998166752,54.9356234929074,52.4542046836306,50.7655375707493,3.73189427007888,4.65494074660668,4.21695706471704,2.80339359424737,2.6029220643971,54.8347992569328,18.0101077400471,67.5216354753079,74.4744895037439,62.714338611906,74.4512118751732,71.7077392458895,59.0843210372126,54.7807858551855,51.4907414175958,59.3492509578858,58.5690010368557,4.04614581641032,4.48339399052897,4.66156666037549,1.93763883570908,2.57300077177795,57.6468958705488,19.1703648452732
69.4665424781711,-181449.9064,-258645.1312,-247208.8016,-172872.6592,-175731.7416,70.6079886445193,70.6081872854527,69.6979043379017,67.3264416710239,67.3719048094919,58.9998900114122,57.3641856869949,55.3517603253159,52.7430330703177,51.3394665194006,3.73508247997556,4.66648227683458,4.11749689929421,2.83251231091847,2.61911865482354,54.9491699904092,17.9706926218464,67.6970161658819,75.0144486746563,62.7431952444964,74.5746956898325,71.9171482102249,59.1213827809762,54.9368603245,51.4874705325995,59.3401308430775,58.7210437705212,4.03456402299499,4.40667060879188,4.65585610327973,1.93106525381238,2.54444046588798,57.7239232217892,19.0256567134661
65.9999995436866,-181449.9064,-258645.1312,-247208.8016,-172872.6592,-175731.7416,69.6241400973004,69.5554107219108,70.0692850074831,67.5625098530647,67.9424613597335,58.5651769949685,56.8544708473834,55.3782252834984,52.6855687575498,51.5195152209303,3.92054891847899,4.86600986573618,4.02082658422602,2.7766248539566,2.55684076736217,55.0462817872054,18.14085098976,67.1378492034467,74.6251274441778,62.7846935595932,74.7186877447,72.1325660889674,59.0094532465998,54.9107894123849,51.4862529024745,59.3392984211825,58.8850594662908,4.06418268047451,4.44503434615977,4.64792796169499,1.92249495643592,2.51277309108749,57.8114263697585,18.8864605469471
65.9999997562517,-181449.9064,-258645.1312,-247208.8016,-172872.6592,-175731.7416,67.7230299767044,67.6109711701453,69.7904811544796,67.8628992393704,68.4659006707814,57.6009859621729,55.7806540705395,54.8620598966803,52.145712345779,51.0808461863292,4.28344371631868,5.22411176414128,3.95689553962638,2.62818560829723,2.41534234163249,55.0740573364258,18.5079789700161,65.7715820041367,72.8214665433442,62.64935370705,74.8048676755666,72.2462834656532,58.7246539618488,54.5731378176045,51.4594713289451,59.3302452899638,59.0003873237288,4.14981052230557,4.66529569698133,4.67127788251069,1.91725638464744,2.48958114721192,57.8669647030931,18.8386605170395
66.05969408021,-181449.9064,-258645.1312,-247208.8016,-172872.6592,-175731.7416,66.5768425509681,66.5149384182927,68.8896461236969,68.1817387463504,68.8064519740049,56.9430472459992,55.0975700659815,54.1344001716528,51.7120671400247,50.6427498121134,4.50053218465039,5.41305989493296,4.0033357411075,2.50810613496319,2.31180063588494,54.9411425799927,18.736834591539,65.4195071344746,71.5780914222831,62.3175678202836,74.7253116621602,72.1409406664125,58.6276516589821,54.3059280084714,51.4041063877569,59.2898461497506,58.9905687899806,4.19955205549991,4.82389034217836,4.7293589176351,1.92290577185531,2.4894320284839,57.8208161280204,18.9711103669534
66.6641550043083,-181449.9064,-258645.1312,-247208.8016,-172872.6592,-175731.7416,66.3302220418716,66.3161893793764,67.8785187302822,68.4563813065616,68.8815120413137,56.7795215664297,54.9467233193978,53.5131727644988,51.5778603789212,50.3803677186264,4.53968857486764,5.43586641690441,4.11199309987721,2.44735214499802,2.26963573039065,54.6961124127461,18.8045359670379,65.3316918999095,70.8062687830427,62.1781488697001,74.5501595706515,71.9617527081393,58.6023521130746,54.1169394493757,51.3767158342112,59.2312769040076,58.9005275804012,4.21325391361745,4.92687125518643,4.75342875153911,1.93443526925386,2.50548881980899,57.726974813508,19.1219304710569
66.793344161179,-181449.9064,-258645.1312,-247208.8016,-172872.6592,-175731.7416,66.5205421911086,66.5289799930322,67.1614278058096,68.6108042411144,68.7069892983777,56.8758869139298,55.0593927978414,53.1377182932534,51.6033081143991,50.1792584513227,4.49546454324167,5.3884152656764,4.21216679051724,2.42879281517335,2.26637889736831,54.4906910452934,18.791218311977,65.4868163079151,70.6308536535234,62.1284944345347,74.3321199078661,71.7757721887335,58.6308956855658,54.0394960909368,51.3624892001226,59.1629196323736,58.7664810729053,4.20797672524007,4.95703991647494,4.76163685999379,1.94935332474561,2.53064287925882,57.6215546347419,19.2474329931301
66.8901725369411,-181449.9064,-258645.1312,-247208.8016,-172872.6592,-175731.7416,66.7370150140545,66.7483768497835,66.8058548426454,68.6017863920953,68.3710183057842,56.9920827200987,55.183557558066,52.9687757006006,51.5921083933355,49.9167689705528,4.4492054457103,5.34404361837577,4.26897923197978,2.42848126811492,2.2754032117535,54.3705338333838,18.7661127759343,65.558479426825,70.5921464850002,62.1434811493835,74.1262376100025,71.6277517179153,58.6476765827177,54.0041163327141,51.3578346697821,59.0962761890451,58.6354401930804,4.20132557342928,4.96728385990078,4.7584301755312,1.96372278010612,2.55589266224969,57.5308566898014,19.326527809968
68.5271872767306,-181449.9064,-258645.1312,-247208.8016,-172872.6592,-175731.7416,67.149274083908,67.1734442078025,66.7280023458876,68.4320508358846,67.9747210646403,57.2225470509696,55.4352196017167,53.0078699342374,51.6136119771817,49.7580530815252,4.36772419413576,5.26509764530571,4.30536686646636,2.45609504804185,2.30507896651607,54.3073157209621,18.6993627204657,65.6070736374657,70.6180978884338,62.1538729740776,73.9426931031324,71.5125341849655,58.6587226000619,53.9929440463007,51.3527003070453,59.0334386137941,58.5211033893615,4.19720576869794,4.96725830688214,4.7560512371389,1.97707270472681,2.57803763780035,57.454272501882,19.3792246143398
68.8217709295321,-181449.9064,-258645.1312,-247208.8016,-172872.6592,-175731.7416,67.9225228323824,67.9616978111397,66.9232386601905,68.1550391318671,67.6102705477434,57.6467814953531,55.8973136195764,53.2876211970207,51.7715889623362,49.8555849862565,4.21937497337601,5.12275618483629,4.33205196964495,2.52130558394083,2.36505783571696,54.2934123618508,18.560546547515,66.1718462745906,71.5133660145564,62.1590592320458,73.7843010501696,71.4251686907533,58.7730825924527,54.1353162318855,51.3469885130241,58.9755279135364,58.428522958297,4.16575663843709,4.86287571086243,4.75460729809229,1.98905184185345,2.59595554067424,57.3902069880144,19.4149341209716
68.6944138393394,-158396.5959,-179006.4222,-175953.1146,-156106.6152,-156869.9421,68.5071170393193,68.5220680490051,67.3428660139535,67.851293510138,67.3199667505378,58.8745855063785,58.3956677466442,56.5817613813308,54.9047196661431,53.5240798482247,3.92925253669201,4.22394309535845,3.90701107529627,2.88118398489959,2.71703134405456,54.439646776003,17.6584220363009,66.4200192534322,72.1707070317469,62.2719523558535,73.7232609611324,71.4313010097314,58.8331238932759,54.2715923764719,51.3571584331075,58.9394990093108,58.4097658520929,4.14046328482728,4.78000945944868,4.73413820784787,1.99393632383981,2.60097027975285,57.3693151773624,19.3810755309572
66.3678866071186,-158396.5959,-179006.4222,-175953.1146,-156106.6152,-156869.9421,68.4048390674953,68.4052440311453,67.8235618159337,67.6099480459798,67.2171633945572,58.8341051139998,58.3473225290041,56.8152613530818,54.7792337080968,53.4732063813664,3.95462345359103,4.25270157744687,3.81927756459391,2.90720066212561,2.72729732031621,54.828826755726,17.6611005780736,66.2555836235443,71.7366348717239,62.6589831440363,73.7618576531722,70.9136355608797,59.0486159301871,54.846477690496,51.5431151056594,59.3234002812469,58.668746849918,3.85801183118641,4.7043466238319,4.67627834035707,1.99058447312013,2.59155589175623,57.3769845537495,19.3197357151313
66.4252846414715,-158396.5959,-179006.4222,-175953.1146,-156106.6152,-156869.9421,67.4542552976355,67.444232164878,68.0018033136691,67.459577157308,67.2846193088917,58.3510983028202,57.8472675118107,56.751981835367,54.4127386170998,53.2131923473,4.15774977649293,4.45696532020903,3.73728197048903,2.85904214294375,2.66382771519402,55.1845432856412,17.8748669253288,65.2652993058531,70.5410444398368,62.8353248195643,73.7376575268495,70.5814467803701,58.8766067330368,54.8310294741215,51.685213025576,59.5921330057911,58.8109730165364,3.87973608336978,4.80948914069872,4.65459165869751,1.99198213182515,2.5941114020073,57.4892162025488,19.0692150345945
66.5737263449602,-158396.5959,-179006.4222,-175953.1146,-156106.6152,-156869.9421,66.8526886900505,66.8457955572493,67.7513700094073,67.4032017216876,67.4048832548078,58.017871628757,57.5084808092165,56.5149827617666,54.1303155779727,53.0355379533364,4.28403312688768,4.58090358869015,3.74175026683124,2.81035042527666,2.60859881547826,55.4031662852209,18.025636223164,64.9730055718838,69.7938346013329,62.766832794389,73.5981022016996,70.3141681702391,58.7996161889083,54.7366891517676,51.7724274224003,59.7508906807355,58.8270318276698,3.91688111192135,4.89180722138575,4.67462120415104,2.00207270028412,2.6084321223238,57.5609167070156,19.0233792914548
66.7710083068045,-158396.5959,-179006.4222,-175953.1146,-156106.6152,-156869.9421,66.7133562509608,66.7113709289096,67.3533541801145,67.4069818763335,67.4608127619639,57.9299911627166,57.4216462105721,56.2738054280202,54.0099431200604,52.9534020887571,4.30912851513263,4.60437095122532,3.79471726898009,2.78430643497034,2.58377307825469,55.5187218108412,18.0762962485631,64.9337840506451,69.3861063507438,62.7494180025345,73.397442384801,70.0946566573503,58.7829601570596,54.6545943786179,51.8526536899331,59.8355742458811,58.7826725248762,3.92927907935298,4.9427294533387,4.68444518305694,2.01567764562529,2.62760747672175,57.584181523181,19.0768237925676
66.8773618793347,-158396.5959,-179006.4222,-175953.1146,-156106.6152,-156869.9421,66.7760507311806,66.7766821294935,67.0316123860296,67.4213857305931,67.4218017111624,57.956486717815,57.4502367750958,56.1049771409512,53.9761973250298,52.885057085705,4.29144217369653,4.5862423477155,3.84782268640442,2.7743353304892,2.57855923718803,55.6045130597641,18.0784017754937,64.9969105470712,69.2200661933739,62.7898630756786,73.1729328077002,69.9141714421504,58.7933941096342,54.6090399836036,51.9311881777108,59.8711081743873,58.7135811605033,3.92851654286754,4.96584392952359,4.68321567318821,2.03041647960023,2.64798420027099,57.5773205359814,19.1518568341508
66.9654204908754,-158396.5959,-179006.4222,-175953.1146,-156106.6152,-156869.9421,66.8902227833356,66.8914361290605,66.868425292598,67.4055552371572,67.2993596067502,58.0148796039176,57.51014794675,56.0301070735634,53.9649719413099,52.7946786874508,4.26447160357078,4.55943126431683,3.87917702104744,2.77528589329623,2.58425933953099,55.692895784604,18.0626251217623,65.0579558921573,69.1655337238527,62.8631045251167,72.9499158762876,69.7664433316696,58.8065275661387,54.5879067932402,52.0070592580059,59.8759141527906,58.6422643876498,3.9242118326752,4.97464570246004,4.67558186069912,2.04489149548032,2.66702376531908,57.5581629417992,19.2147039972295
66.2703302928289,-158396.5959,-179006.4222,-175953.1146,-156106.6152,-156869.9421,66.8631461652648,66.8631059023999,66.822488086233,67.3402225190113,67.147085927427,57.9973667779587,57.4916060202002,55.9943194925137,53.8899816361732,52.6423498849176,4.26907182179212,4.56419347763499,3.88281311083995,2.77329317322732,2.58424951841672,55.7807864769722,18.0736211019111,65.1123289357351,69.1711076528937,62.9424152124352,72.7401771382427,69.6456842428857,58.8187294442019,54.5837139901157,52.077680864714,59.8613892849589,58.5780096884909,3.91978698174541,4.97499186054584,4.6663752096693,2.05862231757975,2.6836556373978,57.5351708930625,19.2607174565978
69.7896027750893,-158396.5959,-179006.4222,-175953.1146,-156106.6152,-156869.9421,67.1166002356155,67.1204886119244,66.8058556212357,67.2397040706242,67.0042706006619,58.1348696701505,57.6336715222815,56.0238717293773,53.8897173818949,52.6117046761011,4.21395951311461,4.50871332648436,3.89944516739881,2.79411973123011,2.60439016427575,55.8508898541008,18.0206279025036,64.8565582515899,68.8728091831217,63.0186139809692,72.5497669925684,69.5475870615203,58.7696414053297,54.5106376312944,52.142524972586,59.8353883466852,58.524847489608,3.93086171934486,5.01479937593052,4.65728476468467,2.07135638273783,2.69747840136522,57.5124272432504,19.2917780496671
69.5727644828137,-158396.5959,-179006.4222,-175953.1146,-156106.6152,-156869.9421,68.4306199507236,68.4426156911051,67.0217156819919,67.1202008767482,66.8964629171942,58.8195506154096,58.3377883248091,56.3573497243659,54.2509312925971,53.0340725872429,3.93802683552662,4.23296085004487,3.94245238292988,2.89849093413784,2.70399665861581,55.9213415427116,17.715927661255,66.3162313119465,70.4044294289692,63.0326471925116,72.3496053347016,69.4594068440936,59.0583915549551,54.8383455646973,52.1914560136279,59.7896375797133,58.4566070511323,3.85757064165485,4.81972246814687,4.65862527821773,2.08545391035305,2.71198362545474,57.4728511155118,19.3448540273517
69.4202327833041,-158396.5959,-179006.4222,-175953.1146,-156106.6152,-156869.9421,69.2220015291349,69.2309671366908,67.6306802504218,67.0109949702166,66.8830769495428,59.2104377175685,58.7379206168161,56.807492637975,54.5054983990117,53.3862418811094,3.78049320495236,4.07635080593386,3.88460003536555,2.98280528136149,2.77723310261708,56.0604450294435,17.5014824302304,66.7150886865756,71.1484944239764,63.3596166285553,72.3154609040577,69.4351965755739,59.1683137760605,55.070331673898,52.2914939858139,59.8027064570742,58.5257349762917,3.80118377584473,4.71068038070611,4.60509382198423,2.08746929803413,2.70790879617491,57.5140180210905,19.2248748020433
69.3114632534284,-158396.5959,-179006.4222,-175953.1146,-156106.6152,-156869.9421,69.437358166169,69.4410042980327,68.3052801206549,66.9551711186252,67.035664595633,59.3262883063579,58.8547239531806,57.1952075506545,54.6470451684878,53.6932480081957,3.74328824598592,4.04045020957644,3.78429166120897,3.03063694422314,2.8093754146389,56.2318642993533,17.4080424756334,66.789170346309,71.5230211246772,63.5898534722344,72.3539705659616,69.4583462612564,59.1959512955117,55.2154295664017,52.3779780699712,59.8347466117878,58.6329421895257,3.7822467797274,4.65023879753302,4.56870687705316,2.08586971250428,2.69569730863888,57.5916665207862,19.0802853849448
69.2331373561899,-153750.8603,-162957.5174,-161593.5682,-152727.8984,-153068.8857,69.4273638454695,69.4281965770115,68.788211243475,66.9952621278574,67.348432545342,59.5237301689474,59.3130010398082,58.0117432299935,55.2940054321339,54.6463979271173,3.70960376988469,3.84950293281876,3.58304418951173,3.11882068998787,2.87950718350564,56.3992969562252,17.1404787657087,66.7647790853553,71.7075831161974,63.7182839434249,72.4214224655662,69.5082810811812,59.1943208950511,55.2989855676884,52.446908127151,59.8715787620676,58.7437109539671,3.77972700311878,4.61809021931234,4.55009562403188,2.08266985229444,2.68032037185644,57.6783545188273,18.9638097576383
65.9999999289108,-153750.8603,-162957.5174,-161593.5682,-152727.8984,-153068.8857,68.9021250755509,68.9005466951317,69.0316894723159,67.1370943917781,67.72840803614,59.2955026691376,59.0804793339142,58.0735780201567,55.3261414780881,54.8478760274065,3.82429487365477,3.96519427557897,3.52365106594671,3.08985411661249,2.83960320144506,56.5663343059738,17.242597533238,66.6975596705107,71.6563550414744,63.94054832802,72.5547347542462,69.4520182323914,59.2353214973383,55.4623172211645,52.6453403329123,60.0516117161941,58.9046063135329,3.719458951245,4.59043586184625,4.52433669037839,2.08051896090207,2.66259497495802,57.7588172138349,18.8824986081666
66.2170005088108,-153750.8603,-162957.5174,-161593.5682,-152727.8984,-153068.8857,67.6268121707983,67.6240628296131,68.8662759245595,67.3589444135687,68.0704930251429,58.6673623193033,58.4447666355686,57.8256726945058,55.1373829473383,54.7146722153126,4.10053713463814,4.24198915291162,3.4973234971488,2.98604409774637,2.73855126158886,56.6913258001395,17.5644451440338,65.2328431974243,70.3519664877373,64.1025635222991,72.6432185517976,69.4465585189757,58.9493213165131,55.1751555765808,52.8135080267918,60.1751723752326,59.0144630052893,3.78861059572828,4.75815414069159,4.50747751448456,2.078701978689,2.64932931302375,57.8482551690431,18.7862978903726
66.4901241554613,-153750.8603,-162957.5174,-161593.5682,-152727.8984,-153068.8857,66.8173886324189,66.8154832545713,68.3019731849,67.6078822145373,68.2721168624653,58.2212278182729,57.9958382750695,57.4281115529048,54.9941808004458,54.5219397203916,4.27383312344801,4.41497078136347,3.55095203580211,2.89321272824105,2.66000936209025,56.7227987832703,17.7929780309449,64.773235630719,69.5291763506701,63.9517612168253,72.5817423508617,69.4147446309278,58.8259664740019,54.9592333034677,52.899924965524,60.2077086473467,58.9870849677146,3.8497064426425,4.87076984299453,4.5429703871711,2.08576997954652,2.65256682719442,57.8381662671648,18.9169438712734
66.6589651257421,-153750.8603,-162957.5174,-161593.5682,-152727.8984,-153068.8857,66.6102043772449,66.6094377661993,67.6479393431708,67.8230394844447,68.2793059330961,58.0895272404585,57.864729189156,57.0590943557119,54.9716235791186,54.3548633631406,4.31169450880513,4.45280417791403,3.64653190644449,2.83969655564233,2.62671914832942,56.6810969042226,17.8774462971354,64.722510915784,69.0962131258745,63.8716292020902,72.4408296289076,69.3636775397075,58.800807588651,54.8256513561614,52.9727420132817,60.1882583690748,58.898551758152,3.8699811015367,4.93394407906709,4.56402247742863,2.09664559070278,2.66480625191096,57.7744200088516,19.0751459791811
66.7611568680564,-153750.8603,-162957.5174,-161593.5682,-152727.8984,-153068.8857,66.6604829727628,66.6601546905059,67.1537259536129,67.9496801409918,68.1099674342032,58.1039524190541,57.8802251463782,56.800117300212,54.9816911757758,54.1581429973933,4.29362772579117,4.43494161209332,3.72938193742529,2.81416968963882,2.62156394627618,56.6359513785981,17.8936849112248,64.7735730300202,68.8903993775584,63.8816830965692,72.2699153576873,69.30303190603,58.8073552259355,54.750146900194,53.0450690634501,60.1424773532158,58.7905426637687,3.87158221130142,4.96632880576739,4.56802052666072,2.10904952834053,2.68109946024648,57.6968663157866,19.1938281977668
66.8264232789839,-153750.8603,-162957.5174,-161593.5682,-152727.8984,-153068.8857,66.7627938355816,66.7624886019692,66.8766982824303,67.9600343378237,67.8315216741726,58.1515741672875,57.9285312425006,56.6580735228326,54.9572995118589,53.9209515613662,4.2663592658369,4.40781784448661,3.77864556215329,2.80664967562112,2.62933867064463,56.6189471744422,17.8888110187426,64.8318813204971,68.8041913617931,63.9369520734794,72.0954755729836,69.2380184364201,58.819370168874,54.7113900298265,53.1153873234549,60.0849544129781,58.684199181916,3.86809132586135,4.98129196385146,4.56332476328821,2.12196296916361,2.6983080950878,57.6224090648715,19.2724009755579
66.9850339603637,-153750.8603,-162957.5174,-161593.5682,-152727.8984,-153068.8857,66.8666586863456,66.8662323931839,66.772435148481,67.8568108022279,67.523161800861,58.2033221217294,57.9806220005411,56.6071936908398,54.8811466252553,53.6810542376173,4.24069370362859,4.38219471323438,3.79848931873021,2.81250508519217,2.64234328198966,56.6222579169493,17.876226102775,64.8777950138422,68.7777189715988,64.0057357560395,71.930324372733,69.1721431965368,58.8297546616024,54.6943472535469,53.1812813661336,60.0236748316946,58.5894107353293,3.86425997364765,4.98689504106192,4.55571878959531,2.13482804604266,2.71462121594671,57.555949118057,19.3234773188426
67.0019980830166,-153750.8603,-162957.5174,-161593.5682,-152727.8984,-153068.8857,66.9707675567004,66.9703395095595,66.7713100082662,67.6778139982098,67.248737352726,58.2572332827168,58.0348115343085,56.6124224549878,54.7695594545038,53.4806022910132,4.21626353518522,4.35771394755277,3.80086509439736,2.82719258114379,2.65653988462291,56.629870493848,17.858575042902,64.9584312321754,68.8288567099487,64.0737000208269,71.7798819060392,69.108358063432,58.8469524052333,54.7017035952574,53.2416914121894,59.9629015023511,58.509716972563,3.85875023737231,4.9810848719685,4.54782044898975,2.1473048559311,2.7291439427837,57.4978768080298,19.3573467085128
67.0191167794751,-153750.8603,-162957.5174,-161593.5682,-152727.8984,-153068.8857,67.0374096801778,67.0371673015209,66.8206964947912,67.4689894243498,67.0401579863426,58.2919125999308,58.0696574868393,56.6401969967685,54.635136237943,53.326780113648,4.20085404921839,4.34217254189669,3.79279632661083,2.84358258984407,2.66714738468215,56.6351567094327,17.8465528922521,64.9924759379575,68.8664439537484,64.144338588554,71.6508108917769,69.0498895645733,58.8555710763112,54.7106062411136,53.2983077122748,59.907222467693,58.4494976750795,3.85483256845559,4.97612879150036,4.53910838865047,2.15881780120049,2.74103983087988,57.4501368906005,19.3749930047366
67.0229459219241,-153750.8603,-162957.5174,-161593.5682,-152727.8984,-153068.8857,67.0706812897388,67.0705323347058,66.8805827881372,67.2710631717944,66.9067641620743,58.3091593770785,58.0869103996338,56.6701477888981,54.5020769180448,53.2253598982987,4.19317068292625,4.33438485812544,3.78167640282134,2.85802809684794,2.67338054070642,56.6343482104198,17.8406405814274,65.0110004688149,68.8964887194468,64.205266744186,71.5393540679967,68.9983607043002,58.8602676250639,54.7192747522768,53.3493937796252,59.8560042737221,58.4037303385052,3.85269275434109,4.97186281392192,4.53177753176445,2.16952843192299,2.7506629681714,57.4095505196856,19.386011213048
67.0267543349576,-153750.8603,-162957.5174,-161593.5682,-152727.8984,-153068.8857,67.0863229545189,67.0862245562193,66.9307832902899,67.1058258491817,66.832169968243,58.3171729477673,58.0948846116703,56.6939381781373,54.3876458202478,53.16685707132,4.18952313436277,4.33066429771747,3.77192002771684,2.86944526641842,2.67652853646337,56.6264191001401,17.8380812626789,65.0188192076095,68.9164290205598,64.2573528686493,71.4427712517459,68.9542169684321,58.8623744045515,54.7258582474237,53.3952817608087,59.8089966243478,58.369105799043,3.85164368295027,4.96886871496299,4.52569112363423,2.17946038422286,2.75834720771502,57.3741923124001,19.393778022268
67.0303748215422,-153181.6675,-160991.215,-159834.245,-152313.94,-152603.1825,67.0942517171939,67.0941500434436,66.9669717883896,66.9796477110241,66.7988617216384,58.3455872256358,58.1583157968798,56.7857147571571,54.3702160649108,53.2240483091246,4.18378702484105,4.30498469064849,3.75122375563193,2.88634791099247,2.68617473260561,56.6155598774512,17.8125181147195,65.0230306743567,68.9303128654154,64.3018848175118,71.3583079550573,68.9172011449005,58.8634663710321,54.7307506226157,53.4363998512197,59.7657416617766,58.3425877524022,3.85112880840791,4.96672351820418,4.52064110132964,2.18867067809919,2.76447481154099,57.3426114193156,19.4000381156108
66.8980730679971,-153181.6675,-160991.215,-159834.245,-152313.94,-152603.1825,67.0779526473554,67.0779339163166,66.989092372831,66.8911326081905,66.7914940027356,58.3365687650299,58.149228681276,56.7923776732993,54.3009131722008,53.2102167536044,4.18727165826414,4.30842195110892,3.74553710319149,2.8907523713625,2.6848962818179,56.6042841803112,17.8168793657449,65.0140984602103,68.9239118613891,64.3566399879223,71.2915283212613,68.8724524311057,58.8683561590524,54.746497584992,53.4892985433758,59.74463934884,58.3298952695618,3.84377484669118,4.96418220630339,4.51462254659325,2.19764808769848,2.76911099723091,57.3139938026548,19.4052927618131
66.9050290007845,-153181.6675,-160991.215,-159834.245,-152313.94,-152603.1825,67.0289649677438,67.0291183856432,66.9909967231011,66.8347755404765,66.7975279449645,58.3096061787895,58.122155190204,56.7838832144998,54.2426602181128,53.194263289949,4.1978487031451,4.31893887799235,3.74172122271102,2.89031713567008,2.68055659529392,56.5875685946111,17.8293825348125,64.9554258525757,68.8653033619915,64.4031513414533,71.2271147642011,68.8393403612642,58.8576197271536,54.7389415454047,53.5362261561704,59.7191056005992,58.3169881225079,3.84570099326653,4.97066959994465,4.50967258370536,2.20604186191737,2.77314081802953,57.2900423644244,19.4063527179172
66.9122687694642,-153181.6675,-160991.215,-159834.245,-152313.94,-152603.1825,66.9969141317863,66.9969388028147,66.9737638686569,66.8009740229335,66.8057781959139,58.2914473994924,58.1038487629398,56.7682303711739,54.2033770748696,53.1841484270449,4.20454756879226,4.32567639112431,3.74230051247917,2.88905946432547,2.67694258376236,56.5637998016343,17.8385265204836,64.9381742236216,68.833340516597,64.4349995217945,71.1603644990572,68.8131797816826,58.8531468621607,54.7319280658687,53.5761006131975,59.6887429937031,58.3000066720666,3.84780985356274,4.97477484217684,4.50691407117478,2.21428658606448,2.77712965056619,57.2651740125439,19.4147014830759
66.9189025124683,-153181.6675,-160991.215,-159834.245,-152313.94,-152603.1825,66.9869179791895,66.9868348201539,66.9506585322676,66.7810667570917,66.8094802181382,58.2852138121776,58.0975699403222,56.7532201666206,54.1804431686181,53.178033353304,4.20636559022868,4.32753778289461,3.74527129935057,2.8883655189775,2.675014703142,56.5365391915405,17.8425548945934,64.935374622813,68.8171224594382,64.4656692755053,71.0955225114734,68.7916005761554,58.8520591984784,54.7271482530089,53.6118101867253,59.6568449838816,58.2828908809254,3.84857615696039,4.97709732585565,4.50403843080913,2.22213628166091,2.78081248316905,57.2401789212639,19.4244077542563
66.9243698641491,-153181.6675,-160991.215,-159834.245,-152313.94,-152603.1825,66.9877431348964,66.9876207345719,66.9323938573035,66.7677806036168,66.8067868051846,58.2850351738784,58.0974067690954,56.7427339378301,54.1667457972464,53.1718272497555,4.20588041658094,4.32707579131568,3.7481303144146,2.88827126103659,2.67432555559076,56.5100836405496,17.8436833389386,64.9372113977416,68.8100456152566,64.4960213912034,71.0347099708629,68.7735363151082,58.8522770354259,54.724481872114,53.6441732929345,59.6252144083439,58.2671499868061,3.84865448650377,4.97822462797069,4.50094997203402,2.22952588606134,2.78409432941901,57.2159169716187,19.4329676240668
66.928447466945,-153181.6675,-160991.215,-159834.245,-152313.94,-152603.1825,66.9918286905097,66.9917125697906,66.9220521093555,66.7563522988995,66.7995049285666,58.2868439856697,58.0992476946653,56.7371549330697,54.1568803188605,53.1645557836038,4.20478039026503,4.32598049807727,3.74988304513072,2.88862951941333,2.67432759747416,56.4864689198246,17.8436010503605,64.9401129592033,68.8080013108686,64.5250643634113,70.9788084864226,68.7583440364423,58.8528671652652,54.7233295631776,53.6735295179117,59.5948286066247,58.2533306507629,3.84848987043673,4.97862519808288,4.49786342506019,2.23643801122503,2.78694865879939,57.1929674323974,19.4397735796522
66.9630098924911,-153181.6675,-160991.215,-159834.245,-152313.94,-152603.1825,67.0008535359779,67.0007103164724,66.9178163376718,66.7448928415916,66.7905091977083,58.2914982163506,58.1039258423284,56.7357331696315,54.1496540390052,53.1587576756914,4.20267030580112,4.32388013235879,3.75091939512262,2.8896003689178,2.67495491900923,56.4656375360545,17.8420251212096,64.9427889089973,68.8084405492716,64.5520857285417,70.9279914029981,68.745571722901,58.8534615856408,54.7230911953066,53.700127021815,59.5661801445496,58.2415130290014,3.84827924193643,4.97863442796595,4.49493342582814,2.2428730543934,2.78938935949082,57.1716043671245,19.4449518652527
66.9594113266895,-153181.6675,-160991.215,-159834.245,-152313.94,-152603.1825,67.0162865128132,67.0161423093971,66.9208258154247,66.7332076926194,66.78231018272,58.2998357908282,58.1123121313141,56.7393801068683,54.1456978205564,53.1572713804709,4.19924923021112,4.32045859593338,3.75115423987945,2.89137462933299,2.67627280316524,56.4484267491836,17.8385094985222,64.9580362184908,68.8234913703261,64.5768012171676,70.8820480594367,68.7348663195042,58.8565660629592,54.7267629095337,53.7241978103791,59.5394723744435,58.2315416313768,3.84741019183913,4.97662893594963,4.49223251230387,2.24884228141086,2.79145431746753,57.1518909229561,19.4488340526153
66.9572148529454,-153181.6675,-160991.215,-159834.245,-152313.94,-152603.1825,67.0248919160089,67.0247682212603,66.9282978191929,66.7222215857366,66.7768184594401,58.3045970827579,58.1170996460329,56.7444783676365,54.1410976802358,53.1564512860249,4.19739810228668,4.31859687018578,3.75027988461808,2.89284224238889,2.67719073386679,56.4346206752465,17.8363078333462,64.9617345094215,68.8310472107285,64.6014863814943,70.8421310820567,68.7261278326612,58.8576249092718,54.7291609868753,53.7464704731184,59.5154531669782,58.2243937005715,3.84684091701474,4.97551333852302,4.48939076936705,2.25425732819742,2.79304605417549,57.1345023234048,19.450365992632
66.9556419143877,-153181.6675,-160991.215,-159834.245,-152313.94,-152603.1825,67.0273711675839,67.0272668435244,66.9361492293563,66.7129914903161,66.7746600399498,58.3060701680212,58.1185761925603,56.7489133296172,54.1361312238237,53.1563912314334,4.19691385336929,4.31810140645826,3.74902216986372,2.8938229350871,2.67760324761153,56.4234628714579,17.8354636123899,64.9620562617994,68.8347360962446,64.6230513885418,70.8066680574508,68.7191373162722,58.8578197272928,54.7305792246887,53.7665679992976,59.4935358445942,58.2187254813483,3.84667101621924,4.97492015872113,4.48696038528448,2.25922200801186,2.79432061008415,57.1188448815876,19.4512554337982
66.9546593482965,-153181.6675,-160991.215,-159834.245,-152313.94,-152603.1825,67.0272191644539,67.0271256140954,66.9419307311294,66.7062353389009,66.7753308335299,58.3060922311505,58.1185930210195,56.7518998130787,54.1319650905293,53.1575271265323,4.1969976201922,4.31817801952354,3.74799385251126,2.89441899781619,2.67769469828626,56.4141387514199,17.8352831883295,64.961501473988,68.836349856747,64.6417980134811,70.7747339615325,68.7135479646686,58.8577381629809,54.7313316938313,53.7846468642981,59.473416748081,58.2139465479298,3.84666583891059,4.97463476988637,4.48489718139061,2.26378457255815,2.79537114799688,57.1045452777442,19.4520440603022
