71.0000028358398,-102699.51,-109325.58,-108343.94,-101963.28,-102208.69,66.9446689822938,66.9472445067399,66.3240892106849,68.3240857348822,66.3518179170877,60.074373167044,59.8910440926987,59.0056742312962,59.3280528591019,57.8542654899191,3.57188503522156,3.70216201351562,3.53746483032963,2.70830331541773,2.87407771293246,60.0264716172663,16.393892907417,64.5712492501281,67.1189351562646,72.7093840906529,68.0104595368758,67.8029342692971,59.396851473861,60.7225487216447,61.4861453717435,60.3586394381587,59.0058173119296,3.14387314335294,3.94642676723882,3.59058437959319,2.90564772309302,2.77036098018653,60.4219268450805,15.1638333107112,69.8102414837502,73.6940183256267,82.1647655838947,78.6198999623884,72.6353012775768,58.5375386416914,62.0457070992376,58.4076686022444,58.0326899105424,58.9800154048372,3.50202623163552,2.73494770426152,2.93541668473476,2.40578637205807,2.42278072476406,59.724648176369,16.4973316759296,64.5712492900871,67.1189352064143,72.7093841627712,68.0104596177964,67.8029343061546,59.3968514673068,60.7225487317367,61.4861453482632,60.3586394204181,59.0058173117328,3.14387314608466,3.9464267579986,3.59058437459608,2.90564771928046,2.77036097753545,60.4219268397622,15.1638333208821
76.0000005882557,-102940.3,-110157.4,-109088.2,-102138.4,-102405.7,69.3369859844452,69.3496317324837,66.6824080074599,67.787028447411,66.2876409132431,61.1187730212168,60.9380511930708,59.3754755160882,59.3614275187531,58.1744936887086,2.99304037991713,3.12925249367832,3.56736230128664,2.89662785516745,3.01605537740273,59.9360838712602,15.6023384074523,66.9699987895679,68.400292638271,72.708588240967,67.8481471431795,67.747627015551,59.9274926058358,61.1161910900089,61.486002205499,60.2794831041234,58.9858268094277,2.95764634268085,3.75979445477832,3.59072285305638,2.93172256170026,2.77678703898657,60.4050776959256,15.1377097456647,70.9368852929098,74.147137285356,82.2622598554186,78.5711632284539,72.4223211208185,59.2327393820453,62.154772006403,58.3883395092536,58.0597776349396,58.8489512207017,3.15793097986371,2.68500474528737,2.93094862925914,2.40933609945349,2.43321250944325,59.6537274247649,16.5923443390618,66.9699988335193,68.4002927019436,72.7085883468176,67.848147261986,67.7476270673446,59.9274925981382,61.116191101516,61.4860021711782,60.27948307953,58.9858268079112,2.95764634489992,3.7597944428701,3.59072284574636,2.93172255591244,2.77678703517991,60.4050776876009,15.1377097617814
80.9999998101218,-102940.3,-110157.4,-109088.2,-102138.4,-102405.7,72.9435341017294,72.9744498696509,67.9715901027425,67.3546342327667,66.3867875181542,62.2419217981144,62.0931099904648,60.2160932350985,59.551353426694,58.7104648059969,2.29848013101654,2.41899983558846,3.3610323042635,3.12763707381676,3.18768533212705,59.9754113853792,14.3938346768123,71.4140372126006,71.1379248353022,72.9100764173058,67.8568225017174,67.6981805440625,60.9208855645881,61.7385096077651,61.5472664477424,60.2799078126447,59.1246312400924,2.60055882827974,3.40394067429695,3.55770405490273,2.94143635193922,2.76566019487137,60.4764098439271,14.6658000716114,73.1464908527341,75.263561899933,82.2090711324851,78.6266187590695,72.2790663689643,60.5550520922506,62.3017186979422,58.6484909007128,58.1605267504898,58.8366738541484,2.51695668608585,2.61199925225867,2.89735922289033,2.41429599229063,2.43740376869724,59.6973896781668,16.314253072303,71.4140372328683,71.1379248835672,72.9100765260929,67.8568226277111,67.6981805976534,60.9208855603082,61.738509614354,61.5472664138302,60.2799077878505,59.1246312367237,2.6005588273017,3.40394066503218,3.55770404717749,2.9414363457723,2.76566019103116,60.4764098348135,14.6658000908963
85.9999968453528,-102940.3,-110157.4,-109088.2,-102138.4,-102405.7,76.9175557640566,76.9859086086979,70.3210426477297,67.0961268535573,66.9301751918355,63.0137450083707,62.8979373701583,61.2781247400084,59.7789314679868,59.4304656018084,1.76911522185688,1.86839956818809,2.88252926475301,3.3354077703875,3.26275318003733,60.1084228250999,13.1182050052228,76.4258490770912,74.7434274315149,73.5890611768948,68.1847325164393,67.7748366722674,62.0504791691237,62.4160473098333,61.7280209405985,60.4369895342184,59.5223608243036,2.18696758896989,2.96313515533981,3.44434135685355,2.92266260666883,2.72022877588718,60.631852679559,13.7204376623542,75.2916531124319,77.0066287047452,81.9556102636474,78.8474471970577,72.2626174910783,61.7531113687463,62.4765812001306,59.2879294162803,58.3824311262376,59.0139197881229,1.96524204471983,2.52044127814472,2.82393449354688,2.41268657644611,2.43128514268776,59.9006844831488,15.5002209409555,76.425849061708,74.7434274622108,73.5890612903707,68.1847326610582,67.7748367331353,62.0504791650905,62.4160473106543,61.7280209075034,60.4369895063524,59.5223608174076,2.18696758596262,2.96313514933553,3.44434134843894,2.922662599752,2.72022877196823,60.6318526696422,13.7204376864935
86.000000195789,-102940.3,-110157.4,-109088.2,-102138.4,-102405.7,80.4246021734049,80.5342841431395,73.2455277034928,67.1811924359936,68.129470073707,63.4536905202424,63.36076204477,62.1909898708823,60.0996358254247,60.3505143202311,1.44938844491113,1.53270594278575,2.3579887194262,3.44639345395492,3.14562803667877,60.2386970301194,11.9321045977568,80.3357321510276,78.3817206656923,75.0064611413214,68.8531097128907,68.2623352351065,62.9374580472688,63.016735104194,62.0381539066473,60.7192281644675,60.1270629534433,1.8575774786883,2.53459946445965,3.20221682382777,2.87095900719947,2.63384492250575,60.7998338709673,12.5422034098141,76.6893354025976,79.1725057088771,81.6033347997911,79.2588811120825,72.4265500484238,62.3769888224812,62.6698562216035,60.1229718511652,58.745631504111,59.3965879069491,1.73483271851786,2.41653932784593,2.72963343599959,2.39826668901815,2.41287383638092,60.1933039993829,14.3431596282191,80.3357321015714,78.3817206764177,75.0064612307951,68.8531098540247,68.2623352915859,62.9374580396671,63.0167350994892,62.0381538806716,60.7192281376995,60.1270629435358,1.85757747702351,2.53459946285839,3.2022168174181,2.87095900078832,2.63384491950871,60.7998338627409,12.5422034342405
85.9999984439377,-102940.3,-110157.4,-109088.2,-102138.4,-102405.7,82.8493505255325,82.9696369951988,76.1332567595121,67.7365746637147,69.7935399062798,63.6821771480445,63.6009488959832,62.8112819599885,60.567527799389,61.259240277408,1.28331093819974,1.35899546958988,1.95665251586409,3.40433405002872,2.86721844537021,60.345273004262,10.8705114190526,82.1398354634804,80.414928192751,77.0262303084605,69.8005612967593,69.4027530147616,63.3566334231064,63.329287899835,62.4326574241746,61.0498343785218,60.8092367070182,1.69398075660054,2.29965489779159,2.85332811798702,2.79053744457472,2.512228784248,60.9423460426626,11.4096338671536,77.429991059166,80.6762081739712,81.2974931717687,79.8257501725549,72.8086779570659,62.6119058586792,62.7950675696394,60.8814892173514,59.2229591822012,59.960087503923,1.6915341405693,2.34809136788161,2.6429208950149,2.36917564743967,2.38208059326746,60.4732644369515,13.2032711387601,82.1398353996006,80.4149281962948,77.0262303663918,69.8005614327314,69.4027530609563,63.3566334130056,63.3292878925894,62.432657403136,61.0498343537438,60.8092366955011,1.69398075656736,2.29965489844854,2.85332811513326,2.79053743885977,2.5122287824828,60.9423460363004,11.4096338914808
85.999847710421,-102940.3,-110157.4,-109088.2,-102138.4,-102405.7,84.2757835930641,84.3782091018939,78.5890202749506,68.7653639601764,71.6447917446127,63.8018517660439,63.7259480601978,63.1963591228939,61.1485629680973,61.9937348436904,1.20140300639466,1.27453160337217,1.69343528388416,3.20421005772049,2.53544265311286,60.4394924821087,9.90902260448431,83.1369697306154,81.7472676062894,78.9292787855039,70.8082516806765,70.9843054066511,63.5954339018732,63.5107383044991,62.7909877928758,61.3307564716882,61.3978474428656,1.5952139274863,2.15027956561635,2.52351128865673,2.69638491216917,2.37986070183522,61.0836619128556,10.5713869560726,77.9541355858125,81.8002871970103,81.1024597081677,80.3554375207807,73.3113466848739,62.7336097501218,62.8867589476398,61.4371208058379,59.6753083989555,60.4815294980641,1.69757331428231,2.29770837792311,2.57724285434954,2.3241497837441,2.34967072860474,60.709255854839,12.272319654361,83.1369696603214,81.7472676070085,78.9292788149785,70.8082518101637,70.9843054382124,63.5954338901844,63.5107382960361,62.7909877745135,61.3307564492356,61.3978474304377,1.59521392887459,2.15027956761591,2.52351128938548,2.69638490712059,2.37986070142576,61.0836619077776,10.5713869791421
85.8332671000346,-102940.3,-110157.4,-109088.2,-102138.4,-102405.7,85.0879603184163,85.1631919012792,80.5380803065723,70.0739851595443,73.4652899115275,63.8690902147781,63.7956640588544,63.4353498671487,61.7115737987893,62.5206673743468,1.15922493184422,1.23186732563755,1.52411193055349,2.91851587940441,2.23577389088474,60.5347965778438,9.06949395832441,83.7298991335083,82.6900214780397,80.5192732510321,71.8301657584375,72.7158309958863,63.743027024421,63.6265644861519,63.0802349976578,61.5740380259635,61.9034430212818,1.5299266380075,2.04704702497986,2.24712355718462,2.59367211028853,2.24549985901644,61.2350049648563,9.88665097960678,78.3822026136609,82.6789216511385,80.9852297450353,80.8331314490963,73.8949212867703,62.815697857864,62.957980146168,61.8450137265675,60.0809013549601,60.9662571239753,1.71675812744747,2.25851121756051,2.52709666111129,2.27786333882125,2.31645920196963,60.9182239540828,11.5476134720178,83.7298990620473,82.6900214778914,80.5192732572586,71.8301658787436,72.7158310116424,63.7430270120292,63.6265644772176,63.0802349811516,61.5740380060108,61.9034430087582,1.52992664050412,2.04704702780564,2.24712356092589,2.59367210606839,2.24549985996467,61.2350049606232,9.88665100180213
85.7650049972646,-102940.3,-110157.4,-109088.2,-102138.4,-102405.7,85.4848689723441,85.5351782834506,81.9570086798316,71.4882407869309,75.1279300367966,63.9052478857827,63.8328460866871,63.5811610388599,62.1815162569852,62.8810454773651,1.13984592922344,1.21286316788842,1.41851826468384,2.6223866697619,1.99803478145574,60.6400202058315,8.39164881301333,84.0774607449571,83.3624022034723,81.7845865893887,72.8442988841941,74.4006522513018,63.834794559286,63.7019293871872,63.3024737825007,61.7949615434078,62.3456476952651,1.48550098737198,1.97484107210291,2.02652754285113,2.48538797504155,2.11529376391339,61.3933333831971,9.28788999248018,78.7427819457163,83.3686454413536,80.913754709149,81.2581339263498,74.5322882459204,62.8779224774525,63.0135583873895,62.160687975427,60.4370398948345,61.4218472932045,1.73861849047739,2.2278772833011,2.48685466599014,2.23532222997929,2.2828625603072,61.1059907441577,10.9960244876347,84.0774606741053,83.3624022035552,81.7845865778229,72.8442989959412,74.4006522530501,63.8347945465774,63.7019293780447,63.3024737673362,61.7949615253728,62.3456476829958,1.48550099073372,1.97484107546357,2.0265275489649,2.48538797172034,2.11529376613893,61.3933333793808,9.28789001516651
85.7108668923706,-102940.3,-110157.4,-109088.2,-102138.4,-102405.7,85.669858132905,85.7014246330855,82.985953432551,72.8703825175015,76.6037904692708,63.9253801297236,63.8534060532028,63.6741806810815,62.5425423164158,63.1307617769054,1.13120412668,1.20477558559797,1.3497712428178,2.36311076384682,1.81619900565368,60.7569611610071,7.86506072459627,84.2833806085814,83.8665190930698,82.7680510476125,73.8300571548463,75.9343183499781,63.8936907967921,63.7558993227357,63.469756501329,62.0008380999188,62.7319030849423,1.45387429587197,1.92120180524008,1.85462497587771,2.3744892375675,1.99433340569586,61.5521997050992,8.7623116784231,79.0601558208933,83.9307423223854,80.8696854814365,81.6326694795518,75.1998224059645,62.9308471033892,63.0588553565071,62.415803961658,60.7463418629851,61.8469105296809,1.75937813685375,2.20291065457887,2.45331314871374,2.19758732824518,2.24954506349103,61.2740569671872,10.5828775065868,84.2833805395472,83.8665190939186,82.7680510225223,73.8300572579717,75.9343183402704,63.8936907840664,63.755899313523,63.4697564873992,62.0008380833384,62.7319030732455,1.45387429990975,1.92120180896336,1.85462498379044,2.37448923522942,1.99433340906894,61.5521997014231,8.76231170248512
85.7309631107364,-102940.3,-110157.4,-109088.2,-102138.4,-102405.7,85.743887175278,85.7626030986855,83.7319134856178,74.1662157772095,77.8992513629141,63.9367281038891,63.8649331657389,63.7357923081782,62.8151379256853,63.3092315852023,1.12795266770779,1.20204384573038,1.3035765925031,2.15008923960453,1.67715340260184,60.8843727683495,7.46081574814764,84.3995877700469,84.2523328575767,83.52705701931,74.7741905400345,77.2811771992715,63.9313146022844,63.7961104129277,63.5953994718303,62.1952042254097,63.066825683271,1.43088454744283,1.88036471789174,1.72167412116268,2.26381539141163,1.88549377630215,61.7058324113916,8.30829372089938,79.3424472235059,84.3970193928189,80.8413196118741,81.9638069307202,75.8804143626212,62.9773388518699,63.0964278818474,62.6307309260016,61.0153971396825,62.2429055206502,1.77832279128255,2.1822011746103,2.42440329402273,2.16473252913919,2.21689952926376,61.4237253014712,10.2752696212292,84.3995877030867,84.2523328594924,83.5270569837488,74.7741906352303,77.2811771807244,63.931314589653,63.7961104036634,63.5953994590573,62.1952042097882,63.0668256723617,1.43088455204317,1.88036472188828,1.72167413046733,2.2638153900997,1.88549378069021,61.7058324076563,8.30829374694358
85.7473899242374,-102940.3,-110157.4,-109088.2,-102138.4,-102405.7,85.7607091845111,85.7715278781375,84.2590772502332,75.3504550291183,79.0178553314864,63.9430983091032,63.8714009718436,63.7769518163176,63.0212798219473,63.4395093432877,1.12741231797414,1.20190898853508,1.27264504808682,1.97951849465812,1.57075092135932,61.0205839018097,7.15223577061349,84.4623484990664,84.5600215990409,84.111800119925,75.6669024815556,78.4413404487185,63.9557534624467,63.8284200753833,63.6901465174411,62.3789330528415,63.3547693937164,1.41364023883509,1.84774962441817,1.6190809184793,2.15602683053054,1.78967952768667,61.8507871294133,7.9264391819983,79.5989310789844,84.7947534561511,80.8223186573224,82.2576733469484,76.5598993146474,63.0198041570685,63.128551700546,62.8165608753661,61.2503077475467,62.6090896756455,1.79535110096533,2.16450539178703,2.39899599718141,2.13619172878851,2.18532624216886,61.5564064458726,10.0463070315541,84.4623484345759,84.5600216021536,84.1118000763054,75.6669025689514,78.44134042377,63.9557534500357,63.8284200661029,63.6901465058571,62.3789330378756,63.3547693838284,1.4136402438967,1.84774962861845,1.61908092882123,2.15602683026752,1.78967953293307,61.8507871255097,7.92643921010844
85.7648346177054,-102940.3,-110157.4,-109088.2,-102138.4,-102405.7,85.7541295697004,85.7605131228464,84.6279533540339,76.4212687722716,79.9777448261812,63.9468766005169,63.8752672939602,63.8049196214401,63.1796817771234,63.5370651398106,1.12794781096274,1.20272623778305,1.2518096950957,1.84311973749205,1.48836312007848,61.1627812490071,6.91396660141203,84.4896159246413,84.8077063501049,84.5629990343237,76.5024794244381,79.4316851262735,63.9711198638053,63.8544845343582,63.7620854240037,62.5519259670056,63.6012492016,1.4005823447442,1.82148405333809,1.53982271510964,2.0532885251283,1.70641225499887,61.9855088277616,7.61194779539992,79.8317637301302,85.1370172630613,80.8085705622367,82.5202713821534,77.2273509107752,63.0583894788191,63.1562064575489,62.9807147595913,61.4568244820232,62.9454690101836,1.81077962791562,2.14927299799151,2.37632627385876,2.11136826389587,2.15511527567337,61.6739095122761,9.87457312797389,84.4896158627797,84.8077063544785,84.5629989844605,76.5024795043612,79.4316850969974,63.9711198516832,63.8544845250843,63.7620854136261,62.5519259524614,63.6012491928905,1.4005823501921,1.8214840576915,1.53982272621936,2.05328852589967,1.70641226095816,61.9855088236232,7.61194782545018
85.7844916101887,-102850.76,-109848.08,-108811.44,-102073.28,-102332.44,85.7421525704381,85.7462601101367,84.8832991245624,77.3813289174789,80.7945396214416,63.9504124439917,63.8810788719356,63.8272244645645,63.304577547211,63.6126286696087,1.12776894580804,1.20044958712104,1.23481439469896,1.73266326657322,1.42313599496713,61.3078182288148,6.71883218916839,84.4937478727088,85.0090169903903,84.9113811202823,77.2773874822814,80.273747692178,63.9802744398563,63.8757119657133,63.816981226429,62.7135932284283,63.8117685611743,1.39060273894392,1.80012775672417,1.47857247321238,1.9572177400534,1.63457243263566,62.1097722968079,7.35734588826213,80.0433991207422,85.4340087895943,80.7980130222325,82.756200983084,77.8735279089785,63.0934673381627,63.1802057165896,63.1271219580141,61.6394972931698,63.2513109689557,1.82479910416299,2.1360544197264,2.35598050352123,2.08963495111941,2.12654201599375,61.7780538653823,9.74434818970007,84.4937477942598,85.0090169978819,84.9113810477735,77.2773875788597,80.2737476498679,63.980274424224,63.8757119534532,63.8169812142685,62.7135932094946,63.8117685512948,1.39060274659776,1.80012776264575,1.47857248867897,1.9572177423876,1.6345724413079,62.1097722909605,7.35734593033924
85.7940959419957,-102850.76,-109848.08,-108811.44,-102073.28,-102332.44,85.731921372091,85.7349712836885,85.0600352826973,78.2412764580969,81.4887086450315,63.9522881523824,63.8830581093886,63.8406202664612,63.4027842131098,63.6703353035908,1.12839585229958,1.20117847715941,1.22530918341185,1.64371619496497,1.37230236842126,61.4532475519966,6.57090207625708,84.4839245728663,85.1739487390379,85.1817041545907,77.98894349168,80.9873281087081,63.9854368210922,63.8939497762582,63.8594913116915,62.8637947912791,63.9926278937287,1.38276739729245,1.78246478202083,1.43103907655623,1.8687024622391,1.57265662975889,62.2239704255517,7.15325148078519,80.2358854569968,85.6921068888873,80.789085965816,82.9688444730266,78.4899540384552,63.1254774096442,63.2011052401161,63.2586207934737,61.8018551808039,63.5283025328032,1.83746270096746,2.12454918236785,2.33766515502601,2.07038201635315,2.09978315440558,61.8705864009294,9.64421230784131,84.4839244979468,85.1739487481762,85.1817040771214,77.9889435795068,80.9873280646637,63.9854368059257,63.8939497640391,63.8594913010944,62.8637947725505,63.9926278855398,1.38276740531158,1.78246478805391,1.43103909254572,1.86870246579597,1.57265663905543,62.2239704193193,7.15325152471641
85.7940968457885,-102850.76,-109848.08,-108811.44,-102073.28,-102332.44,85.7254226005284,85.7280573499515,85.1795656772589,79.0051436165948,82.0711420764622,63.953817028074,63.8846914843156,63.8499518084936,63.4815756144616,63.7153614389024,1.12881191549874,1.20164849827557,1.21897865784133,1.57117680732908,1.3321250902203,61.5966819566948,6.45274096916502,84.4641737992766,85.3090942944202,85.3898394713398,78.6394718261317,81.5940218504947,63.9875365354108,63.9084709532997,63.8918976072825,63.0014330285832,64.1469868230495,1.37671847291905,1.76807462804757,1.39441428497322,1.78841490472486,1.51953054835054,62.3287770176146,6.98939963565408,80.4106562140984,85.9183611748824,80.7815920281343,83.1621482796535,79.072115669483,63.1544223400633,63.2193901366909,63.3765156279535,61.9473260388286,63.7739527769397,1.84905885956232,2.11447827081847,2.32120665568801,2.05338214388452,2.07504585327732,61.9530437342643,9.56583423389499,84.4641737277877,85.3090943051654,85.3898393900676,78.6394719058948,81.5940218060177,63.9875365207177,63.9084709411469,63.8918975981931,63.0014330099927,64.1469868164706,1.37671848124936,1.76807463415684,1.39441430131837,1.78841490939789,1.51953055814776,62.328777010988,6.98939968109274
85.7940979105383,-102850.76,-109848.08,-108811.44,-102073.28,-102332.44,85.7217078181483,85.7241877009649,85.2617435558861,79.6866571322201,82.5624280400247,63.9551026397969,63.8860726069582,63.8566320698758,63.5459982575592,63.751162498801,1.12907123496539,1.20193742347886,1.2146792182332,1.51110745858321,1.29986979792975,61.7364713510875,6.35666513319042,84.4380389848892,85.4193662083236,85.5493925301011,79.2313459862298,82.1103638620026,63.9874608106154,63.9200737212561,63.916585893626,63.1270272804365,64.2790394037463,1.37205971652234,1.75638118981827,1.36632579311879,1.71638619578629,1.47392914237208,62.4248430769423,6.85824541502816,80.5690113046404,86.1169763438488,80.7750370431964,83.3384798118788,79.615791245776,63.1805495210217,63.2354218810777,63.4822992474921,62.0783077558404,63.990155531501,1.85964739138564,2.10564562213442,2.3064263318373,2.03820916874419,2.05238231461246,62.0267964110177,9.503653705789,84.4380389166541,85.4193662206268,85.5493924458993,79.2313460586642,82.1103638180076,63.9874607963845,63.9200737091814,63.9165858859668,63.127027261941,64.2790393986514,1.37205972512157,1.75638119597799,1.36632580969864,1.71638620146204,1.47392915257383,62.4248430699223,6.85824546168326
85.7940996313605,-102850.76,-109848.08,-108811.44,-102073.28,-102332.44,85.7195568602533,85.7219735406899,85.317955279882,80.2938057080074,82.9753484448094,63.9561771871494,63.887229051919,63.8614594693705,63.5992247617514,63.7798358570976,1.12923857226537,1.20212296522288,1.21177028698619,1.46096928640891,1.27384959511457,61.8713543883588,6.27795070599794,84.4085697671355,85.509635468017,85.6707749505499,79.7676966705267,82.5503673422942,63.9859694533496,63.9294784406668,63.9352917649769,63.2410340387056,64.3922702898656,1.36845453042419,1.74682718154819,1.34495084117913,1.65232856721191,1.43474790083501,62.5127559612195,6.7530286854768,80.712682489523,86.2920291075654,80.7691392997088,83.500017025092,80.1181871631864,63.204213302674,63.2495459369497,63.5771458152922,62.1968749974119,64.1787365266213,1.8692875780678,2.09786319957361,2.29317568220487,2.02457774848601,2.03180947850616,62.0929439201434,9.45362977056167,84.4085697019539,85.5096354818155,85.6707748641033,79.7676967363509,82.5503672993996,63.9859694395624,63.9294784286753,63.9352917586605,63.2410340202905,64.3922702860997,1.36845453925702,1.74682718773915,1.34495085790227,1.65232857377699,1.43474791136495,62.5127559538156,6.7530287331053
85.8287359401211,-102850.76,-109848.08,-108811.44,-102073.28,-102332.44,85.7183939646574,85.7207807096934,85.3567459946694,80.8369043089546,83.3239696556179,63.9570844941183,63.888205776221,63.8650200676989,63.6438238760605,63.8031055259019,1.12934599928358,1.20224242306312,1.20978390355299,1.41860966143586,1.25261852013254,62.0007369287997,6.2126005074681,84.3778446482743,85.583723126715,85.7621470297795,80.2523292627524,82.9258398432418,63.9835991212618,63.9371608514105,63.9493336345049,63.3440620522772,64.4896118909994,1.36565146133481,1.73899296089108,1.32885739370835,1.59573943340914,1.40103450079806,62.5930763916955,6.66808431525779,80.8431389010922,86.4468446693301,80.7636623930978,83.6486201008732,80.5779501067428,63.2256808237186,63.2620349724656,63.6621909314844,62.3047687777765,64.3419203820696,1.87805727637346,2.0909813743501,2.28130839869099,2.01226203082057,2.01329098075305,62.152423627307,9.41284488676884,84.3778445858247,85.5837231419642,85.7621469414685,80.2523293227565,82.9258398017603,63.9835991078712,63.9371608394826,63.9493336294318,63.3440620339155,64.48961188839,1.36565147038777,1.73899296710985,1.32885741053582,1.59573944076807,1.40103451161512,62.5930763839102,6.66808436375098
85.8640256436217,-102850.76,-109848.08,-108811.44,-102073.28,-102332.44,85.7193005978987,85.7217108082372,85.3827528862145,81.3189580587375,83.6145345083374,63.9579158736352,63.8891012663196,63.8676328093929,63.6812231444646,63.8218895442899,1.12934209385689,1.20224051730189,1.20846846279198,1.38284593404396,1.23541830726968,62.1236930642209,6.15831531526441,84.3496470248064,85.6484017421889,85.829948228267,80.6893874262115,83.2466851355721,63.9812309287457,63.9442368744603,63.9597323340683,63.4368461708114,64.5735169894432,1.36330501608723,1.73208126240561,1.31691380789424,1.54599449997315,1.3719772820946,62.6663293211244,6.59897005161896,80.9638734565671,86.5865473610919,80.7584361150452,83.7858500356718,80.994961228287,63.2457228901675,63.2733404077921,63.7384682229867,62.4034387819767,64.482157950208,1.88602986405625,2.08475672781868,2.27068796357111,2.00107507788762,1.99674857461268,62.2060238097129,9.37919805388593,84.3496469648799,85.6484017587936,85.8299481385037,80.6893874810174,83.2466850957177,63.9812309157276,63.9442368625858,63.959732330152,63.4368461525206,64.5735169878262,1.3633050253392,1.73208126864779,1.31691382477557,1.54599450802785,1.37197729315274,62.6663293129772,6.59897010082762
85.8709569679848,-102850.76,-109848.08,-108811.44,-102073.28,-102332.44,85.7236699083675,85.7261701676761,85.400184052314,81.7455164800277,83.8554724038661,63.9587735275882,63.8900250889702,63.8695806517728,63.7127291313203,63.8370738127874,1.1291598801926,1.20204585997744,1.20759941569348,1.35255130226419,1.2214861157161,62.239710910846,6.1128425738438,84.3243438097868,85.705437884054,85.8796420483951,81.0833446121104,83.5214098359313,63.9790132468436,63.9506599872311,63.9673425095947,63.5202304188517,64.6461888821007,1.36130793862892,1.72595032992751,1.30815901676168,1.50239087978313,1.34687084472259,62.7329913749913,6.54176648289392,81.0756445910067,86.7131150495426,80.7530531751658,83.9131981425874,81.3704084758286,63.2643444801702,63.2835948550572,63.8074529458132,62.4942092148762,64.602301974006,1.89335500567354,2.07911241349972,2.26113176595344,1.99087632116292,1.98205312610285,62.254447378225,9.3509371782425,84.324343752266,85.7054379018957,85.8796419576248,81.0833446622152,83.5214097978461,63.9790132341898,63.9506599754202,63.9673425067637,63.5202304006851,64.6461888813236,1.36130794804923,1.72595033618053,1.30815903363482,1.50239088843215,1.34687085596899,62.7329913665183,6.5417665326325
85.8706069099934,-102850.76,-109848.08,-108811.44,-102073.28,-102332.44,85.7312346082952,85.7338490923066,85.4120742223601,82.120766024296,84.053506078364,63.9596699291113,63.890988869102,63.8710634361333,63.7392915831151,63.8493078826639,1.12881403573271,1.20167631534998,1.20701597265092,1.32689410144949,1.21025322069338,62.3483602147217,6.07465364587648,84.3000795298886,85.7531789946952,85.9154870600473,81.4384704599728,83.7571551769835,63.9766152142655,63.9558562693699,63.9728255413147,63.5950602021687,64.709410302738,1.35971098001922,1.72085385211991,1.30184351950259,1.46423360602067,1.32512416789094,62.793537553933,6.49388472008744,81.1774346809182,86.8263031956067,80.7473820906284,84.0318041721157,81.7061619181453,63.2811879774506,63.2927420039268,63.8700943449189,62.5781237453675,64.7048869009833,1.90012089259976,2.07407433667752,2.25251258450221,1.98152461763061,1.96906786034266,62.2982693694102,9.32687779582321,84.3000794746007,85.7531790136954,85.9154869685435,81.438470505889,83.7571551406697,63.9766152019526,63.9558562576292,63.9728255394958,63.5950601841634,64.7094103026579,1.35971098958743,1.72085385837384,1.30184353633463,1.46423361517955,1.32512417929226,62.7935375451641,6.49388477024693
85.8700189763171,-102850.76,-109848.08,-108811.44,-102073.28,-102332.44,85.7402496052122,85.7429458938935,85.420930885221,82.4517418864774,84.2170306705939,63.9605462078928,63.8919279934508,63.8722483385233,63.7618730612288,63.8592523091697,1.12839221643166,1.2012276915115,1.20658625090776,1.30499952888904,1.20112300584859,62.4498472881305,6.04232869358855,84.2768102140461,85.7925362728017,85.9405168080163,81.7585534903503,83.9597570087017,63.9740801908799,63.9600094923006,63.9766505125637,63.6621275144144,64.7645107617666,1.35845533005454,1.71667796731814,1.29743325102115,1.4308869713137,1.3062554307218,62.8484336229272,6.45386593320297,81.2698776458658,86.9273006670419,80.7416359804286,84.142495039359,82.004417390698,63.2964081196099,63.3008910130306,63.9266725820189,62.6559671805356,64.7920482518577,1.90632861583987,2.06958420366476,2.24477411643497,1.97289445210564,1.95766079523174,62.3379501403836,9.30636999938713,84.2768101608085,85.7925362928926,85.9405167159704,81.7585535325578,83.9597569740826,63.9740801788817,63.9600094806309,63.9766505116788,63.6621274966004,64.7645107622542,1.3584553397546,1.71667797356632,1.29743326779376,1.43088698090991,1.30625544225489,62.8484336138891,6.45386598370639
85.8692254225666,-102850.76,-109848.08,-108811.44,-102073.28,-102332.44,85.7491004664194,85.7518201097142,85.4281677854974,82.7429371812205,84.3516682836164,63.9613414658023,63.892777054093,63.8732320579151,63.7811139805631,63.8673399103115,1.1279750151922,1.20078668233261,1.20623621497283,1.28628295675186,1.1937025950892,62.5442380255939,6.01498346433871,84.2548991785442,85.8249884538282,85.9570975483707,82.0470698653376,84.1340669023258,63.9715303396826,63.9633831785848,63.9791819517641,63.7221864816938,64.8125926396606,1.35746379809343,1.71324470227733,1.29451151278686,1.40176579746723,1.28985968397181,62.8981187446878,6.42038177949306,81.3539295627565,87.01757158362,80.7359402275835,84.2460319433509,82.2677911168383,63.310216993731,63.3081707383973,63.977590998813,62.7284272589089,64.8658879717929,1.91199735189562,2.06557251579099,2.23784881122576,1.96489912827864,1.94768849722382,62.3738960309537,9.28891161281155,84.2548991271848,85.8249884749419,85.9570974559342,82.0470699042685,84.1340668692848,63.9715303279746,63.9633831669848,63.9791819517359,63.7221864641001,64.8125926406042,1.35746380791102,1.71324470851502,1.29451152948791,1.40176580743706,1.28985969561816,62.8981187354068,6.42038183027814
85.8682633630149,-102850.76,-109848.08,-108811.44,-102073.28,-102332.44,85.7567217116271,85.7594083579104,85.4345850724048,82.9984836128948,84.4622709844759,63.9620178798902,63.893496393682,63.8740749309685,63.7975351206543,63.8739208560424,1.12761558860636,1.20040946989385,1.20592434573486,1.27026381128016,1.18767146397533,62.6316919793791,5.99188467949057,84.2345418436468,85.8517399238009,85.9671441442712,82.3072132191939,84.2841629233863,63.9690461059941,63.9661421730687,63.9807140321328,63.7759452077823,64.8546037058541,1.35667759219007,1.71041886630116,1.29274103014493,1.37633734672651,1.27559276939929,62.9430175378816,6.39224944386831,81.4303908838844,87.0983697464658,80.7303347303633,84.3430888077055,82.4991732894871,63.3227655230768,63.3146851248199,64.0233686647348,62.7961002043855,64.9283617749974,1.9171650955752,2.06198238857324,2.23165877863554,1.95746890778507,1.9390042993687,62.4064669472085,9.2740796537528,84.2345417940039,85.8517399458704,85.9671440515621,82.3072132552357,84.284162891786,63.9690460945527,63.9661421615357,63.9807140328879,63.7759451904357,64.8546037071599,1.35667760211257,1.71041887252501,1.29274104676692,1.37633735701449,1.2755927811439,62.9430175283829,6.39224949488635
85.8671559253618,-109262.55,-131997.9,-128629.7,-106736.4,-107578.45,85.7657318076062,85.7697038845394,85.4464330935016,83.236522971229,84.5622027269929,63.8907159032249,63.6688000364239,63.6641190715658,63.7454222881431,63.8095918725192,1.19351392999388,1.42712339109007,1.41104797464032,1.30852108065732,1.23867416007814,62.7224767508458,6.57888053645974,84.2158184480644,85.8737770459689,85.9721990290598,82.5418864066804,84.4134889748895,63.9666782925029,63.9684033995149,63.9814832390847,63.8240568237738,64.8913564067499,1.3560517416193,1.70809328701772,1.29185008787689,1.35412487936725,1.26316195150048,62.9835376874697,6.36851493045998,81.4999642181097,87.1707775761761,80.7248378903627,84.4342481011778,82.7015609406307,63.334176379352,63.3205222729271,64.0645198211351,62.8594966130052,64.981204232884,1.92187327067108,2.05876538539859,2.22612842560005,1.95054354526842,1.93146573940835,62.4359825922218,9.26152849331039,84.2158184023123,85.8737770678185,85.9721989406611,82.5418864385597,84.4134889460499,63.9666782818476,63.9684033886005,63.9814832404836,63.8240568075245,64.8913564082635,1.35605175115131,1.70809329292525,1.29185010361603,1.3541248894147,1.26316196275893,62.9835376782455,6.36851497919657
85.866548562194,-109262.55,-131997.9,-128629.7,-106736.4,-107578.45,85.7710656934404,85.7757561025132,85.4574080896888,83.439740838549,84.6420176731821,63.8912807676614,63.6695134893705,63.6653011420428,63.7586078666296,63.8146200041622,1.19325378605326,1.42677873385532,1.4104138786338,1.29588658160185,1.23422634109639,62.8013370085753,6.56055932124062,84.1659866869754,85.898043958373,85.8167956616341,82.8047931757079,84.6018849542059,63.9472215510406,63.9098579110156,63.9375539430885,63.856709576875,64.8572812692709,1.36980505513386,1.71750157860862,1.31758754134469,1.34345086039751,1.26207600048312,63.0200657211106,6.3484219665959,81.563193183599,87.3232395035824,80.7356591421247,84.5521701058592,83.000209664901,63.3380581230425,63.329885634086,64.0761131735814,62.9361133634793,64.8503856625847,1.93149554816743,2.05319474882401,2.22364951181886,1.95007438149261,1.92714078144428,62.4627288943453,9.25097480205996,84.1659866431294,85.8980439823815,85.8167955760386,82.8047932051437,84.6018849272245,63.9472215407788,63.9098579012455,63.9375539454226,63.8567095613669,64.8572812691547,1.36980506459594,1.71750158426361,1.31758755660796,1.34345087061652,1.26207601168662,63.0200657117219,6.34842201549151
85.8655354219977,-109262.55,-131997.9,-128629.7,-106736.4,-107578.45,85.7749189183562,85.7800350371078,85.4672556126526,83.6159759943791,84.707284428074,63.891723490563,63.6700650327105,63.6663291653779,63.7698276366466,63.8187146874552,1.19306781712316,1.42653820152651,1.40984329991509,1.28511163321497,1.23061191545383,62.8695987944016,6.54517286723357,84.1453760403003,85.9185616281602,85.6949868940936,83.0408837489988,84.7517520224349,63.9353372190317,63.887670703142,63.9094575833883,63.8945302379061,64.8398223547011,1.37999080766274,1.7201001575345,1.33827758563327,1.33237454027859,1.25952124553505,63.0465337088002,6.3944453199896,81.627040137666,87.4593849166745,80.7377284961412,84.6467096201051,83.2251848440574,63.3461942525505,63.3400963960679,64.098626754734,63.000934223334,64.8054605001276,1.93773955719834,2.04746018291403,2.22024595569936,1.94425870347823,1.92209476815932,62.4892130991401,9.25267966685813,84.1453759978795,85.918561654115,85.6949868105898,83.0408837760485,84.7517519967203,63.9353372091077,63.8876706939183,63.9094575865748,63.8945302228537,64.8398223541222,1.37999081705788,1.7201001630488,1.33827760048982,1.33237455058563,1.25952125669594,63.0465336994122,6.39444536813586
85.864409301325,-109262.55,-131997.9,-128629.7,-106736.4,-107578.45,85.7780819002687,85.7834512728319,85.4758677292336,83.7689834723683,84.760963287195,63.8920926951243,63.6705190702017,63.6672138473322,63.7794112205644,63.8220731577956,1.19291552033572,1.42634710570526,1.40934375180025,1.27589103997614,1.2276545060763,62.9289688628691,6.53215192389367,84.1439196068446,85.9355158549751,85.5998759505483,83.2505770945453,84.8731312445184,63.9287143263985,63.879745734503,63.890308612427,63.9315688265037,64.8331507499999,1.3874890154784,1.72020623094227,1.3546601546462,1.32132353361472,1.25614588298884,63.0681227690007,6.4381479688927,81.68684466972,87.5806042982461,80.735096044495,84.7374141367387,83.4038489800941,63.3551797410719,63.3496789271982,64.1254627889567,63.0637391042788,64.798715118002,1.94246454928109,2.04215243765893,2.21656854134869,1.93835203086934,1.91713708294951,62.5117575976872,9.25308861418122,84.1439195654584,85.9355158826844,85.5998758686075,83.2505771195892,84.8731312197703,63.9287143167381,63.8797457255747,63.8903086163879,63.9315688118862,64.8331507494198,1.38748902482623,1.72020623636503,1.35466016916391,1.32132354400776,1.25614589412236,63.0681227596294,6.43814801630666
85.8631965676192,-109262.55,-131997.9,-128629.7,-106736.4,-107578.45,85.7806323078001,85.7861319391585,85.4832628559511,83.9015921212425,84.805247689122,63.8923985311742,63.6708906107343,63.6679677666993,63.7876010037631,63.8248384688722,1.19279319049476,1.42619817606691,1.40891470676348,1.26799877657639,1.22522504445639,62.9810922840667,6.52112989435793,84.1543485473147,85.949385916757,85.5270423832201,83.4366050971858,84.9729141203711,63.9256453297723,63.8773261915826,63.8768146116384,63.9658369421232,64.8333503766491,1.39298069216612,1.71949609248328,1.36730085437636,1.31063307608749,1.25237252464201,63.0873896306552,6.46893599719492,81.7413557298052,87.6885941243498,80.7302310433638,84.8242251852255,83.5521225632031,63.3638446286853,63.3583469788794,64.1527778760328,63.1243526293443,64.8092092157022,1.94638036994055,2.03736999014822,2.2129881841037,1.93251153979783,1.91249604979299,62.5315562389029,9.2523612088957,84.1543485066738,85.9493859460497,85.5270423024297,83.4366051205568,84.9729140964414,63.9256453203101,63.8773261828416,63.8768146162864,63.9658369279505,64.8333503762425,1.39298070148677,1.71949609783708,1.36730086861986,1.3106330865615,1.25237253576015,63.0873896212935,6.46893604407482
85.8619252247179,-109262.55,-131997.9,-128629.7,-106736.4,-107578.45,85.7824808484078,85.7880215105814,85.4895208502638,84.0162881487806,84.8418991474686,63.8926415659212,63.6711824453564,63.6686047050915,63.7945986010628,63.8271235711545,1.19270570531805,1.42609514645656,1.4085517711149,1.26124555857948,1.22322138184368,63.0272655626189,6.51181956331267,84.1715569808695,85.9606646105092,85.4729211604022,83.6020479390545,85.0559735503844,63.9248960471845,63.8769547965449,63.8672557608118,63.9968460969207,64.837746502054,1.39698493022418,1.71860563209797,1.37673208091734,1.30052958910056,1.24848170911384,63.1050704120798,6.48893726192984,81.7905143077519,87.784931459397,80.7244695750108,84.9070124492836,83.6788722584789,63.3718273295358,63.3661146238848,64.1786980841575,63.1826104084715,64.826736053719,1.94977282759777,2.03308923964158,2.20967589426295,1.92681377721064,1.90824901431561,62.5492500194351,9.25120950085319,84.1715569407696,85.9606646412322,85.4729210804321,83.6020479610318,85.0559735271922,63.9248960378701,63.8769547879416,63.8672557660569,63.9968460832079,64.8377465018686,1.39698493953385,1.71860563739428,1.3767320949452,1.300529599648,1.24848172022518,63.105070402719,6.48893730845012
85.8606213090168,-109262.55,-131997.9,-128629.7,-106736.4,-107578.45,85.7835909559495,85.7891145367649,85.4947323388598,84.1152888036034,84.8723270950834,63.8928241791961,63.6713993038729,63.6691375847344,63.8005750006314,63.8290179978525,1.19265517133196,1.42603865334937,1.40824982915173,1.25547011768883,1.22156276376592,63.0684039107456,6.5039765352878,84.1920655615277,85.969792947116,85.4342954320571,83.749714918741,85.1258331831706,63.9255937750399,63.8772802013331,63.8606075537264,64.0246576462808,64.8445076936818,1.39989259665182,1.71776218582635,1.38347721308715,1.29114686879706,1.24465874558445,63.1213840194869,6.50154486430284,81.8346550557241,87.8710012254478,80.718490207982,84.9857274870999,83.7891675838378,63.3790548086374,63.3730633821153,64.2024670134211,63.2384283664082,64.8463080641949,1.95276991474786,2.02926103654512,2.20669033122492,1.92130721773734,1.90441209752759,62.5651802333403,9.25021067401653,84.1920655218288,85.9697929791324,85.4342953526426,83.7497149395555,85.125833160661,63.9255937658361,63.877280192842,63.8606075594834,64.0246576330406,64.8445076937122,1.39989260596231,1.71776219107201,1.38347722695011,1.291146879409,1.24465875669473,63.1213840101204,6.50154491059054
85.8593057927953,-109262.55,-131997.9,-128629.7,-106736.4,-107578.45,85.7840154609952,85.7894909513985,85.4989811145502,84.2005790886374,84.89765725981,63.8929525815615,63.6715501568061,63.6695778245369,63.8056766314319,63.8305929215182,1.19263903925126,1.42602411041761,1.40800413439122,1.25053386171119,1.22018532847364,63.1051468998019,6.49738647424492,84.2135823695503,85.9771474348723,85.408210654453,83.88200355658,85.1850893414604,63.9271343849532,63.877785621998,63.856170915369,64.0495172265516,64.852392133443,1.40199545973103,1.71703493913499,1.38803666725645,1.28254843025285,1.24102251534833,63.1364373479378,6.50928729265764,81.8742190888505,87.9480042942254,80.7126231752513,85.0603876112471,83.8860931471432,63.3855532586984,63.37928218973,64.2238925234009,63.2917851530891,64.865576153577,1.95543949236598,2.02583526264159,2.20403464355659,1.91602042320036,1.90097259456408,62.5795631128817,9.24972584374409,84.2135823301582,85.9771474680592,85.4082105753849,83.8820035764226,85.1850893195869,63.9271343758337,63.8777856136038,63.856170921561,64.0495172137923,64.852392133665,1.40199546905037,1.71703494433482,1.38803668099688,1.28254844091976,1.2410225264611,63.1364373385607,6.50928733880335
85.8579983359314,-109262.55,-131997.9,-128629.7,-106736.4,-107578.45,85.7838658643993,85.7892825573561,85.5023449831356,84.2739321110478,84.9187881434097,63.8930353799385,63.6716463760851,63.6699355630809,63.8100293477582,63.83190502823,1.19265170041172,1.42604375021714,1.40781026465173,1.24631730437974,1.21903852168124,63.137967757211,6.49186154134157,84.2346610699745,85.9830433158477,85.3920106124011,84.0009166466815,85.2356884931375,63.929109068781,63.8782829769409,63.8534195204639,64.0717158156534,64.8605759885346,1.40350995495711,1.71643385096261,1.39086865774447,1.27474784956211,1.23764468951764,63.1503182614477,6.51382184125834,81.9096530157055,88.0169814285649,80.7070225830443,85.1310608715715,83.9716969674031,63.3913795687783,63.38485303702,64.2430416324959,63.3427063673742,64.8835206732426,1.95782525619697,2.02276646319482,2.20168768575776,1.91096833363354,1.8979043929538,62.5925592400758,9.24993771841073,84.2346610308271,85.9830433500942,85.3920105335174,84.0009166657103,85.235688471855,63.9291090597269,63.8782829686327,63.8534195270241,64.0717158033787,64.8605759889209,1.40350996429042,1.71643385612051,1.39086867139668,1.27474786027451,1.2376447006348,63.1503182520564,6.51382188732784
85.8567127099066,-109262.55,-131997.9,-128629.7,-106736.4,-107578.45,85.7832739848071,85.7886340621918,85.5049002866283,84.3369155705541,84.9364357377155,63.8930817265433,63.6716995297002,63.6702200145386,63.813740883195,63.8329994564303,1.19268647313322,1.4260889907479,1.4076638494643,1.24271787954626,1.2180823291982,63.1672477765902,6.48723952208988,84.2544443233432,85.9877426474925,85.383381639153,84.1081218690778,85.2791150639137,63.931248633431,63.8787120713303,63.8519367341442,64.0915388069004,64.8685324710807,1.40459586712201,1.715948343805,1.39237571503269,1.26772510546532,1.23456332424691,63.1631098801421,6.51622540648957,81.9413758591667,88.0788374468171,80.7017554313796,85.19785252767,84.0474746724604,63.3965969346196,63.3898485354944,64.2600863247507,63.3912511677337,64.899779787543,1.95996011563702,2.02001457383504,2.19961964667302,1.90615671420398,1.8951759184183,62.6043013360121,9.25090797886739,84.2544442843996,85.9877426826988,85.3833815603316,84.1081218874248,85.2791150431773,63.9312486244294,63.8787120630996,63.8519367410159,64.0915387951101,64.8685324716068,1.40459587647231,1.71594834892436,1.39237572862372,1.26772511621416,1.2345633353692,63.1631098707338,6.51622545253158
85.8554540076776,-109262.55,-131997.9,-128629.7,-106736.4,-107578.45,85.7823648851725,85.7876771988495,85.5067306141262,84.3909286653635,84.9511766408027,63.8931000627267,63.6717199789215,63.6704401281552,63.8169045972156,63.8339125633569,1.19273700658712,1.42615201016296,1.4075600479568,1.23964646121503,1.21728471668111,63.1933191483447,6.48338024260302,84.2724753684678,85.9914622644385,85.3803715632821,84.2050145126149,85.3165210982266,63.9333820169422,63.879061025583,63.8513878113124,64.1092490922046,64.875944577881,1.40537072724595,1.71556222783998,1.39289884552466,1.26143895207647,1.23179281106657,63.1748903409621,6.51721808036636,81.9697698587321,88.1343617652032,80.6968457822485,85.2608935397453,84.1146127042408,63.4012663985412,63.3943323888712,64.275230451585,63.4375014530635,64.9143063948993,1.96187129604781,2.01754449491025,2.1977993120665,1.90158519461797,1.8927543007269,62.6149055735862,9.25262511158957,84.2724753297015,85.9914623005145,85.3803714844343,84.2050145303908,85.3165210779923,63.9333820079839,63.8790610174226,63.8513878184478,64.1092490808956,64.8759445785268,1.40537073661471,1.71556223292389,1.39289885907526,1.26143896285341,1.23179282219394,63.1748903315346,6.51721812641728
85.8542048933671,-109262.55,-131997.9,-128629.7,-106736.4,-107578.45,85.7812437406129,85.7865194412897,85.5079224434138,84.4371949449287,84.9634735384934,63.8930974922807,63.6717162506596,63.6706043760137,63.8196002282851,63.8346735320702,1.19279796034378,1.42622643186089,1.40749381351532,1.23702674727832,1.21662010203036,63.2164838170118,6.48016505502866,84.2885624429696,85.9943806674594,85.3813810152596,84.2927715362331,85.3488169408849,63.9354059538237,63.8793349326979,63.8515050783386,64.125083034365,64.8826414199913,1.40592073955669,1.71525925891104,1.39271796389557,1.2558359479281,1.22933127108929,63.185731955363,6.51729702834099,81.9951795979109,88.184245299151,80.692296297829,85.3203313041921,84.1741089084632,63.4054441554376,63.3983604354511,64.2886771603911,63.4815534787634,64.9271946305136,1.96358238040053,2.01532547214357,2.19619716241961,1.8972493415986,1.8906075430243,62.624476307787,9.25503778815168,84.2885624043629,85.9943807043235,85.3813809363238,84.292771553531,85.3488169211099,63.9354059449023,63.8793349246012,63.851505085698,64.1250830235318,64.8826414207413,1.40592074894432,1.71525926396233,1.39271797742129,1.25583595872561,1.22933128222117,63.1857319459148,6.51729707442794
82.521565002551,-163332.61,-318785.38,-295755.34,-146060.08,-151817.59,85.6230461926555,85.5835253163417,85.5383469314324,84.5134885321913,85.0019513717671,63.1935297478462,61.6512086036238,61.7318468537994,63.1600911102291,63.1153983012804,1.74003317654854,3.18286480447092,2.96853094357146,1.63444040057932,1.65748368065055,63.2243643410332,11.1833530058208,84.3026818946997,85.9966424136405,85.3851346790895,84.3723949714508,85.3767351824762,63.9372629002403,63.8795433619829,63.8520775490974,64.1392510943355,64.8885516728157,1.40630905538241,1.71502521411443,1.3920564703309,1.25085684774709,1.22716606003586,63.195701417058,6.51681261953717,82.0179129680374,88.2290936278521,80.6880987690482,85.3763225186121,84.2268320155622,63.4091807089293,63.4019816092377,64.3006156344136,63.5235115766215,64.9385935796613,1.96511419960218,2.0133305529013,2.19478650303906,1.89314208571516,1.88870561063806,62.6331082146883,9.25807612941635,84.3026818116194,85.9966424948184,85.3851345082927,84.3723950079563,85.3767351406626,63.9372628810379,63.8795433446175,63.8520775654074,64.1392510719456,64.8885516746353,1.40630907570206,1.71502522496161,1.39205649952031,1.25085687110229,1.22716608409121,63.1957013966006,6.51681271921683
77.5215671185199,-163332.61,-318785.38,-295755.34,-146060.08,-151817.59,84.7760463782249,84.5507741685255,85.4978157271918,84.5838655984547,85.0360991853953,63.1178645668558,61.5005504304914,61.7083988705157,63.1544906761742,63.1062306001134,1.80200272986083,3.30466764314616,2.97066265072227,1.62864551871712,1.65420984621726,63.1079458883765,11.3601883886636,85.6605461222233,85.4401130822301,81.5602308240757,84.6112408800084,85.7604797164398,63.6121938296675,62.6705594398629,63.1162963844621,64.0485548871838,64.1917960457752,2.03398916022491,1.99964137722183,2.05367981523796,1.33995772446433,1.38716411958646,63.2048605415783,6.51601335943866,81.2813667459979,88.6145947735052,79.7444476854354,85.5527078955657,84.8470599463641,63.143937693732,63.2863990048399,63.6033238320809,63.6396219586373,63.5424589433767,2.03421987561986,2.05647776208641,2.36568006298866,1.92509247150692,1.91470507269392,62.6408874215628,9.26166450486388,85.6605460084976,85.4401131646702,81.5602307769205,84.6112409044579,85.7604796927186,63.6121938175071,62.670559455856,63.1162963971101,64.0485548765639,64.1917960289122,2.0339891602309,1.99964137869785,2.0536798233405,1.33995773966008,1.38716413328651,63.2048605269321,6.51601343074226
75.8731289781614,-163332.61,-318785.38,-295755.34,-146060.08,-151817.59,82.8043490632101,82.2655753893164,85.2096871218612,84.6472712361613,85.057510112759,62.9157413585093,61.1170964215989,61.6181334216469,63.1261300143443,63.072737553169,1.96233458507429,3.60183484924079,2.99557769855353,1.62170096261906,1.65007868249243,62.9075910613029,11.8315267779801,84.1884379335924,84.0561521519915,80.7183759941367,84.7614346563041,85.8788120725109,63.2626108262004,61.4574701245337,62.8348585050774,63.974616022098,63.8491559843775,2.17632429202085,2.35573196610314,2.189563050861,1.39256951541878,1.46253359285226,62.9652152063069,8.27041947970237,79.639207118564,88.574486128622,79.5245171808488,85.6108270473441,85.2731052855994,62.6280502592346,63.1184731227394,63.2473825699285,63.7011014166381,62.9097243184312,2.126132573897,2.12594553193423,2.43342758707843,1.92529692756005,1.92254066542545,62.6259133943995,9.51057912119393,84.1884378149466,84.0561522698316,80.7183759630004,84.7614346784566,85.8788120567138,63.2626108096508,61.4574701678534,62.8348585158362,63.9746160149646,63.8491559598767,2.17632429071183,2.35573196011021,2.18956305722109,1.39256952931253,1.46253360484944,62.9652151974578,8.27041951204624
75.8733736738367,-163332.61,-318785.38,-295755.34,-146060.08,-151817.59,80.2631044942689,79.5538198624332,84.4257678710675,84.7003692831038,85.0357847721619,62.588693373364,60.549847828994,61.4183018593224,63.0712419869818,63.0085672197247,2.20816990625207,4.00828460599329,3.07162605836356,1.61360442140164,1.64689908989482,62.6732984440244,12.5485840819054,82.4223568321688,82.4132592446651,79.6475481685817,84.7819677987844,85.8020981476484,62.8474182654859,60.47941248053,62.5152495123897,63.8757192655073,63.5789134604329,2.34215962329807,2.68784728005881,2.36553238716731,1.44778662364523,1.51773686876925,62.7686036148411,10.1537524296835,78.0674400657155,88.4324817164922,79.519189481568,85.6322863709098,85.540413986882,62.0794201832852,62.9873746435776,62.807640076857,63.7453403609727,62.5431052718396,2.25928069114245,2.18142905474436,2.49729455723376,1.92060037019289,1.92665948644109,62.5563442819727,9.99977927476798,82.4223567185909,82.4132594016487,79.6475481652341,84.781967820961,85.8020981408236,62.8474182454562,60.4794125459387,62.5152495200154,63.875719262107,63.5789134334186,2.34215962113655,2.68784726685123,2.36553239060372,1.4477866359764,1.51773687943411,62.7686036093053,10.1537524256678
75.8733110848094,-163332.61,-318785.38,-295755.34,-146060.08,-151817.59,78.1120714094143,77.5147343249754,83.0810000419467,84.734656358168,84.9165450749147,62.2305503350347,60.00678082083,61.1018314554892,63.000533272906,62.920456675991,2.45745370138822,4.35078426135443,3.21533236621761,1.60580922907111,1.64922980314077,62.399628120443,13.2786093611721,80.9857291655454,80.9378835935354,78.391084441347,84.6675368012785,85.5606107395579,62.4806871678217,59.7802030896965,62.1636858992765,63.74910100232,63.3391697003314,2.51103945945591,2.95097259026842,2.57391867955924,1.50613853837463,1.56383152877751,62.5209841516218,11.9795881114718,76.9311725072341,88.3304181299878,79.5930317859516,85.6365330542057,85.6941281577266,61.633471324262,62.9266867845909,62.2647902919441,63.7807500110472,62.2968679527283,2.39616169654872,2.20752379233128,2.57014976428634,1.91649301845691,1.9302717387224,62.4316090428478,10.7336416833177,80.9857290598009,80.9378837863356,78.3910844726943,84.6675368265503,85.5606107430401,62.480687145726,59.7802031717581,62.1636859019133,63.7491010031454,63.3391696731478,2.51103945645986,2.95097257087898,2.57391867946094,1.50613854907684,1.56383153833442,62.5209841492909,11.979588078977
78.1382995516809,-163332.61,-318785.38,-295755.34,-146060.08,-151817.59,77.0386786882568,76.7336110769496,81.3856883133999,84.7255310967723,84.6206307525791,62.0056939406371,59.733578363551,60.7196483136911,62.9375222899233,62.826987102261,2.59616459426586,4.48077541017463,3.41963589248768,1.60183776982458,1.66454977066189,62.0832664629878,13.7629634374146,79.8101233928428,79.7111150886379,77.2664629965711,84.4398712183452,85.1952938583915,62.1808425583933,59.2676469947393,61.8286346358286,63.5989210840156,63.1211454661207,2.64893667860392,3.15626177161218,2.75877792945578,1.56397051346554,1.60379628254641,62.2195569444895,13.4525494317749,76.1113255097947,88.2496936536233,79.6780899027353,85.6334599550785,85.7831251975112,61.2763176092273,62.8966727625576,61.7002024431643,63.811456042006,62.1215603697393,2.52406909636521,2.22077103148947,2.6453075836136,1.91396907406628,1.9334754809043,62.2708212844334,11.6445233959675,79.8101232967422,79.7111153104836,77.266463059229,84.4398712493565,85.1952938736643,62.1808425348923,59.2676470890271,61.8286346324917,63.5989210895376,63.1211454401499,2.64893667535966,3.15626174730666,2.75877792650764,1.56397052255906,1.603796291112,62.2195569458215,13.4525493847995
81.0718532980499,-163332.61,-318785.38,-295755.34,-146060.08,-151817.59,77.2742358626944,77.3109333100264,79.7936882070796,84.6382996422552,84.1199040794748,62.0309823422926,59.8484282649446,60.3839898226186,62.9044308838723,62.7506831522296,2.56035253206762,4.36210774786947,3.64098043868456,1.60582802003991,1.69761006559542,61.7793053286484,13.866878804257,80.072249513532,79.5805085075111,76.3280898877853,84.1217122120678,84.7289405710897,62.1876353780641,59.100094335476,61.5186057418523,63.4280216057047,62.9157804747638,2.68859119610181,3.20027402656035,2.91053969382905,1.61978835768812,1.64023989068793,61.9071415564452,14.4661776396922,76.2112824803343,88.3881670412823,79.7466590618692,85.6247556893189,85.8321283916556,61.2719797744368,62.9678824552399,61.1663711573806,63.8380486703065,61.9922798001554,2.54790652422489,2.18994065787752,2.71725366052473,1.9125221785129,1.93633601387744,62.0946805708984,12.6421536342172,80.0722493744337,79.5805088248227,76.3280900109454,84.1217122662176,84.728940610834,62.187635345076,59.10009447482,61.5186057291624,63.4280216204767,62.915780441493,2.6885911910334,3.20027399016128,2.91053968686557,1.61978836823438,1.64023990135532,61.9071415632016,14.4661775739785
80.8724238169717,-163332.61,-318785.38,-295755.34,-146060.08,-151817.59,78.5224309742337,78.7796468576444,78.7756304985789,84.4106444299153,83.407371249146,62.2454374139075,60.2069811191464,60.2011269190444,62.8939061841115,62.6869650030547,2.39774640220027,4.10136754878793,3.80469560524112,1.62203281172916,1.75076705104983,61.5654656568832,13.6766094190083,81.7438604931079,80.6146577548957,76.0541033811704,83.7969953706574,84.2992988193869,62.5361022973911,59.2546816657682,61.3078505602843,63.2580594441397,62.7471825130639,2.5838048794458,3.08163444637739,2.94505196863998,1.6633780543487,1.66852073841413,61.6744372735016,14.8542205568157,77.1782305287071,88.7410414794425,79.7648116202933,85.62626106297,85.9024892967254,61.610705103665,63.091551873894,60.8084771544297,63.8679681053319,61.9220922250127,2.46499828951634,2.13512802134063,2.76755902756247,1.91238131115276,1.93660605570455,61.9641382366857,13.4172323675119,81.7438603726583,80.6146579692845,76.0541034790656,83.7969954189167,84.299298861682,62.5361022729774,59.2546817669918,61.3078505471099,63.2580594602302,62.7471824912965,2.58380487631146,3.08163442140684,2.9450519639574,1.66337806091786,1.66852074548671,61.6744372811444,14.8542205189054
80.8714205821291,-163332.61,-318785.38,-295755.34,-146060.08,-151817.59,79.6328341613353,79.8859763000534,78.548910005893,83.9871456622515,82.5588258771812,62.4173799086099,60.4584674774643,60.1788622342196,62.8661299497605,62.603360715091,2.2670387998464,3.92090047416635,3.84704128247091,1.6524231557406,1.81787817248877,61.4714767119245,13.505281884713,82.533557526295,81.1608889005007,76.5960406334371,83.5472519482308,84.0614877954204,62.7500721260774,59.3674317088275,61.2206893897798,63.1081960671306,62.6218517157783,2.47646039980859,3.01287139005292,2.83570851777195,1.68992592404577,1.68813805092807,61.5894867495268,14.6347256265839,77.7279199916472,89.0027915702535,79.7297848230046,85.6469155985806,86.0346025438413,61.814213397618,63.1493121085826,60.7213935564623,63.9055074911954,61.9198428458396,2.40884910172635,2.10843240942932,2.78273581929554,1.91283706549714,1.93280983217768,61.9090301297937,13.7591546870273,82.5335573995148,81.1608891073823,76.5960407161101,83.5472520036232,84.0614878474742,62.750072101388,59.3674318085994,61.2206893766076,63.1081960881649,62.6218516972582,2.4764603980249,3.01287136619241,2.83570851637445,1.68992592992651,1.6881380573829,61.5894867579569,14.634725603485
80.8707633414047,-163332.61,-318785.38,-295755.34,-146060.08,-151817.59,80.3006926136783,80.4751285924757,78.8172623435625,83.4074386599319,81.7148895842647,62.5119560302688,60.5845851406386,60.2484048167805,62.8152364950412,62.5053249343385,2.19397833932222,3.82962530605596,3.80585246220247,1.69485784748105,1.88846573054238,61.4429792258017,13.4127796856041,83.0233678947511,81.5029950913882,76.9611350462925,83.3312379949962,83.921055295489,62.8798577078869,59.457203338987,61.1059457205602,62.9621132841781,62.4917128821114,2.41331348610185,2.96604836638218,2.75747949501776,1.71282970699194,1.7098889662192,61.5893080367245,14.3283208210811,78.0773145078185,89.2180536732873,79.6929143825753,85.6716011607924,86.1863200977433,61.949616894709,63.183221489405,60.7568314570734,63.943693329995,61.9502888513607,2.36817782629991,2.0920642901722,2.78036568677045,1.91215737350659,1.92736418091147,61.8841037426121,13.865954464589,83.0233677642673,81.5029952949222,76.9611351183607,83.3312380567383,83.9210553552498,62.8798576833458,59.4572034372845,61.1059457113501,62.9621133100736,62.4917128678279,2.41331348491111,2.96604834332525,2.75747949562153,1.71282971225048,1.70988897195651,61.5893080445016,14.3283208088832
80.8703539122184,-163332.61,-318785.38,-295755.34,-146060.08,-151817.59,80.6390414519519,80.7404807915837,79.2796124423586,82.7548991928621,80.9905262680032,62.5567886865016,60.6384799343305,60.3464109273726,62.748452921176,62.4093067940192,2.15836506956037,3.78934062809356,3.73261395240805,1.7444805020407,1.95232635784835,61.4332725626909,13.377126509951,83.3351633777863,81.7223617061358,77.1464286201103,83.1395224072238,83.8457734871151,62.9621860336547,59.5259932962696,60.9628651860844,62.819716793925,62.3669254805662,2.37345456266098,2.93382284130351,2.71086146237083,1.73265805522735,1.73101308581402,61.6101647501536,14.0815846813963,78.3003563788938,89.3992752381668,79.6657198332167,85.6977560579276,86.3408196692985,62.0397150152511,63.2059608814573,60.8439499696175,63.9814201998064,61.9934297945939,2.33919972207229,2.08067142045109,2.76981590099377,1.91072213759103,1.92142167928384,61.8755310852917,13.8549040909128,83.3351632449616,81.7223619086627,77.1464286865725,83.1395224747133,83.8457735529377,62.9621860093187,59.5259933933519,60.9628651829473,62.8197168245722,62.3669254707129,2.37345456175729,2.93382281879627,2.71086146392613,1.73265805992492,1.73101309083724,61.6101647571543,14.0815846754162
80.8701128044584,-163332.61,-318785.38,-295755.34,-146060.08,-151817.59,80.7929198149902,80.8473080172652,79.7363938393259,82.1263819142284,80.4534866898749,62.5756452251488,60.65804497817,60.4348350247867,62.6770586808459,62.3303258398373,2.14236781442998,3.77296231203963,3.66137951953168,1.79445089257285,2.00167094692804,61.4213985907792,13.3728314855022,83.5378095641857,81.865272155311,77.2027771508911,82.9663397716922,83.8131540458294,63.0155877734411,59.5773836998944,60.7990002401851,62.6817964847789,62.2559956305053,2.34767336202818,2.91153937681764,2.68687571066,1.74935184881068,1.74931204057828,61.634335431006,13.8933806302719,78.4431175441603,89.553921796152,79.6485970169755,85.7242386416879,86.4895343884961,62.0996538483601,63.2229149660693,60.9445769571016,64.0181723014968,62.0382708580031,2.31878229416264,2.0719564464961,2.75656657935438,1.90890734193626,1.91559411842279,61.8755682073602,13.7927625784103,83.5378094297814,81.8652723581471,77.2027772154149,82.966339844449,83.8131541164356,63.0155877492776,59.577383796068,60.7990002440256,62.6817965200342,62.2559956247615,2.347673361266,2.91153935466841,2.68687571249854,1.74935185301995,1.74931204496501,61.63433543737,13.8933806276175
80.8699799525982,-142945.32,-248356.56,-232740.08,-131232.96,-135137.08,80.8584383027905,80.8896456429009,80.0582119182137,81.6534552078934,80.1248576575622,62.9864647116759,61.7049373939778,61.6149352253443,63.057682029992,62.8059030574156,1.91118164087942,3.09332088929179,3.01534934750494,1.6862937176033,1.86447856347599,61.431156747335,11.5706241587554,83.671275700271,81.9593981149178,77.1735970572808,82.8077081146623,83.8072004747998,63.0507150351867,59.6151010053866,60.6208809199853,62.5490036406995,62.1625375889091,2.33074501951291,2.89610382295237,2.67786368459373,1.76297407337282,1.7638838743427,61.6565953215862,13.7448704710275,78.534628298907,89.6869777401844,79.638854502956,85.7502017246161,86.6281080507742,62.1395022607801,63.2364708908143,61.0398407906205,64.0535530682879,62.0795293810993,2.30451922521465,2.06488198010358,2.74354192609571,1.90693554781951,1.91018204530956,61.8797617103059,13.7145375148012,83.6712756188402,81.9593982374224,77.1735970963623,82.8077081613094,83.8072005195194,63.0507150207413,59.6151010627958,60.6208809266271,62.549003664551,62.1625375875932,2.33074501909715,2.89610380977508,2.67786368563492,1.76297407565503,1.76388387666195,61.656595325124,13.7448704705467
85.8699797691593,-142945.32,-248356.56,-232740.08,-131232.96,-135137.08,81.1392254173563,81.2130175841427,80.3120651114666,81.2989689897152,79.9389161819557,63.0181360326367,61.7575574114045,61.6597842234082,63.0250207186296,62.7864797915298,1.88490808077037,3.05027268717694,2.98156148706193,1.71599125808449,1.88257917760367,61.5081825532516,11.5153126906974,83.3784309007137,81.8293622629648,77.8214979294705,82.6192281735679,83.7370025062548,63.2055826227025,60.337869684518,60.5965131357581,62.5517063446664,62.3509204907108,2.09602610563363,2.76547361727785,2.55364733615902,1.73215274521874,1.71572655112067,61.6758775333268,13.6207376957166,78.8454676420747,89.7218750054118,80.1044689297622,85.7613299078102,86.3807012825228,62.3610438347258,63.3619785535399,61.4923132627637,64.0848930421648,62.6307541526288,2.18509516051745,2.01290624208535,2.64357169413149,1.89034204579421,1.90004596463775,61.8855945698896,13.637504564585,83.3784308141063,81.8293624137602,77.8214979730892,82.6192282336013,83.7370025567657,63.2055826065666,60.337869742297,60.5965131528734,62.5517063739597,62.3509204960573,2.09602610733539,2.76547360289919,2.55364733787713,1.73215274824113,1.71572655464231,61.6758775373337,13.6207376960369
85.8714691072725,-142945.32,-248356.56,-232740.08,-131232.96,-135137.08,82.188904091542,82.3972855672301,80.6062453751662,81.0449295692778,79.8759238679493,63.1316842802738,61.9433995816686,61.7306221560629,63.0162007941997,62.7985837284738,1.7923174603582,2.90137819401427,2.94628271057099,1.73933147894589,1.89085767046034,61.6240789689631,11.2701675143497,84.7869676839554,83.1677930373207,77.9340503830247,82.4614276333499,83.595909125296,63.5344271929588,61.1005889782949,60.5088755683735,62.5521853538081,62.4595744862689,1.96645070212004,2.50159009374897,2.52527104107736,1.71241263479603,1.68803834836339,61.8119599907787,12.7022643077219,79.9059776917095,89.9831317293103,80.4422395410141,85.8197067549123,86.3473756085719,62.7562791037331,63.4545550294315,61.8646746474143,64.1382838110427,62.9347038459536,2.07461867436632,1.97190733015069,2.56468160364585,1.88892156947401,1.8912216074343,61.9193285501974,13.3673537466014,84.7869675906923,83.1677931675442,77.9340504309497,82.461427697518,83.5959091778694,63.5344271780904,61.1005890232731,60.5088755942794,62.5521853841144,62.4595744953473,1.96645070418685,2.5015900836281,2.5252710418304,1.71241263816866,1.6880383522457,61.8119599928303,12.7022643204301
81.7787156515483,-142945.32,-248356.56,-232740.08,-131232.96,-135137.08,83.3350109487609,83.5797809285745,81.0782286214165,80.8617344096189,79.9040637582708,63.2440162420332,62.1145968272591,61.8282822240459,63.0166324748221,62.8241879610704,1.7000944110638,2.76468436055602,2.88899102333569,1.75722927212452,1.89057695601512,61.745232300918,11.0015760230951,85.4772553786108,83.9771501577983,78.5521916849277,82.442269894627,83.6228168573198,63.7169140404823,61.5854432742252,60.525717774387,62.5852252024492,62.5828059992861,1.87794963841246,2.33738359613615,2.41002769499603,1.68454144636326,1.66132178247225,61.9463210611768,11.6120461848157,80.5640269017482,90.1872314794626,80.6033442857461,85.8832281358071,86.4332563255643,62.9678066903975,63.4967283274113,62.3071824353023,64.1932998126804,63.1080039965051,2.03383417904867,1.95226899166572,2.48881873882426,1.88941371394228,1.88301435350592,61.9920594309572,12.9012176991224,85.4772552986905,83.9771502588137,78.5521917182925,82.4422699505988,83.6228169030354,63.716914028297,61.5854433053149,60.5257178033649,62.5852252286067,62.5828060078291,1.87794964094814,2.33738358987174,2.41002769627767,1.68454144969579,1.66132178607838,61.9463210619208,11.6120462057858
83.0585165427506,-142945.32,-248356.56,-232740.08,-131232.96,-135137.08,83.6010401798201,83.7088008888195,81.7097597920549,80.7504998190952,80.039072329281,63.2710593741386,62.1389090830466,61.9302597628016,63.0146976308918,62.8515671463746,1.68010920128731,2.75126362782584,2.81164449351331,1.768058481433,1.87873802801245,61.8634995094769,10.8898138320719,84.9841452258049,83.6534350024144,79.0945370757975,82.5047622262654,83.7522862640361,63.6623013966,61.6373306747702,60.5562903462392,62.63139749954,62.6868217701677,1.8523859823492,2.35485627002775,2.31020274386067,1.65708864757532,1.64088629841062,62.0740350359537,10.7519130266702,80.3389443856496,90.1540983214241,80.6741093239902,85.9368932076435,86.5555623674462,62.9125549452207,63.4813452705661,62.6985089889873,64.2427641189716,63.2045431881861,2.03370198606883,1.95896548819016,2.42706843762857,1.88833211560181,1.87624534168816,62.0728177808905,12.4060358352877,84.984145146855,83.6534351128997,79.0945371026439,82.5047622845979,83.7522863116805,63.6623013838573,61.6373307061111,60.5562903826483,62.6313975269268,62.6868217789669,1.85238598543084,2.35485626329919,2.31020274584692,1.65708865150554,1.64088630241079,62.074035035933,10.7519130547837
83.7608284508709,-142945.32,-248356.56,-232740.08,-131232.96,-135137.08,83.4822303441439,83.499331585193,82.2603892683395,80.7025088528052,80.2727698126012,63.2640909692561,62.1178008622292,62.0111906942507,63.0152526774785,62.885828105555,1.68940312361506,2.77550094753627,2.74642584684116,1.77291125163973,1.85718800568023,61.9692581745831,10.8414291753125,85.0056277340746,83.6860083354772,79.1204640640688,82.5528994997343,83.8237415872379,63.6673958191749,61.7401041874369,60.5176075082943,62.667277502597,62.7450379627396,1.85031714609663,2.33192016173084,2.30215874793303,1.63950269224097,1.62959508911681,62.173775067723,10.3908087180804,80.3846936492959,90.1932831963421,80.7477285485417,85.9713774285254,86.6494754543294,62.9339529013153,63.4880017578815,62.8982009623885,64.2817841973536,63.2385789837807,2.02535555415052,1.9557870910497,2.39276528649391,1.88520778558996,1.87241323769764,62.1330001890614,12.0432233355464,85.0056276533801,83.6860084491125,79.1204640924854,82.5528995594305,83.8237416365832,63.6673958063669,61.7401042179601,60.5176075498661,62.6672775307908,62.7450379713582,1.85031714915329,2.3319201551625,2.30215874951528,1.63950269653167,1.6295950933571,62.173775067011,10.3908087469362
84.0085255711907,-142945.32,-248356.56,-232740.08,-131232.96,-135137.08,83.443783622788,83.4506925760994,82.6477706516877,80.7074234783991,80.5723671720238,63.264061834147,62.1168909078024,62.0689826360438,63.021907278613,62.9275077233359,1.69261936172214,2.78171043792682,2.70243914750566,1.77308567811271,1.83004119061932,62.0557470319928,10.7798958158866,85.1740473254816,83.8611164917127,79.1218074443854,82.6091231770236,83.8943458010677,63.7000525337571,61.8466660874542,60.4805012393836,62.7033921313816,62.7955874781168,1.84263402585986,2.29606751679849,2.29888108812725,1.62443855268809,1.61973096459569,62.2406271445031,10.1809381377108,80.5276902068286,90.262133054713,80.7915768640966,86.0020130932695,86.7338202606589,62.9774629222645,63.4988141186928,63.0267850967923,64.3183348430775,63.2490859676183,2.0185152540363,1.95056555797646,2.37094178892669,1.88292801606543,1.86962206943277,62.1864965981431,11.7448890250614,85.1740472435302,83.8611166046124,79.1218074738365,82.6091232368666,83.8943458511497,63.7000525210123,61.8466661165944,60.4805012842944,62.7033921598656,62.7955874861155,1.84263402896201,2.29606751070461,2.29888108939824,1.62443855724727,1.61973096900321,62.2406271435483,10.1809381652954
81.0824130408511,-142945.32,-248356.56,-232740.08,-131232.96,-135137.08,83.4323646207033,83.4343684742008,82.9023759571032,80.7581190229503,80.902929261133,63.265961470077,62.1195259538978,62.1080070572701,63.0328067496569,62.9708037788874,1.69373723010984,2.78418471658117,2.67442222505454,1.76910482593402,1.80072460600156,62.1231333983851,10.7221736036811,85.3253377824346,84.0399503822039,79.1733655653173,82.6803999398019,83.9832085244826,63.7329545392079,61.9305033455215,60.4569754072306,62.7417495581677,62.8458852898253,1.83155180767411,2.26435300973911,2.28723694876195,1.61003724581555,1.60993330918522,62.2953132444982,10.0094489346009,80.6674980863699,90.3337423765729,80.8070335517162,86.0288025796076,86.8109333273733,63.0155534378532,63.5078951188659,63.1285047801481,64.3525721388918,63.2527489984096,2.01549153977366,1.94602440885841,2.35510938350152,1.88096455912351,1.86725446256523,62.2353111328645,11.488631964067,85.3253377081826,84.0399504825351,79.1733655913601,82.6803999931798,83.9832085695602,63.7329545277716,61.9305033706671,60.4569754498182,62.7417495838463,62.8458852963113,1.83155181060635,2.26435300466454,2.28723694984392,1.61003725013448,1.60993331328725,62.2953132435417,10.009448958181
79.8021737419174,-142945.32,-248356.56,-232740.08,-131232.96,-135137.08,83.0194635511781,82.9377275353344,83.0446660305853,80.8496072164073,81.2343509847603,63.2306327023186,62.0558251023965,62.1242978562602,63.0417180619184,63.0062984932969,1.72605385707205,2.84190863222094,2.65831470451596,1.76090131805242,1.77149037775209,62.1754488796771,10.7586688896135,84.7804937988037,83.576589413097,79.2449088246677,82.7637264811118,84.0882788822798,63.6369000387939,61.7925287377367,60.4424799501686,62.7812484474552,62.8951095157282,1.84516497553515,2.33098486812851,2.27255848550062,1.59638372737379,1.60031745864409,62.3440572194067,9.86406387160548,80.289977666573,90.2516438041059,80.8053552514242,86.0515181177332,86.8794479686663,62.9074063868144,63.4844762225861,63.213428310674,64.3844525809661,63.2554886422206,2.02801446139603,1.95657668923759,2.34297686323152,1.87903657653889,1.86516339924355,62.2791070606729,11.2705999081747,84.7804937097161,83.5765895455238,79.2449088556255,82.7637265463384,84.088278937654,63.6369000243214,61.7925287713033,60.4424800051416,62.7812484792613,62.8951095228778,1.84516497916271,2.3309848607006,2.27255848689766,1.59638373298136,1.60031746389838,62.3440572181181,9.86406389950982
78.9134073237147,-142945.32,-248356.56,-232740.08,-131232.96,-135137.08,82.1212210508557,81.9287381257073,83.0127428926837,80.9760364483175,81.54001483996,63.1450833263431,61.9117070936919,62.1078425995427,63.0457973513218,63.0293306031247,1.79997575425994,2.96469834544623,2.66028163549497,1.74888551760167,1.74444224646922,62.2144315539655,10.918283499272,84.1293910368258,82.9362067970726,79.0492546398064,82.810456838842,84.1219866007145,63.5011076052266,61.6001608325352,60.3856162959976,62.8093247264407,62.9210834634179,1.88605305901477,2.423402436373,2.30483532195221,1.58926934405745,1.59459873726304,62.3822315482326,9.92717984331083,79.7983378509073,90.1162889783344,80.8359290209493,86.0625054360801,86.9149044113011,62.7659166937004,63.4573784116721,63.200878153604,64.4098484084836,63.2441706439214,2.04485919325713,1.96924260888264,2.34251224046865,1.87631563786165,1.86453209050535,62.3032751209213,11.164480840808,84.1293909515634,82.9362069384219,79.0492546749795,82.8104569028628,84.1219866556968,63.5011075907534,61.600160869097,60.3856163514197,62.8093247579491,62.9210834697783,1.88605306214108,2.42340242743227,2.30483532269393,1.58926934970833,1.59459874257703,62.3822315466782,9.92717986766872
78.1852411710313,-142945.32,-248356.56,-232740.08,-131232.96,-135137.08,81.0135940321833,80.7624311929412,82.7129257941223,81.1272615925972,81.7862087302461,63.0268030065024,61.7250001879554,62.0483402992392,63.0453977309612,63.0385168617705,1.89898174526254,3.11725141726424,2.69121886599019,1.7342203062596,1.72238907169604,62.2340276683516,11.1640614064726,83.4448401455022,82.2174275245543,78.676727143618,82.8085675528106,84.0686613178161,63.3470240687693,61.391106193275,60.2943313658028,62.8245251738917,62.927133704868,1.94230436163233,2.52578801354307,2.3676749634025,1.58819413681957,1.59212468735831,62.3990973557032,10.1406117612154,79.2811823054629,89.9498623159719,80.8945797446451,86.065667582515,86.92178132334,62.6138201465894,63.429933417869,63.1077785099474,64.4306183919762,63.2201864696584,2.06526582256393,1.98240225248443,2.35158357104323,1.87396748440323,1.86516398466824,62.3087765629943,11.168581893578,83.4448400638112,82.2174276762648,78.6767271871323,82.808567616715,84.0686613737943,63.3470240543838,61.3911062332768,60.2943314210027,62.8245252054032,62.9271337106177,1.94230436404484,2.52578800288183,2.36767496308679,1.58819414242644,1.59212469271534,62.3990973539311,10.1406117813842
77.8766860313366,-142945.32,-248356.56,-232740.08,-131232.96,-135137.08,79.9671408533545,79.7169453676058,82.1634253016861,81.2855999553531,81.9429482594746,62.9002308896979,61.5364354806545,61.9489486969613,63.0414925933734,63.034149106284,2.0013340368207,3.26418011102952,2.751143323132,1.71879801306257,1.70771392367022,62.2292040080963,11.443169407715,82.7408917862405,81.4593373867268,78.1938843715751,82.7547471698072,83.9247109176242,63.1828987230276,61.1766688912592,60.1756554540041,62.8264188167609,62.9157294427926,2.00680215240429,2.6325866069856,2.44909382342633,1.5923011058756,1.59264809490628,62.3966607457398,10.4398584287324,78.7672854396976,89.760740275324,80.9717526979271,86.0619187550484,86.9049618598705,62.4573138474317,63.4020280701711,62.9592753832391,64.4471773470312,63.1859529363627,2.08996461778592,1.99600749733389,2.36727269771393,1.87219863864054,1.86682757198452,62.2976034143474,11.269813096007,82.7408917083257,81.4593375495014,78.1938844260437,82.7547472346545,83.9247109760612,63.1828987088002,61.1766689348942,60.1756555085855,62.8264188485409,62.9157294480911,2.00680215403494,2.63258659450351,2.44909382182198,1.59230111136385,1.59264810028241,62.3966607437974,10.4398584450062
77.7617907229932,-137404.73,-229216.34,-215614.62,-127203.44,-130603.87,79.1403389407176,78.9355962958355,81.4765990538045,81.4283961786409,81.9890774068468,62.8976094701683,61.6678048462904,62.0924727509168,63.1378351633261,63.1283415602463,2.02137648756449,3.1718549340944,2.65788699471192,1.6617908652883,1.65463402629312,62.2077151929288,11.1675433079525,82.1233027386205,80.7672292112936,77.638367166048,82.6489913970248,83.6890815450314,63.0323719764177,60.9886937767649,60.0336395477524,62.8147228124406,62.8881408914566,2.07104843688549,2.72856052167787,2.54232089663921,1.60083610176145,1.59618607154264,62.3767232128185,10.7847907297179,78.3296772212059,89.5721879651334,81.0594366837974,86.0515168111175,86.8677781721695,62.3214745131697,63.3784275792405,62.7758220207424,64.4596551845953,63.1436518839969,2.11311048003201,2.00783708379442,2.3872238861378,1.87098603264568,1.8693509052526,62.2717301456993,11.4545124893708,82.1233027381856,80.7672292123031,77.6383671664402,82.6489913974149,83.6890815453958,63.0323719763362,60.9886937770389,60.0336395480667,62.8147228126292,62.8881408914859,2.07104843689031,2.72856052159525,2.54232089662143,1.60083610179242,1.59618607157396,62.3767232128065,10.7847907297946
72.7617910961807,-137404.73,-229216.34,-215614.62,-127203.44,-130603.87,78.3095824275949,78.1114049528442,80.7085218199565,81.5432013441974,81.9167713233074,62.7784674621016,61.4995000730202,61.956052215536,63.1269165166534,63.0987654649776,2.11399320129855,3.29708903984137,2.747415049384,1.65044619481496,1.65839119870919,62.1868945803664,11.4673346840481,81.6169478208148,80.1877645088417,77.5400601589069,82.5422135975498,83.3576711748032,62.9564950228411,61.0511966725135,60.1234427239777,62.8799322928024,62.9225927979928,2.06800297116826,2.76579455634713,2.56818620471849,1.60240402653056,1.58674659403466,62.3423178355364,11.1239304952554,78.0791535589824,89.3637134134062,81.2002681139467,86.0284282500632,86.6983495202599,62.2685414210304,63.379483115473,62.6144120176839,64.4634732459869,63.2284803184026,2.10591093184294,2.00975854277735,2.40003689829921,1.86593035761261,1.87178924032531,62.2359634971829,11.6952801682335,81.6169477963094,80.1877645724013,77.5400601842602,82.5422136216979,83.3576711979432,62.9564950180758,61.051196688641,60.1234427412321,62.8799323037712,62.9225928001116,2.06800297143084,2.76579455111025,2.56818620355376,1.60240402835594,1.58674659600908,62.3423178347997,11.123930499213
71.3886680304851,-137404.73,-229216.34,-215614.62,-127203.44,-130603.87,76.7927115967871,76.4799343484729,79.8569670922017,81.6102862391861,81.7196069252516,62.53071539623,61.1302448771624,61.766647680859,63.0898466215775,63.0335838430182,2.30210911459622,3.56821091478923,2.84797719889885,1.64116445634206,1.67010471705903,62.1599283067058,12.0295664016854,79.6914486971697,78.518837325185,77.308787294379,82.3950792947826,82.9605842637533,62.5704166294521,60.6181064792447,60.1622785006641,62.9158723112007,62.9158019713638,2.17075417157916,2.99326424960762,2.61498237998995,1.60961282323853,1.58660434478761,62.3219735112444,11.2046109937297,76.9386674416534,88.8801586988294,81.3058182191428,86.0151775858637,86.5850386217919,61.820507664745,63.2865817536418,62.473122627748,64.4715659399176,63.2573196688949,2.24365362021522,2.05340241532173,2.4125723016436,1.86546474883706,1.87423948952385,62.2009641834121,11.9135849656192,79.6914486727736,78.5188374170106,77.3087873298021,82.3950793268652,82.9605842958744,62.5704166228061,60.6181065028937,60.1622785211436,62.9158723249878,62.9158019743904,2.17075417222522,2.99326424127824,2.61498237819612,1.60961282550598,1.58660434733673,62.321973510172,11.2046110000129
75.3849770883798,-137404.73,-229216.34,-215614.62,-127203.44,-130603.87,75.0079143272314,74.6601362774949,78.8091500608355,81.6156180511724,81.4021687199341,62.1739887907333,60.6339277439439,61.498474454448,63.0247108048007,62.9306955946836,2.55827192952516,3.90489913073387,2.97624531680844,1.63494372885867,1.68950332662159,62.1016127643705,12.7638634325477,77.5757768015292,76.7217489625142,76.4544001211503,82.1275601865133,82.3715241540384,62.0928646483401,60.1280375485452,60.0571290897049,62.9017915855315,62.8256679171875,2.34617692104627,3.24285358333663,2.76759772222063,1.63260848319294,1.60194540629169,62.2579657769218,11.7269320643883,75.7269615099342,88.3494107592471,81.4803118664194,85.9813591641686,86.4405002818064,61.303236907548,63.1992462404818,62.1664704795266,64.4678184511542,63.2196911171993,2.42397513633072,2.0952919912744,2.44384290663968,1.86390878403994,1.8798165496608,62.1142864026495,12.3895348816853,77.5757767955599,76.7217490000565,76.4544001373775,82.1275601989561,82.3715241671759,62.0928646457906,60.1280375584613,60.0571290965153,62.9017915905878,62.8256679184597,2.34617692129745,3.24285357963149,2.76759772117532,1.63260848393974,1.60194540718886,62.2579657764579,11.7269320665277
74.4941557549329,-137404.73,-229216.34,-215614.62,-127203.44,-130603.87,74.3689989701678,74.2149238541321,77.5648985435779,81.5316548466222,80.9359817323783,62.0139202200709,60.4679418344845,61.2055968222851,62.9712170045449,62.8303411184097,2.65742308161184,3.98421482125135,3.14932862551481,1.63762770441446,1.72364049182746,61.977286614177,13.1522347246199,77.3402215431308,76.3647701905841,75.1867355079464,81.7347305707133,81.5758102497493,61.9762656605717,60.1334044862327,59.8219245792075,62.8388031781548,62.6682050518554,2.44005432188379,3.27228999075817,2.98758059007619,1.66759526342099,1.62996041362017,62.1128947488539,12.5338159792577,75.6906397635813,88.1032791192409,81.6983979406089,85.9352298507331,86.2615508955187,61.3284810823923,63.2224241231818,61.746558436497,64.4562635648075,63.1359638712936,2.3958223072944,2.08854698334083,2.48821568689518,1.86356675143902,1.88791694971268,61.9850752937162,13.120001649433,77.3402215357331,76.3647702432272,75.1867355371489,81.7347305895511,81.5758102707631,61.9762656576666,60.1334045000859,59.8219245878388,62.8388031854086,62.6682050539532,2.44005432168542,3.2722899854495,2.98758058783672,1.66759526429985,1.62996041477701,62.1128947482807,12.5338159818865
77.2804709495065,-137404.73,-229216.34,-215614.62,-127203.44,-130603.87,74.549864085804,74.5627749840683,76.4192875804927,81.3465717109606,80.3245396210276,62.0347723445069,60.5340467273921,60.9403372271445,62.9282177383945,62.7312130401594,2.6234463257907,3.90419776533131,3.32844385621772,1.65026078125774,1.7738325466344,61.8227203743893,13.2801812752319,76.8281982520788,75.8108647586766,74.3363748836144,81.3406054356915,80.7419848404013,61.839517072168,60.0293275965644,59.6113143979278,62.7714484248844,62.5307810896106,2.50732757946044,3.34000767124488,3.13084107034576,1.6942567558283,1.65803995922167,61.9759141969966,12.9060802181807,75.4432263234391,87.8008927361508,81.8174593744276,85.8944566489981,86.1032260642576,61.2410569241533,63.199115394729,61.4946668330009,64.4469822715462,63.0575836770868,2.41765729779925,2.1015427144953,2.51570904470243,1.86607912724555,1.89515073252343,61.9032222784813,13.6466685820298,76.8281982513142,75.8108647652962,74.3363748877447,81.3406054382057,80.7419848433612,61.8395170718376,60.0293275983145,59.6113143989676,62.7714484258095,62.5307810899015,2.50732757941093,3.34000767056112,3.13084107000615,1.69425675592316,1.65803995935258,61.9759141969565,12.9060802185895
76.9615996883593,-137404.73,-229216.34,-215614.62,-127203.44,-130603.87,75.363216473653,75.4840828114018,75.6828449433077,81.0264139202927,79.5742124807464,62.1939545769379,60.7637093902092,60.7813166542053,62.8927210705363,62.6326567811532,2.49312920520086,3.72075680032021,3.45741834023688,1.67616643052696,1.84207494554124,61.7034187604054,13.1895457218262,77.7967774157998,76.4297704744771,73.6536760160991,80.9272316943211,79.8804869865721,62.02056599185,60.2264989606142,59.400992646576,62.6916679911784,62.3730385532554,2.47106490922691,3.24848243651319,3.24249467566634,1.71942283409509,1.69372428450508,61.8619720428199,13.1767302379995,75.9067464477071,87.7084283639905,81.9039731826565,85.8443852902379,85.9342073502433,61.4761455031432,63.223921977592,61.2976718371906,64.432655308012,62.9782450487516,2.31803135036396,2.09239226460948,2.5377018818748,1.86794154252564,1.90273162322274,61.8303119122558,14.0650228973219,77.7967774139019,76.429770485803,73.6536760243839,80.9272316992588,79.8804869926512,62.0205659913033,60.2264989636242,59.4009926484806,62.6916679929267,62.3730385538631,2.47106490907324,3.24848243535226,3.2424946749586,1.71942283424423,1.69372428471496,61.8619720427881,13.1767302388915
76.3730845169072,-137404.73,-229216.34,-215614.62,-127203.44,-130603.87,76.0917486170705,76.2144445558071,75.4313383268478,80.5749061783916,78.7557012377535,62.3258050599469,60.9348097163348,60.7270779399029,62.842399001127,62.5165712281054,2.38506509266116,3.58457057943977,3.50380201713808,1.71408853313303,1.92175413794771,61.6450544149012,13.1092803603198,78.3246322314752,76.7320752214849,73.5886806090188,80.588402597917,79.1566743249595,62.1423757234051,60.3377869823814,59.2992551639059,62.6348070408353,62.2485260526806,2.42417754645062,3.20083937253148,3.24646466828983,1.7326796577834,1.7297470654419,61.8140544822419,13.0538579938796,76.1467839671652,87.5920626798974,81.9023837882452,85.8007653988273,85.7933210638813,61.599480782851,63.221115951165,61.2707623636614,64.4222888532919,62.9273035579917,2.26512755930771,2.09486014822762,2.54170418989102,1.87089616411987,1.90850217671638,61.8072225732711,14.194688146117,78.3246322274785,76.7320752414148,73.5886806242759,80.5884026074825,79.1566743371389,62.1423757224088,60.3377869876728,59.299255167524,62.6348070441157,62.2485260539263,2.42417754615874,3.20083937050182,3.24646466699648,1.73267965803705,1.72974706576994,61.8140544822294,13.0538579959732
76.3639979558204,-137404.73,-229216.34,-215614.62,-127203.44,-130603.87,76.4002651669682,76.4681052468397,75.5421108644684,80.0180380694113,77.9634536181796,62.3741132118175,60.985359552917,60.7421192632867,62.7690483798804,62.3839026550979,2.34081817669047,3.53754628493666,3.48113827309113,1.76213724764972,2.00311391301736,61.6327975046188,13.1247538953854,78.4156203973183,76.7380635455486,73.7225409047537,80.2911990198274,78.5598602104942,62.176661422804,60.3590645804787,59.2522924533024,62.5853485924652,62.1184080608007,2.40051928273831,3.19615534358106,3.21738359176096,1.7430046844014,1.77084546895727,61.8061895091637,12.9082976277437,76.1825655379139,87.4419340553829,81.8761825368942,85.7550232542554,85.6608337348175,61.6254143643195,63.2041057999424,61.30055290752,64.4115771897503,62.8919820232999,2.25102512595605,2.1035471226984,2.53935490625531,1.87289042065108,1.91352018045268,61.7986246442994,14.197354160206,78.4156203931917,76.7380635653293,73.7225409198216,80.2911990299245,78.5598602236168,62.1766614217853,60.3590645857363,59.2522924570876,62.58534859584,62.1184080622302,2.40051928246205,3.19615534156193,3.21738359050797,1.74300468464142,1.77084546922094,61.8061895091497,12.9082976301258
76.3631278564339,-137404.73,-229216.34,-215614.62,-127203.44,-130603.87,76.4606143516316,76.487126058197,75.770240408484,79.4227820703436,77.2962562241021,62.3774350220266,60.9795139708373,60.7762873901477,62.681877660835,62.2556755905181,2.33133944240984,3.53187384373636,3.43610635176031,1.81561799008807,2.07489431777845,61.6306665696227,13.189831945773,78.4646709644689,76.7412896576573,73.8076952008451,80.0094570895145,78.0480142277705,62.1942713407005,60.3712643108815,59.2165891457752,62.5328146728008,61.9726437271619,2.38878874677916,3.19348741707217,3.1984088504943,1.7546204937844,1.81622151774826,61.8005272580578,12.8856282422612,76.2026525594837,87.304880032401,81.8573589086899,85.7073384338544,85.528095924948,61.6411004671234,63.1907503117012,61.3247878004735,64.4004213607201,62.8614664003859,2.24217977189916,2.11058438192363,2.53725827454094,1.87432407812099,1.91840245482408,61.7912596138763,14.1798754544088,78.4646709602859,76.7412896771917,73.8076952157307,80.0094571000511,78.0480142416028,62.1942713396775,60.3712643160953,59.2165891496737,62.5328146762544,61.9726437288056,2.38878874650805,3.19348741506964,3.19840884927169,1.75462049400576,1.81622151793721,61.8005272580407,12.8856282446545
76.4792239169222,-137404.73,-229216.34,-215614.62,-127203.44,-130603.87,76.4567148134797,76.4666017275941,75.9748581682811,78.8545262660699,76.7959403222902,62.3699846085291,60.96470791486,60.8041268518834,62.592677636211,62.1489462957349,2.33075177617164,3.53317666678659,3.39606681641071,1.86910405502355,2.1306498272705,61.6204128235432,13.259749141663,78.4937745713108,76.7445096541855,73.8576665409267,79.7434192956425,77.6064059528117,62.2040299322674,60.3786785582582,59.1885223301251,62.4784585916431,61.8265158177169,2.38263738836684,3.19175845524907,3.18669396895303,1.76687789806673,1.86173529637187,61.78713999,12.9291314082706,76.2144502065687,87.1799009403179,81.8445613117057,85.6603851892895,85.399384332833,61.6509192773686,63.1793423084029,61.3428527150085,64.3901099119176,62.8343568105425,2.23648565538334,2.11668484049435,2.53560358264138,1.87581196338809,1.92305509419027,61.7856775413491,14.1579411223038,78.4937745674692,76.7445096717734,73.8576665543879,79.743419305615,77.6064059659461,62.2040299313352,60.3786785629785,59.188522333756,62.478458594865,61.8265158194155,2.38263738812052,3.19175845343714,3.18669396785567,1.76687789825033,1.86173529647521,61.7871399899976,12.9291314103417
71.479226418792,-137404.73,-229216.34,-215614.62,-127203.44,-130603.87,76.0940215914856,76.0355456022214,76.1077594333825,78.3433874180927,76.4442766011241,62.2935996138207,60.8461739866241,60.7972340277073,62.4931562197123,62.0496402677575,2.37910634173194,3.60587198050468,3.36505873176655,1.91764314575768,2.1680030373795,61.6017109869234,13.4356832371404,78.5616432529471,76.7880308959752,73.8854052612389,79.4933307956579,77.2243387748074,62.2200450895396,60.394742800568,59.1661378146641,62.4234129784304,61.6898254413196,2.37619449219138,3.18489116061257,3.17963651967805,1.77931559744539,1.90468412589901,61.7674176247763,13.001251581988,76.2458812000414,87.0746270330978,81.8361414758292,85.6143956989203,85.2763228767266,61.6679735680639,63.1712490750366,61.3557495810366,64.3806930809121,62.8094446904353,2.22881343771988,2.12120036418617,2.53436892159702,1.87736552800833,1.9274678151804,61.7809251124512,14.1374509027966,78.5616432327196,76.7880309858254,73.8854053306862,79.4933308491235,77.2243388451391,62.2200450847174,60.3947428248199,59.1661378337897,62.4234129955267,61.6898254510991,2.37619449090405,3.18489115132156,3.17963651404184,1.77931559830183,1.90468412609802,61.7674176248943,13.0012515919123
71.3723928814162,-125904.89,-189489.62,-180069.66,-118839.92,-121194.91,74.8558386850275,74.6819694499963,76.0488855442549,77.9433340635634,76.2238353571391,62.3495617148224,61.251326946173,61.4968139348032,62.7048200544813,62.343613668439,2.40557605989144,3.37126718516822,2.95678849061708,1.86347799965409,2.08637569901147,61.5885972794638,12.6834854343423,76.5763004236198,75.2883733993505,73.9188352391953,79.2626747918247,76.9002327493538,61.8158468962401,59.8985680163802,59.1520154979413,62.3699003470792,61.5701714421203,2.48931324231584,3.41027486247152,3.17217876403017,1.79125413319034,1.94322700824636,61.7454969680091,13.0680614042869,75.1722812031876,86.6073807858205,81.8283408344466,85.5699548443356,85.1612572449491,61.1607991279098,63.0553516819918,61.3694541331895,64.3724488532416,62.787290595125,2.42881988546179,2.17411096158533,2.53297158725032,1.87900244078892,1.93155145182383,61.7778898814429,14.1137573195094,76.5763004103833,75.2883735060612,73.9188353137627,79.262674851287,76.9002328272352,61.8158468900646,59.898568046141,59.1520155188463,62.3699003659583,61.5701714535948,2.48931324174554,3.41027485081751,3.172178758004,1.79125413401759,1.94322700813629,61.7454969683145,13.0680614141453
71.3698893602911,-125904.89,-189489.62,-180069.66,-118839.92,-121194.91,73.3958914233498,73.1947337554265,75.5912620244318,77.6249424927202,76.0645922327905,62.0092200493449,60.8175888455292,61.3104934714593,62.586039406015,62.2296792623865,2.64210667803929,3.65821719616923,3.01296094043246,1.88821188883441,2.09320848567293,61.6061847929715,13.2947051891483,75.2901505891361,74.04136219282,74.2633917715803,79.1120527974871,76.25040128608,61.5953301497477,60.04930402085,59.7329358973684,62.6006999965334,61.5598469219786,2.514148414346,3.48722008609215,3.15452212248838,1.80848306418068,1.96344788405212,61.6412617512892,13.6735074090097,74.6258690099474,86.1262488777915,81.9850233396454,85.4885647328157,84.7433398177474,60.9275017941861,63.0625755374005,61.1892783511446,64.3385422739174,63.0592915928116,2.51016528075868,2.17657772695372,2.54731313571504,1.8686089636065,1.93533302767399,61.7115756438167,14.4166320976028,75.2901505828713,74.0413623067916,74.2633918444023,79.1120528576235,76.2504013661762,61.5953301434495,60.0493040492679,59.7329359111031,62.6007000129228,61.5598469361197,2.51414841430844,3.4872200737316,3.15452211676185,1.80848306474772,1.96344788378698,61.6412617519524,13.6735074160181
71.3699051306704,-125904.89,-189489.62,-180069.66,-118839.92,-121194.91,72.3779827658785,72.2292729784125,74.8110233143375,77.3361160681023,75.8705587848269,61.7223884502609,60.4794830506014,61.0438100927622,62.4656329870188,62.104593485393,2.82338080700042,3.85353990386619,3.12535276071936,1.90959738486694,2.10369244715347,61.5862146337346,13.8155633036064,74.1418527650634,73.1365300635204,74.0585541363098,78.7670228148316,75.6198366077848,61.3587557498541,60.0727124315771,59.996087125374,62.6511464842478,61.3933277111225,2.58284644320893,3.55990963361156,3.21461322090571,1.83882772587831,2.00896693487896,61.5272406322067,13.958897815902,74.1764650420173,85.647427139558,82.1402621682098,85.4353698711944,84.4459894342001,60.7309683070291,63.0343378882653,60.9820134758402,64.317001591672,63.1607208608373,2.58090234936209,2.19359245888807,2.56567206975176,1.86917180524364,1.94083697139787,61.6389090084589,14.734045953132,74.1418527653898,73.1365301815093,74.0585542125275,78.7670228777201,75.6198366910233,61.3587557439335,60.0727124595078,59.9960871346721,62.6511464999583,61.3933277277906,2.58284644319059,3.55990962072597,3.21461321478562,1.83882772616448,2.00896693423643,61.5272406332599,13.9588978232123
74.9240658916184,-125904.89,-189489.62,-180069.66,-118839.92,-121194.91,72.043593708835,72.0009881411214,73.909964400188,77.0488489611022,75.5945385341988,61.6036664899835,60.3654640799512,60.7601124776082,62.3635854899944,61.9851360982599,2.88170595898148,3.89138332840258,3.27208230957946,1.93368240612186,2.12789337110952,61.5140851058227,14.1067473741949,73.1827663928554,72.4841949196858,73.5990988549126,78.314048204329,74.9887772616881,61.1422285098427,60.0421445583672,60.066475582076,62.6028322179843,61.153560836836,2.66241811102143,3.62161874894587,3.30702895561606,1.87514093619627,2.06777095830163,61.4169501680431,14.2293235364674,73.8076715221343,85.18526351265,82.2790564354127,85.3727866689851,84.1749978404787,60.5656161759842,62.9973154394443,60.7820883788422,64.2888561612662,63.1479986656058,2.64230390232132,2.21402939478693,2.58419582425115,1.87098135387788,1.94925565298965,61.5698275138623,15.0391930570423,73.182766396184,72.4841949873375,73.599098901146,78.3140482419271,74.9887773106181,61.1422285067714,60.0421445741078,60.0664755858877,62.6028322269648,61.1535608474592,2.6624181109143,3.62161874144841,3.30702895176593,1.87514093617412,2.06777095767036,61.4169501688574,14.2293235407812
76.3058178057211,-125904.89,-189489.62,-180069.66,-118839.92,-121194.91,73.0206433317253,73.1185492341235,73.2201421715804,76.7350430267651,75.1894720760296,61.8568873744065,60.7045431329481,60.6063206373984,62.3259187150547,61.9172593520573,2.69486368144529,3.64735476846413,3.41113101472561,1.97073985823462,2.18195396882763,61.42114262427,13.9060432916973,74.2055387608997,73.2895071194463,73.0663867645184,77.8068324868521,74.3584483496342,61.3430635008244,60.3673829810493,60.0224339769756,62.5021354666539,60.8916332146172,2.61280839270186,3.48905869802225,3.40393877881338,1.91308192983901,2.13246545953592,61.3013503137161,14.5037112091919,74.3975165985214,85.0144327258134,82.3968314031939,85.300907814858,83.8973927971133,60.9034106933881,63.0240295853774,60.603571340674,64.2545342206106,63.0727567163805,2.48370883575041,2.20498032335007,2.60119441484265,1.8736283596537,1.95989744460532,61.5071536038327,15.3046882064116,74.2055387617754,73.289507172929,73.0663868070788,77.806832521036,74.3584483931457,61.3430634988189,60.3673829931675,60.0224339796264,62.5021354746473,60.8916332245663,2.61280839211298,3.48905869216499,3.4039387751517,1.91308192965904,2.13246545874876,61.3013503146549,14.5037112128455
76.6396277544871,-125904.89,-189489.62,-180069.66,-118839.92,-121194.91,74.4082770629012,74.5618059531559,73.078005346817,76.3778982699537,74.7023526799231,62.1808659386709,61.1084573288211,60.6241430670155,62.305221426759,61.8560017261997,2.46043910458528,3.3655772709974,3.45494408744565,2.01785601415819,2.25428663225198,61.3809582787806,13.5531031094385,75.6787577602486,74.3814004466674,72.9815582128059,77.3972233938944,73.8370429733737,61.6619947082552,60.7286918686718,60.0266253054912,62.4288413598267,60.7503799877362,2.5066024015075,3.32494881401335,3.42028378732617,1.93635232220115,2.18340568858048,61.2657393681143,14.3234244390878,75.1121049864014,84.9594450318457,82.3938563717858,85.2382355282816,83.6550858912601,61.2892349548949,63.0426362613769,60.6395600706991,64.225913004486,63.0082935953754,2.31085076100013,2.19795453087164,2.59622144689565,1.87819351675929,1.96904934060351,61.502302631104,15.2652200800939,75.6787577577681,74.3814004929727,72.9815582540081,77.3972234282184,73.8370430163521,61.6619947066234,60.7286918788011,60.0266253081744,62.4288413676934,60.7503799976202,2.5066024006506,3.32494880907994,3.42028378371885,1.93635232194656,2.18340568764214,61.2657393691498,14.3234244432105
76.3595733254156,-125904.89,-189489.62,-180069.66,-118839.92,-121194.91,75.469226001253,75.6020219616083,73.4829931474249,75.9856363566299,74.2482197348688,62.3989875867755,61.3721068460704,60.7766285963258,62.2719244694433,61.7910602727037,2.30177901304182,3.18190825322808,3.38628705924703,2.07067465300023,2.32471594476666,61.4089122245886,13.2653649232838,76.8307601236711,75.237173551884,73.3349420093107,77.1069136803849,73.4972014126466,61.9274350872977,61.0076402594149,60.1219985238102,62.3912107563072,60.7234250271142,2.40474314196306,3.19715655738243,3.3613889204338,1.94759484721818,2.21610259800471,61.2971851539092,13.9453281870182,75.6450381461422,84.9312589724919,82.3152181885085,85.1813995294072,83.4486027444382,61.5651532790554,63.0491940494474,60.8133615655151,64.2024531692098,62.9685750358385,2.1916735373377,2.19557782859253,2.57698995194011,1.88218668374893,1.97630442475162,61.5324662786042,15.0235854662452,76.830760118301,75.2371735957888,73.3349420499826,77.1069137169545,73.4972014577168,61.9274350856569,61.0076402686612,60.1219985269414,62.3912107645104,60.7234250372825,2.40474314099806,3.19715655284626,3.36138891688123,1.94759484692194,2.21610259691866,61.2971851549748,13.9453281919016
76.347011635565,-125904.89,-189489.62,-180069.66,-118839.92,-121194.91,76.0322879049945,76.1160975090266,74.1580290109615,75.5908281264206,73.9495574572185,62.5076277817477,61.4980619016955,60.9744109951283,62.2245665309926,61.7469550261393,2.22444040765108,3.09742605402857,3.26370180005119,2.12450096091629,2.37321156628348,61.4688309551575,13.0832807889306,77.4674097564711,75.7325462637761,73.9063482377085,76.9058841643773,73.3456199048031,62.0870880443787,61.1725347372122,60.2810940237758,62.3720284496734,60.7593016463901,2.33326235786895,3.12251159931754,3.26655630457952,1.95335763175092,2.23336355887494,61.3561944806876,13.5943331184358,75.9406520721712,84.8794628891265,82.2174935674093,85.1294277064994,83.2713648924151,61.7125706864779,63.0449794021068,61.0224938704061,64.1837767511049,62.9476140260952,2.13020519594448,2.19789514830493,2.55407985784061,1.88510845390987,1.98209213361474,61.5759957329104,14.7166037035017,77.467409749545,75.7325463052712,73.9063482754121,76.9058842016834,73.3456199498313,62.0870880426797,61.1725347457065,60.2810940271392,62.3720284578924,60.7593016563174,2.33326235694778,3.12251159512301,3.26655630134737,1.95335763144131,2.23336355773505,61.3561944816847,13.594333123527
75.5095546160343,-125904.89,-189489.62,-180069.66,-118839.92,-121194.91,76.2101459967552,76.2460348953057,74.8253793330807,75.2308560062143,73.8694499083317,62.5441198899255,61.5349065859907,61.1469039744397,62.1709773818127,61.7447191717483,2.2014300457733,3.07782539835472,3.14562820207011,2.17434146365556,2.38845363722745,61.5271463174139,12.9876787470811,77.8741834143844,76.0860356373272,74.4720835285718,76.7568714670438,73.3373466685863,62.1941004818745,61.2835263526732,60.4569943584373,62.354621513043,60.8124379795238,2.28172411693352,3.07055508012084,3.17416316686292,1.9585522883715,2.2401989995014,61.418062200572,13.3582416455316,76.1354802662662,84.8316476495471,82.136433470568,85.0807336584197,83.1136093550502,61.8047488962668,63.0408512159946,61.2001276428372,64.168535837006,62.932908073021,2.093794098487,2.2001319598874,2.53447552852839,1.88714544419366,1.987125928745,61.6184033721707,14.4334958966273,77.8741834054304,76.0860356823652,74.4720835680416,76.7568715099099,73.337346718932,62.1941004798695,61.2835263617231,60.4569943622643,62.3546215223843,60.8124379904438,2.28172411596573,3.07055507563835,3.17416316356866,1.95855228800377,2.24019899819813,61.4180622016037,13.3582416510689
73.7635277788749,-125904.89,-189489.62,-180069.66,-118839.92,-121194.91,75.9457212826882,75.923814047649,75.3130005098238,74.936422708546,73.9869953777646,62.5006596103308,61.4684587969011,61.2530320489317,62.1118022258322,61.7736197126491,2.23760970466582,3.13228444154098,3.06027698206746,2.21422814356346,2.3711181922383,61.5705219852841,13.015517464076,77.8164444555534,76.084277416457,74.9691454757457,76.6469990112924,73.4291247910529,62.1981719240344,61.2874311238152,60.627022729151,62.3364544261673,60.8708065908012,2.26646336945146,3.06993951332022,3.09424708685929,1.96401619011277,2.23924573281367,61.4762705557962,13.1905814503679,76.1228537262753,84.717360079574,82.0751897922554,85.0364185805518,82.9745176911133,61.7966941889759,63.0239254602711,61.339241853567,64.1569163028369,62.9214618413769,2.09786739770327,2.20837933067127,2.5189557045412,1.88888690851828,1.99151632262299,61.65729304056,14.1906957894692,77.8164444443296,76.0842774736701,74.9691455228388,76.6469990668907,73.4291248543121,62.1981719213737,61.2874311353233,60.627022733871,62.3364544382318,60.8708066043912,2.26646336833414,3.0699395076105,3.09424708304673,1.96401618961488,2.23924573117192,61.4762705569959,13.1905814569958
72.1500958682708,-125904.89,-189489.62,-180069.66,-118839.92,-121194.91,75.1592154584993,75.0654111847585,75.5195107040381,74.7235155473786,74.2179961846782,62.3516610575185,61.2647515887873,61.2680735338907,62.0419567174478,61.8015363629826,2.34898869339125,3.28087828222958,3.0191620210481,2.23920702369208,2.3323360800149,61.5958092326465,13.2205721003759,77.0921497889005,75.574530432623,75.27163107719,76.5418640719832,73.5489311326287,62.0533866010373,61.1357133850995,60.7577605862729,62.3071792964963,60.9075686200021,2.30459647145444,3.14322816674686,3.04783674301288,1.97234307455448,2.23575541187359,61.5220481916994,13.1438444045031,75.800330756347,84.4698714381086,82.0479945430626,84.9913573993435,82.8383881734994,61.6403234242919,62.9832958466358,61.4121743316898,64.1454304469032,62.8993195005003,2.16125347530405,2.22787343272999,2.51045351597397,1.8901403118644,1.99619939461684,61.6832587876281,14.0321344563121,77.0921497780557,75.574530507299,75.2716311340772,76.5418641429163,73.5489312106132,62.0533865975697,61.1357134006099,60.7577605917667,62.3071793119283,60.9075686367227,2.30459647025108,3.14322815906251,3.04783673850157,1.9723430738644,2.23575540986253,61.5220481930528,13.1438444119603
71.3551262150148,-125904.89,-189489.62,-180069.66,-118839.92,-121194.91,73.9819397096629,73.8358515121085,75.3430716312184,74.6030948273978,74.4650489633242,62.0939745335011,60.9295851246192,61.167353302022,61.9587852497002,61.7985465737246,2.53069385988987,3.50824033763592,3.03528871343634,2.24580357107295,2.28629469584077,61.5923621639071,13.6063211778759,75.873466962783,74.725809514066,75.2363670104551,76.3921817412252,73.6048689876055,61.7905397169152,60.8763273912709,60.8100597838275,62.2522547671209,60.8901976979593,2.39130303704307,3.26658188618723,3.05875199018884,1.98704854698846,2.23654836192616,61.5391170972036,13.2953014429951,75.2446191738653,84.115517088971,82.0743381337133,84.9387495791673,82.6797290778273,61.3659978121654,62.9274742006858,61.3811566969262,64.1293133049975,62.8480534392147,2.27450100556263,2.25481852581536,2.5129693157099,1.89098946893516,2.00254292003603,61.683538150778,14.0245736752107,75.87346695684,74.7258096028048,75.2363670750784,76.3921818219959,73.6048690733688,61.790539712903,60.8763274106556,60.8100597892248,62.2522547848603,60.8901977164623,2.39130303593922,3.2665818766254,3.05875198503084,1.98704854608064,2.23654835971465,61.5391170985684,13.2953014498872
71.3551273578564,-124440.79,-184431.82,-175544.26,-117775.12,-119997.01,72.8538196320612,72.7118538849078,74.8124632919879,74.5587604529961,74.6334188416551,61.8513793462086,60.6865954171713,61.0808228330129,61.9306635394661,61.8224646705547,2.7025782482763,3.66476363949189,3.05470128368681,2.22853873382774,2.2381721366031,61.5503533673807,13.8887540418858,74.5258305368143,73.8169182542596,74.8489009468364,76.1682086633444,73.5374721730993,61.485191844745,60.605637205586,60.7656237277686,62.1658451591937,60.8081875348199,2.50440050654384,3.39729141301638,3.12822814260477,2.00916095968535,2.24608374826531,61.5107826448394,13.6273768485541,74.6391866691511,83.7278742030627,82.1549512815888,84.8760118886408,82.482658465949,61.0613636617682,62.8750818916329,61.243316709543,64.1062764742998,62.7612937340845,2.40262777391464,2.28073030187685,2.526863271259,1.89216940787604,2.01120433373482,61.6530186200477,14.1961185130341,74.5258305378441,73.8169183442953,74.8489010132079,76.16820874245,73.5374722543615,61.4851918408948,60.6056372262026,60.7656237321082,62.1658451768214,60.8081875525628,2.50440050561929,3.39729140287303,3.1282281371417,2.00916095862255,2.24608374613156,61.5107826461316,13.6273768537208
71.4337588675931,-124440.79,-184431.82,-175544.26,-117775.12,-119997.01,72.1043846163606,72.006673947481,74.0587020341667,74.5570322488365,74.6522839371955,61.6284984926735,60.4305034754535,60.8251606281902,61.8582874724555,61.75125680894,2.83841915074566,3.80693512544084,3.1696775980323,2.21614054002211,2.22254556819412,61.469085823641,14.253717982435,73.471010481737,73.0857349480842,74.3336142758555,75.8967053959166,73.3094386636587,61.2425884274401,60.4679370819268,60.7014418704258,62.1021813837013,60.7022220367994,2.59714590779727,3.48674363811969,3.22020909298207,2.03634565415132,2.26217456762634,61.4323935354264,14.0342220417659,74.1976423092888,83.3579352035061,82.2716188596173,84.8025182769941,82.2289850971736,60.8424698161516,62.8457595856742,61.0404651538644,64.0749025329763,62.6963941009615,2.49337242270816,2.29696069329059,2.54745663023385,1.89301293871695,2.0208358996,61.599289411603,14.5002683525251,73.4710104882585,73.085735040277,74.333614347099,75.8967054758461,73.3094387437114,61.242588423849,60.4679371032677,60.7014418734685,62.1021814014064,60.7022220546971,2.59714590686591,3.48674362744141,3.22020908694413,2.03634565286491,2.26217456546033,61.4323935369243,14.0342220459487
71.3465969196363,-124440.79,-184431.82,-175544.26,-117775.12,-119997.01,71.7133831509053,71.6612046736696,73.2830978551548,74.5514907428309,74.5040235207619,61.4931067289713,60.2821138188949,60.5603394391056,61.7951179503073,61.6500164221587,2.90940817713003,3.87286915540892,3.29693124442598,2.20612893367508,2.2306756522775,61.3608688496005,14.5160131629175,72.6752880659458,72.5471700737788,73.7405783280954,75.5624534341702,73.0099797656649,61.0496818682135,60.3585751938847,60.56957426886,62.0018973828543,60.5595876688709,2.67870732414379,3.55418750920174,3.32134140276946,2.06579404908071,2.28757143204876,61.3307004040207,14.3417493471043,73.861408138104,83.0189881043897,82.3830734205779,84.7267213093783,81.9601100216936,60.6750953360319,62.8176008504645,60.8400406046717,64.0405987874473,62.5943658283465,2.56304045477945,2.3123627425235,2.56808776771815,1.8962425972709,2.0320726796786,61.5404437620342,14.8190274751626,72.6752880767352,72.5471701690339,73.7405784067105,75.5624535175315,73.0099798470783,61.0496818648062,60.3585752162529,60.5695742713202,62.001897401399,60.5595876873799,2.67870732309165,3.55418749790568,3.32134139591761,2.06579404753842,2.28757142972466,61.3307004059286,14.3417493514458
71.4292913448791,-124440.79,-184431.82,-175544.26,-117775.12,-119997.01,71.5330884072184,71.510756803419,72.6142380952912,74.5047940043967,74.2097846836786,61.4169933571262,60.1996808026283,60.3191566359519,61.7308580436163,61.517996368117,2.93937093782382,3.89615718124181,3.41161299954581,2.2030956780069,2.2591868030055,61.2453226717957,14.7094235996238,72.0554366152978,72.1163814812648,73.1806032257572,75.2001179232555,72.6702000838454,60.8950067996325,60.2587486612551,60.4042414439393,61.8867560790639,60.4081489415087,2.74740493273671,3.61055651277043,3.41350911660837,2.0952730071088,2.3183575393706,61.2224906318433,14.5724645994709,73.5694379545302,82.6968346172909,82.4778904553692,84.645045998963,81.6733794984863,60.5271314284935,62.7880435985203,60.6649361356345,64.0020503772148,62.4721388845062,2.62569757591615,2.32814983014593,2.58630289913481,1.900358035553,2.04446359421129,61.4845141857476,15.1010305704327,72.0554366288953,72.11638157629,73.180603309258,75.2001180080823,72.6702001647048,60.8950067963285,60.2587486839712,60.4042414462807,61.8867560980618,60.4081489600459,2.74740493164363,3.61055650125288,3.41350910917907,2.09527300535823,2.3183575369107,61.2224906341966,14.572464604218
71.4560952539599,-124440.79,-184431.82,-175544.26,-117775.12,-119997.01,71.4796191400497,71.4737782290872,72.1169192467861,74.3864882880752,73.8026332661085,61.3803641130261,60.1594623328549,60.1255677742032,61.6574489876932,61.3583179617523,2.94427219779471,3.89504150248517,3.49802604260765,2.21086622817541,2.30411396431099,61.1371296152258,14.8523199353739,71.6703875223665,71.8223562128306,72.6927598798661,74.8263185896013,72.31693925172,60.7933735900777,60.1872774027382,60.2278688331678,61.7655981620553,60.2589054492721,2.79658448422261,3.64968429896491,3.491168986727,2.12435417679861,2.35201300955628,61.1148007337667,14.7563115450934,73.355336072791,82.4074186344947,82.5580137836589,84.5577116045602,81.3686933558152,60.4180978207063,62.7631465876494,60.5131059074097,63.9597445483075,62.3386466223473,2.67208185607237,2.34165178329991,2.60225260431489,1.90499672046681,2.05773041372016,61.4318742228799,15.3375534088834,71.6703875375605,71.8223563082818,72.6927599688263,74.8263186773544,72.3169393333445,60.7933735866936,60.1872774259662,60.2278688357399,61.7655981818411,60.2589054680262,2.79658448309991,3.64968428716969,3.49116897871117,2.12435417482055,2.35201300690258,61.1148007366259,14.7563115503348
71.5274523278008,-124440.79,-184431.82,-175544.26,-117775.12,-119997.01,71.4881292744518,71.4902202466527,71.79677176697,74.1821895630001,73.3403276722873,61.3649656702964,60.141412774995,59.9865715846361,61.5688800508061,61.1811267992959,2.9373185060744,3.88320359633479,3.55168067344879,2.23115139441598,2.3581418687429,61.0420668185048,14.9614960390169,71.4424816188427,71.6158377030001,72.3043576093759,74.4570089380112,71.9736637117816,60.729942601739,60.1334668224849,60.0610149679231,61.6453277405748,60.1231900690199,2.82953254473556,3.67787500751682,3.55084450330973,2.15246388234533,2.38580055454616,61.0163905832032,14.885275676708,73.1902053088806,82.1441400321193,82.6210335818306,84.4669714817067,81.0521564784784,60.3331737126486,62.7401902949265,60.3903092014028,63.9153179124076,62.2024034668335,2.70853989683696,2.35406084463231,2.61528501425737,1.9101205094321,2.07141277970612,61.3850147862448,15.5190804204696,71.4424816344308,71.6158377969024,72.3043577013907,74.4570090272905,71.9736637927531,60.7299425982003,60.1334668457344,60.0610149708601,61.6453277608209,60.1231900875645,2.82953254365642,3.67787499570967,3.55084449496544,2.15246388018386,2.38580055174212,61.016390586491,14.8852756823609
71.5556484147873,-124440.79,-184431.82,-175544.26,-117775.12,-119997.01,71.5238803320543,71.5296790013253,71.6094360332435,73.9074120298638,72.8798653910094,61.3601640727411,60.1345373929962,59.8916815468865,61.4657182726821,60.999880536696,2.92559877075058,3.86741398245024,3.57970119496821,2.26192700572522,2.41356542290922,60.9581388549832,15.0482063768035,71.347800159058,71.489277592702,72.01099881877,74.0999169386745,71.6558066687922,60.6994259759879,60.0991086589044,59.9149558141194,61.5281285754452,60.0048448069688,2.84810212515658,3.6954219660118,3.59428430890814,2.17968298118586,2.41787997341768,60.9305950317973,14.9734525404381,73.0763733442704,81.9104252766629,82.6694875443977,84.3739128180767,80.7286536536491,60.2744768650282,62.7204512979427,60.292930741106,63.8696948115207,62.0669250863025,2.73379959759536,2.36481365188376,2.62573302313507,1.9155306994076,2.08525716045095,61.3431892068986,15.6540294856828,71.347800174408,71.4892776852432,72.0109989134188,74.099917029909,71.6558067493603,60.6994259722143,60.0991086821822,59.9149558174759,61.5281285962386,60.0048448252803,2.84810212414156,3.69542195419583,3.59428430030727,2.17968297884016,2.41787997046394,60.9305950354612,14.9734525464817
71.6897907015882,-124440.79,-184431.82,-175544.26,-117775.12,-119997.01,71.5758221819129,71.5837798686821,71.5185721783138,73.5829052548551,72.4627034231625,61.3626317614129,60.1358894819148,59.8318350817496,61.3515130958706,60.8288212707953,2.91142675013872,3.8495939862416,3.58920196377895,2.30081766168051,2.46462189435382,60.8834191754277,15.1156622561936,71.3195822335368,71.4073738913077,71.803524470953,73.7612039139349,71.3730499403148,60.6870490197458,60.0755708255089,59.7961381233013,61.4155423524783,59.9064355258987,2.85748339006969,3.70703301860618,3.62374173112896,2.20599751318836,2.44684204780676,60.8588808243469,15.026002547903,72.9926640267728,81.7004752615291,82.7047047189576,84.2800941409826,80.404006403626,60.2309809466912,62.7023235416144,60.2193541829073,63.8240232033268,61.9352165608079,2.75264810270157,2.37463578205818,2.6337309858783,1.92113795533874,2.09899626101592,61.3064501970715,15.7493322829465,71.3195822480845,71.4073739808078,71.8035245657404,73.7612040053982,71.3730500188404,60.6870490157802,60.0755708483489,59.7961381269813,61.4155423734205,59.9064355435393,2.85748338915814,3.70703300702078,3.62374172252067,2.20599751071146,2.44684204478219,60.8588808282386,15.0260025541925
71.7003210638389,-124440.79,-184431.82,-175544.26,-117775.12,-119997.01,71.6461459677241,71.6555971299242,71.4961153129081,73.2353256971082,72.1194336586202,61.3732853996079,60.1469214808882,59.8004091540893,61.233330856624,60.6829158901666,2.89451566069071,3.82926162244779,3.58644951981188,2.34479380139416,2.5071548219116,60.8173620472891,15.1621754262561,71.3851695511902,71.3935910461162,71.6630157723616,73.4426543831997,71.1293184739977,60.697581232106,60.0720611330009,59.7045798384937,61.307208697819,59.8265344403026,2.85705270202973,3.70889844246044,3.64278737470634,2.23159410453627,2.47208150639724,60.7995689170351,15.0557718735764,72.9612740821227,81.52382766609,82.7299301083985,84.1863859675848,80.0823774544283,60.2154372794564,62.6886857075104,60.1641916996671,63.7789847009515,61.8081120193631,2.75908461858188,2.38223639367072,2.63981498292133,1.92681012937062,2.11248554838446,61.2737592732234,15.8162087709993,71.3851695648718,71.3935911340531,71.6630158684295,73.4426544764621,71.1293185517159,60.6975812279207,60.0720611557149,59.7045798424835,61.3072087192756,59.8265344575039,2.85705270117931,3.70889843094417,3.6427873659999,2.23159410189055,2.47208150327572,60.7995689211514,15.0557718801775
71.6990907218777,-124440.79,-184431.82,-175544.26,-117775.12,-119997.01,71.699365054198,71.7076626325519,71.5156511076763,72.8949706659011,71.8638186962411,61.3808050949318,60.1538554313105,59.7865006285765,61.1166700097958,60.5680058068153,2.88169627466301,3.81430373732719,3.57622317250515,2.38932626428963,2.53838488205639,60.760232286503,15.1999343308414,71.4470510667369,71.3873822696783,71.5836501590319,73.1494353329159,70.9269468470473,60.7098673567378,60.0704578385797,59.6408763348952,61.205022910564,59.766622447139,2.85389305458088,3.70974313128084,3.65256822486139,2.25616989603181,2.49298708175652,60.7532063080399,15.0567568244666,72.9388657470164,81.3651983814419,82.7444890053942,84.0945480296724,79.7697664162478,60.2043049138139,62.6751416659773,60.1291849847129,63.7357812131915,61.6885081761914,2.76370927295163,2.38959489413825,2.64378385482696,1.9325211596722,2.12545338186072,61.24623382193,15.854706578559,71.4470510796893,71.387382356309,71.583650255934,73.149435427945,70.9269469238236,60.7098673523483,60.0704578611944,59.6408763391349,61.2050229325369,59.7666224638255,2.85389305379787,3.70974311981887,3.65256821610279,2.25616989322178,2.49298707856547,60.7532063123206,15.0567568313946
71.6968619004437,-124440.79,-184431.82,-175544.26,-117775.12,-119997.01,71.728808732164,71.7349996325267,71.5508832914005,72.5818926799936,71.6854881290893,61.382733118575,60.1542871220188,59.7803469776878,61.0064571625632,60.4819827325697,2.87403232926783,3.80544201818889,3.56364898074263,2.43120036943364,2.55929904563297,60.7099270417719,15.233622743266,71.4935773329359,71.3825585186231,71.54259594524,72.8791437398398,70.7635642457914,60.7201002916758,60.069076293742,59.5989895132105,61.1072369052922,59.7216111692764,2.85035062196067,3.71042604221521,3.65689949897896,2.27998500737538,2.50993806780623,60.716164930532,15.0476749657256,72.9205622324398,81.2224255746375,82.7529126375325,84.0046229017503,79.4680604844869,60.1950524149443,62.662444537219,60.1062664690931,63.694519124808,61.5752116074906,2.76761803127074,2.39642618762838,2.64646471076117,1.93809323396029,2.13789145978034,61.2220364403797,15.8772641899526,71.4935773453298,71.3825586040863,71.5425960426061,72.8791438364691,70.7635643213935,60.7201002871156,60.0690763162665,59.5989895176164,61.1072369277638,59.7216111853757,2.8503506212421,3.71042603080259,3.65689949020292,2.27998500440591,2.50993806457485,60.7161649349257,15.0476749729309
71.6948367460837,-124440.79,-184431.82,-175544.26,-117775.12,-119997.01,71.7416486586783,71.746142349858,71.5857834003158,72.3082407612216,71.5712939337233,61.3810466688942,60.150894928045,59.7767932671908,60.9073621696791,60.4219450723622,2.87000271063628,3.80067180844702,3.55204460875071,2.46842406752835,2.57173051319838,60.6641530180149,15.2628737085607,71.5253881143603,71.3783554114346,71.5233988869413,72.6295055996916,70.6341733074791,60.7276153043067,60.067780415528,59.5726957989246,61.0127858661385,59.6874657968619,2.84732076194744,3.71103914575538,3.65837815579449,2.30313981090517,2.52347897770046,60.6853557386504,15.0347314598102,72.9053262974406,81.094278054773,82.7579937062127,83.9170241041587,79.1787656577685,60.1872144015311,62.6508938639671,60.0903690014062,63.6554353798482,61.4676950579858,2.77098385402863,2.40262107677758,2.64838101775761,1.94350659016159,2.14977578595317,61.2002927455411,15.891240893682,71.5253881263495,71.3783554958485,71.5233989845496,72.6295056977597,70.6341733817162,60.7276152996116,60.0677804379706,59.5726958034223,61.0127858890984,59.6874658123289,2.84732076128421,3.71103913438759,3.65837814701944,2.3031398077806,2.52347897445366,60.6853557431243,15.0347314672518
72.7296712555814,-145390.73,-256804.34,-240298.62,-133011.44,-137137.87,71.8741005770327,71.8966675561826,71.6278487225931,72.0648546477709,71.5036814337958,60.630904949624,58.4091370486192,57.5991853418203,59.4355463331455,58.7025874166242,3.08995025298201,4.54961300521883,4.09297903379037,2.51659869602787,2.55985196041338,60.5112188360169,16.8089929484325,71.5455953660017,71.3746489851567,71.5157863181563,72.398808590295,70.5330229983263,60.7326837941143,60.0665846972227,59.5568730424302,60.9212970528975,59.6613411071495,2.84505066533525,3.71159018717943,3.6585247307428,2.32560660026546,2.53417504813129,60.6587765078662,15.0192734929664,72.8926323742359,80.9795698197261,82.7612238771234,83.8320616852926,78.9029965926116,60.1805791516014,62.6405083249714,60.0787195510971,63.6186810532477,61.3657237215428,2.77387454491502,2.40818528394278,2.64982197542476,1.9487528974582,2.16108284423247,61.1805177770436,15.9003809460029,71.5455953966861,71.3746492039483,71.5157865743174,72.3988088507344,70.5330231889869,60.7326837815378,60.0665847558544,59.5568730543174,60.9212971143416,59.6613411459738,2.84505066371392,3.71159015748902,3.65852470776544,2.32560659168106,2.53417503963258,60.658776519751,15.0192735130373
71.8190896538573,-145390.73,-256804.34,-240298.62,-133011.44,-137137.87,72.1119440346976,72.1421876614505,71.7223374053983,71.8714128586805,71.4762561324372,60.7129234551383,58.5132619926134,57.663159210481,59.3899470907238,58.7276789307618,3.04771054063495,4.50241242021035,4.08409540682571,2.54640772383605,2.57039708015308,60.1852090553396,16.7510231716601,71.7095774036668,71.8544682758435,70.8946198302131,71.991209105231,71.0380918309896,60.5211755704538,59.2628416998529,59.0795189418461,60.1505580835975,59.3037255367571,3.12275024404522,3.82822527687989,3.73680630417513,2.32700675909837,2.56973455908053,60.6351860056244,15.0015299542331,72.6173334885662,81.3497235200593,82.4781611629744,83.7055430410983,78.6148845563524,59.9373712364305,62.5059453854673,59.8893640798568,63.5763551337189,60.4983228917263,2.91834663465526,2.45930647268285,2.69822514859747,1.97422935862374,2.19724038273459,61.1624140663848,15.9065908941523,71.7095774247282,71.8544684961486,70.8946200989697,71.9912093770222,71.0380920067832,60.5211755569086,59.262841775098,59.0795189606358,60.1505581630814,59.3037255644736,3.12275023930273,3.8282252451188,3.7368062800784,2.32700675091338,2.56973455043807,60.635186017857,15.001529975232
71.915054427068,-145390.73,-256804.34,-240298.62,-133011.44,-137137.87,72.115582463854,72.1189586728025,71.8491910585515,71.7266047043383,71.4817182567339,60.7143394530452,58.5057498147255,57.7094110152803,59.3331606214867,58.7320861261764,3.04711645390789,4.50761057479022,4.06081458932808,2.56449301936151,2.57018440059572,59.8768555661196,16.7502190379834,71.5203676170281,71.6927729921334,70.4245361210283,71.807944854581,71.3043949396378,60.4272778920057,58.6547121464783,58.6346893450893,59.6490028594247,59.1598658561673,3.1984380313053,3.9612907292703,3.78923601906372,2.32596429839998,2.57542540478342,60.464598822554,15.5341673176136,72.1432729549245,81.5462073606157,82.3196894415208,83.5777760166384,78.3807455215763,59.6218378935469,62.4412994155404,59.7245830342526,63.5371467621468,60.0615512231182,3.08208325667175,2.48365505030073,2.73380623459019,1.986086883429,2.21814399855679,61.1280400650408,16.0611942464376,71.5203676314509,71.6927732202806,70.4245363964496,71.8079451271005,71.3043951034842,60.4272778733565,58.6547122341533,58.6346893703248,59.6490029494511,59.159865877045,3.19843802861121,3.96129069505701,3.78923599462622,2.32596429053043,2.57542539651089,60.4645988379154,15.5341673298164
71.9242269213232,-145390.73,-256804.34,-240298.62,-133011.44,-137137.87,72.0329203756668,72.0280189790593,71.9260162967298,71.6357523331017,71.5212758815935,60.686577858772,58.4684683102572,57.7272078757939,59.2864694493258,58.7400881934936,3.06186025333786,4.52544820284349,4.04393265880974,2.57366368034824,2.56383885558637,59.6424324028021,16.7687436509257,71.4869358371622,71.5472202963955,69.9431744690504,71.6917935213473,71.4101153631563,60.4049757636185,58.2747881167917,58.195714358242,59.3111771424363,59.072642652084,3.21850559394967,4.04822593483289,3.84427054511986,2.32820865842184,2.57636493874552,60.2173496422254,15.9507888505422,71.8151535643194,81.7399028348353,82.2462751305486,83.4666928881363,78.1955914148957,59.3966577047325,62.4363322549889,59.5400450612563,63.5073690729444,59.8360735699338,3.20100044767736,2.48350816975656,2.76590687426621,1.99383450491509,2.23081153283449,61.0653002162096,16.2865804419174,71.4869358447603,71.5472205323517,69.9431747538619,71.6917937939312,71.4101155202372,60.4049757402764,58.2747882131297,58.1957143893626,59.3111772395763,59.0726426697571,3.21850559354443,4.04822589861035,3.8442705201562,2.32820865068122,2.57636493074611,60.217349661855,15.9507888583156
71.7782224117438,-145390.73,-256804.34,-240298.62,-133011.44,-137137.87,71.973943351259,71.9697754151413,71.9405489926483,71.5864808808239,71.5747521967781,60.6663787772086,58.4437268053003,57.7246467624368,59.258017484592,58.7570346716501,3.07236053756121,4.53665708112644,4.03907006110237,2.57800991208963,2.5565320464468,59.4555599169502,16.7826296383265,71.479509479285,71.4069707938469,69.5011950717711,71.6112187758481,71.4282975128635,60.3997022811183,58.0299247767236,57.7749745818402,59.088418995785,59.0127812612348,3.22333767573412,4.10822254549223,3.8933615760438,2.33174501797733,2.57772847126279,59.9611305939584,16.1790768346801,71.5784465627163,81.9106105334818,82.2099050895282,83.3781625925582,78.0710476436097,59.2323883237435,62.4461001463222,59.3669391491879,63.48917712031,59.7363770453642,3.28828938835069,2.47756514448639,2.79359971723154,2.00022277457978,2.23759645928009,60.9959623976628,16.4865982313595,71.4795094815825,71.4069710377628,69.5011953668932,71.6112190491005,71.4282976671217,60.3997022540109,58.0299248792762,57.7749746188089,59.0884190979795,59.0127812780382,3.22333767724243,4.10822250762504,3.89336155050509,2.33174501027871,2.57772846336423,59.9611306179893,16.1790768418213
71.5923568312701,-145390.73,-256804.34,-240298.62,-133011.44,-137137.87,71.8846077024585,71.8765367383477,71.9155215991502,71.5679681555872,71.6238717501233,60.6346337121157,58.4029579932261,57.7014140377981,59.2347697328636,58.7632813283137,3.08808848829873,4.55432408614626,4.039580032849,2.577020148947,2.54800942573536,59.3041364419599,16.8070221819764,71.3904781916399,71.2231218726426,69.0922503528025,71.5459281439949,71.3996675441821,60.3802960820228,57.8521111733037,57.3744965078976,58.9424085122088,58.9678797012044,3.22991096589181,4.15879431763212,3.93787178217797,2.33587522555385,2.58048675546135,59.7297072225071,16.2999003028589,71.3664033513146,82.0379068963988,82.1889083626261,83.3074985775587,78.0004620086877,59.0924614444506,62.4519335764458,59.2169206413033,63.4795876769316,59.7092866890703,3.36053217225688,2.47372955957951,2.81681577273822,2.00542989070464,2.2404300859447,60.9271274035139,16.6435154689233,71.3904781910786,71.2231221248065,69.0922506581719,71.5459284182347,71.3996676980901,60.3802960519949,57.8521112805559,57.3744965508567,58.9424086180004,58.9678797184915,3.22991096893745,4.15879427834215,3.93787175603877,2.33587521784899,2.58048674753239,59.7297072504268,16.2999003108708
71.5870476053707,-145390.73,-256804.34,-240298.62,-133011.44,-137137.87,71.773500235226,71.7634922237092,71.8573391310423,71.5676679376757,71.6559548110214,60.5940872573012,58.3518872460366,57.6604375207012,59.2123801618207,58.753685217757,3.10757955197097,4.57536919016419,4.04447580645211,2.57241283351013,2.53977839932903,59.178121582,16.8396157814264,71.2285932833349,71.0058956829338,68.6915165271851,71.4777654549997,71.3421794965992,60.3442968489543,57.7098510862741,56.9913243145228,58.8431607387439,58.9292685781936,3.24269895070734,4.20524466593621,3.98224341299398,2.34070487949034,2.58477782758755,59.5282068636961,16.3836205336745,71.162718733744,82.1232063899531,82.176431123474,83.2488976235798,77.9687034061009,58.9654846985852,62.4521637479004,59.0863531188874,63.4751567622603,59.718568365188,3.4238049128173,2.47267128187063,2.8365901348575,2.00946978706907,2.24095635161685,60.8596234778123,16.7708301149025,71.2285932817987,71.005895942182,68.6915168416443,71.4777657294946,71.3421796511253,60.3442968168013,57.7098511968617,56.9913243633774,58.8431608467589,58.9292685965996,3.24269895493061,4.20524462553376,3.98224338627811,2.34070487176616,2.58477781956986,59.5282068947439,16.383620542704
71.3460270361594,-145390.73,-256804.34,-240298.62,-133011.44,-137137.87,71.6654565346611,71.6548888352445,71.7767308098259,71.573123946422,71.665628833425,60.5534031685341,58.301066884897,57.6088241183034,59.1893959238283,58.7299592426154,3.12641723618237,4.59516716889421,4.05275291119492,2.56650507652731,2.5332206721308,59.0678499879788,16.8740630649296,71.1301513836396,70.8527446936399,68.2916805245363,71.3971934372982,71.2657803819217,60.3194465613819,57.6098645974045,56.6246999245142,58.7708768919967,58.89303402374,3.2539438427777,4.23793254054433,4.02779433792711,2.34621379371371,2.59034995217556,59.3527965433279,16.4597958894285,71.0199448364187,82.1979085640558,82.1695517349751,83.1983435109991,77.9615038644592,58.8754464823113,62.4568865773843,58.9701577091966,63.4735251991211,59.7421322539555,3.46900711054592,2.4698863237773,2.85387336426245,2.01256467183035,2.24032278151135,60.7937744376894,16.8797615628911,71.1301513810557,70.8527449596366,68.2916808499145,71.3971937139859,71.2657805389085,60.3194465275261,57.609864711047,56.6246999795054,58.7708770022542,58.8930340436478,3.25394384782003,4.23793249909102,4.02779431040357,2.34621378589103,2.59034994396888,59.3527965771129,16.459795899275
71.6308105355,-145390.73,-256804.34,-240298.62,-133011.44,-137137.87,71.5839439484843,71.5779464495325,71.6837725845327,71.5750479623356,71.6509884686712,60.5213689550664,58.2627006923173,57.5541427648027,59.1663778943285,58.6962536797881,3.14040042159337,4.60848003291602,4.06373173410588,2.56134627338228,2.52949258702021,58.9694564026335,16.9034510490178,70.9330862935048,70.6425767616306,67.9209887775531,71.3124498183177,71.1850420838122,60.2752880817034,57.5113532937134,56.281301579792,58.7179914917132,58.8645433333597,3.26990473462976,4.27520083654754,4.06973998823494,2.35148413981884,2.59591591197756,59.2043287072978,16.5181923030324,70.8523500864639,82.2304779318676,82.1628493568186,83.1553351144537,77.9737779165387,58.7779716596135,62.4510743857032,58.8732298724204,63.4744586845104,59.773092788864,3.51530133172497,2.47190707786522,2.86836242585553,2.01506653821815,2.23889569121402,60.7327165528118,16.9653844205751,70.9330862916239,70.6425770315918,67.9209891093431,71.3124500942193,71.1850422419682,60.2752880468207,57.5113534087932,56.2813016401757,58.7179916025237,58.864543354526,3.26990474034672,4.27520079453653,4.06973996024666,2.35148413198138,2.59591590366013,59.2043287429044,16.5181923134505
71.7327203214661,-145390.73,-256804.34,-240298.62,-133011.44,-137137.87,71.6153943378428,71.6224486800265,71.60566791553,71.5674455446966,71.6154766579032,60.5304972761009,58.278116170504,57.5220839455143,59.1581545297273,58.6741561960596,3.13407648079491,4.59843489074535,4.07701798149195,2.56121810649622,2.53211453281828,58.8832186649914,16.9028619923467,70.9857744953829,70.6302458811906,67.5539993377831,71.2150998598131,71.0993596033155,60.2808884674541,57.4737329078153,55.9566729180344,58.6734012124413,58.8370728924182,3.27291151647693,4.28363142302381,4.11251693702746,2.35722207591136,2.60189972907956,59.0752470660698,16.5810771461495,70.8214437214403,82.2991918850434,82.159285892195,83.1156993962046,77.9924404436408,58.7523278003946,62.4647961550968,58.7849252258698,63.4756479226082,59.7999728403411,3.53015356683745,2.46549136351222,2.88137318168958,2.01694473247223,2.23744014193675,60.6736246368967,17.0445127339372,70.985774491563,70.6302461524346,67.5539996772822,71.2151001364419,71.0993597635448,60.2808884319228,57.4737330238323,55.956672983777,58.6734013240693,58.8370729148007,3.2729115224565,4.28363138076124,4.11251690840959,2.35722206800163,2.60189972060772,59.075247103224,16.581077156922
71.7327205128789,-145390.73,-256804.34,-240298.62,-133011.44,-137137.87,71.6942295943633,71.7067541096745,71.5767911739375,71.546956137662,71.5676551456029,60.557358129644,58.3127743195856,57.5174952999222,59.1553663644713,58.6580034201021,3.11945013312709,4.58138993541725,4.08406122213623,2.56487677675407,2.53832607664878,58.8157299744175,16.8881041440834,71.0794895811986,70.6629653866226,67.2602782937192,71.1334668702092,71.0295068124196,60.3006572873827,57.4616856486815,55.6664419750406,58.6438941347982,58.8270190153891,3.26676402827239,4.2831994031805,4.14427484122349,2.36134695413731,2.60577501979074,58.9740911290988,16.6042019293296,70.8316388821932,82.3718331836333,82.1494447287111,83.0837532014396,78.0261922510759,58.7506225405979,62.4780281396422,58.7236478792415,63.4797326475404,59.832840251923,3.53362483088882,2.4592325726199,2.89095028588026,2.01870155188703,2.23534796573803,60.6236145787963,17.0922492934049,71.0794895754373,70.6629656587946,67.2602786398171,71.133467147993,71.0295069750572,60.3006572513523,57.4616857652861,55.6664420461052,58.643894247207,58.8270190387694,3.26676403447556,4.28319936078249,4.14427481209003,2.36134694617254,2.60577501118018,58.9740911674419,16.6042019406742
71.732719464873,-145390.73,-256804.34,-240298.62,-133011.44,-137137.87,71.7491772925133,71.7598304803797,71.590038102853,71.5161266366529,71.5218244567811,60.5762078150775,58.335111995578,57.5273384005719,59.1477156195094,58.6416168604474,3.10937170672471,4.57089988702297,4.0830726891147,2.56968342920259,2.54412868505475,58.7668927774668,16.8771563971197,71.1339995593725,70.6797028052077,67.0217196335005,71.0702777727308,70.9793356725521,60.3142972814442,57.4555904134522,55.4093923772027,58.626813157909,58.832832748072,3.26067841827933,4.2829651795465,4.16833037060373,2.36410385751748,2.60720805546237,58.9009631603878,16.5986487194158,70.8396154286094,82.4342075972123,82.1356113952907,83.0580854766959,78.0736795881102,58.7503210551896,62.4864902425802,58.6856356492895,63.4861539996059,59.87111171211,3.5354902639747,2.45505011205703,2.89746660879908,2.02007388732463,2.23268114568295,60.5813520439024,17.1198216539291,71.1339995525296,70.6797030784405,67.0217199848222,71.0702780513868,70.9793358374597,60.3142972450897,57.4555905303952,55.4093924533588,58.6268132708641,58.8328327722067,3.26067842466732,4.28296513705671,4.16833034106257,2.36410384952052,2.60720804675651,58.9009631994483,16.5986487315305
71.7692699755443,-135891.02,-223987.16,-210935.88,-126102.56,-129365.38,71.7836597903947,71.7917722839656,71.6201954712905,71.4802257546466,71.488128499479,60.9481921536241,59.1628887821526,58.570119158459,59.847138872223,59.4741504299091,2.99673014671896,4.23801709201986,3.86226390569982,2.59020101520381,2.57297621402665,58.7790999715579,16.2601883736691,71.1648508993076,70.6882806171414,66.8129654144329,71.0196278115306,70.9450563168992,60.3224544325062,57.452518812934,55.1808460400691,58.6173033996153,58.8486615393258,3.25672161256848,4.28283491176606,4.18908617936938,2.36608049219582,2.60670461653819,58.8506696110418,16.5821554707312,70.845706112573,82.4883019040248,82.1217727588183,83.0370106455694,78.1302828804894,58.7506743207988,62.4928198997192,58.6618889912651,63.4940757022672,59.9110800939017,3.53643416119784,2.45183759538759,2.90192430132368,2.02099761185179,2.22970100499737,60.5448268639305,17.1393087804036,71.1648508948855,70.688280780643,66.8129656265523,71.0196279780439,70.945056416458,60.3224544107275,57.4525188827726,55.1808460883026,58.617303467188,58.8486615540467,3.25672161644419,4.28283488639569,4.18908616153441,2.36608048741434,2.60670461131441,58.8506696345162,16.5821554784512
71.9903043479929,-135891.02,-223987.16,-210935.88,-126102.56,-129365.38,71.8379081880901,71.8478388031993,71.6572187020637,71.4455105830817,71.4702329742665,60.9666538135743,59.1858289908731,58.5895934201155,59.8410047333817,59.4744321137104,2.9868653057209,4.22692960494379,3.85707713698411,2.59658048718953,2.57687503887158,58.8732269092012,16.24432757371,71.4712306481817,70.5492279264068,67.1911399263757,71.1459751630309,70.6458194539216,60.4908505022334,57.8273576837708,55.5063934156051,59.0237214669927,59.0037443116866,3.11499780744377,4.22120451729691,4.14427397724381,2.37976202086014,2.59810174028149,58.8182952709704,16.5614449929,71.0768172176832,82.4470920066554,82.2450734448723,83.0217174362991,78.1348942344817,58.9059927042763,62.6053826588335,58.7275831576658,63.5054904705071,60.2554988435524,3.45538201350931,2.40604181896793,2.88326324165725,2.01204564484456,2.21848284886716,60.5131995458123,17.1548018224946,71.4712306427897,70.5492280890627,67.1911401321782,71.1459753253843,70.6458195563048,60.4908504805668,57.8273577490912,55.506393459642,59.0237215282631,59.0037443287994,3.11499781209717,4.2212044924818,4.14427396000452,2.37976201583308,2.59810173509172,58.8182952941414,16.5614450010118
71.7467570308386,-135891.02,-223987.16,-210935.88,-126102.56,-129365.38,71.8930953746341,71.9023253923763,71.702415211341,71.4168592512369,71.4675353440938,60.9857923053054,59.2088812719383,58.6134553329928,59.8390451107573,59.483503586803,2.9769936999565,4.21646194886031,3.85079022154034,2.60256669239979,2.57940569875701,58.9811524026841,16.226218261514,71.6690539548201,70.6359499421506,67.5193945825676,71.1050854806376,70.4850077679827,60.5681500413519,58.0889839245952,55.7667205411104,59.1988222582966,59.0778134224726,3.06032959573615,4.16249235003977,4.1035638914981,2.39351460575384,2.59856249988092,58.8556232498566,16.3690431178817,71.3019767614564,82.4104621502554,82.3263313397572,83.0288631576338,78.1779289284539,59.0491263677502,62.6417732330388,58.8224647353611,63.5266247318527,60.4635220203093,3.3831575769364,2.39149975157346,2.86351926928614,2.01060074401726,2.21044803949291,60.4988205215505,17.0971727652699,71.6690539497268,70.6359501055236,67.5193947880159,71.1050856460816,70.485007874723,60.5681500202753,58.0889839877658,55.7667205835093,59.1988223183455,59.0778134416995,3.06032960021543,4.162492325467,4.10356387429231,2.39351460044086,2.59856249449578,58.8556232726562,16.3690431279846
71.7070947460321,-135891.02,-223987.16,-210935.88,-126102.56,-129365.38,71.8753797015545,71.877347924782,71.7438453026729,71.397458403593,71.4784660893177,60.9805420438545,59.2002072456476,58.6275580110988,59.8318157706385,59.4884328701133,2.98039985001146,4.22188453125737,3.8427672091367,2.60530559425647,2.57811460933484,59.0723206633349,16.2284717939968,71.6110143667323,70.6338747554482,67.7871209516732,71.0118352792456,70.4090341064263,60.570750993531,58.2324908664097,55.9757763200862,59.2648650988499,59.1254799799931,3.04673781734994,4.13452760225606,4.07009412450735,2.40632350391554,2.59948806028877,58.9296609066244,16.1855715966286,71.3899409078847,82.3411866072814,82.3805528980748,83.0328881119471,78.2297477982835,59.113950969763,62.6415615287542,58.928333116524,63.5448422126865,60.581918444696,3.34760715863679,2.39236940709892,2.84420222384156,2.00985529990724,2.20507201224415,60.4978800602927,17.0261175460645,71.6110143636575,70.633874918284,67.7871211546518,71.0118354464453,70.4090342152039,60.5707509732685,58.232490927735,55.975776361153,59.2648651583797,59.1254800002505,3.0467378215347,4.13452757802455,4.07009410745654,2.4063234984011,2.59948805480288,58.9296609284366,16.1855716083197
71.5018133725523,-135891.02,-223987.16,-210935.88,-126102.56,-129365.38,71.8023781284484,71.7975630003301,71.7596802166479,71.3882388189921,71.4980572344026,60.9563054218771,59.1686157884856,58.6251966073843,59.8202036014179,59.4878452315389,2.99380000479203,4.23799571223281,3.83744349676061,2.60476674613083,2.57378302743288,59.1429564067288,16.2477889873492,71.5313169495024,70.6429181061731,67.95210071306,70.8922636465648,70.3750439825855,60.5574608155469,58.3202492875183,56.130011847784,59.2686967367505,59.152691716425,3.04783798439809,4.1165456328937,4.05154017057302,2.41921539697287,2.60024055556217,59.0093453636773,16.0696086162928,71.4398193315906,82.2735605628373,82.4269790442842,83.0299884181577,78.2699059591403,59.1537447047304,62.6360876762344,59.013915639583,63.5582191000741,60.6381457149847,3.32494863228866,2.39538307927072,2.82839346980578,2.00912313441576,2.20209080785213,60.5009522937673,16.9785900395598,71.5313169482136,70.6429182700011,67.9521009169516,70.8922638175355,70.3750440937917,60.5574607957743,58.3202493483107,56.1300118884063,59.2686967971723,59.152691737349,3.04783798830145,4.11654560864959,4.05154015334391,2.41921539119636,2.60024054995387,59.0093453846879,16.0696086290966
71.5107726189454,-135891.02,-223987.16,-210935.88,-126102.56,-129365.38,71.6977574432654,71.6896851972261,71.7355851679355,71.3885030792839,71.5177846576126,60.920303009008,59.1238727919446,58.6029065869834,59.8052602477538,59.4796252435127,3.01286103494857,4.25928880740854,3.83797093631626,2.6013469536171,2.56780781392837,59.1933706021953,16.2792755462188,71.3592881085446,70.5810348561366,68.0504228115562,70.7692151456858,70.3628842094645,60.5208440300014,58.3524174700396,56.2412642096356,59.2417874324747,59.1700402883849,3.05950711623653,4.11552272086098,4.04205837903518,2.43149469106003,2.60031733656588,59.0804878590663,15.9963588687961,71.4142877816261,82.1893553422646,82.467571099863,83.0225906801245,78.2950655734938,59.1499506695958,62.6235359058594,59.0796277752066,63.5682417995131,60.6575016351518,3.32289685081347,2.40149295867528,2.8158870302486,2.00873467717987,2.20076123796957,60.5064857475043,16.9469511347805,71.3592881093189,70.5810350195596,68.0504230145221,70.7692153181899,70.3628843211344,60.5208440107019,58.3524175301688,56.2412642495944,59.2417874933829,59.1700403093255,3.05950711994456,4.11552269673071,4.04205836177302,2.43149468510838,2.60031733094089,59.0804878791416,15.9963588821787
71.5451165136691,-135891.02,-223987.16,-210935.88,-126102.56,-129365.38,71.6294064522148,71.6248270454095,71.6807887459574,71.3944398849235,71.5278379124817,60.8957567470061,59.0952292035605,58.5723712924777,59.794657810252,59.4698406763042,3.02515671860903,4.27159952054079,3.84507427296632,2.59763789171539,2.56358325544287,59.2269133652932,16.3030516592744,71.2514874917747,70.5533494603209,68.0847694775292,70.6431730409608,70.356350213982,60.4946589540589,58.3714696323888,56.3135603314579,59.1962012255929,59.1757789381008,3.07061647473699,4.11415111212426,4.04147093247339,2.4435086941994,2.6006994217978,59.1345814119208,15.9636222630288,71.3961662520592,82.1164132524009,82.5072408950071,83.009936907372,78.3003603794827,59.1469737774143,62.615383035323,59.1195320655588,63.574535258325,60.6508224155212,3.32167443629362,2.4056677196461,2.80717423035092,2.00859199777194,2.20086993959043,60.5103165829384,16.9370617021249,71.2514874938071,70.5533496227616,68.0847696801397,70.6431732146922,70.3563503255814,60.4946589351263,58.3714696920083,56.3135603708769,59.1962012871008,59.1757789588226,3.07061647826391,4.11415108812306,4.04147091513368,2.44350868808958,2.60069941618089,59.1345814312475,15.9636222767039
71.7864041729703,-135891.02,-223987.16,-210935.88,-126102.56,-129365.38,71.6366159146892,71.6405946802987,71.6232634418252,71.4008602690755,71.5229355202054,60.8970236120574,59.0994733664028,58.5496764486615,59.7935521204327,59.4640933982987,3.02348279207495,4.26767453995588,3.85531826391898,2.59595360672242,2.56340364160548,59.249387254039,16.3058328442777,71.2048588636217,70.5540896865422,68.0948565369172,70.5254859896371,70.3519320183487,60.481642618283,58.3867127014471,56.3604552071349,59.1451130335468,59.1773016665956,3.07740277202482,4.11109869584878,4.04338996006681,2.45455671368152,2.60108011793604,59.172855697512,15.9427334423099,71.391525163742,82.0558770431946,82.5421046336194,82.9942317427304,78.2896336336608,59.1490192904796,62.6100152320346,59.1448850338024,63.578478223293,60.6305988785793,3.31904899341749,2.40855770915484,2.80091948457898,2.00887025723117,2.20188280509765,60.513810340421,16.9341803778941,71.2048588662055,70.5540898457445,68.0948567368892,70.5254861622237,70.3519321282187,60.4816425998374,58.3867127599041,56.3604552456757,59.1451130949114,59.1773016867114,3.07740277536957,4.11109867228301,4.04338994286911,2.45455670751254,2.60108011241054,59.1728557160729,15.942733456033
71.779574487242,-135891.02,-223987.16,-210935.88,-126102.56,-129365.38,71.7159339058665,71.7272797290514,71.5965001766399,71.402822250223,71.5049682902795,60.9235041081336,59.1338260987107,58.5480017711806,59.8019999221939,59.4651660281608,3.00868044819051,4.24994014389072,3.86273095520245,2.59740495981952,2.56745743292645,59.2678753471364,16.2862139400297,71.3157935169177,70.6558326472389,68.1016074134519,70.4222672233341,70.3495364362614,60.503055794514,58.4259812050448,56.3924300618919,59.0958230705655,59.1785873520675,3.07245593009381,4.09470839557599,4.0447223715629,2.46435370938162,2.60123821574027,59.1995626146826,15.9206967028204,71.4580182168145,82.0307573792765,82.5704578819373,82.9764946655581,78.2669359854302,59.187366335237,62.6133492560536,59.1631583710841,63.5808301463628,60.6044294368032,3.3009502694967,2.40747127526126,2.79617125031987,2.00946212362164,2.20342933636529,60.517427338169,16.931729189885,71.3157935188871,70.655832804751,68.1016076138066,70.4222673971763,70.3495365458961,60.5030557762952,58.4259812630285,56.392430100259,59.0958231326707,59.1785873718116,3.07245593325784,4.0947083722123,4.04472235427382,2.46435370308259,2.60123821023168,59.1995626329314,15.9206967168205
71.7551632213783,-135891.02,-223987.16,-210935.88,-126102.56,-129365.38,71.7810319652062,71.7915462263337,71.6099852253972,71.3980885995919,71.4832193563577,60.9455658198598,59.1601935561596,58.560415255139,59.8083986505938,59.4647921625846,2.99673055919735,4.23718864727681,3.86241376723928,2.59989987526909,2.57202371911498,59.2874038624232,16.2682565680975,71.3865011141516,70.7207196091132,68.1400988108826,70.3474978406202,70.3560408793985,60.5194761340414,58.4550089063249,56.4242963065006,59.0576337495583,59.188717111148,3.06605381732418,4.08347413657548,4.04005789407522,2.47206283076854,2.60005814225925,59.2234511356711,15.8741580639913,71.5049216687625,82.0065328915811,82.5872969490756,82.9595810247859,78.24163643831,59.2149232822336,62.612567807488,59.1885906120541,63.5834851270842,60.5821271553877,3.28776580305556,2.40806611616982,2.79124690276351,2.01035176794785,2.204906510984,60.5243510588042,16.9149026744848,71.3865011157939,70.7207197656248,68.1400990112363,70.3474980155246,70.356040988756,60.5194761159499,58.4550089639819,56.4242963448358,59.0576338123228,59.1887171304718,3.06605382039888,4.08347411334092,4.0400578767567,2.47206282436553,2.60005813677929,59.223451153712,15.8741580784243
71.7393133268455,-135891.02,-223987.16,-210935.88,-126102.56,-129365.38,71.8054749500852,71.8119680202753,71.6441219384924,71.3879180362156,71.4675551377359,60.9541959530343,59.1693222853074,58.5762383030331,59.8089816112323,59.4627065667718,2.99236362181203,4.23340377131491,3.85700088214058,2.60231443950182,2.57493292198675,59.3073525469295,16.2600156367561,71.4165362286361,70.7548544717518,68.1842290306436,70.2916782173787,70.3688672102261,60.5276537682838,58.4736584653538,56.4541552672704,59.0266850455032,59.201470531451,3.06192473175138,4.07690152908122,4.03416602239021,2.47847687723702,2.59819493078842,59.2453074465449,15.8259844888581,71.5322575484509,81.9818871613059,82.5984108746799,82.9422747771394,78.2137413822228,59.2316811073876,62.6100925563105,59.2138058737165,63.5858683280841,60.5620612053118,3.27950749168199,2.40936183974005,2.78678007903869,2.0111758532173,2.20638028072114,60.5318238088874,16.8970141561905,71.4165362302425,70.7548546275994,68.1842292307335,70.2916783929875,70.3688673191245,60.5276537502938,58.4736585227736,56.4541553055784,59.0266851087914,59.2014705503379,3.06192473477174,4.07690150593333,4.03416600507466,2.4784768707502,2.59819492534946,59.2453074644036,15.8259845037255
71.7285561233327,-135891.02,-223987.16,-210935.88,-126102.56,-129365.38,71.8051288397927,71.8088238206977,71.6757652127912,71.3762376761098,71.4629780793476,60.9545459404432,59.1688615494105,58.5884327107752,59.806079018853,59.4623042742589,2.99255559098623,4.23430252283189,3.85126905745791,2.60428870038949,2.57582868353053,59.3244830770666,16.2582445551961,71.4246463124031,70.7722956557825,68.220795006172,70.2475228261549,70.3844802207038,60.5305282266565,58.4852864408624,56.479832652848,59.0001950745906,59.2133383605543,3.06002877847422,4.07313164269431,4.02936038474447,2.48402824494741,2.59615157345987,59.2639851213157,15.7861463959551,71.547635788962,81.9582416234761,82.607027163189,82.9246357096378,78.1834888986915,59.2416474475065,62.6074185253598,59.2349472632463,63.5880096228358,60.5432240306667,3.27441780672238,2.41072795857079,2.78308719442741,2.01193982247743,2.2078804360404,60.5388366542681,16.8828183959403,71.4246463141115,70.7722958111622,68.2207952060055,70.2475230022478,70.3844803290368,60.5305282087532,58.4852864981214,56.4798326911183,59.0001951383181,59.2133383790272,3.06002878145222,4.0731316196025,4.02936036743297,2.48402823838981,2.59615156806654,59.2639851390242,15.7861464111886
72.7086133104237,-138750.25,-233864.5,-219773.5,-128182,-131704.75,71.9026047394288,71.9219754858388,71.6996476556542,71.3670694605387,71.4676534009867,60.8806715380549,58.9709497056157,58.307705585426,59.6131951219089,59.2410702407899,3.00801873820311,4.31483975895787,3.92135625966714,2.60585674998138,2.57395452546418,59.3262224584691,16.4240260322737,71.4222858281778,70.780536357075,68.2473747760022,70.211012265765,70.4003289663068,60.5305569180459,58.4922596023242,56.5006629622955,58.9769110863181,59.2232026530621,3.05956635565399,4.0710603698706,4.02604365905635,2.48888701076276,2.59419653157281,59.2788748433712,15.7556806154672,71.5556694159403,81.936154673908,82.6143550355774,82.9068894038899,78.1515424410285,59.2473068129217,62.6049235454108,59.2513055094022,63.5900194951204,60.5253244576156,3.2713859507803,2.41200288219478,2.78018060177336,2.01268019405762,2.20939761171808,60.5451234173024,16.8725755511068,71.4222858307019,70.7805365681744,68.2473750478707,70.2110125060111,70.4003291129842,60.5305568937627,58.4922596801488,56.5006630143463,58.9769111736127,59.2232026777023,3.05956635966229,4.071060338476,4.02604363548069,2.48888700175143,2.5941965242912,59.2788748673326,15.7556806366024
72.619078895067,-138750.25,-233864.5,-219773.5,-128182,-131704.75,72.2558735239331,72.2983118933089,71.7815659057396,71.3636184530023,71.4820900569503,61.0013836713111,59.1270167641906,58.3895585587975,59.6693329296339,59.3132306625099,2.94586267659494,4.24268080002665,3.92133714578492,2.61913502304577,2.58616424399898,59.3033308948284,16.3151798894513,71.9137449333992,71.2351887591751,68.0908576040692,70.1380211919554,70.4954868729191,60.6022928031686,58.4931507522193,56.3584061651613,58.8337007460024,59.1888017165501,3.06475972410437,4.03205462157234,4.0439773820521,2.48884828960377,2.5950512063683,59.2900296552698,15.7329190049517,71.78090038793,82.0767707332216,82.5859792902555,82.8893962005106,78.1278464720316,59.3536592067271,62.6128442853591,59.241362115024,63.5918340564341,60.4143085998276,3.22946599311721,2.40715896813476,2.78372820625439,2.01629466912979,2.21365331412381,60.5506266634748,16.8655203435198,71.9137449308791,71.2351889648413,68.0908578790434,70.1380214338506,70.495487017706,60.6022927794818,58.4931508303704,56.3584062198513,58.8337008362648,59.1888017397981,3.06475972722887,4.03205459074786,4.04397735814501,2.48884828063937,2.59505119913314,59.2900296791835,15.7329190264373
71.7853970372535,-138750.25,-233864.5,-219773.5,-128182,-131704.75,72.4004247418374,72.4203152863267,71.9495072474687,71.3677556271439,71.5172628590597,61.0524961777496,59.1834119681355,58.4788670788333,59.7062530829843,59.3679056170045,2.92160647766827,4.22165212002399,3.8984469341303,2.62649797208948,2.59031555572478,59.2989209740867,16.2585190596368,72.2145736471002,71.4636963855102,68.0902984361701,70.1775505992005,70.5846423493654,60.6666985482243,58.5016582302341,56.2730240990555,58.7890359143988,59.2160719838717,3.04391591718482,4.01086988955255,4.03712409077264,2.48419042475952,2.58780074685493,59.3030435210124,15.6780887319105,71.9224984507815,82.1882357732544,82.5475055288516,82.877863494721,78.1284051603449,59.4220920373872,62.6198363551423,59.2705827953304,63.5981595597556,60.3761729536732,3.20181780868071,2.40302605859731,2.78237479654427,2.01816270738886,2.21482387515568,60.5664156966312,16.8221066895799,72.2145736414218,71.4636965940106,68.090298717239,70.1775508461128,70.584642496027,60.6666985240273,58.5016583102974,56.2730241573324,58.789036007895,59.2160720064257,3.04391592025466,4.01086985829376,4.03712406637851,2.48419041569927,2.58780073960373,59.3030435455742,15.6780887541519
71.583500720487,-138750.25,-233864.5,-219773.5,-128182,-131704.75,72.2017473989434,72.1841942560144,72.0863114574917,71.3832678090502,71.5815398107534,60.9915667809227,59.0966993512033,58.5134021989655,59.7013475773541,59.3825617946293,2.95750646048106,4.26984700756229,3.86907293535467,2.62190737278338,2.57977914334761,59.3084954053779,16.298112919529,71.9291569080973,71.2574971983606,68.1340548081939,70.2595127722284,70.6719631546393,60.6137444918187,58.4168614504531,56.2223040786248,58.7899597925333,59.2615832034242,3.05413671461078,4.0451097783026,4.02473542553987,2.47813118015846,2.57786164997269,59.3215032046462,15.6106308808408,71.7807482354361,82.1823031219016,82.5127969592807,82.8713817704055,78.1488435360205,59.3458818896584,62.5978657367155,59.3095703000813,63.6080112069708,60.3775843170487,3.2358398980584,2.4121226281987,2.77933139126253,2.01891547093754,2.21413237887176,60.5824144424871,16.7775369103801,71.9291569051938,71.2574974120989,68.1340550895067,70.2595130189732,70.6719633009206,60.6137444670137,58.4168615322523,56.2223041390256,58.789959886796,59.2615832252582,3.05413671816571,4.04510974635403,4.02473540117417,2.47813117117414,2.57786164285651,59.3215032293153,15.6106309036707
71.4962940446248,-138750.25,-233864.5,-219773.5,-128182,-131704.75,71.9189558899597,71.8900866371464,72.0899883681915,71.4148136337757,71.6613531546676,60.8987021827961,58.9791267104152,58.4844686698443,59.682165607923,59.381861444238,3.00847716231832,4.32822975773441,3.85979933369017,2.61057117849789,2.56286414766039,59.3081496081201,16.3699415799012,71.6218180372789,71.0346307197571,68.0597431121814,70.3042966414484,70.7248574205104,60.5451136013323,58.3289749819197,56.1605053735136,58.7886904714339,59.280384844078,3.0787502664836,4.08137908240637,4.03371806856111,2.47492758871891,2.57152336453712,59.3265826387561,15.6285719620051,71.6155449563896,82.1564629923919,82.5045159006622,82.8605811925594,78.1613758732735,59.256618627021,62.5835315205535,59.307101331066,63.6152739476821,60.3776021806555,3.2758566043812,2.41830567545388,2.78030423094808,2.01858547560009,2.21376323673331,60.5852022052854,16.7918618619616,71.6218180371558,71.0346309379528,68.0597433955688,70.3042968877862,70.7248575664051,60.5451135760537,58.3289750653885,56.1605054352456,58.7886905661251,59.2803848656039,3.07875027035056,4.08137904977905,4.03371804397078,2.47492757976608,2.57152335751834,59.3265826634486,15.6285719848273
71.5276744969296,-138750.25,-233864.5,-219773.5,-128182,-131704.75,71.7215865415591,71.701019971177,71.9795452038387,71.4605313621461,71.7261580631906,60.8302362602183,58.8981985792329,58.4191600096748,59.67003657928,59.3772339549533,3.04408367599341,4.3647879826674,3.87264632340899,2.59776314292267,2.54845432527684,59.2895860842017,16.4277354502693,71.376486797359,70.8477023971346,67.9281618367902,70.3133725030082,70.7444032638418,60.4859665196258,58.2519919237361,56.089238124117,58.7813475835537,59.2787824074763,3.1035117100998,4.11244079773821,4.05273325435183,2.4735847396963,2.56881144467567,59.3148170207871,15.6893210848045,71.4673607104759,82.1252608927803,82.5118457223608,82.8483858709481,78.1650289486576,59.1755569997926,62.5745127064059,59.2770769265873,63.6211467672215,60.3724240890891,3.31256954210317,2.42236476177009,2.78409214558795,2.01833815452614,2.21383927808833,60.5806033331575,16.8334694174073,71.37648679914,70.8477026181647,67.9281621226175,70.3133727486833,70.7444034092795,60.485966493943,58.2519920084537,56.0892381865958,58.7813476784095,59.2787824289107,3.10351171419714,4.11244076461422,4.0527332294876,2.47358473077387,2.56881143771853,59.3148170455954,15.6893211072288
71.5547125813053,-138750.25,-233864.5,-219773.5,-128182,-131704.75,71.6338960215572,71.6257303299957,71.8313527911668,71.510166416596,71.7527317781617,60.797467573703,58.8622493847139,58.3499630259361,59.6690108557264,59.3668324629872,3.05951188258164,4.37824142139316,3.89533844660638,2.58664896566078,2.54084651064433,59.2613589173494,16.4605872268863,71.2438642431826,70.7336946910541,67.7857283443748,70.2977372401648,70.7389097467469,60.4508235746629,58.1979228306288,56.0149101054422,58.7697850103468,59.2648516375626,3.12061167581161,4.1327810303415,4.07354631726588,2.47332708820965,2.56897048573056,59.2905977374962,15.7603242816482,71.3674191212098,82.1027513458088,82.5254625359016,82.8351127112149,78.1606458276266,59.1194932695041,62.5712674833341,59.2342960848741,63.6257262082451,60.36238474263,3.3384769430234,2.4239527967063,2.78925323123727,2.01834793997995,2.21431189987909,60.5719321342374,16.8819957642966,71.243864245602,70.7336949136865,67.7857286330129,70.2977374856756,70.7389098920817,60.4508235485924,58.197922916269,56.0149101684853,58.7697851054374,59.2648516590548,3.12061168007792,4.13278099687869,4.07354629211645,2.4733270793001,2.56897047878552,59.2905977625877,15.7603243036131
71.6815528614305,-138750.25,-233864.5,-219773.5,-128182,-131704.75,71.6273872218472,71.6291868173933,71.7066660150923,71.5496848310437,71.7363257351513,60.7926308374725,58.8593909168291,58.2979724899197,59.674168597914,59.3486491463389,3.05998403884455,4.37607628116637,3.91645731685951,2.57916474387062,2.54048197258997,59.2337825451447,16.472164353331,71.182351429258,70.6669534540119,67.6657400171528,70.2720442552191,70.7197772871971,60.4331202033459,58.1613560430213,55.9457999482036,58.7582976298918,59.2473347432346,3.13018792280378,4.14565208867254,4.09055023141872,2.47345177766042,2.5707514811731,59.2614522502916,15.8181480858205,71.302437146264,82.0864373852417,82.5380547408085,82.8215917628417,78.1516022057234,59.0820316581025,62.5700473063909,59.1923829048717,63.6295656991023,60.3508796393765,3.35615285163499,2.4246385772767,2.7943653593136,2.0186211204001,2.2149636634299,60.5622728559273,16.923158827393,71.1823514316002,70.666953676741,67.6657403072271,70.2720444999893,70.7197774321497,60.4331201769939,58.1613561290098,55.9458000115259,58.7582977249025,59.2473347647585,3.13018792721107,4.14565205510536,4.09055020613753,2.47345176878927,2.5707514742337,59.2614522756632,15.818148107373
71.709126152804,-138750.25,-233864.5,-219773.5,-128182,-131704.75,71.6734536447891,71.6816363868001,71.6322181053599,71.5693877769663,71.6891335569224,60.8065633324187,58.8781168991819,58.2712911597216,59.6803738820844,59.3262984537246,3.05093551585908,4.36454999813414,3.93045902278006,2.57623660419279,2.5455867358461,59.2119474019851,16.4677678768122,71.2213691981893,70.6735415066361,67.5745962233895,70.2442811981457,70.6949929091223,60.4386825547748,58.1502981012536,55.8857061561611,58.7485593190549,59.2304289236807,3.13075598544669,4.14725789920891,4.10284730255059,2.47375637070585,2.57327326602889,59.2327704165352,15.8586329425832,71.2926231677841,82.087716243384,82.5471943582369,82.8079604793508,78.1398902734648,59.0739370632017,62.5735997191793,59.1568248024416,63.6328622783179,60.339626958207,3.36082921407312,2.42316414891448,2.79881725216199,2.01902993915388,2.21568006904015,60.5527413760021,16.9544543674276,71.2213691995779,70.6735417290702,67.5745965151684,70.2442814429807,70.6949930542049,60.4386825281793,58.1502981874528,55.8857062199072,58.7485594142379,59.2304289452963,3.13075598993024,4.14725786561059,4.10284727713827,2.47375636184436,2.57327325906028,59.2327704422581,15.858632963938
71.7226950849609,-138750.25,-233864.5,-219773.5,-128182,-131704.75,71.7235944636992,71.7327372780937,71.6086628100472,71.5662804708135,71.6289875189499,60.822425767041,58.8973938528585,58.2646378202095,59.6804282554347,59.3007803249844,3.04134194447606,4.35372853724561,3.93543746404715,2.5769218924093,2.55273687090183,59.1971529055642,16.4601667090799,71.2646803723099,70.6870611931711,67.5232309306017,70.2245003786382,70.6730291095395,60.4478697818216,58.1468567533346,55.8396457454987,58.743799878694,59.2197547489545,3.12785520333048,4.14677806354238,4.10878366822832,2.47377420166728,2.57542895151734,59.2099085581264,15.8745201450068,71.2940504181283,82.0915970533874,82.5502860199054,82.7955236678318,78.1300198006553,59.0725614265563,62.5757547014858,59.1340596668192,63.6365121495878,60.3324351988453,3.36225143301405,2.42223464448625,2.80187290654153,2.0195453181145,2.21620152213247,60.5453760674156,16.9707119233631,71.264680372882,70.6870614153234,67.5232312233181,70.2245006235128,70.6730292547964,60.4478697550316,58.1468568396064,55.8396458096716,58.7437999740006,59.2197547706287,3.12785520789636,4.14677802994949,4.10878364277063,2.47377419281922,2.57542894451985,59.2099085841404,15.8745201663599
71.7346694508325,-138750.25,-233864.5,-219773.5,-128182,-131704.75,71.7579229568601,71.7655842578714,71.6182101755323,71.5441306793825,71.5725456990415,60.8332724720097,58.9098186615946,58.2690441218444,59.6727158315948,59.2762424684226,3.03480478821102,4.34681237280634,3.93392183863655,2.58005580433903,2.55936019679378,59.1879557144391,16.4549550007867,71.2997131006979,70.700150252685,67.4950560439238,70.2112893394893,70.6557206872599,60.4561522465094,58.1469102715812,55.8052718433131,58.7422031098154,59.213816029362,3.12451108520681,4.14564965697284,4.11129749662109,2.47373361789208,2.57706046443431,59.1934707808067,15.8776592473142,71.2994362744275,82.0963498424517,82.5497484688887,82.7838173479042,78.1221967131396,59.0739300333447,62.5771207642932,59.1205254624539,63.6403425412059,60.3283956213215,3.36221628375045,2.42161952106079,2.80386638737341,2.01999527551096,2.21655728330324,60.53939803358,16.9790178737492,71.2997131006926,70.7001504745923,67.4950563370693,70.2112895843021,70.6557208326474,60.4561522195948,58.1469103578464,55.8052719078678,58.7422032051922,59.2138160510651,3.12451108983541,4.14564962340246,4.11129747116274,2.47373360905687,2.57706045741458,59.1934708070147,15.8776592687599
72.3609605703182,-138750.25,-233864.5,-219773.5,-128182,-131704.75,71.8596128699646,71.8760578492565,71.6477152268587,71.5113791160309,71.5306605908508,60.8680400715269,58.9550791803786,58.2916270567174,59.6728074715365,59.2720679154021,3.01632734540665,4.32487371025489,3.93188298828319,2.5872135341594,2.56723344101169,59.1826358813244,16.4275310191158,71.3277520530846,70.7129264333663,67.4791035206011,70.2026294076962,70.6430695744159,60.4630202078499,58.1489917924387,55.7798483515407,58.7422487392659,59.2111871311127,3.12155447133182,4.14415027759877,4.1122349773102,2.47374341397656,2.57816807780212,59.1823735675109,15.8755065789905,71.3071343203811,82.1018418205479,82.547429996909,82.772817400605,78.1163671714482,59.077003210886,62.5782473699669,59.1130267069694,63.6443683135866,60.326639769385,3.36124616199709,2.4210944593057,2.80512132006938,2.02036414322527,2.21677960248696,60.534475581715,16.9832804686346,71.3277520526906,70.7129266510035,67.4791038085503,70.2026296479071,70.6430697172274,60.4630201813637,58.1489918770798,55.7798484152363,58.7422488329433,59.2111871524285,3.12155447591222,4.14415024467192,4.11223495233182,2.47374340531268,2.57816807089614,59.182373593349,15.8755066001596
72.3176840027698,-132058.95,-210749.1,-199091.3,-123315.6,-126230.05,72.0744192244023,72.1005325040943,71.7181179147813,71.4770512171652,71.5089683116947,61.1911288868451,59.6163405048778,59.0463356384262,60.1526554193722,59.8414043932783,2.89942689028554,4.03375788264592,3.75421480223509,2.60200135319418,2.58515806933211,59.2137070672629,15.8745589976928,71.7111347489132,70.989323520916,67.4699787933709,70.1971485273079,70.6345743110344,60.5443063761603,58.2271579546573,55.7612275610825,58.7430905512892,59.2109381069028,3.09592123434118,4.10521519720931,4.11243878543498,2.47381271347119,2.57879956080596,59.1753834184535,15.8712745023863,71.4997055178205,82.1847399619155,82.5443793132974,82.7625647438508,78.112505028842,59.1767314502153,62.6021104858998,59.1094790909039,63.6486218518461,60.3265848119019,3.31815990692445,2.41035057909516,2.80586047321667,2.02066460192382,2.21688898076304,60.5304706499524,16.9852412212829,71.7111347467004,70.9893236380852,67.4699789511368,70.1971486588153,70.6345743892971,60.5443063618475,58.2271580004447,55.7612275961247,58.7430906026296,59.2109381185789,3.09592123666709,4.10521517947116,4.11243877176057,2.47381270872862,2.57879955701827,59.1753834326356,15.8712745140449
72.463401847968,-132058.95,-210749.1,-199091.3,-123315.6,-126230.05,72.2632082769337,72.2875819452314,71.8399929015926,71.4482808713954,71.5123294432219,61.2534675462827,59.6913708494291,59.1139972069725,60.1714520901634,59.875518451945,2.86612604524362,3.99788535634233,3.7382216475764,2.61297690703653,2.59198993914675,59.3066750407674,15.8071998953456,72.1573296396943,71.0620524223154,68.1794357362276,70.3878507115631,70.4664588032401,60.7115801499266,58.5794269170498,56.3428322390767,59.1047549011631,59.337024549738,2.98091097758205,4.02992294418053,4.02599729220639,2.48161299932767,2.56952784725245,59.1858311781961,15.8063879285254,71.807100806763,82.1619241938011,82.5832996298035,82.7540006020558,78.0940713900565,59.3689781599063,62.6649464490175,59.17937786737,63.6556830399355,60.5607586224243,3.22216241527779,2.38478384722918,2.79287420572542,2.01431888663703,2.20985567626648,60.5364739857121,16.9479559079442,72.1573296360806,71.0620525368449,68.179435884848,70.3878508391582,70.4664588819425,60.7115801360736,58.5794269592046,56.3428322683444,59.10475494812,59.3370245623646,2.9809109800713,4.02992292720584,4.02599727948291,2.48161299450609,2.56952784354132,59.1858311921321,15.8063879403042
71.4983110456193,-132058.95,-210749.1,-199091.3,-123315.6,-126230.05,72.2803097209591,72.2855518464931,71.9790566967073,71.4326746461223,71.5480845034473,61.2620410272375,59.6962467256213,59.1706962486859,60.1785536896654,59.9040522809349,2.86390770970024,4.00007843179651,3.7141828406259,2.61824919991271,2.59038247548188,59.4137576541941,15.7868006575172,72.4147730967434,71.2331250832025,68.730573888377,70.436803048215,70.4095941621719,60.7995972868462,58.8281737033871,56.7728437441937,59.2641281393674,59.3970667970167,2.92451082067245,3.96653223528541,3.95706847773104,2.48986698698611,2.56746810657294,59.2392748647692,15.6166236697892,72.0771666011362,82.1430829474434,82.593916214432,82.761397028288,78.1076079901374,59.5356376579665,62.6841280349214,59.2813237795879,63.6702746620906,60.7006754748154,3.1396682914804,2.37711340789921,2.77736946719069,2.0129231662659,2.20488726688755,60.5540705313719,16.8505013213723,72.4147730929183,71.2331252068128,68.7305740454493,70.4368031878532,70.4095942493907,60.7995972725254,58.8281737470752,56.7728437726149,59.2641281892892,59.3970668117866,2.92451082311019,3.96653221727722,3.95706846436499,2.48986698158231,2.56746810246488,59.2392748796659,15.6166236837691
71.4969051614502,-132058.95,-210749.1,-199091.3,-123315.6,-126230.05,72.0372879137852,72.0175165043117,72.044363150525,71.4357807882999,71.609209622019,61.1869977702651,59.5979042110372,59.1720508373305,60.1595981295712,59.9061769657009,2.90824523972229,4.05473268377101,3.69573014040601,2.61312662997304,2.57732315194886,59.5016716037383,15.8491578458212,72.0096126545,71.0082761494953,69.1467322275547,70.4402401446076,70.4132096771417,60.7311017560776,58.8820996540294,57.097068759957,59.3308272413936,59.4333747272939,2.93119595808258,3.97516117070441,3.90498262730903,2.49764248408776,2.56609159175195,59.3197808454045,15.4386711068551,71.9975414676348,82.0138238197628,82.5907700035907,82.7671952195221,78.1313812452168,59.5100728726927,62.6592758615854,59.3926853411695,63.6836298875669,60.781116530593,3.14457822745024,2.38878754240225,2.76153028462923,2.01182862186889,2.20156358998572,60.5803731049385,16.7436260763645,72.0096126543632,71.0082762742055,69.1467323798968,70.4402402842914,70.4132097646007,60.7311017422414,58.8820996968308,57.0970687859699,59.3308272907177,59.433374742566,2.93119596050054,3.9751611527283,3.90498261435191,2.49764247858272,2.56609158762127,59.3197808596889,15.4386711216423
71.50625444457,-132058.95,-210749.1,-199091.3,-123315.6,-126230.05,71.7932549437564,71.7705448317898,71.9983253666052,71.4565313083095,71.6726435358064,61.10761330631,59.5014099913971,59.1309890883165,60.139764843819,59.9017191331649,2.95305660905911,4.10446282809721,3.69715934702531,2.60375552349003,2.56245779697416,59.5610184255141,15.9208921046458,71.6967506879266,70.8764801336395,69.3173659303563,70.3759699383119,70.4184698799446,60.6642501998724,58.9065258759977,57.30294751512,59.3246126199279,59.4248090519317,2.95272063298102,3.98162758754429,3.88957103354023,2.50829285062361,2.56849006886558,59.3899497315543,15.4000520091902,71.9324553789717,81.9009626288663,82.6103821416367,82.7616033287672,78.1308657978494,59.4869845404554,62.6450358545026,59.4444722863257,63.6897089226251,60.801977088591,3.15039638969701,2.39591500218683,2.75259558347643,2.01029715380694,2.20094811528926,60.5960611794279,16.7108174986394,71.6967506905951,70.8764802584523,69.3173660808521,70.3759700785348,70.4184699672598,60.6642501865441,58.9065259183229,57.3029475393651,59.324612669347,59.4248090675232,2.95272063521899,3.98162756959178,3.88957102066805,2.50829284498559,2.56849006470449,59.3899497452092,15.4000520240299
71.5987973839577,-132058.95,-210749.1,-199091.3,-123315.6,-126230.05,71.664851469919,71.6529817954176,71.8777453534918,71.489579547287,71.7131424382004,61.0633435263082,59.4517168008247,59.0729258839379,60.1317737490484,59.8965346844603,2.97649210162742,4.12729400661499,3.71520994151507,2.59434733375471,2.5525512602037,59.5931021361847,15.9658946437159,71.4846707176159,70.8021923550241,69.3674469149011,70.2860037126661,70.4130845000517,60.6137004038505,58.9175876679495,57.4272005452576,59.2866581002167,59.3995694567338,2.97344534228341,3.98580312609472,3.89024978986355,2.51912732841298,2.57250995887654,59.4397847435723,15.4103419182767,71.8827398061507,81.8020597630441,82.6372970464636,82.7515705959964,78.1104034553307,59.4683994239987,62.6348968252475,59.4659202835162,63.6923583893288,60.7916932430724,3.15562227618394,2.40119933505912,2.7474962107761,2.00960053821095,2.20193416157984,60.6082543964738,16.7046640700711,71.4846707220827,70.8021924784563,69.3674470638053,70.2860038525452,70.4130845864252,60.6137003909987,58.9175877096624,57.4272005681346,59.2866581496541,59.3995694723551,2.97344534432766,3.9858031083135,3.89024977704044,2.51912732269546,2.57250995471822,59.439784756684,15.4103419328006
71.6457560582651,-132058.95,-210749.1,-199091.3,-123315.6,-126230.05,71.6434005430987,71.6426748415877,71.7526693883169,71.5234095938103,71.7162366971847,61.0539017542022,59.443822814137,59.0229001969001,60.1343295586886,59.8874457756476,2.97986763005114,4.12811039694432,3.73711352321057,2.58722329627121,2.5499222374642,59.6096363369152,15.9822370839414,71.3983909205927,70.7933766951581,69.3672138479745,70.1925019418256,70.3970959204124,60.5896404206141,58.932559104071,57.4993047431558,59.238472687991,59.3711262642842,2.98597321296303,3.98362012751147,3.89617037239854,2.52895202932577,2.57706042665606,59.4712160417682,15.4292388743591,71.8696531887425,81.7246539242556,82.6640945452011,82.7380057196057,78.073433483868,59.4669649908589,62.6292854143054,59.4728953399396,63.6923202900794,60.7648186988569,3.15415039216625,2.40438002976162,2.74449453414457,2.00955030978694,2.20393406655477,60.618273257824,16.7070720783075,71.398390925857,70.7933768172676,69.3672139965093,70.192502081967,70.397096006162,60.5896404080731,58.9325591453658,57.499304765202,59.2384727377434,59.3711262798527,2.98597321484168,3.98362010987034,3.89617035953357,2.52895202352371,2.577060422488,59.4712160545816,15.4292388886333
71.7685660627955,-132058.95,-210749.1,-199091.3,-123315.6,-126230.05,71.6789919812734,71.6853038379354,71.6671908224616,71.5463232279031,71.68670763923,61.0637834709062,59.4576645599618,58.9926423071371,60.140247021455,59.8728623582858,2.9726504786675,4.1183916813786,3.75339543929899,2.58336808001566,2.55314813219995,59.6218243012398,15.9809538115607,71.3753497563402,70.8087083981858,69.3615393623861,70.1108032905799,70.376682304304,60.5811016860202,58.9474854966735,57.5429659841099,59.1929455746207,59.348048390714,2.99179603341431,3.97938358196755,3.90079936205803,2.53709683155876,2.5811851667396,59.490811811188,15.4340279855408,71.8721170204301,81.6608817746067,82.6855416215106,82.7223866667551,78.0254724265926,59.472283843051,62.6247210349307,59.4778557723797,63.6907053485593,60.7316332752503,3.15026974149443,2.4069763843397,2.74218194904787,2.00999145009287,2.20644556766279,60.6279021843642,16.7058702769195,71.3753497618241,70.8087085179842,69.3615395094713,70.1108034298006,70.3766823887399,60.5811016737798,58.947485537267,57.5429660054693,59.192945624272,59.3480484059875,2.99179603516372,3.97938356460957,3.90079934926792,2.53709682573998,2.58118516260281,59.4908118237405,15.4340279995808
71.7518793763828,-132058.95,-210749.1,-199091.3,-123315.6,-126230.05,71.7399648477947,71.7493045978411,71.6316283971091,71.55221841183,71.6386322534163,61.0826515088576,59.4809804861061,58.9833670566881,60.1447636350573,59.8556686595584,2.960906154857,4.10473406364736,3.76119620809553,2.58305588464497,2.55983961699288,59.6342381607067,15.9697319282377,71.4339485416712,70.8683755625292,69.3624727260936,70.0447056831564,70.3566283240741,60.5917273848225,58.9724829758403,57.5715036909038,59.1542065950924,59.331620061093,2.98998626832164,3.96938547014845,3.90294914844637,2.54364391705394,2.58456945856794,59.5035260055504,15.4259469565461,71.9088586121924,81.6182493479206,82.7014167164754,82.7052301038127,77.9700860576946,59.4950354686827,62.6236227650415,59.4837836426717,63.6880191838706,60.6967126831789,3.13898233601472,2.40790939923033,2.7401445326578,2.01070140933536,2.2092182635178,60.6371515634834,16.700681779911,71.4339485469222,70.8683756813897,69.3624728735812,70.0447058231427,70.3566284082555,60.5917273726965,58.9724830162106,57.5715037120478,59.1542066452224,59.3316200761867,2.98998626996907,3.96938545288333,3.90294913558933,2.54364391116124,2.58456945441772,59.5035260180848,15.4259469706408
75.9999994600238,-132058.95,-210749.1,-199091.3,-123315.6,-126230.05,72.2109694289376,72.2797988036605,71.6489046279839,71.5412565757745,71.5877746492317,61.2362854626559,59.6845693961472,59.0428436111437,60.1964191390202,59.8977827264438,2.87528139821134,3.99819695664018,3.77378727019021,2.59731294998566,2.58019827664249,59.6479579859695,15.8247768516699,71.4675542321987,70.9033371210454,69.3824118389593,69.9991206576383,70.3422537834014,60.5991719951911,58.9892035899246,57.5956424636159,59.1256601761294,59.3243762994944,2.98736498153498,3.96312052592998,3.90115486729298,2.54848415859849,2.58670889698475,59.5143458207162,15.4008533134829,71.9317007273463,81.5779281763831,82.7102264216874,82.6880182902787,77.9125783456768,59.5097574416063,62.620309413658,59.4958262242102,63.6853077568343,60.6647914595965,3.13148952334723,2.40972666268193,2.73775052812039,2.01160889232512,2.21194139783399,60.6473553767679,16.6867072805866,71.4675542362658,70.9033372145798,69.3824119557421,69.9991207688226,70.3422538497351,60.5991719856453,58.9892036217415,57.595642480266,59.1256602160826,59.3243763112396,2.98736498279785,3.96312051231863,3.90115485709884,2.54848415389421,2.58670889370092,59.514345830644,15.40085332475
76.0000018071732,-132058.95,-210749.1,-199091.3,-123315.6,-126230.05,73.7701548598549,73.9410111826368,71.9381649259048,71.517964962285,71.5580947278524,61.6935249349872,60.2723363714804,59.3113284843843,60.3687388152368,60.0889513787052,2.61292304689416,3.68420557084305,3.76757811134393,2.64288236702108,2.62988229329133,59.6801433045121,15.3374713893936,74.033736341432,72.8119372932616,69.4057102974556,69.9666829284874,70.3332473690637,61.1472591595152,59.5055683390249,57.6159366270526,59.1037671336628,59.3214082449646,2.81110439579521,3.69885052158782,3.89841348360416,2.55224103414211,2.58803001288749,59.5235946606391,15.3759552600027,73.2208904657448,82.0667564514324,82.7159731980477,82.6702255297031,77.8534506191458,60.1941277306495,62.7339528009943,59.5081836560614,63.6823427549746,60.6346688364803,2.82926768387137,2.35749859716836,2.73553909819453,2.01250919548257,2.21464824583786,60.6568635379387,16.6727753171198,74.0337363343096,72.8119373743554,69.4057104140846,69.9666830398001,70.3332474349582,61.1472591511636,59.5055683673131,57.6159366436331,59.1037671737819,59.3214082564718,2.81110439595436,3.69885050983445,3.89841347341466,2.5522410294128,2.58803000961579,59.5235946705692,15.3759552713659
81.0000003149975,-132058.95,-210749.1,-199091.3,-123315.6,-126230.05,75.5005344400976,75.7097629914092,72.7241875192547,71.4953317932942,71.614477413762,62.1206031797477,60.8182355965464,59.7408125134169,60.5560061711959,60.3266267564437,2.35840558860039,3.38166841788686,3.66411603848788,2.69359320746793,2.67212048855259,59.7699405325769,14.7699037409957,75.6048006412568,73.9381420528134,70.0800650750386,70.2344590948856,70.4870532980789,61.521196937483,59.8910408038068,57.8174359163377,59.2305591887748,59.4941424915809,2.65819857803137,3.52707164011308,3.78761499476328,2.5368579802981,2.56543026326754,59.6101081559109,14.8819489209615,74.1338457141438,82.46110317575,82.6006961332621,82.6969945023478,77.912816115684,60.681544515938,62.7876575565611,59.7535777023233,63.7079486237297,60.7235282351148,2.61296308954437,2.3309716908391,2.70870184109945,2.01568092076335,2.20980117992042,60.732061252994,16.3632190586839,75.6048006286035,73.9381421261288,70.0800651827424,70.2344592020896,70.4870533619561,61.5211969302602,59.8910408287238,57.8174359329926,59.2305592272898,59.4941425021562,2.65819857764225,3.52707162982411,3.78761498548235,2.53685797581488,2.56543026020838,59.610108165562,14.8819489337035
85.99999791604,-133796.51,-216751.58,-204461.94,-124579.28,-127651.69,78.1734716958798,78.509179004947,74.0066625900399,71.5052294157775,71.8647876332985,62.5912664670222,61.4029654650662,60.1902297324567,60.7194164144892,60.5896740650193,2.05173091771128,3.02770055532292,3.53607187507607,2.75992619065149,2.70526729093769,59.9107666130575,14.0806968296995,79.1190424136577,76.8611783855867,70.9492756701997,70.6210442488539,70.7854446725676,62.3074804462586,60.6704716674666,58.1088712463459,59.4025655063089,59.7090538511895,2.37496463943638,3.1245728157487,3.64738574116412,2.51535204885663,2.53134943680362,59.7450352211159,14.3623450131791,75.9512643824481,83.400597947468,82.4568780824983,82.735235812298,78.0475284258374,61.5692416321161,62.9202807053324,60.0651012236137,63.7435283121306,60.8588456040314,2.25039062242832,2.26585181256631,2.67444449160864,2.01533614766912,2.20126779770148,60.8241544574872,15.9899911944274,79.1190423637778,76.8611784885566,70.9492758513986,70.6210444396043,70.7854447869165,62.3074804346343,60.6704717028921,58.1088712771487,59.4025655746618,59.7090538692941,2.37496463747484,3.12457280222726,3.64738572584417,2.51535204098337,2.53134943160615,59.7450352381078,14.3623450388081
85.9999969151188,-133796.51,-216751.58,-204461.94,-124579.28,-127651.69,81.2938314882045,81.6955446393407,75.912713456772,71.6199420846835,72.4492118362522,63.0397039618313,62.0216564572632,60.8810305735169,61.0034157653317,61.0508206943473,1.75141168417824,2.63254989328199,3.25019493964985,2.80393481768741,2.67600888214263,60.0740038232382,13.1141002169401,82.7229422717921,80.3428873991522,72.6380045826961,71.3531002672375,71.5498450671905,63.1139905318153,61.520191790847,58.5258533020138,59.6399472191712,60.0663337383716,2.08430969653649,2.66057496808419,3.36278177667997,2.47100064278342,2.46837583076091,59.9235230877113,13.4197058384474,77.8680372402753,84.7431144725402,82.2010441380556,82.8335997362617,78.3841413827028,62.3342018302344,63.0688642668539,60.5803475176562,63.8177278578658,61.0926457774467,2.00903702365332,2.18961929388066,2.6191217428537,2.01735160463291,2.18344416758746,60.9774181582231,15.3377825390861,82.7229421953467,80.3428874684383,72.638004733276,71.3531004480097,71.5498451748034,63.1139905195367,61.5201918152325,58.5258533343639,59.6399472849547,60.066333754532,2.08430969535125,2.66057496066851,3.36278176497028,2.47100063564025,2.46837582627437,59.9235231043059,13.4197058686495
85.9051347307932,-133796.51,-216751.58,-204461.94,-124579.28,-127651.69,83.5611583808071,83.90240103976,78.1341141955191,71.8918515007745,73.3675045218409,63.2955306123737,62.3738358330533,61.4822969964715,61.2678158839007,61.5073787025989,1.5775722617371,2.40575680436126,2.93396805030814,2.80195293608068,2.57182734844063,60.2510329227508,12.2910774009278,84.2390360520155,82.1384754616269,75.1653597105214,72.5194264046726,72.9318712116652,63.4961959945982,62.0524246930637,59.1790764099411,60.0512599424461,60.5691302642496,1.91172756264403,2.40284533674166,2.93922005659624,2.40740157551343,2.3714035971412,60.1220590256061,12.2403096472019,78.9836561901355,85.7475996429525,81.8752491829933,82.9860768207764,78.9614366102805,62.6978332512735,63.1626695212197,61.2591374056283,63.9290969984736,61.5140453396902,1.93575954830939,2.13971866307369,2.54540210709853,2.01594116156164,2.15240512153604,61.1588694223232,14.5306570598012,84.2390359697865,82.1384755180975,75.1653598155087,72.5194265684405,72.9318713060077,63.4961959821065,62.0524247104353,59.179076442487,60.0512600031212,60.5691302790344,1.91172756302005,2.40284533262461,2.93922005043431,2.40740156938839,2.37140359371461,60.1220590418287,12.2403096830382
85.9000865108629,-133796.51,-216751.58,-204461.94,-124579.28,-127651.69,84.8051695199622,85.0391261485437,80.2387572804898,72.3912136473766,74.58524244173,63.4248869373592,62.5496592594195,61.9316668506767,61.5398933948817,61.9377855370951,1.49532599069498,2.30296665054413,2.66868729517036,2.7432650679424,2.4117256273627,60.4347937998918,11.6219706317146,84.9546236255235,83.2152461540822,77.2306152835394,73.7824445318084,74.6380457954584,63.696160756078,62.38301263044,59.8139049535113,60.4646885527352,61.0404117615352,1.80733626001462,2.24605148509134,2.60133696390192,2.33798889311042,2.26532434662826,60.3300057629847,11.3111295882084,79.7135893912267,86.5253915798484,81.5905090927011,83.1458206986417,79.6602300574931,62.8951375277424,63.2298135380389,61.8801274427428,64.0478605052069,61.962810969966,1.92126185731189,2.10333643436707,2.47696871406093,2.00816634457692,2.11712918752751,61.3230612597239,13.7890061702345,84.9546235435465,83.2152462058574,77.2306153517341,73.7824446782644,74.6380458740122,63.6961607435489,62.3830126436851,59.8139049858299,60.4646886087809,61.0404117759628,1.80733626179657,2.24605148285908,2.60133696195663,2.33798888795155,2.26532434431028,60.3300057785174,11.3111296269658
85.8796337707874,-133796.51,-216751.58,-204461.94,-124579.28,-127651.69,85.4310452738215,85.5728281771239,81.9615842010149,73.1190629437996,75.9491558310247,63.4938564919747,62.6426992282071,62.2414397444801,61.8225813171184,62.3071135042407,1.45736505037626,2.2587091572643,2.47746154949628,2.63516099733352,2.23589659137672,60.6194550375687,11.0645933458471,85.3354484702468,83.9324789599881,78.7171231395009,75.0046974990113,76.3940018601093,63.8101916487254,62.592999988402,60.3533938259918,60.8434678027191,61.4686527780546,1.74285787295256,2.14361508075719,2.36486770933757,2.2637431815116,2.15540349612154,60.5320686790094,10.6136037865669,80.2401037281045,87.152264113421,81.3678130512265,83.3052933331059,80.409960975432,63.017563580582,63.2824489429957,62.387673002997,64.1666837103581,62.375698205162,1.9271867711766,2.07462202457108,2.4202905137487,1.99749191964255,2.08172008849751,61.4695724485297,13.1492199585816,85.3354483906575,83.9324790102812,78.7171231809047,75.0046976286667,76.3940019228387,63.8101916363446,62.5929999991712,60.3533938577673,60.8434678546278,61.4686527922226,1.74285787583178,2.14361507967951,2.36486771020328,2.26374317735275,2.15540349497061,60.5320686936532,10.6136038261732
85.882383605338,-133796.51,-216751.58,-204461.94,-124579.28,-127651.69,85.7016076505957,85.7833900148086,83.2016137609309,74.0523591052402,77.3177125695108,63.531117326264,62.6932611047181,62.4427410271029,62.104808330496,62.601872462964,1.44202910113731,2.2430577341444,2.35349482932004,2.49156068477663,2.07274581111434,60.8022992486916,10.6028881604927,85.546583357275,84.4307755922189,79.7651548594406,76.1337557765969,78.0213225676512,63.8771088994198,62.7273213486817,60.7909151304907,61.1854525016648,61.8571674021625,1.70277698480204,2.07471584301444,2.20280904444449,2.18573641862354,2.04696789978845,60.7262670082635,10.0738452108843,80.6364882064689,87.6666189789062,81.1998621104541,83.4608487501349,81.1658637949357,63.1000939120135,63.3250959702149,62.7848344988552,64.2818767426056,62.7295985408329,1.93958412635315,2.05128384732996,2.37546914822109,1.98596730512358,2.04817350920291,61.6003042094023,12.6070643246315,85.5465832805651,84.4307756427721,79.7651548818549,76.1337558910672,78.021322616778,63.8771088872806,62.7273213580207,60.7909151616415,61.1854525500399,61.8571674157924,1.70277698850165,2.07471584264836,2.20280904714194,2.18573641550257,2.04696789980729,60.7262670219185,10.0738452504605
85.8941320578739,-133796.51,-216751.58,-204461.94,-124579.28,-127651.69,85.821728864179,85.8678155590919,84.0714548846477,75.0930074850618,78.5973563069637,63.5538477736962,62.724740193067,62.5762761522951,62.3623973891304,62.8286461669185,1.43572224515936,2.23792609301197,2.27287710653197,2.33830488605089,1.9343494595929,60.9812292350928,10.2191797903471,85.6696383022908,84.7908039621498,80.5048365405733,77.1541984197029,79.4394104233931,63.9175688433503,62.815603620966,61.1392769778526,61.4940646648898,62.2017189498805,1.67770689548523,2.0266541862346,2.09165579355063,2.10634218810335,1.94596515118828,60.9128808992114,9.6450860429062,80.9461781183879,88.096504073849,81.0744906747134,83.6095748653727,81.8964001178572,63.160083347703,63.3606150510763,63.089580723889,64.3910620011468,63.0177567019056,1.95296794559226,2.03182944027086,2.34081675011746,1.97450695105512,2.01757770368963,61.7167546818227,12.1530466097415,85.6696382284388,84.7908040138349,80.5048365494799,77.1541985206336,79.4394104618085,63.9175688315069,62.8156036294873,61.1392770083459,61.4940647101848,62.2017189626393,1.67770689978898,2.02665418631552,2.0916557974463,2.10634218604208,1.94596515230795,60.91288091178,9.64508608211853
85.8941322474855,-133796.51,-216751.58,-204461.94,-124579.28,-127651.69,85.8707930982828,85.8980408464274,84.6459760481524,76.1650613387217,79.7326600846243,63.5684432068782,62.745589091516,62.6634978311278,62.5842050961391,62.9992917889981,1.43350330300804,2.23701976716928,2.22249280355205,2.19191244336921,1.82283658609522,61.1532850720055,9.9077649031938,85.7441250638257,85.0576330114414,81.0320870896736,78.067303905745,80.6353623441363,63.9425618196847,62.8752951521266,61.4151859747985,61.7726785216381,62.4993322197331,1.66194319037543,1.9921592041459,2.01467390381662,2.02817169476086,1.8560774753124,61.0908514521949,9.3019788087447,81.1935550949369,88.4605127539819,80.9802744947958,83.749850527117,82.5802990924726,63.2059300557602,63.390666811018,63.3224088419573,64.4930723875084,63.2428162066569,1.96536529592008,2.01536625435897,2.31422532980288,1.96355134244857,1.99042951818011,61.8203864277635,11.7766440505773,85.7441249926769,85.0576330646459,81.0320870888635,78.0673039945925,80.6353623745456,63.9425618081674,62.8752951601845,61.4151860046182,61.7726785641719,62.4993322313576,1.66194319511948,1.99215920450875,2.01467390850015,2.02817169375051,1.85607747741302,61.0908514636013,9.30197884743646
85.8941323724124,-133796.51,-216751.58,-204461.94,-124579.28,-127651.69,85.8901658735627,85.9076700746871,85.0251678395181,77.2082617442197,80.7168038662563,63.5784902177782,62.7603497646592,62.7219342606243,62.7683346636611,63.128355996814,1.43290413178272,2.23751568390971,2.19052988297674,2.06150956467112,1.7342176048898,61.3165445458379,9.6566768682301,85.7886181415165,85.2565944423253,81.4127995056446,78.8804045946754,81.6281831584805,63.9578982756878,62.9161172591854,61.6338387451967,62.0236813176812,62.7513368777204,1.65204951793949,1.96716099566578,1.96067082144986,1.95342223930463,1.7784261829031,61.2588748061174,9.02959287602723,81.3919710204815,88.7709052213636,80.9084349521823,83.880859079724,83.2041903531025,63.2416470086047,63.4162420984816,63.500955208696,64.5874513441161,63.4122458822504,1.9761783705286,2.00134855689867,2.29380286016247,1.95328695046873,1.96685135927125,61.9124833537127,11.4675433960407,85.7886180727742,85.2565944972721,81.4127994977587,78.8804046728582,81.6281831831216,63.9578982644891,62.9161172670049,61.6338387743893,62.0236813577661,62.7513368880538,1.6520495230073,1.96716099620031,1.96067082665843,1.95342223930251,1.77842618584916,61.2588748163366,9.02959291414494
85.8941327186852,-133796.51,-216751.58,-204461.94,-124579.28,-127651.69,85.896002908635,85.908622469303,85.2720378544279,78.1882495217588,81.5543655663184,63.5856615755431,62.7711298473756,62.7615441638094,62.918652086436,63.2265791069148,1.43298983000091,2.23846607238184,2.17036109083375,1.9494978774531,1.66425967508057,61.4695579144655,9.45557454575017,85.8153391538927,85.4063710185051,81.6909192202017,79.6023857340671,82.4467158918134,63.9673250592528,62.9446268540781,61.807558457587,62.2488354352746,62.9619829345273,1.64585426615641,1.94877807871884,1.92236033964125,1.88364976016426,1.71252866967803,61.4161385169652,8.8164714670235,81.5521830466713,89.0375731898761,80.8528992869974,84.002301608303,83.7609811715715,63.2699830014043,63.4381914254999,63.6386080777478,64.6741602389604,63.5355143317533,1.98532438118662,1.9893150493129,2.27806902837456,1.94377416492195,1.94672747449555,61.9941435437768,11.2161232473274,85.8153390872376,85.4063710752795,81.6909192070992,79.6023858028604,82.4467159123622,63.9673250483498,62.944626861795,61.8075584862157,62.2488354731949,62.9619829434945,1.64585427146408,1.94877807935264,1.92236034520281,1.88364976110431,1.71252867333976,61.4161385260024,8.81647150454241
85.8941338347461,-133796.51,-216751.58,-204461.94,-124579.28,-127651.69,85.8956921470432,85.905950267102,85.4308104496575,79.0872551862716,82.2577350213039,63.5909197394801,62.7791735463755,62.7887155775769,63.0406449274813,63.3019142088352,1.43334761054674,2.23950327620678,2.15774644164308,1.8550988220966,1.60912029289756,61.6115607520488,9.29481644339077,85.8314297783598,85.5198944050551,81.8965911040329,80.2424448180041,83.120140214184,63.9731191159412,62.9649265997049,61.9460873185235,62.4498161850276,63.1367485374906,1.64198591838657,1.93510144448967,1.89484945634571,1.81975092356968,1.65716103199733,61.562334243288,8.65158572432018,81.6820933747867,89.2680982631956,80.8093972394121,84.1143009785912,84.2488008011158,63.2927165085582,63.4571532255068,63.7454859355603,64.7534541288132,63.6224938886718,1.99294080626342,1.97891769241249,2.26588127789309,1.93502375816338,1.92978318313873,62.0663909987295,11.0133052249342,85.8314297134843,85.5198944636588,81.8965910870345,80.2424448785412,83.1201402318307,63.973119105303,62.9649266074009,61.9460873466574,62.4498162210453,63.1367485450853,1.6419859238738,1.93510144517474,1.89484946214685,1.81975092537198,1.65716103625982,61.562334251169,8.65158576124602
85.9414558605084,-133796.51,-216751.58,-204461.94,-124579.28,-127651.69,85.8942540054136,85.9037211760571,85.5326325299384,79.9011411411311,82.8454346129531,63.594974946892,62.7854762865706,62.807728936025,63.1399867018189,63.3604259215412,1.43370071069415,2.24032976905281,2.14988369212104,1.77601416999692,1.56541864676289,61.7426846050696,9.16534698862781,85.8411291464623,85.6063692772691,82.0505926047509,80.8094444412356,83.6742933705784,63.9766767340089,62.979628594315,62.0570007034338,62.6283901203534,63.2811452145342,1.63957792614176,1.92483270180816,1.87483578893641,1.76208932809387,1.6108903637043,61.6975186995981,8.52483274712735,81.7877217519811,89.4684118438542,80.774933511392,84.2172109319279,84.6696781394966,63.3110815971983,63.4736221491702,63.8290944176275,64.8257386911491,63.6822500830571,1.9992318063938,1.96988618258646,2.25637926465649,1.92701509060822,1.9156608090931,62.1301894164594,10.850809976896,85.8411290828861,85.6063693378438,82.0505925847427,80.8094444946852,83.6742933861907,63.9766767235693,62.9796286020631,62.0570007312284,62.628390154818,63.2811452208254,1.6395779317828,1.9248327025148,1.87483579492078,1.76208933068067,1.61089036848451,61.6975187063844,8.52483278360944
85.9394111730353,-140623.33,-240335.14,-225563.02,-129544.24,-133237.27,85.8961747766851,85.9061786234754,85.6048588039771,80.6632942035224,83.3573614594065,63.5105375788488,62.5378139164526,62.5735834883548,63.1216976635906,63.3074846894982,1.50104065372223,2.4574997957033,2.34020795535762,1.76462946742793,1.58788320596175,61.8700625208533,9.65126107817284,85.8536828701402,85.6793803271475,82.1673354151555,81.3116396767184,84.130835416346,63.9801000033297,62.9926018097084,62.1461579663487,62.7864323855427,63.4001731737721,1.63784591313733,1.91605289534946,1.86007803347548,1.71064467947099,1.5723302681546,61.8219525240686,8.42760198257024,81.8797205572965,89.6456719879232,80.747382297457,84.3115139032597,85.02829463983,63.3273885600008,63.488329958269,63.8949727838017,64.8914923855186,63.7224197721243,2.00445446610102,1.96183890938707,2.24892173290787,1.91971086774118,1.90397465365232,62.1864482800451,10.7213290974541,85.853682787949,85.6793804091801,82.1673353857874,81.3116397387632,84.1308354349076,63.98009998983,62.9926018199612,62.1461580025184,62.7864324290804,63.400173180437,1.63784592071969,1.91605289629642,1.86007804151772,1.71064468379499,1.57233027501382,61.8219525316073,8.42760203001012
85.9375924090488,-140623.33,-240335.14,-225563.02,-129544.24,-133237.27,85.8998346854358,85.9106535140732,85.6483153032278,81.3356625464334,83.7711064627915,63.5139935941086,62.5435387889897,62.5857428804636,63.1949407904949,63.3473970101031,1.50102698202601,2.4576312552522,2.33703217176461,1.70634986725171,1.5588188168408,61.9744199907539,9.56085909313532,86.0687572404359,85.7266163759747,81.7250149394827,81.7502688004529,84.5507387087276,63.9724215994198,62.8296206835772,62.0119632106019,62.8357014461553,63.4122049307175,1.68591515807377,1.94397946503004,1.93258731070623,1.67684609666429,1.55799947251203,61.9359901239219,8.35131382790919,81.9488224610058,89.8603092235117,80.6934204932425,84.4154329786819,85.4680421117812,63.3266229671438,63.4960828307252,63.8948641609927,64.956400461473,63.608183402879,2.01909457577873,1.95622772288796,2.25295457776042,1.91831805473223,1.89472949924534,62.2361421616723,10.6179133014579,86.0687571552315,85.7266164614636,81.7250149181483,81.7502688555711,84.5507387276984,63.9724215860641,62.8296206973603,62.0119632495421,62.8357014900135,63.4122049347705,1.68591516496426,1.94397946528335,1.93258731733174,1.67684610165817,1.55799947947594,61.9359901301293,8.35131387478472
85.9338399616941,-140623.33,-240335.14,-225563.02,-129544.24,-133237.27,85.9058217538579,85.9173876201036,85.6740087832162,81.9122361777893,84.096161862181,63.5168913076179,62.5483218134394,62.594397221088,63.2535311417237,63.3776511240461,1.50081986158798,2.45742606779995,2.33530679537491,1.65897998281571,1.53663856475652,62.0589860578036,9.48917127233506,86.1808384983345,85.7625421256219,81.5390938616144,82.1300729259851,84.8959340210912,63.9755676721348,62.7371415404645,61.920101332398,62.8925119785041,63.4461548159209,1.70258770466041,1.95904645214259,1.96017552496652,1.64417237278294,1.54040704174749,62.0238215157695,8.47145744066994,82.0114731021014,90.0494097802755,80.657741905081,84.4966115905606,85.8021642576744,63.3312748484465,63.50823122387,63.9072352737976,65.0086133420735,63.5422018900966,2.027965383183,1.94909855697074,2.25382506927929,1.912935922883,1.8871380884965,62.2799519919685,10.5558262708635,86.1808384121203,85.7625422142658,81.5390938433898,82.1300729749205,84.8959340398302,63.9755676588121,62.7371415564091,61.920101373488,62.8925120222609,63.4461548179069,1.70258771138857,1.95904645193689,1.96017553103861,1.64417237834044,1.5404070489172,62.0238215210658,8.47145748377054
85.930291430675,-140623.33,-240335.14,-225563.02,-129544.24,-133237.27,85.910848323937,85.922563294995,85.6908398510918,82.4095219222519,84.3564878464475,63.5192153776322,62.5521114876245,62.6009211395212,63.301214110334,63.4012117592462,1.50063872402723,2.45728032845808,2.33426433366533,1.6199455474958,1.51927669538006,62.1330309881576,9.43140562902651,86.2377197285067,85.7891419273768,81.4555610995279,82.4633022540197,85.1796838244754,63.9804103017049,62.6848910834525,61.8494255613241,62.9513682980969,63.4845503313767,1.70724434577917,1.96702102841234,1.9701742808965,1.6144549882817,1.52324954281704,62.1063756988945,8.56926299308138,82.0644583447064,90.2149255399128,80.6327321840144,84.5711617180003,86.0681409254071,63.33743471144,63.5206895519438,63.9253971690632,65.0563644007667,63.508107864107,2.03363479171197,1.94210846521227,2.25306550674414,1.90773137256858,1.88051644559996,62.3176007418147,10.5115217590315,86.2377196422238,85.7891420188807,81.4555610825158,82.4633022976001,85.1796838428444,63.9804102884113,62.6848911007328,61.8494256042452,62.9513683416181,63.4845503318638,1.70724435252735,1.96702102789727,1.97017428674533,1.61445499434525,1.5232495502036,62.1063757032616,8.56926303323794
85.9269455869453,-140623.33,-240335.14,-225563.02,-129544.24,-133237.27,85.9134556689732,85.9248408965758,85.7022314564453,82.8351318764703,84.5638378985241,63.5209762357555,62.55494768149,62.6059133432327,63.3400702806081,63.4195782235905,1.50058199645293,2.45733906290843,2.33361756845642,1.5878081742848,1.5056976736945,62.1998824878954,9.38504447579708,86.2672174223251,85.8086135986942,81.4076820185578,82.7575081254831,85.4124883101982,63.9844835252053,62.6555247123246,61.7902042484482,63.0093980890096,63.5210013747002,1.70782846673238,1.97111679169948,1.97438031647982,1.58810198137855,1.50777787584232,62.1848293171571,8.62000156208764,82.1077557146554,90.3597342923543,80.6144748736137,84.6400815238574,86.2844641719364,63.3434673422357,63.5322263924279,63.9451247983065,65.1002168294644,63.4922082589279,2.03744487127524,1.93573102882686,2.25157727283356,1.90292992497414,1.87474619232496,62.3502401772414,10.4773993573872,86.2672173363385,85.8086136927774,81.4076820021602,82.7575081644006,85.4124883282241,63.9844835119539,62.6555247304482,61.7902042929958,63.0093981322321,63.5210013741049,1.70782847354638,1.97111679096797,1.97438032221018,1.58810198788684,1.50777788342848,62.1848293205765,8.62000160048475
85.9237894067442,-140623.33,-240335.14,-225563.02,-129544.24,-133237.27,85.9136244611228,85.9245055868374,85.7099135953985,83.1969507413914,84.7281880379119,63.5222563148519,62.556995553626,62.6097511134415,63.3717653927463,63.433901520098,1.50065647056163,2.45758967950839,2.3332292038097,1.56136841173145,1.49508942588458,62.2608514242174,9.34793319149573,86.2829667693055,85.822728746988,81.3708010057942,83.018117939767,85.6031778670556,63.9873883607191,62.6391050299841,61.7383575193056,63.0650996074764,63.5535155141783,1.70728461682823,1.97313117496279,1.97711254236561,1.56498390839524,1.49427367336438,62.2576063946057,8.63801778345153,82.1424206453922,90.4866098795056,80.6007884390439,84.7035540724165,86.4624341870696,63.3487571720983,63.5425574050642,63.9640404049625,65.1403344374592,63.4859925391549,2.04011653035544,1.93005176894019,2.24986596524541,1.8985159162287,1.86977202476256,62.3788557655033,10.4500932370341,86.2829666837204,85.8227288433905,81.370800989878,83.018117974605,85.6031778848164,63.9873883475186,62.6391050486584,61.7383575653105,63.0650996503715,63.5535155127826,1.70728462370787,1.97313117407234,1.97711254800343,1.56498391528935,1.49427368112594,62.2576063971119,8.63801782090716
85.9208123321603,-140623.33,-240335.14,-225563.02,-129544.24,-133237.27,85.9119875631011,85.9224116731233,85.7147743508941,83.5027026788396,84.8578573862758,63.5231627237561,62.5584478405631,62.6126857451225,63.3976355043178,63.4450690473516,1.50082694087538,2.45796269438653,2.33303467211989,1.53963266530751,1.486815360084,62.3164235718792,9.31827233277331,86.2915226336026,85.8328482223131,81.3370652156503,83.249453242286,85.7591438308343,63.9892969119538,62.6299652890545,61.6921377059496,63.1176966664208,63.5817500470864,1.70660179365438,1.97405921059068,1.97971000646953,1.54479985625489,1.48266431677487,62.3238206352739,8.63840748885784,82.1698077767877,90.5979925892164,80.5903611590603,84.761815906946,86.6099383134919,63.3531493655628,63.5517041608876,63.9809779913925,65.1769148793432,63.484693062416,2.04205191652033,1.92503425078601,2.24819752917152,1.89446632143108,1.8655204635249,62.4041351583582,10.4278874284142,86.2915225484164,85.8328483207974,81.3370652002177,83.249453273543,85.7591438484183,63.9892968988061,62.6299653081047,61.6921377532545,63.11769670898,63.5817500450804,1.70660180058735,1.97405920957745,1.97971001201854,1.54479986348168,1.48266432468761,62.3238206369338,8.63840752584218
85.8218398117617,-140623.33,-240335.14,-225563.02,-129544.24,-133237.27,85.9062556525875,85.9156928814741,85.7173388935907,83.7614490192575,84.9605865190878,63.5235939079508,62.559099091303,62.6148823021178,63.4188783360506,63.4538199625587,1.50124019550448,2.45873829075179,2.33299751055673,1.52165715150489,1.48031841610681,62.3670597464193,9.29495156442469,86.2961399699786,85.8399978039439,81.3046079352381,83.4551323042924,85.8865178217625,63.9904780787749,62.624889059878,61.650688483603,63.1668195290226,63.6059479638306,1.70605609443333,1.97444403673925,1.9824550833174,1.52721499734208,1.47276242378231,62.3833758270737,8.63088846099602,82.1912389567638,90.6959694765615,80.5823444654941,84.8151591877828,86.7328852785108,63.3566835351092,63.559775981615,63.9955080544858,65.210185162602,63.485772565851,2.0434863979689,1.92060996627253,2.2466971284059,1.89075958981867,1.86190341969308,62.4265623517175,10.4097860791974,86.2961398854615,85.839997903925,81.3046079203672,83.4551323322944,85.8865178391886,63.9904780657255,62.6248890791267,61.6506885318813,63.1668195710941,63.6059479613563,1.70605610138079,1.97444403563084,1.98245508875796,1.52721500482721,1.47276243179445,62.3833758279629,8.63088849762229
85.8276577224373,-140623.33,-240335.14,-225563.02,-129544.24,-133237.27,85.8905391407663,85.897704127533,85.7170317690773,83.9774879615394,85.0406060162778,63.523175678984,62.5583053654477,62.6163009521682,63.4361130465396,63.4605279906032,1.50226697710001,2.46054973732742,2.33317180061677,1.50693019762235,1.47528950389625,62.4127283995704,9.27820821656281,86.2828846470069,85.8302379467888,81.2734124657215,83.6382507625287,85.9903615054528,63.9883481318599,62.6171118055147,61.613482292941,63.2123389540394,63.6265340176729,1.70614473906651,1.97680274191414,1.98530792627349,1.51190896261562,1.46435633193746,62.436615091631,8.62078093939853,82.1939774741976,90.7781031914332,80.5761541294095,84.8639019793252,86.8358665458507,63.3562181739384,63.5661961104979,64.0076150436281,65.240383271064,63.4879235109466,2.04442483426317,1.91704348871736,2.24541050015982,1.88737426012448,1.85883083712783,62.4465009987807,10.3951195662451,86.2828845628004,85.8302380486846,81.2734124513622,83.6382507877697,85.990361522865,63.9883481188419,62.6171118250601,61.6134823422456,63.2123389958047,63.6265340148184,1.70614474603301,1.97680274068347,1.98530793163002,1.51190897034792,1.46435634006123,62.4366150918346,8.62078097593908
85.823748672674,-140623.33,-240335.14,-225563.02,-129544.24,-133237.27,85.8684279923383,85.8737578369883,85.7125951516641,84.1567140674349,85.1021663313594,63.5221807536849,62.5566544152653,62.6169274393427,63.4500539277456,63.4656082666658,1.5036865534767,2.46290246497458,2.33368328584399,1.49490154140136,1.47143841036764,62.4536319247603,9.26661225606426,86.2763376279597,85.823716732422,81.238049121516,83.800538588316,86.0734998428738,63.9870002894969,62.6126353626834,61.5791015821875,63.2540497551566,63.6435094594384,1.70653526467868,1.97823754535388,1.98917734480297,1.49871431825521,1.45732086964263,62.4839931860221,8.61472314908554,82.1976021614981,90.8511311818022,80.5724832150041,84.9081667403674,86.9218812326047,63.356437669079,63.5721254675855,64.0152787668496,65.2676330251997,63.4900913091045,2.04497894074034,1.91378158290503,2.24457763447665,1.88426429582259,1.85625163885102,62.4639493604841,10.384919320738,86.2763375439752,85.8237168359406,81.2380491078115,83.800538611123,86.0734998603426,63.9870002765131,62.6126353824401,61.5791016323504,63.254049796618,63.6435094562794,1.70653527164751,1.97823754402668,1.98917735006187,1.498714326194,1.45732087785694,62.4839931856094,8.61472318553532
85.8235370673294,-140623.33,-240335.14,-225563.02,-129544.24,-133237.27,85.8472620074407,85.8522075545511,85.703734343927,84.3049191628327,85.1489173002499,63.5211339166183,62.555052468877,62.6168630457435,63.4613528642635,63.4694333620794,1.50504159775208,2.46501134075132,2.33457245113555,1.48508262533847,1.46852492869932,62.4900269528614,9.25823294367674,86.2718411590077,85.8181701435333,81.2045655307146,83.9446900405359,86.1400193093093,63.985973076227,62.6096553735592,61.5480522640946,63.292184301783,63.6576487303469,1.70692246914901,1.97929565046413,1.99296365082043,1.48728849170081,1.45141025967746,62.5259062088953,8.61020524242505,82.2001696767813,90.9156904836707,80.5701459401086,84.9484857430603,86.9943210629677,63.3566501026632,63.577412240858,64.0204244242406,65.2922744913809,63.4922305902604,2.04532453283458,1.91087944396373,2.24400893220054,1.88145222136298,1.85406778696624,62.4793450967196,10.3778028000509,86.2718410751693,85.8181702484945,81.2045655176515,83.9446900612047,86.1400193268999,63.9859730632688,62.6096553934859,61.5480523150023,63.2921843429661,63.6576487269408,1.70692247611693,1.97929564905539,1.99296365598962,1.48728849981689,1.45141026796843,62.5259062079366,8.61020527882103
81.0000103215688,-140623.33,-240335.14,-225563.02,-129544.24,-133237.27,85.732064201581,85.7116317834994,85.6906065106343,84.4301760203478,85.1849685840186,63.5134863055846,62.5408761174085,62.6152210663712,63.47006178845,63.4716715944242,1.51232683075922,2.47845829117568,2.33573449274933,1.47682487879709,1.46623806692263,62.52279677361,9.26958256040395,86.269102943951,85.8139349442975,81.174177656323,84.0729228751511,86.1930296769945,63.9852847127238,62.6077560460205,61.5202021672413,63.3269443117233,63.6694027142557,1.70723189878968,1.98002983249034,1.99642667351753,1.47738158694987,1.44645486149507,62.5631392618564,8.60661794713393,82.2023208463623,90.9729613030885,80.5686369166414,84.9851481389172,87.0556403361453,63.3569087482324,63.582130078202,64.0238973118707,65.3145185068744,63.4942737374202,2.04554765918583,1.90829347036509,2.24362001072556,1.87890615447776,1.85221035515178,62.4929661772353,10.3730423165209,86.2691028644515,85.8139350451488,81.1741776444856,84.0729228929837,86.1930296938572,63.98528470044,62.6077560650681,61.5202022161848,63.3269443505774,63.6694027108322,1.70723190540325,1.980029831088,1.9964266783498,1.47738159479908,1.44645486942699,62.5631392604846,8.60661798166489
81.0000017859943,-134835.9,-220342.2,-207674.6,-125335.2,-128502.1,85.0984536382457,84.9714752063263,85.6380263682415,84.5256588837011,85.2069939601526,63.5443142341646,62.6801299663369,62.8107122124694,63.5437192622105,63.5454489820755,1.49478726302079,2.36192411821647,2.17386767430895,1.42735487640288,1.41750739709584,62.5509940542073,8.87544132904493,85.4240446256715,85.0501720234193,81.147262130681,84.1871816568271,86.2351076488481,63.8321542448438,62.3293184300082,61.4953415468116,63.3585547104359,63.6791491481894,1.73320915376558,2.09986351135367,1.99947826442048,1.46877942729118,1.44231056631727,62.5962807254067,8.60367387334163,81.487035931248,90.8133804981454,80.5676229831048,85.0184557326949,87.1078099269976,63.1745347173472,63.5454377486515,64.0263061045149,65.3345774472393,63.4962137036473,2.05071981507744,1.92517626737564,2.24334781889927,1.87660195734821,1.85062244636322,62.5050499649167,10.370027627207,85.4240445829601,85.0501720859425,81.1472621243927,84.1871816658453,86.2351076583158,63.8321542377095,62.3293184432015,61.4953415742692,63.3585547318731,63.6791491462048,1.73320915721016,2.09986350945854,1.99947826706614,1.46877943171552,1.44231057074692,62.596280724417,8.60367389250426
85.9999986637806,-134835.9,-220342.2,-207674.6,-125335.2,-128502.1,84.2381515702726,84.0422045731265,85.4636598500105,84.6014294509743,85.2153937348431,63.482139335303,62.5805124394032,62.787195400514,63.5432225552257,63.5403116625876,1.55226604618747,2.45322995138347,2.18832880430043,1.42218537330316,1.4166220979736,62.5823095572313,9.03263227314814,84.78233942512,84.427310332151,81.2986148383741,84.2662821269356,86.1979761425813,63.7322924037451,62.3277415314156,61.635144534442,63.4384104789147,63.7260284315502,1.73368964900634,2.1533701699548,1.98231885857083,1.45639320853615,1.4297105621349,62.6189971722539,8.83056704725358,81.0287117190007,90.6424882420572,80.6547838962559,85.0266692452191,86.9869133389166,63.0770402231329,63.5367528689151,63.9431695838893,65.3431528100274,63.6037153340382,2.03808811911786,1.93067627864166,2.24885868880812,1.86913553492427,1.85089329429343,62.498085487141,10.4607562966735,84.7823393707819,84.4273104221228,81.2986148290539,84.2662821379431,86.197976154002,63.7322923942596,62.3277415489175,61.6351445678533,63.438410506488,63.7260284297796,1.73368965341285,2.15337016673105,1.9823188624293,1.45639321451107,1.429710568232,62.6189971705036,8.83056707085244
85.9999997467489,-134835.9,-220342.2,-207674.6,-125335.2,-128502.1,83.8924085393852,83.7727515700777,85.1574546917969,84.6611231627109,85.1989945039425,63.455387839609,62.5487481781379,62.7549681244396,63.5441928225896,63.5361680003732,1.57649461337326,2.48070380396828,2.21509162321448,1.41823046023996,1.41742354045486,62.6116246982648,9.10794404125084,85.2497625621591,84.815975603581,81.1963629940672,84.2976338049036,86.1040350622156,63.8207218713357,62.5738565155334,61.7095873312763,63.4945615853711,63.7373417539055,1.71495001011573,2.0719113938023,2.00767648683617,1.45213526299661,1.42433038590766,62.6376860043642,8.92168591305503,81.3524687243068,90.7046437039302,80.7473375206024,85.0450482325667,86.9173402621316,63.187949073625,63.5626251716787,63.8150389226596,65.3557439388754,63.6549607876543,2.01239088348517,1.91934100023913,2.26046234174646,1.86654191409829,1.8513372903414,62.4832568731374,10.5740865598977,85.2497625057413,84.8159756888262,81.196362987567,84.2976338157232,86.1040350739892,63.8207218621756,62.5738565298469,61.7095873617551,63.4945616123138,63.737341752713,1.71495001442152,2.07191139159367,2.00767649049553,1.45213526899562,1.42433039208908,62.6376860021286,8.92168593697543
85.9999983371024,-134835.9,-220342.2,-207674.6,-125335.2,-128502.1,84.0933178245696,84.0977122498491,84.8276343925094,84.7058343898431,85.1486348506802,63.4700768791199,62.5832609577483,62.7244417042544,63.5473388325163,63.5330132021171,1.56225944951217,2.44721397887344,2.24508563239811,1.41544438988976,1.42051895329089,62.6347031607122,9.09052240396436,85.5309268762201,85.096555237066,81.318181313618,84.3448382048939,86.0418979690575,63.8807395162617,62.721474654731,61.8003824853893,63.5452002105878,63.7583477106839,1.69567741816009,2.01899942476565,1.99209469742336,1.44475736874837,1.41836774351774,62.6555305905511,8.77055978081996,81.5708660985091,90.7531196772203,80.7681432110997,85.0693808056472,86.8977488955733,63.2505361707301,63.5737992714853,63.8022170690135,65.3710571946908,63.6878804769535,2.00512695302779,1.91420097508567,2.26076411544776,1.86605352917265,1.85082254430405,62.4847369469266,10.6057074921975,85.5309268188937,85.0965553189512,81.3181813056555,84.3448382153825,86.0418979814469,63.8807395071388,62.7214746670693,61.8003825143682,63.5452002370192,63.7583477096638,1.69567742263972,2.01899942324857,1.99209470131266,1.44475737484711,1.41836774977802,62.6555305880786,8.77055980738583
85.9999993095584,-134835.9,-220342.2,-207674.6,-125335.2,-128502.1,84.5425004452479,84.630772334737,84.584198846374,84.7333491463663,85.062594082819,63.5027174412618,62.6394909670461,62.7036547367953,63.5507943572197,63.5289140910041,1.53133010166935,2.39415180359493,2.26793081954504,1.41383672239905,1.42592442400091,62.6536765287026,9.03317387120926,85.6999415054225,85.3032707005778,81.5074406571734,84.4018698526421,86.0035185982518,63.9204305798452,62.8114521399465,61.8910867879549,63.5895591368137,63.778632718196,1.67985734025893,1.98369949560363,1.96378235523247,1.43674347663924,1.41351579008706,62.6831342002542,8.59169288601747,81.728454771258,90.7939770764969,80.7600450090445,85.0898956833077,86.8957094103946,63.2891520087025,63.5796503757876,63.8341460568028,65.3842789439969,63.7084820365686,2.00527548202545,1.91133468091177,2.25675850405543,1.86509193037887,1.85019054033928,62.4925176767188,10.5984436094271,85.6999414479306,85.303270780062,81.507440646354,84.4018698626021,86.0035186111673,63.9204305707067,62.8114521510671,61.8910868160829,63.5895591627944,63.7786327171805,1.67985734496973,1.98369949455606,1.96378235947364,1.43674348284007,1.41351579640843,62.6831341974948,8.59169291506749
85.97768279889,-134835.9,-220342.2,-207674.6,-125335.2,-128502.1,85.0062738549973,85.124896744017,84.4731508410581,84.7420893272781,84.9502255456967,63.535226563984,62.6899968191181,62.6957161747897,63.5532372926822,63.5231950783453,1.50057203125253,2.3468108226945,2.27866877320455,1.41341653555498,1.43302172859346,62.672349899451,8.97248989130002,85.8021213325608,85.4576218667994,81.6942210673926,84.4646732246382,85.9834560720716,63.9463210289056,62.8674205625632,61.9738075659624,63.6280302910915,63.7950763122773,1.66807227424528,1.95954114308395,1.93528700783974,1.4290622062396,1.41007727486409,62.7120896145636,8.4490406763757,81.8474760009289,90.829637503114,80.7417870313494,85.1077997616995,86.900550881897,63.3149653770728,63.5834455183359,63.8801243494036,65.3960877696231,63.7228122118511,2.00814794749906,1.90937206493384,2.25148142323403,1.86392472868184,1.84956697872789,62.5030763570431,10.5726150136726,85.8021212754136,85.4576219444286,81.6942210536293,84.4646732339318,85.9834560853242,63.9463210197821,62.8674205729102,61.9738075935099,63.6280303166411,63.795076311233,1.66807227915959,1.95954114235898,1.93528701240896,1.42906221252365,1.410077281215,62.7120896115432,8.44904070706273
85.9300971493231,-134835.9,-220342.2,-207674.6,-125335.2,-128502.1,85.3651756199729,85.4749062294464,84.5062874403643,84.7280556639193,84.8255396050041,63.5596365646646,62.7249656997282,62.701345930098,63.5539356440694,63.5162884347651,1.47755361446805,2.31431224538999,2.27579424192282,1.41439992816938,1.44094224586515,62.692937491,8.92300227581538,85.8609659293289,85.5705614563281,81.8540513232179,84.5303317156101,85.9774391528367,63.9624471964807,62.9020153896433,62.0458469043593,63.6613740907068,63.8075766846533,1.659859993196,1.94311107705296,1.91100541129061,1.42203388687927,1.40781708773668,62.7386383679594,8.34937529167243,81.9371847358072,90.8602898022858,80.7214722622642,85.1238842922169,86.9082635967918,63.3327072651143,63.5862001837891,63.9270297871861,65.4069066138325,63.7339185791889,2.01172463607076,1.90789364699197,2.24622363974402,1.86272525407017,1.84896885446932,62.5145161612018,10.5388545497672,85.8609658728407,85.570561532481,81.8540513069129,84.5303317241551,85.9774391662371,63.9624471874147,62.9020153994931,62.0458469314415,63.6613741158361,63.8075766835928,1.65985999826157,1.94311107654596,1.91100541611654,1.42203389322362,1.40781709408767,62.7386383647328,8.34937532319297
85.9083694067711,-134835.9,-220342.2,-207674.6,-125335.2,-128502.1,85.6052436432194,85.6906313592808,84.6355342040002,84.6938030731659,84.7073041359525,63.5756902411388,62.7463587953994,62.715685657455,63.5529612227436,63.5093925910375,1.46252865224005,2.29471062127733,2.26386419728933,1.41662635986879,1.4485106315256,62.7149353642069,8.8862404622011,85.8899664015836,85.6491760930628,81.9813449758223,84.596524082013,85.9816345929544,63.9714848017325,62.9223956600626,62.1068657794136,63.6903352368368,63.8168980922593,1.65453497703935,1.9324001413138,1.89196385120824,1.4157443934852,1.40638973846095,62.76186888725,8.28501574922824,82.0022230462682,90.8856485563522,80.7026581601817,85.1384962504128,86.9170321711975,63.3445964653166,63.5882293789305,63.9691939147024,65.4169118580726,63.7430125086531,2.01511946197191,1.90677318927822,2.24153847794677,1.86156393827949,1.84840844840388,62.5257874433948,10.5032957671631,85.8899663457105,85.6491761683194,81.9813449574455,84.596524089802,85.9816346063976,63.9714847927231,62.9223956696317,62.1068658061783,63.6903352616505,63.8168980911975,1.65453498222153,1.9324001409455,1.89196385623219,1.41574439989235,1.40638974481347,62.7618688838571,8.28501578110851
85.9002016111114,-134835.9,-220342.2,-207674.6,-125335.2,-128502.1,85.7432354275364,85.8030840084343,84.8145474617383,84.6427999571574,84.6125469404578,63.5849211495446,62.7576734412065,62.7341195004586,63.5505460575345,63.503741136659,1.45402997007745,2.2846399631818,2.24740029593394,1.41988968925037,1.45462517038376,62.7366811703706,8.86058508882732,85.9045737550342,85.7059326126307,82.0777389218098,84.6613688022511,85.9926004761478,63.9765779919344,62.9351036846895,62.1575257710967,63.7155375347435,63.8238623774241,1.65121868041844,1.92506060761676,1.87790743724028,1.41019802837002,1.40549521537184,62.7818843557756,8.24688786407915,82.0517908278261,90.9074692231899,80.6868509173031,85.1517894784068,86.9258819178192,63.3532845925074,63.5899403477827,64.0043034595043,65.4261731139088,63.7505010893343,2.01801395052055,1.90582348903689,2.23764769671932,1.86046864019617,1.84790026851372,62.536299870567,10.4696235431043,85.9045736996993,85.7059326873368,82.0777389018334,84.6613688092947,85.9926004895519,63.9765779829825,62.9351036940945,62.1575257976207,63.7155375593122,63.8238623763705,1.65121868568647,1.92506060734047,1.87790744240698,1.41019803483694,1.4054952217258,62.7818843522484,8.24688789600277
85.898491234774,-134835.9,-220342.2,-207674.6,-125335.2,-128502.1,85.8136798340998,85.8537487477354,84.9996441184119,84.5824952346083,84.552541032207,63.5897423103833,62.7630300937007,62.7525199332091,63.5472480910052,63.5002531446497,1.44973648401469,2.28015709422803,2.23056067478305,1.42373767375645,1.45853032235497,62.7564531936766,8.84272224913718,85.9123410261537,85.7481586197744,82.1495773131472,84.7237632313042,86.0079617107232,63.9795069694156,62.9435384998859,62.1992669907009,63.7375647830055,63.8293174695188,1.6491965510454,1.91980008172981,1.86775667906608,1.40531492441929,1.40488587997142,62.7991046560537,8.22581593569564,82.0909451033828,90.9267065084715,80.6740326724541,85.1639274489193,86.9344963913674,63.3600369319051,63.5914682499033,64.032696430277,65.4347680809516,63.756683006519,2.0203913722537,1.90497821212259,2.23450383915532,1.85946166026651,1.84744291155996,62.545858757586,10.439335831292,85.912340971277,85.7481586941403,82.1495772919579,84.7237632376251,86.0079617240285,63.9795069605198,62.9435385091904,62.1992670170296,63.7375648073779,63.8293174684758,1.64919655637589,1.91980008151696,1.8677566843327,1.40531493094101,1.4048858863267,62.799104652417,8.2258159674826
85.8984910967505,-134835.9,-220342.2,-207674.6,-125335.2,-128502.1,85.8474826059065,85.8742773182129,85.1659129969651,84.5213596497782,84.5279575107583,63.592189363891,62.7654718773707,62.7687159201326,63.5437160510135,63.4991043218307,1.44769393493181,2.27837246215968,2.21561475591329,1.42764718516282,1.46015571857793,62.7736010143288,8.82948405674555,85.916850404187,85.7802776106251,82.2032454720455,84.783083750994,86.0260314601374,63.9812519075262,62.9494626743493,62.2336093502985,63.7569111856271,63.8338919237304,1.64797043723876,1.91589511821911,1.86043082325235,1.40100338438801,1.40439560983019,62.8140643445429,8.21497844962274,82.122575231099,90.9438941406459,80.6637387642108,85.1750129699411,86.9427542705916,63.3654775367113,63.5928564218898,64.055466923729,65.4427471130169,63.7617902119513,2.02232359355971,1.90421351808114,2.23198358006028,1.85854576430432,1.84703181780496,62.5544388297612,10.4128768503142,85.9168503496998,85.7802776847765,82.2032454499377,84.7830837566222,86.0260314733019,63.9812518986834,62.9494626835886,62.2336093764611,63.7569112098363,63.833891922695,1.6479704426146,1.91589511805135,1.86043082858798,1.40100339095848,1.40439561618661,62.8140643408146,8.21497848118536
83.1403331469684,-134835.9,-220342.2,-207674.6,-125335.2,-128502.1,85.810398228029,85.816311261742,85.305960814922,84.4650057003342,84.5325311937733,63.5900127741462,62.7603674029467,62.7817629145528,63.5400854413725,63.4996075278979,1.44996823360528,2.28359620721993,2.20312219569491,1.43124434714627,1.45987313636127,62.7883857509316,8.82780412002766,85.9196122902295,85.8049312481281,82.2438358446194,84.8390041828346,86.0455870056639,63.9823153492369,62.9537620978109,62.2619028161845,63.7739798246434,63.8379813698712,1.64722567365112,1.91294637303579,1.85507917422525,1.39718268930887,1.40392812692511,62.8272269110304,8.20991777412541,82.1483209406036,90.9593107065162,80.6554604131914,85.1851232035562,86.9505959539233,63.3699100486036,63.5941140145076,64.0737482107392,65.4501502158307,63.7660162331651,2.02389299705605,1.90352249873836,2.22996122437049,1.8577157518762,1.84666213843762,62.5620863831206,10.3901847781564,85.919612247036,85.8049313071624,82.2438358264274,84.8390041867988,86.0455870160292,63.9823153422229,62.953762105145,62.2619028369359,63.773979843841,63.8379813690469,1.64722567796518,1.91294637292786,1.85507917851886,1.39718269458346,1.40392813199585,62.8272269079937,8.20991779909651
78.1403346276295,-136955.82,-227665.56,-214227.08,-126876.96,-130236.58,85.3813494007417,85.2961156756854,85.4002458593979,84.4195107527377,84.565307145255,63.5343651907357,62.6306152345285,62.7113413882068,63.5089491182709,63.4711406906371,1.4979369556615,2.40013993518864,2.25613653989838,1.44984509736197,1.47528236864933,62.8008937088338,9.07934089675982,85.5057764510952,85.4197424177429,82.2750009783493,84.8913781075432,86.0657215060112,63.9062082848434,62.8202302084462,62.2852605408322,63.7890947317271,63.841799148832,1.66125645811306,1.97203047299646,1.85110338108447,1.3937881397633,1.40343709453766,62.8389437095984,8.20796079141651,81.8094137870582,90.8577696855879,80.6487783603359,85.1943240312867,86.9579811168978,63.2853582882109,63.5765061000168,64.0884727637783,65.4570133033555,63.7695203544316,2.02481320166739,1.91190621933525,2.22833339500715,1.85696385475073,1.84632972545727,62.5688722597562,10.3709833041423,85.505776403359,85.4197424879715,82.2750009573477,84.8913781114556,86.0657215175342,63.9062082768255,62.820230218213,62.2852605641196,63.7890947532672,63.8417991478986,1.66125646280817,1.97203047222,1.85110338595616,1.39378814574492,1.40343710025734,62.8389437061106,8.20796081935057
73.1403350746477,-136955.82,-227665.56,-214227.08,-126876.96,-130236.58,83.9922443733416,83.6863122816425,85.3489342763159,84.3895676768329,84.6155161103817,63.4319478065198,62.4530066150129,62.6927640357069,63.497215722492,63.4647350300064,1.59167961957953,2.56203031284727,2.25939626530375,1.4511087758369,1.47133345731266,62.8063348709651,9.3355484308801,84.3587282909478,84.313922492122,81.9944709219189,84.9138023682639,86.0571275883397,63.6694338218376,62.3632886468717,62.2179388101246,63.7820181015751,63.8078441171208,1.73041599091736,2.15608355124117,1.89854020213431,1.39839387138461,1.41004907117594,62.8460750199288,8.31850811895158,80.8166531266791,90.5562880871214,80.6676582282081,85.2014908102788,86.9972225163584,63.0115819857589,63.5158519838463,64.0255724079482,65.4618980271888,63.7155869469593,2.04900159862504,1.94024003801427,2.23600663000981,1.85713695985295,1.84690393670518,62.5664437608506,10.3983967644187,84.3587282399681,84.3139225819658,81.9944709028227,84.9138023724045,86.0571276018701,63.6694338123694,62.36328866346,62.2179388361412,63.7820181257529,63.807844115793,1.73041599550263,2.15608354813463,1.89854020699132,1.39839387798711,1.41004907746341,62.8460750159042,8.31850814888656
71.3892128118,-136955.82,-227665.56,-214227.08,-126876.96,-130236.58,81.5452216316997,80.9450801936002,85.0006347377052,84.3746106267346,84.6627415458422,63.2147363100059,62.0877079402888,62.6275901606973,63.4738726920469,63.4451153162339,1.78529943117169,2.88483315857031,2.28798839833912,1.45052654904121,1.46669808936616,62.8002536364394,9.87534562648849,82.3708484896995,82.515285979334,81.4160340459511,84.8678009236167,85.9530866630768,63.2513851278811,61.6772847217671,62.096005705514,63.7619412688345,63.7506830759978,1.85930823433314,2.44422833631722,1.99772798881243,1.41060512368611,1.41965917625793,62.8274214616046,8.77712634217604,79.2531798651664,90.0421452190422,80.7675346536066,85.1927709795906,86.9731421159355,62.50741763285,63.409311713829,63.8159294386038,65.457759985216,63.6543299742895,2.14721291348792,1.98983483961113,2.25883024071822,1.85523246782766,1.8496819486597,62.5371721920301,10.5719905008318,82.3708484500564,82.5152860750427,81.416034037705,84.8678009277489,85.9530866760474,63.2513851184211,61.6772847437909,62.0960057273839,63.7619412903979,63.7506830747727,1.85930823799403,2.44422833053932,1.99772799213251,1.41060512933982,1.41965918172594,62.8274214579139,8.77712636499886
71.3933943329354,-136955.82,-227665.56,-214227.08,-126876.96,-130236.58,78.4420141012547,77.6579497952464,84.074442887971,84.3727820431658,84.6595677561568,62.8461222476404,61.5067166735656,62.4725013798202,63.4318486126781,63.4017316857958,2.09833495417173,3.36818695823489,2.36966044965928,1.44774230668623,1.46392378550897,62.7598906785008,10.7478484542611,80.1334208078903,80.4690947701366,80.3382125291091,84.712499634332,85.6975184187872,62.7435184370372,61.0267990126734,61.8760814164588,63.7187149711747,63.6514653470337,2.04814571466563,2.74655110451367,2.18314119692408,1.43518144527263,1.43546232726819,62.7627690357855,9.63746618240886,77.6620621302732,89.4740401307664,80.9721793957176,85.1709106476614,86.8851709463067,61.9376900398523,63.3117016604851,63.4053075150568,65.4453057188881,63.569710642942,2.29381206047004,2.03636912099795,2.30286276411189,1.85317979229034,1.8551591128494,62.456060963793,11.0193481509603,80.1334207764755,80.4690948846031,80.3382125371678,84.7124996401591,85.6975184338841,62.7435184267939,61.026799041718,61.8760814358975,63.7187149931223,63.6514653459945,2.04814571778842,2.74655109548618,2.18314119844592,1.43518145058602,1.43546233260317,62.7627690318867,9.63746619997468
71.9134752481836,-136955.82,-227665.56,-214227.08,-126876.96,-130236.58,75.5673335776135,74.8217678045889,82.6060723697347,84.373289121849,84.5663139437556,62.364571065709,60.8210029656676,62.2138703778903,63.3710375989802,63.3319565770538,2.47867860899669,3.88552863973736,2.5102373175879,1.44351548384256,1.46554243740155,62.6614978538471,11.7835024875661,78.0238718060642,78.4882417183452,78.8365447298361,84.4343775814298,85.2673232654478,62.2329141585916,60.5158059104881,61.5553526891913,63.6484103777905,63.5140381496254,2.26342173149769,3.01593869888592,2.44029978329011,1.47120627481301,1.45692531741586,62.631114450825,10.7441501386395,76.3477500045267,88.935173126721,81.2439960280098,85.1404687538224,86.7501583796061,61.4398720222779,63.2467518274665,62.8577364523792,65.4265623229375,63.4623732360914,2.43731166880181,2.0691502950898,2.36166129173735,1.85244928473862,1.86276743385319,62.3219452373853,11.7650168854737,78.0238717855951,78.488241845925,78.8365447592363,84.4343775900527,85.2673232835565,62.2329141489069,60.5158059438389,61.5553527050962,63.6484103995056,63.5140381489945,2.26342173362126,3.01593868732358,2.44029978232977,1.47120627946881,1.45692532237207,62.6311144470494,10.7441501511065
76.9134738826354,-136955.82,-227665.56,-214227.08,-126876.96,-130236.58,73.8037788447171,73.3659506523613,80.651464958006,84.3615318608792,84.3210791506476,61.9669010184741,60.3568774159253,61.8594799505428,63.3101778164968,63.2506519184724,2.76469906155212,4.18172545969619,2.72399463959705,1.44014846764251,1.47694451132585,62.4690497107363,12.5875121398137,76.2972960077545,76.7975563126519,77.1241446162688,84.0426133549808,84.6562544619067,61.7937729756687,60.1376234722804,61.1542773201882,63.5516238950266,63.3533005271784,2.46450387253307,3.23449920458774,2.73066588156384,1.514554130857,1.48185381829184,62.4319414273366,11.8716307433875,75.387598339627,88.4470542005907,81.5255866312396,85.1034993543158,86.5845121340192,61.0664627016143,63.2054209841366,62.2782129541614,65.4026060472629,63.3398646613628,2.55016064709694,2.09165113982327,2.42434406309191,1.85332910032661,1.87174939157864,62.1567012228517,12.7123444156553,76.2972959959817,76.7975564634132,77.1241446732298,84.0426133687101,84.6562544868611,61.7937729662563,60.1376235119821,61.1542773347335,63.551623918981,63.3533005270046,2.46450387364159,3.23449918979764,2.73066587759959,1.51455413524124,1.48185382333765,62.4319414237746,11.8716307542676
77.9626103309367,-136955.82,-227665.56,-214227.08,-126876.96,-130236.58,74.1038773891918,74.1071198689993,78.5766383306324,84.3075573346885,83.8611013907412,62.0188621911201,60.5374742055234,61.5086932695229,63.2913843785305,63.1980881526458,2.70793246690685,4.00897518689678,2.99914642591369,1.44255927718438,1.50606552361288,62.2035134311882,12.6646788805146,77.1588909319466,76.9515347937735,75.4683274425345,83.5627469200653,83.8716805225278,61.9061191701316,60.312801211294,60.7092743277451,63.4328134811784,63.1856237432031,2.48933433230289,3.18699550765234,3.0067770984419,1.56007245210687,1.50806287593942,62.1916424501922,12.8271793502798,75.8491547585393,88.289754801852,81.7731347722329,85.0602354498575,86.3976359817691,61.350512533213,63.2564840129037,61.7501454239833,65.3737983309779,63.2112713019041,2.40981616097173,2.07244222554784,2.48213420203106,1.8554236874408,1.8815251956104,61.9927839190482,13.6833090958985,77.1588909150458,76.9515349400811,75.4683275238913,83.5627469393887,83.8716805551225,61.906119162962,60.312801249279,60.7092743411764,63.4328135062247,63.1856237435341,2.4893343312768,3.18699549327023,3.00677709167195,1.56007245591806,1.50806288075855,62.1916424476261,12.8271793613272
77.9753937492697,-136955.82,-227665.56,-214227.08,-126876.96,-130236.58,75.4640131677816,75.6742578812196,77.0075070861616,84.1501327089663,83.1424410313107,62.2913575611321,60.9346691421644,61.2378560458442,63.2871430005586,63.1444967877667,2.4843437796553,3.69076598560129,3.24606209083798,1.45315104366847,1.55615254612476,61.9916229574349,12.4304754458878,78.351711610504,77.4494811180536,74.7224508070204,83.1265560348564,83.0683105695133,62.1469399083959,60.5251597130424,60.3988989682176,63.3338238942671,63.0886916698948,2.42374690677179,3.10282295648189,3.12219502661428,1.5878853288308,1.52371753611655,62.0441520528875,12.9752685067218,76.3771999947519,88.1926117337004,81.854231925302,85.0249220299177,86.2451825825188,61.6358951830469,63.2786330221911,61.5340421002755,65.348903468932,63.1188520159415,2.28185393372482,2.06443685063489,2.50728828578204,1.85967964631671,1.88900984730383,61.9203849928257,14.1718769480779,78.3517115850238,77.4494812566885,74.7224508990525,83.1265560593539,83.0683106105093,62.1469399018011,60.5251597485746,60.3988989828661,63.3338239202707,63.088691670284,2.42374690494073,3.10282294308202,3.1221950186792,1.58788533233817,1.52371754083047,62.0441520512903,12.9752685221635
77.2929577025022,-136955.82,-227665.56,-214227.08,-126876.96,-130236.58,76.5820422951012,76.788304493913,76.2428130090889,83.8203414565114,82.2088642261726,62.4843195322563,61.1838847937797,61.0920295571805,63.2641798907831,63.0597391888093,2.32132561892691,3.48621568794334,3.37865474681244,1.4748412621626,1.62513179015394,61.9082420941485,12.2861691059992,79.1454626740325,77.8032832077069,74.673384256522,82.7468668913574,82.3029208542442,62.3323055607658,60.6721568643239,60.2227696649613,63.2548697617175,63.0257144947598,2.35066617681298,3.04377897442519,3.11709688802644,1.60441983246518,1.53676699617067,62.0077639003565,12.6979912658735,76.714446589744,88.0954180656624,81.8413766458282,84.9887033629388,86.1120818238697,61.8136857252949,63.2802005453354,61.508639434668,65.3241461068129,63.0611194852356,2.20381335582592,2.06489068276465,2.51191179295691,1.8630324140052,1.89477007439799,61.8946308247549,14.302922872539,79.1454626426521,77.8032833405612,74.6733843490488,82.7468669202958,82.3029209034141,62.3323055540713,60.6721568979894,60.2227696815597,63.2548697884284,63.0257144952168,2.35066617491735,3.04377896178938,3.11709688021452,1.60441983580343,1.53676700079189,62.0077638988962,12.6979912865905
76.3820506364145,-136955.82,-227665.56,-214227.08,-126876.96,-130236.58,77.0709438702929,77.1866007810046,76.1186990337445,83.2846410113834,81.1598066526227,62.5569069040939,61.2608243307899,61.0583018914307,63.2145755223065,62.9435659961426,2.25474174374322,3.41586941961146,3.39893204302669,1.51056185069835,1.70835752769777,61.9130876519399,12.2884625847775,79.3717066515468,77.8296178099225,74.8930967982045,82.406645078216,81.5999840727028,62.4028986491912,60.7103184571683,60.1253888329837,63.1863783620963,62.9531481322852,2.30902143167782,3.03404622513906,3.06771011584884,1.61713235201821,1.5558018348079,62.0275375600444,12.3703714819402,76.7945546206207,87.958445528158,81.7980896601262,84.9516808399552,85.9882683121822,61.8673006164704,63.265360770841,61.5581153708903,65.2997971318252,63.0269577467824,2.17590158523339,2.07253703741598,2.50799315413215,1.86538468060538,1.89949241983857,61.8884892277618,14.2683339402719,79.3717066179802,77.8296179418473,74.8930968881399,82.4066451113642,81.5999841298588,62.4028986422152,60.710318490447,60.1253888516445,63.1863783896229,62.9531481332465,2.30902142994398,3.03404621261571,3.06771010855871,1.61713235525162,1.55580183928436,62.0275375582334,12.3703715066606
74.7608819788981,-136955.82,-227665.56,-214227.08,-126876.96,-130236.58,76.9508847576893,76.9551292038586,76.279579026618,82.5871179997202,80.1145876653504,62.5270336370446,61.1968931316913,61.06476822623,63.1368038745347,62.8015990004774,2.26883962848739,3.45218668578905,3.36443660715206,1.55869334930487,1.79748583299151,61.9383323000436,12.4416421037249,79.1499332492577,77.5586679665064,75.0559016816278,82.0815332664697,80.9517640363522,62.3710460203394,60.6489275876167,60.0505034032473,63.1182770275276,62.8456872959955,2.3060700972466,3.06922639987822,3.03089272314006,1.63101462003447,1.58488808288319,62.0551019774028,12.1916651495703,76.6613363966124,87.7724258440964,81.7647988401646,84.913570944368,85.8646814512074,61.8225787487004,63.2391123058991,61.6024623259506,65.2755364551931,63.0016365149515,2.18572230845261,2.0854262828213,2.50407064729175,1.8670215917355,1.90393577908726,61.8845224834047,14.2065037999623,79.1499332155765,77.5586681047415,75.0559017724273,82.081533304799,80.9517641028446,62.3710460129163,60.6489276226728,60.0505034242518,63.1182770567243,62.8456872981061,2.30607009561779,3.06922638656327,3.03089271600994,1.63101462322863,1.58488808720125,62.0551019750941,12.1916651768396
71.3110362427067,-136955.82,-227665.56,-214227.08,-126876.96,-130236.58,76.0961007275168,75.965637372367,76.4083955588715,81.8081771077798,79.1777739995719,62.361358317777,60.9432088876524,61.0285105196376,63.0240272323102,62.6322512923936,2.38267337250638,3.62127686713296,3.32832568625416,1.61397111233703,1.88086241834779,61.9380263084524,12.8271094565783,78.335846186433,76.8505724716029,75.0255942589243,81.7512139530311,80.3314524512233,62.2041376974192,60.4440502360923,59.9637955056398,63.0437989996087,62.6983693647004,2.35382262688882,3.16988032192868,3.0295435586574,1.64830518271367,1.62371598580699,62.0626858403821,12.2143028837481,76.2278302733658,87.4926385717151,81.7589234662892,84.8739518733491,85.7347922380663,61.6396933009799,63.1924122949838,61.6024071414905,65.2508234984554,62.9736267984218,2.24844309432166,2.10778011097304,2.50451600241188,1.86833407748228,1.90866911992149,61.8732569961431,14.1903959705265,78.3358461594658,76.8505726077432,75.0255943450614,81.7512139929792,80.3314525203463,62.2041376901984,60.4440502712511,59.963795526602,63.0437990278424,62.6983693682217,2.35382262554073,3.1698803083416,3.0295435519409,1.64830518552842,1.62371598945229,62.0626858379588,12.2143029090276
71.3147578175726,-133913.88,-217157.04,-204824.72,-124664.64,-127747.72,74.5670697071769,74.3217425386739,76.2452953506251,81.0587485563163,78.4017169836591,62.1113296095141,60.6743471262678,61.0853542508824,62.9477110758556,62.525021707139,2.56897923234709,3.80214500833739,3.22841527563485,1.64476742299175,1.92263828478058,61.8942780055732,13.1669452240917,76.3414569968573,75.3082933790337,74.6748220704605,81.3844293744337,79.6821962915889,61.7768321188164,59.9350546169475,59.8265889052759,62.9529620370023,62.5043633853055,2.49238251987289,3.40141844301357,3.08453623942976,1.67180917754899,1.67200725400168,62.0281876389182,12.4951610745691,75.1337510100205,86.997749029412,81.7983777806243,84.829639700799,85.584692701245,61.1277843027537,63.086497630567,61.5171549262998,65.2234871972198,62.9295698784369,2.44819659058241,2.15690028272419,2.51388374194262,1.86938548226842,1.91454609595036,61.8422951018818,14.2919412525623,76.3414569880749,75.3082934640397,74.6748221222631,81.3844293994873,79.6821963345119,61.7768321140965,59.9350546398649,59.8265889175697,62.9529620535136,62.5043633883976,2.49238251955157,3.40141843396341,3.08453623527997,1.67180917898576,1.67200725576543,62.0281876375664,12.4951610876353
71.4738684060473,-133913.88,-217157.04,-204824.72,-124664.64,-127747.72,73.0896859299185,72.8506038952651,75.6525898937873,80.3793651070134,77.7516849357339,61.7245024556657,60.1753529409499,60.8203951178207,62.7809920719042,62.312494758167,2.8154879951476,4.09375534505065,3.29975341905827,1.69268172603319,1.97712067947615,61.7968961014172,13.8787991647659,74.7411983614146,74.0167648589878,73.962513510329,80.9512289200265,78.8847184651431,61.4222309859258,59.6791719778735,59.691284165051,62.8827891100811,62.2778785900788,2.61732032110918,3.56190449822715,3.20788990070634,1.70392623998483,1.72537279389633,61.8994715028325,13.2156524419176,74.3316717108859,86.5328876721267,81.9541677376091,84.7683711270056,85.3218835797883,60.7471331845662,63.0468164793743,61.2593178444796,65.186475275808,62.9319926330887,2.59905669958553,2.17846037731603,2.53950100051545,1.86755480030195,1.92237262892149,61.7614246702601,14.6706815253392,74.7411983585508,74.0167649465126,73.9625135662144,80.9512289467197,78.884718510158,61.4222309812049,59.6791720014233,59.6912841760162,62.8827891261907,62.277878594653,2.61732032098147,3.56190448855278,3.20788989603232,1.70392624112908,1.72537279527395,61.8994715018672,13.2156524520926
71.4055956740022,-133913.88,-217157.04,-204824.72,-124664.64,-127747.72,72.1907757191894,72.0373884451389,74.7393824469782,79.7600625663665,77.1486832829224,61.4364253382078,59.8361822231566,60.4741097048945,62.6140993338159,62.0973985994577,2.9754040458823,4.25280709136771,3.43089026820703,1.73734447230664,2.02807553085268,61.630221848204,14.4245214086163,73.5231008960093,73.0567580947497,73.0479601532541,80.4358735728379,78.0178450408116,61.1263406188066,59.4681449024221,59.4635603578345,62.7707605655716,61.9862747802453,2.74286390322,3.6852796526025,3.36186593061272,1.74290717168241,1.79224445607416,61.7139628151709,13.8510350385489,73.7188826997305,86.0999105441016,82.1220108353379,84.7108832915723,85.0667416136988,60.4480858591716,63.0107444912519,60.9531701344043,65.1498948601685,62.87451566752,2.72109117441248,2.19817695232427,2.57119389502062,1.86947117134731,1.93181923909224,61.6698933116849,15.1153774415742,73.5231008974019,73.056758187528,73.0479602177995,80.4358736032468,78.0178450909517,61.1263406139821,59.4681449276213,59.4635603684304,62.7707605824948,61.9862747865635,2.74286390306513,3.68527964202447,3.36186592498853,1.74290717258268,1.79224445706698,61.7139628148575,13.8510350475424
71.3691099171916,-133913.88,-217157.04,-204824.72,-124664.64,-127747.72,71.7347556710243,71.6587975607871,73.7659539634748,79.1610419704758,76.5194215025869,61.2577051992438,59.6359747918025,60.1040892322659,62.4487504639767,61.8731253014427,3.0541551480157,4.3159062843333,3.58242351150868,1.782427289092,2.08415436607432,61.4298163185704,14.819066599024,72.5906934865778,72.3157060231812,72.1634722874012,79.8705949352702,77.1265050403945,60.8910803914144,59.2794292243058,59.1869888969023,62.6315684022099,61.6611956173961,2.84923910322375,3.78557899779562,3.5061887619861,1.78319631707211,1.86881814638514,61.5050565835702,14.3822385055487,73.2057572755055,85.6830520688227,82.2721833944788,84.6480493964399,84.8020059842752,60.1892473763826,62.9722828644404,60.6603651713889,65.1092624845614,62.7806845728415,2.83021865464046,2.21869352516279,2.60227643729733,1.87250642057617,1.94269648138612,61.582361070417,15.5219910474586,72.5906934909923,72.3157061191204,72.1634723599527,79.8705949695586,77.1265050954825,60.8910803863773,59.2794292508099,59.1869889074769,62.6315684199926,61.6611956254308,2.84923910308724,3.78557898654988,3.50618875549861,1.7831963177131,1.86881814691537,61.505056584125,14.3822385137288
74.326203766183,-133913.88,-217157.04,-204824.72,-124664.64,-127747.72,71.7763536186703,71.7878561634201,72.9120442972942,78.5533950509583,75.8326655384435,61.2352172690321,59.630496063365,59.7833775083992,62.2987532825059,61.6523489193127,3.03558711063508,4.26814505098446,3.7279174047994,1.83261156220981,2.15264179173903,61.2338019672262,15.0169029203678,71.9323893057913,71.7624468588787,71.3944101465868,79.2756680992512,76.2457257435444,60.7201245822585,59.1197164409363,58.8908671630748,62.4742841771451,61.3203319694967,2.9300344502063,3.86415178686923,3.62714246732552,1.82284255597985,1.95235521641542,61.2948417926787,14.8166796100704,72.7843501791811,85.2865595856881,82.3993686847973,84.5787381653437,84.5197384834345,59.9703781330882,62.9349490188306,60.3967247322085,65.064207131254,62.6665874491853,2.92502564589498,2.23851651217443,2.63086078895543,1.87612281820205,1.95473179508772,61.5012027144221,15.8584073660292,71.9323893124692,71.7624469648833,71.3944102328457,79.2756681408177,76.2457258083977,60.7201245763818,59.1197164708408,58.890867174878,62.4742841974454,61.3203319800489,2.93003445016704,3.8641517741272,3.62714245951648,1.82284255639748,1.95235521643404,61.2948417942962,14.8166796182356
71.2666552838952,-133913.88,-217157.04,-204824.72,-124664.64,-127747.72,72.4526465352888,72.5281878308633,72.3957228870034,77.9149928098889,75.0881622802534,61.4165883734287,59.864926896269,59.618327516076,62.1844766915134,61.4616061391528,2.89945351547651,4.09763145623347,3.83040392844798,1.89367241483243,2.24012155810683,61.0799019616668,14.9612828730972,73.1775885666463,72.5536561478365,70.7656175973076,78.6671489240743,75.4005918509031,60.9606072491165,59.3387709254627,58.5979227000181,62.3060111662192,60.9802032232224,2.87435810312984,3.75361911175883,3.72189243714932,1.86109861575236,2.03934824708447,61.0966246057719,15.1609417356198,73.2957382445502,85.1642791518543,82.5026466280998,84.5036725869428,84.2190233613673,60.2388655151044,62.9709523280918,60.1688007475428,65.0153441502266,62.5427974944896,2.80759990406563,2.22510125161219,2.65606977019437,1.88020236900953,1.96760868890075,61.4268877137797,16.1209655414593,73.1775885675154,72.5536562405958,70.765617683641,78.6671489670058,75.4005919157684,60.9606072438076,59.3387709521798,58.5979227115729,62.3060111861481,60.9802032347163,2.87435810263879,3.75361910051559,3.72189242930951,1.86109861589288,2.03934824655678,61.0966246082012,15.1609417426814
71.3079217834071,-133913.88,-217157.04,-204824.72,-124664.64,-127747.72,72.3102055014666,72.2972012616008,72.2669216208066,77.2571102142714,74.347664757234,61.3477916016865,59.7492911020594,59.5001507840492,62.0111424027521,61.1904482225177,2.91893171768041,4.13530027584949,3.83359159884197,1.95385723049588,2.32003038742195,60.9953828942491,15.1617112102897,72.3714584745399,71.8990975710483,70.6683807978536,78.1649117317409,74.6977318428585,60.8047267364857,59.1570514527565,58.4355848958048,62.1832590577658,60.7483704533015,2.9106302192188,3.84515924373946,3.72700593135519,1.88544248970426,2.11338930377859,61.0145649178332,15.0407389275448,72.8277675954148,84.7777417339844,82.5021075292936,84.4388256707414,83.9570225555671,59.9955544771068,62.8999696525352,60.1366913907699,64.9727244656556,62.4573737660921,2.91309489187521,2.25864085811373,2.6607444158917,1.88581210646615,1.97800564003993,61.3999434466955,16.1163092301049,72.3714584778636,71.8990976648554,70.6683808840496,78.1649117774396,74.6977319103025,60.8047267305918,59.1570514800196,58.4355849081956,62.183259078084,60.7483704657497,2.91063021923675,3.84515923218338,3.72700592358862,1.88544248970695,2.11338930279246,61.0145649206402,15.0407389353791
71.3079216303131,-133913.88,-217157.04,-204824.72,-124664.64,-127747.72,71.8341370473607,71.7827734395497,72.1971274094125,76.6231778984111,73.6976293535561,61.1744031312468,59.5216725915564,59.3710459931535,61.8079986472333,60.8925545823055,3.00181391826655,4.23203242411782,3.81586424066293,2.01067053860156,2.38383162298796,60.9248003694161,15.4442127446368,71.7971585452713,71.4412753566431,70.3669011585802,77.6272125300316,74.0374940694627,60.6730770459202,59.0148920447552,58.2479656429221,62.0342409796406,60.492784066597,2.96061414433708,3.91213869500216,3.76859056531534,1.91617313225208,2.18769994486541,60.9037898521227,15.265629894016,72.466617924405,84.42984946485,82.5434396460613,84.3587232727117,83.6581299716881,59.8029398925518,62.8576481532338,60.0293072882208,64.9218205334531,62.3502685405762,2.99849724046526,2.27996461793905,2.67316677504891,1.88918235599575,1.99026829499352,61.347568263678,16.2298878432116,71.7971585501476,71.4412754512509,70.3669012472732,77.6272125790635,74.0374941395387,60.6730770395822,59.0148920727455,58.2479656558972,62.0342410006735,60.4927840801268,2.96061414461302,3.91213868311352,3.76859055733635,1.91617313205548,2.18769994342733,60.9037898553552,15.2656299010396
71.3079216384107,-133913.88,-217157.04,-204824.72,-124664.64,-127747.72,71.5286654870852,71.4948194884244,72.0197686356481,76.0342391603211,73.1692668662761,61.0506308294939,59.3735564036016,59.2217676327994,61.6105070755866,60.6254428907596,3.05386827588186,4.28085554953901,3.82423672362894,2.06523833564346,2.43347979324427,60.8100031591019,15.6576786779375,71.4096631184231,71.1170318379378,70.026389754433,77.0764054452359,73.4228322805901,60.5768658883768,58.9026186618578,58.0547914594089,61.8711221331759,60.245310328555,3.00299405202491,3.96184873871526,3.81708603650394,1.94908816824651,2.25809699452535,60.7681508074844,15.524495260782,72.1824751951182,84.1090557882532,82.5953223519087,84.2764405024427,83.3416793843565,59.647930306992,62.8246687426792,59.9012273881259,64.8694303471897,62.2347912752237,3.0685435246214,2.29714279103177,2.68779083299621,1.8933134853831,2.00331051224872,61.2918988374575,16.367280136534,71.4096631240522,71.1170319325708,70.0263898459841,77.0764054976804,73.4228323528382,60.5768658816105,58.9026186904257,58.0547914728582,61.8711221550153,60.2453103430463,3.00299405250236,3.96184872658967,3.81708602827823,1.94908816784025,2.2580969926695,60.7681508112993,15.5244952669208
71.3079215440792,-133913.88,-217157.04,-204824.72,-124664.64,-127747.72,71.4070325440796,71.3945611739069,71.7844212338232,75.486381155009,72.742541039792,60.9873652149903,59.300583933976,59.0715125558349,61.4246441119771,60.3976912984556,3.0709749768187,4.2905138082088,3.84983379207903,2.11840431614426,2.47270260991674,60.6631576953661,15.8024295031675,71.1657520174351,70.889632056369,69.7133281127479,76.5270733475657,72.8620563540444,60.5131868566503,58.8156539104648,57.8697421007085,61.7014652064616,60.0208845119197,3.03332542643433,3.99832447306247,3.86106513443609,1.98231909838251,2.32245662555109,60.628840344959,15.7383153850209,71.9614399506701,83.8129238323544,82.6443822096085,84.1921105063808,83.014161278982,59.5249150993163,62.7960182464898,59.7769469137462,64.8157364203538,62.115363211874,3.12503622772214,2.3122632363412,2.7020766457029,1.89800608725611,2.01678846465154,61.2368037658635,16.4932667144109,71.1657520232308,70.8896321505013,69.7133282069368,76.5270734033973,72.8620564279916,60.5131868494518,58.8156539394574,57.8697421146005,61.7014652291457,60.0208845271758,3.03332542710235,3.99832446078132,3.8610651259941,1.98231909776838,2.32245662332462,60.6288403493873,15.73831539052
71.3904232859088,-133913.88,-217157.04,-204824.72,-124664.64,-127747.72,71.3797846208593,71.378794894076,71.5818064375673,74.9717385813881,72.3877208933199,60.9584305872431,59.2660913482773,58.9456352162568,61.2485292691511,60.2020665421516,3.0704779370503,4.2838806504171,3.87321321996602,2.17066167007175,2.50500640300091,60.5237226817401,15.9032398805061,71.0201823619104,70.7308452059197,69.450566148458,75.9892934620333,72.3623945750547,60.473771824137,58.7493309063272,57.7017261747703,61.5301643263802,59.8261971362283,3.05308085675638,4.02489222211075,3.89694315394921,2.01508316707975,2.37959241190705,60.4978969859556,15.8975408068722,71.7913246224203,83.5402624759445,82.6854166706555,84.1059822876491,82.6796863266244,59.428542394556,62.7701367607331,59.6669855008527,64.7610212487445,61.9948048218257,3.16991181734065,2.32598050427978,2.71489316051604,1.90306845015033,2.03049099217472,61.1839230972722,16.5978593213212,71.0201823674162,70.7308452973764,69.4505662429521,75.9892935199849,72.3623946487181,60.4737718166743,58.7493309350349,57.7017261888019,61.5301643494479,59.8261971517117,3.05308085759053,4.02489220998087,3.89694314550962,2.01508316627999,2.37959240941454,60.4978969908537,15.8975408118723
71.4001644872558,-133913.88,-217157.04,-204824.72,-124664.64,-127747.72,71.400143060234,71.4050369118329,71.449985342292,74.4864134677709,72.0858691053336,60.9490609513907,59.2537055711725,58.8555321071382,61.0817082169402,60.0337842490112,3.06174397073513,4.27026264771953,3.88604288811243,2.22223792967013,2.5327686071194,60.4057312897953,15.9730560433566,70.9825348033193,70.651782444861,69.2401764792837,75.4698552992034,71.9275269010427,60.4601699995687,58.7093275864499,57.5552260894186,61.3602287315291,59.6630172523437,3.06218486719973,4.03948954878689,3.92469440720347,2.04711686166163,2.42898360813018,60.3799224870683,16.0110802980123,71.6854098566646,83.2982545257214,82.7173118963645,84.018593910875,82.3418136822526,59.3666573556038,62.7489912100319,59.5745484113691,64.7057256093885,61.8751162954917,3.19940217028692,2.33740507417776,2.72586066440291,1.90837755176471,2.04425088542542,61.133910782118,16.6810202455417,70.9825348083257,70.6517825349382,69.2401765752775,75.4698553600937,71.9275269752207,60.46016999178,58.7093276152233,57.5552261038017,61.3602287553582,59.6630172680999,3.06218486817709,4.03948953666343,3.92469439866452,2.04711686067343,2.42898360538984,60.3799224924387,16.0110803027841
71.4001641354997,-135054.91,-221098.78,-208351.54,-125494.48,-128681.29,71.4257431968635,71.4318034485516,71.382567349372,74.02748299685,71.8349836646779,60.9002520090795,59.1465646753541,58.675373284205,60.8533075349771,59.800323751611,3.06600277454411,4.30038444320474,3.91788414988602,2.27617535982166,2.5549718617195,60.2981579361316,16.115418589176,70.9719329318398,70.5996115512639,69.0859384178845,74.9766976171263,71.5594529382655,60.4553108504765,58.6811167379269,57.4344493394403,61.1952537804666,59.5329350366989,3.06595445629739,4.04947756632989,3.94394882238662,2.07804899246962,2.47028009123968,60.2783772187759,16.0798157180136,71.6083299063581,83.0778314144618,82.7386917476347,83.9311447289387,82.005799673134,59.3208349735653,62.7289048231039,59.5034507491939,64.6506853581871,61.7592472543776,3.22151058696937,2.34815048875946,2.734530949483,1.91388353342428,2.05781734037112,61.0881019172596,16.7407068704572,70.9719329413701,70.5996117381291,69.0859386223387,74.9766977512219,71.5594530947028,60.4553108334874,58.6811167985437,57.4344493704243,61.1952538322127,59.5329350700386,3.06595445862689,4.04947754085199,3.94394880427522,2.07804899001119,2.47028008506293,60.2783772309018,16.0798157279107
71.4003704455188,-135054.91,-221098.78,-208351.54,-125494.48,-128681.29,71.4412654621456,71.4465440613776,71.3573918755324,73.6019865148202,71.6374698934076,60.8945642810187,59.1372293563648,58.6339564186515,60.6971676279879,59.679117258517,3.05983687514857,4.29197327124955,3.91288299344648,2.32368496104038,2.57127535723747,60.1912218853421,16.1596534581224,70.936716019203,70.5720211307494,68.903478617072,74.4837360516242,71.283067219362,60.4349832990325,58.6086747033212,57.2760683562687,60.9889295185081,59.4134266474256,3.08338331448678,4.06604003278945,3.96546262761245,2.10741386166676,2.50544825749486,60.191106748654,16.121337003111,71.5198259377954,82.8882661798984,82.7412558330647,83.8443813498716,81.6835012174639,59.2651617805535,62.7009437623903,59.4429897802676,64.5964279336621,61.6057890972599,3.24941522233633,2.36178363773247,2.7430667173658,1.92046184754614,2.07216618098022,61.0458572966268,16.7844171082447,70.9367160279351,70.5720213151869,68.9034788242946,74.4837361918011,71.2830673751099,60.4349832815143,58.6086747646035,57.2760683887186,60.9889295725309,59.4134266802565,3.08338331697313,4.06604000726797,3.9654626093069,2.10741385886713,2.5054482510064,60.191106761454,16.1213370130407
71.4003697547016,-135054.91,-221098.78,-208351.54,-125494.48,-128681.29,71.4490346280894,71.4534442099305,71.3521443913834,73.2140716402068,71.488936034786,60.8880959145075,59.1273158845974,58.6039333501933,60.5499495268572,59.5819998241932,3.05571181316322,4.28611874766334,3.90527847841427,2.36784937036196,2.582378615239,60.0908706874199,16.1973370248418,70.9325719670363,70.5423055281079,68.7578585801115,74.0356732491244,71.0491610865473,60.4292347955058,58.5606159673176,57.1453406176781,60.8074050877051,59.3283354340609,3.08936842097947,4.07800239554104,3.98228017922846,2.1357637274508,2.53256318285113,60.1062256902435,16.1735835075216,71.4546079121586,82.7191547146717,82.7438794067542,83.7560863136617,81.359999410791,59.2236705670281,62.6818524763507,59.3913659764939,64.5419925571504,61.4764944722428,3.27036171983535,2.37154038358414,2.75032254204726,1.92623739237057,2.08578473007066,61.0056073435196,16.8268002106761,70.9325719748539,70.5423057104579,68.7578587895541,74.0356733946889,71.0491612409535,60.4292347774523,58.5606160290336,57.1453406513127,60.807405143631,59.3283354662299,3.08936842368987,4.07800236998653,3.98228016077973,2.13576372431312,2.53256317616056,60.1062257037119,16.1735835173036
71.4003716513843,-135054.91,-221098.78,-208351.54,-125494.48,-128681.29,71.4525785618076,71.4564383362478,71.3544744068424,72.8659734155689,71.382796613118,60.8816880171632,59.1179061187935,58.5805205145358,60.4134897402548,59.5068797595903,3.05283505196591,4.28180992440725,3.89740832299603,2.40809258250446,2.58912367124868,59.9995550457458,16.2292695531223,70.9368743449052,70.5155841448979,68.6463428032753,73.6259881728129,70.8577169876943,60.4284838822879,58.5281989142258,57.0399510387104,60.6435440497711,59.2674340262268,3.091030123403,4.08664166382966,3.99472886289124,2.16320305601948,2.5534961925682,60.027608482132,16.2017834326719,71.4068086331079,82.5673224840367,82.7454074075268,83.6698282341498,81.0445921126232,59.1929298278089,62.6664650626649,59.3491801107996,64.4892760550257,61.3637185340742,3.28598647418475,2.37957968764381,2.75629769891088,1.93193952414886,2.09862360414004,60.967480778853,16.8611760280396,70.9368743519425,70.5155843253743,68.6463430144107,73.6259883232207,70.8577171402441,60.4284838637853,58.5281989761969,57.0399510732914,60.6435441073615,59.267434057619,3.0910301263225,4.08664163826618,3.99472884434557,2.16320305255628,2.55349618575642,60.0276084962068,16.2017834425464
71.3904123060812,-135054.91,-221098.78,-208351.54,-125494.48,-128681.29,71.4530353209902,71.4564544167168,71.358447916149,72.5564526885855,71.3091354932364,60.8753975105035,59.1089303393294,58.5609035577224,60.2882498274626,59.4493361347317,3.05088770889769,4.27869177417249,3.8902240010336,2.44426456847302,2.59264229636398,59.9165644200199,16.2567103489408,70.9420287286202,70.4935242763332,68.561496557863,73.2502927043903,70.7046315210211,60.4291153346386,58.5060286099688,56.9561578727095,60.4928439286378,59.2238904983956,3.09122630866687,4.09287339404141,4.00390632553209,2.1897909204147,2.56957978061234,59.9570409849157,16.2105015362276,71.3719609278301,82.4309629826687,82.7456727893104,83.5860358546679,80.7411419150422,59.1702787822494,62.6531578603497,59.3156262014452,64.4385276485001,61.2621520254085,3.29757501438197,2.38658925574644,2.76112095523246,1.93756452025239,2.11074131412235,60.9317002160828,16.8878894570638,70.942028735062,70.4935244551971,68.5614967703907,73.2502928592553,70.7046316714026,60.4291153157769,58.5060286721071,56.9561579080624,60.4928439877577,59.2238905289358,3.09122631175868,4.0928733684754,4.00390630691089,2.18979091663548,2.56957977373736,59.9570409995194,16.2105015463772
66.390443547167,-135054.91,-221098.78,-208351.54,-125494.48,-128681.29,70.9185113086887,70.8421372331459,71.3437633469078,72.2850624333308,71.2596478250544,60.674225844281,58.838639184192,58.461035596021,60.0979614186178,59.3113029503267,3.15016457685652,4.40132113870888,3.86450099545238,2.46053048514825,2.57342902013877,59.8401495841818,16.449946216305,70.940400043058,70.4722059627041,68.4966452169201,72.9055246357925,70.5843321972425,60.4287243854762,58.4894813926168,56.8901045373239,60.3525668956627,59.193001447799,3.0913886865641,4.09793909137743,4.01075745708857,2.21552613493379,2.58183172164543,59.894260675537,16.2065158766876,71.3437799922907,82.3075657187938,82.7448946575615,83.504925826355,80.451524202324,59.1521247794937,62.6410319696777,59.2894051484474,64.389873330457,61.1687656767771,3.30681177608835,2.39296688273749,2.76496350573353,1.94307829600192,2.12218392751736,60.8983895616935,16.9083568065376,70.940400050611,70.472206184314,68.4966454837098,72.9055248342598,70.5843323819996,60.4287243615727,58.489481470352,56.8901045822493,60.3525669712588,59.1930014847939,3.09138869059776,4.09793905945287,4.01075743376184,2.21552612983237,2.58183171303881,59.8942606943387,16.2065158898291
66.4001424680402,-135054.91,-221098.78,-208351.54,-125494.48,-128681.29,69.0019462160772,68.8115236484985,70.9612470417795,72.0572206011914,71.2087413066565,59.8652598577594,57.841556543471,57.9769434939872,59.6509870837759,58.8503574742656,3.53204476104255,4.81598980156481,3.8342691261179,2.41706989717609,2.48804518942515,59.7143617195391,17.0874187753265,68.5175634413229,68.8586235706074,68.4454910864165,72.588877346507,70.4908342004175,59.9278885280771,57.8786028214501,56.8379369986922,60.2208385464177,59.1710377302731,3.23830481880914,4.35554653247638,4.01615624457802,2.24040803139535,2.59111326776347,59.8379618166378,16.1953804667433,70.0338007134972,81.6603503720075,82.7436406552076,83.426592131913,80.1764367108181,58.4463215081014,62.4248071665264,59.2686638291584,64.3433545500256,61.0816941695963,3.62246919435999,2.48914353553849,2.76805056340231,1.94845023461052,2.13299430388744,60.8674088418624,16.9245421662952,68.5175634696959,68.8586238101632,68.4454913539744,72.5888775493106,70.490834381662,59.9278885003529,57.8786029065222,56.8379370441779,60.2208386235614,59.1710377660268,3.23830482599792,4.35554649755082,4.01615622122251,2.24040802593201,2.5911132591908,59.8379618359015,16.1953804803879
66.40038415234,-135054.91,-221098.78,-208351.54,-125494.48,-128681.29,67.5583549259633,67.4107975486871,70.0559664273277,71.8491690278158,71.0653532247633,59.1343852851537,57.0240733674319,57.2720763239546,59.1690989756593,58.3069790242129,3.83087624495331,5.08642077900342,3.89437908296057,2.36487128611582,2.41004198183208,59.4254215943705,17.5865893748652,66.9460851833593,67.6645994340278,67.9199300183234,72.0924284342327,70.3202654285806,59.5523053527067,57.39721331785,56.6386344653455,59.9864533314521,59.0078124864562,3.39306403012784,4.55192725182856,4.09906295901064,2.28043671444965,2.61713281696917,59.6264610270498,16.6757699998379,69.1469052388508,81.0879396013852,82.8486219225762,83.3103929466788,79.7854636193368,57.9719422129995,62.3142148590518,59.0378729528497,64.273051878201,60.8838161682419,3.83332052000534,2.54106194314388,2.79354653488481,1.95157819906917,2.15100509993502,60.7752554182086,17.1990366321931,66.9460852245421,67.6645996852118,67.9199302976762,72.0924286441486,70.3202656056979,59.5523053231341,57.3972134098593,56.6386345102412,59.986453411665,59.0078125215609,3.39306403836613,4.55192721420028,4.0990629345812,2.28043670829589,2.61713280824676,59.6264610485466,16.6757700096296
66.4003993684803,-135054.91,-221098.78,-208351.54,-125494.48,-128681.29,66.8440797004794,66.770449085016,68.9743866217254,71.6245615839101,70.7706402617092,58.7179957723244,56.5894775643141,56.556798712218,58.7534763909328,57.7801788326915,3.97130837811961,5.18921495791316,4.00925804433608,2.32977508288449,2.36698423772426,59.0175593658178,17.8665407009776,66.0818248462664,66.8423678659296,67.3483993621402,71.4976330771806,70.0987945666404,59.3285281878402,57.0236539857909,56.3765999529808,59.6987825856393,58.7859953414367,3.49835903034277,4.69540817630528,4.18552934671681,2.32668801889457,2.65280498192486,59.3231723958442,17.1406009891597,68.6046146896757,80.5646490605883,82.9618491396435,83.1802790849671,79.3188893784927,57.6899591009706,62.2407047907065,58.7734051388215,64.1917687272478,60.6321171438576,3.9555950939604,2.577185249175,2.82328940956581,1.95751046279712,2.17297610646089,60.6729857025689,17.4505246896091,66.081824893474,66.8423681227072,67.3483996543062,71.4976332957917,70.098794739171,59.3285281571785,57.0236540834148,56.3765999978309,59.6987826697141,58.7859953759822,3.49835903889878,4.69540813666812,4.18552932122595,2.32668801198635,2.65280497294608,59.3231724211025,17.1406009949591
66.4004048819645,-135054.91,-221098.78,-208351.54,-125494.48,-128681.29,66.5740242206049,66.545992175019,68.0227829278215,71.342039602045,70.3086618531555,58.533490799657,56.401598742477,55.949502543299,58.3888887005788,57.2482781660868,4.01356271974561,5.20792593984357,4.12359463474949,2.31501460921665,2.35431195437956,58.6006893670642,18.0144098579349,65.6726225605307,66.3035444372745,66.8680867886962,70.8687747054619,69.8591191632231,59.2153291022235,56.7407908989149,56.110647374211,59.3944219020994,58.5542522775235,3.5567075476324,4.79689804664706,4.25446757439575,2.37490586398557,2.6924062480606,59.0021949117698,17.4792666076429,68.2929691061448,80.0834537185376,83.045617990157,83.0364828821241,78.7976750635932,57.5355059069266,62.1821187411881,58.5506002721825,64.1002906114981,60.3530965605767,4.01960728702474,2.60669946565486,2.8492118687885,1.96546004347743,2.19740289764923,60.5723595459544,17.6210326992687,65.6726226095638,66.3035446951304,66.8680870914175,70.8687749331495,69.8591193304854,59.2153290707899,56.7407910007355,56.1106474198685,59.3944219901577,58.5542523111843,3.55670755629439,4.79689800566307,4.25446754809996,2.37490585632383,2.69240623879788,59.0021949411514,17.4792666102957
71.4004045282301,-135054.91,-221098.78,-208351.54,-125494.48,-128681.29,67.239316222106,67.3068408433707,67.3565599050077,70.9763899157495,69.7240719687761,58.868442121419,56.8082157255398,55.6735635387264,58.2365625500455,56.9393411869274,3.85517507455243,5.03220651355436,4.26134808713375,2.35377864326538,2.40507351839623,58.2451602343135,17.9075818369022,65.4988633158037,65.9596509410055,66.5006836944976,70.25001051626,69.623748324322,59.1641769143623,56.5316733920654,55.8723095304187,59.0970751171934,58.3407616399425,3.58509947160282,4.8672776751238,4.30435540795694,2.42311889423692,2.73136644975104,58.7006525145069,17.706933672671,68.1175550009049,79.6423181915912,83.0952679652354,82.8801209640486,78.2396751530638,57.4540923273923,62.1311511247697,58.3858881269181,63.9999929942741,60.0627449900118,4.05108951679295,2.63263005714735,2.86928946656283,1.97478363241277,2.22324528772179,60.4759688285391,17.726399947309,65.4988633550189,65.959651145905,66.5006839430033,70.2500107053972,69.6237484533464,59.1641768887536,56.5316734759182,55.8723095680598,59.0970751906151,58.3407616657294,3.58509947858107,4.86727764165971,4.30435538646667,2.42311888752305,2.73136644214187,58.7006525410924,17.7069336729625
73.1485613024044,-135054.91,-221098.78,-208351.54,-125494.48,-128681.29,69.4442701360482,69.6270920035508,67.3915521632083,70.5015648619982,69.0752709166486,59.919783721158,58.0287649479884,56.0590064621175,58.4386037683596,57.0708939809025,3.38823363060644,4.55507500764751,4.39312715170882,2.48585180201696,2.56141719039903,58.0571794604883,17.3837047823788,68.145420705545,67.7537304410531,66.2294032586696,69.6680628253878,69.4061575342169,59.7107374963289,57.0037366191115,55.6731552040083,58.8195293709214,58.1590979590833,3.42522876749559,4.62147627548949,4.33930265565748,2.47036924579142,2.76668010847334,58.4285179806938,17.8611290155879,69.137997075006,79.9181989845282,83.1184472370287,82.7134790669285,77.6619566984681,57.9834377341599,62.3367587244953,58.2714527523083,63.8928312021722,59.7711461513543,3.82204773423713,2.54501208807753,2.88408095487306,1.98514099644811,2.24968150432212,60.3843411286038,17.7912846444802,68.1454207199627,67.7537306177489,66.2294035039926,69.6680630148799,69.4061576541371,59.7107374712389,57.0037366965767,55.6731552417501,58.819529444614,58.1590979824992,3.42522877325961,4.62147624532766,4.33930263451956,2.4703692387432,2.76668010096364,58.4285180091032,17.8611290145733
72.4859489179713,-135185.59,-221550.22,-208755.46,-125589.52,-128788.21,71.3386287767059,71.509062069938,68.3618149130219,69.9688996140831,68.5626197366489,60.6750789992545,58.8933693676015,56.8133364848431,58.5711866156032,57.2141380697645,3.02923619861953,4.19629123173326,4.31934221089782,2.63293550677259,2.71170776264691,58.1108750972473,16.8895129106701,70.627902935151,69.5502055895324,66.4661397572639,69.4183680006475,69.2635668918543,60.274293393105,57.6121629872149,55.6818064486996,58.7204606793601,58.2053241210158,3.21563260087779,4.34872919557276,4.29534600539086,2.49548178906844,2.7741224979531,58.3341041666905,17.5763387633457,70.2886104969824,80.3779591299293,83.0478382088683,82.5997187633925,77.2347203985151,58.5779374877975,62.474444835146,58.3524392960955,63.8201501858594,59.6419529878633,3.56574101660815,2.48323127914035,2.87764820343636,1.99858940480865,2.26610059463142,60.3548234873033,17.6509171797809,70.6279029326651,69.5502056688649,66.4661398787543,69.4183680972243,69.2635669502571,60.2742933806762,57.6121630228398,55.6818064682667,58.7204607167244,58.2053241315417,3.21563260344295,4.34872918190468,4.29534599500371,2.49548178542782,2.77412249423094,58.3341041814959,17.5763387638921
71.4073076381331,-135185.59,-221550.22,-208755.46,-125589.52,-128788.21,72.1171578181597,72.190669289287,69.7076359120752,69.4881638741041,68.3625895747637,60.9642290094685,59.2086177805413,57.5575561856541,58.5672051027102,57.3525578524,2.89631643362273,4.0778701758649,4.10547350055686,2.74787625133311,2.79506604579881,58.278058747739,16.6226024071764,71.5229075957562,70.2429123755803,67.0745295176425,69.4377678894161,69.2630378356278,60.5166085495454,57.9955271008568,55.855767460088,58.7432952137047,58.4033232182807,3.0941938408886,4.2143879985996,4.1947477915154,2.50454140493858,2.75683273670704,58.3728198149146,17.0589806529806,70.8806646736726,80.653943976139,82.9232475709188,82.5288626496726,76.9710454101937,58.8864033855765,62.5112606419907,58.5639696156215,63.7783645416015,59.6413579445772,3.43174643447845,2.46498264653571,2.85639202203086,2.00999086537582,2.27341540147026,60.3682708607668,17.4177743537255,71.5229075900741,70.2429124676891,67.0745296578597,69.4377680052361,69.2630379038223,60.5166085351226,57.9955271408085,55.8557674840481,58.7432952582511,58.4033232292339,3.09419384387501,4.21438798312221,4.19474777967465,2.50454140056318,2.75683273243014,58.3728198325689,17.0589806561549
71.3984975261358,-135185.59,-221550.22,-208755.46,-125589.52,-128788.21,71.9442980581081,71.9380172168379,70.7635015714172,69.1841753258087,68.6075315415802,60.9288799824405,59.1424077248226,58.0186648247917,58.4939599032675,57.5857535462977,2.93247253710607,4.1372879269324,3.9138853904647,2.80718788757277,2.79208725157756,58.4387929323055,16.5829209936535,71.3709537505785,70.23549958372,67.6163709264025,69.5244253171412,69.3599818993537,60.5181633782853,58.1434081109708,56.0662407176592,58.783048371303,58.6002467942005,3.06476826173058,4.18602136231201,4.10968012724847,2.51121036188922,2.73239366091344,58.4722665219456,16.6208186554779,70.9877895360789,80.7401500217595,82.816431794034,82.4737067983822,76.8023897914942,58.9431872245393,62.497122700921,58.7713846695647,63.7501938887272,59.6820744582984,3.40670233943628,2.46981917307207,2.83440657557345,2.01695263412358,2.27669649012931,60.3897080097447,17.2362221279272,71.3709537471838,70.2354996767876,67.6163710610697,69.5244254318672,69.3599819652908,60.5181633643316,58.1434081495432,56.0662407416259,58.7830484153102,58.6002468037851,3.06476826476,4.18602134710706,4.10968011594999,2.51121035751027,2.73239365687612,58.4722665389334,16.6208186609301
71.3989422313322,-135185.59,-221550.22,-208755.46,-125589.52,-128788.21,71.6781767124934,71.654971403157,71.3266168896126,69.075320617775,69.1085476841493,60.8562249804644,59.0518263059772,58.2489714989525,58.4775369725015,57.9247038050698,2.98489697528712,4.20046903061538,3.81428222408452,2.83167162627301,2.75162691495649,58.5499607781061,16.5829467712165,71.2232830561652,70.2556116057983,67.890719543241,69.5677092815307,69.4824900939116,60.4946954213859,58.2379430201305,56.2251662757533,58.7887814880855,58.7320499009942,3.06545025991791,4.16576515664345,4.07087533694626,2.52062385758086,2.71151260801453,58.5792364429465,16.3708864125037,71.0633551140826,80.8178342634927,82.7582949346543,82.4224423875209,76.6749286879819,58.9838862198975,62.4979541075668,58.9027562559456,63.7263752443965,59.7105700271804,3.38850609644426,2.46859983229926,2.81977299936582,2.02101301299489,2.27930503787755,60.4014657699302,17.1526740602134,71.2232830547484,70.2556116993693,67.8907196749532,69.5677093954111,69.4824901576296,60.4946954080016,58.23794305787,56.2251662994741,58.7887815318277,58.732049909663,3.06545026277987,4.16576514160822,4.07087532586272,2.52062385315479,2.7115126041856,58.5792364590897,16.3708864194296
66.399236904695,-135185.59,-221550.22,-208755.46,-125589.52,-128788.21,70.9802703534962,70.8863993874186,71.4807303866138,69.1628077491019,69.6853318666447,60.6179513147143,58.7434741440781,58.2508266242176,58.461692499564,58.1820447753128,3.11729554656077,4.35966784017627,3.77038497349136,2.80432857229503,2.6752149699485,58.6208721741525,16.7268919024719,71.1161131008475,70.285335589619,68.0277694874505,69.5861536145458,69.6036820522498,60.4717486910274,58.3002555759242,56.3384020371434,58.7781613942718,58.8258624644678,3.07287847541684,4.15100687677354,4.0542489585528,2.52989116071222,2.69372619229729,58.6751493592912,16.2195071355827,71.1187212818883,80.8865499169837,82.7274859229984,82.380561007855,76.583593137434,59.0141611503334,62.5027119332141,58.9883868984842,63.7089415080283,59.7353817509046,3.37479904479231,2.46586812481872,2.80970704303017,2.02435944084652,2.28103128868535,60.4115355201821,17.1043616113712,71.116113100889,70.285335758247,68.0277697212714,69.5861538180599,69.6036821632756,60.4717486678423,58.3002556427705,56.3384020792953,58.7781614727032,58.825862478935,3.07287848021934,4.1510068499689,4.05424893875651,2.52989115267099,2.69372618573276,58.675149386911,16.2195071496576
66.3992371054559,-135185.59,-221550.22,-208755.46,-125589.52,-128788.21,68.9397113293307,68.7248125855295,71.134369194058,69.3869162898578,70.1625125513136,59.7743344734038,57.7066424214883,57.8158615154493,58.1939480856363,58.0157926551945,3.52439528667585,4.80471075331801,3.74530176729876,2.68109787342941,2.53350419648508,58.6391467179707,17.2890098772071,68.6414620211012,68.6887241563645,68.097622599818,69.5914235800864,69.7129813169064,59.958131550947,57.7422429962187,56.4173664138468,58.7613444950534,58.8961428157276,3.22536336175494,4.39679773879135,4.04750648474687,2.53788765433035,2.6786610412717,58.755796437308,16.1197845080865,69.8761703803002,80.3326086514001,82.7118609188742,82.3462805824308,76.5215184330829,58.3500041062591,62.2826007338558,59.046064007062,63.6964127211436,59.7584619962764,3.66983043291684,2.56258824427463,2.80254539969116,2.02718974657265,2.28198957550492,60.4207932235961,17.0719127505566,68.641462040741,68.6887243415778,68.0976228322792,69.5914237829714,69.7129814252063,59.9581315253674,57.7422430684399,56.4173664556602,58.761344573553,58.896142829444,3.22536336882485,4.39679770961552,4.04750646494391,2.53788764620694,2.67866103496205,58.7557964637922,16.1197845232315
66.4064673215171,-135185.59,-221550.22,-208755.46,-125589.52,-128788.21,67.4146397435576,67.2641487735017,70.1326894479283,69.661217630852,70.4005986146792,59.0122640059803,56.8691828119188,57.1010137313732,57.9118228516279,57.684274403658,3.84443781145999,5.09276517736617,3.82773723283391,2.5541267285329,2.42002054364695,58.4862700718048,17.7390874938399,67.0182509111658,67.5292513744499,67.6399549903168,69.346513005661,69.707760849935,59.5696786377529,57.2946023843779,56.3116453016053,58.6215226008674,58.796624506308,3.38580983431563,4.58360927086078,4.1252317392917,2.56090587712738,2.68579547213424,58.7099033475778,16.4463206669387,69.0486395564507,79.8561444218531,82.8082049211584,82.2630490370825,76.3462217529334,57.912608544567,62.1769172044971,58.8748966397789,63.6523094685408,59.638340048558,3.86226054149161,2.61140526133698,2.82007859392682,2.02721599162631,2.29121233715332,60.3604401876077,17.3101702851357,67.0182509434414,67.5292515704019,67.6399552314358,69.3465132109861,69.7077609554619,59.5696786114116,57.2946024619886,56.3116453423515,58.6215226808383,58.7966245196882,3.38580984188943,4.58360923951004,4.1252317185446,2.56090586864368,2.68579546586183,58.7099033738152,16.4463206806707
71.40645591921,-135185.59,-221550.22,-208755.46,-125589.52,-128788.21,67.3831071115011,67.3972582928051,68.9515351954791,69.9036357816806,70.38056013326,58.9733464714808,56.8993230328358,56.5236154888418,57.9059650632965,57.5464372422764,3.84106187730437,5.04281264439906,4.01369107010205,2.50127245146989,2.39780825629823,58.189433165301,17.7966462995736,66.121600718787,66.7458162507796,67.1128193169232,68.9755815045405,69.6201323071336,59.3373513463813,56.9458758548728,56.1172290578012,58.4270918733549,58.6240399088002,3.49524277301932,4.71890690518774,4.2088337531254,2.59003673111499,2.70629654768582,58.5495761762496,16.8460519780828,68.5497418578613,79.4316968306413,82.9165988529338,82.1625932005156,76.0970317323543,57.6573638220995,62.1120923521962,58.6559161306187,63.594006879304,59.4523887893035,3.9713130100962,2.64284240353042,2.84361585832457,2.0306646407676,2.30476628495924,60.2857201535487,17.5361166312293,66.1216007402723,66.7458163630298,67.1128194567618,68.9755816212248,69.620132364444,59.3373513315161,56.9458759005857,56.1172290802646,58.4270919190739,58.6240399161298,3.4952427772318,4.71890688681783,4.20883374104537,2.59003672616542,2.7062965441329,58.5495761916118,16.8460519841888
71.4066381978079,-135185.59,-221550.22,-208755.46,-125589.52,-128788.21,69.2793243036817,69.4425459100728,68.2969014968235,70.0402373757598,70.0818545987481,59.8717228716986,57.9667224077106,56.5313919175268,58.3135859323961,57.7789405576264,3.43365003557848,4.61309993641495,4.23966594989226,2.5590803474153,2.50133957918322,57.9403646101399,17.3468358484842,68.3522910037064,68.1912332019451,66.6689259145668,68.5656311081821,69.4888876773951,59.7753160815377,57.305530456007,55.902452015668,58.2216631158794,58.4328947316666,3.38711437561825,4.52492765334398,4.27507218076831,2.62117645124066,2.73343524995628,58.330607773666,17.1842179080899,69.4114580424986,79.7421010554931,82.9988783022842,82.0469067085871,75.79602445467,58.1088092356535,62.3186260334893,58.4666326514647,63.5236514996819,59.2351195018624,3.77424330693472,2.55445379833357,2.86481087695288,2.03663066935071,2.32082959142806,60.2100174105331,17.6897714425343,68.3522910130781,68.1912333041492,66.668926059057,68.5656312274668,69.4888877332018,59.7753160667921,57.3055305003637,55.9024520383563,58.2216631627923,58.4328947387648,3.38711437904364,4.52492763590889,4.27507216829007,2.6211764460685,2.73343524630547,58.3306077902954,17.1842179125631
71.4054951094156,-135185.59,-221550.22,-208755.46,-125589.52,-128788.21,70.6181266070139,70.7439622329795,68.6856536998512,69.9902039823669,69.6459528400219,60.4275802978891,58.5915888447799,56.9262836803563,58.5586440341723,57.8356608446384,3.16984094981369,4.35627831518591,4.24187947685808,2.62513982218503,2.60567358049872,57.9532840332566,16.9988121445414,69.565884523615,68.9709621173013,66.7636134195626,68.4554371985031,69.4040445523113,60.0574049377837,57.6012141328758,55.8678642583425,58.175136211035,58.4392196134671,3.27692955507124,4.40034836393994,4.25438986244692,2.63229470708779,2.73974243635308,58.233362145184,17.080363676009,69.9650948043324,79.9771279923769,82.9686617218822,81.9842562072551,75.605802840226,58.3972109400699,62.3924518509257,58.4929991491724,63.4863706958293,59.1673071254103,3.64898323014224,2.52145741737152,2.86325472364388,2.04668350852911,2.32842446173542,60.1983361501222,17.5885865002241,69.565884527148,68.9709622147035,66.7636135629738,68.4554373182302,69.4040446071956,60.0574049230913,57.6012141752772,55.8678642815744,58.1751362580383,58.4392196199105,3.27692955836384,4.40034834731216,4.25438985013568,2.63229470190525,2.739742432713,58.2333621625735,17.0803636805066
71.405101050529,-135185.59,-221550.22,-208755.46,-125589.52,-128788.21,71.178933239697,71.2448471207161,69.478983199213,69.811577159383,69.3428867507686,60.650459435876,58.833599564064,57.3834141050414,58.6300118398482,57.8331461524469,3.06810004883267,4.26541493330236,4.12397547879842,2.68383203890724,2.67371497797558,58.0866089258824,16.8150374778163,70.2142912066393,69.4393790812486,67.0314862064003,68.4751743771428,69.385245746337,60.2234301438743,57.8287791313218,55.9257713550936,58.1881158271114,58.5158056974445,3.200115502153,4.31571583589818,4.20857360173825,2.63638961416112,2.73474055207124,58.2172343083404,16.8466102145141,70.3399795194542,80.1683394066722,82.9097412140378,81.9381130812403,75.4878636439351,58.5932441128707,62.4258230677975,58.5893642576072,63.4621302397695,59.1647812415468,3.56355024147786,2.50558218973303,2.85373215531051,2.05368866298792,2.33173895846192,60.202359854084,17.4647197466831,70.2142912077517,69.4393791762036,67.0314863469283,68.4751744962944,69.3852458003472,60.2234301294466,57.8287791720073,55.9257713786673,58.1881158737882,58.5158057031882,3.20011550536952,4.31571581987788,4.20857358974744,2.63638960900402,2.73474054850454,58.2172343259095,16.8466102199846
71.4050559550636,-135185.59,-221550.22,-208755.46,-125589.52,-128788.21,71.3811019575236,71.4105993387163,70.204496495556,69.6143638968185,69.284301654726,60.7369939168194,58.9255348151312,57.7453332279419,58.6308076297809,57.9035312764082,3.03476917634705,4.24019600131427,4.00362602809265,2.73221555205773,2.70401429844991,58.2183401804091,16.7148210562616,70.56100747629,69.7407158440549,67.3090788183177,68.548027897428,69.4194967036271,60.3173397274039,57.9982029251062,56.021165982571,58.2201202006336,58.6104438844859,3.1530255688845,4.25675490961407,4.1639789351543,2.63771707921351,2.72408189512145,58.2512633255774,16.6076716597626,70.6015695254362,80.3290700358685,82.8520859250763,81.9050550452946,75.4233831982454,58.7312678815591,62.4458125565404,58.6989219012631,63.4480674765896,59.1943611670946,3.50291975469904,2.49555098157729,2.84221125008571,2.05827419805967,2.33247194303722,60.2139979880298,17.3582214477584,70.561007476649,69.7407159377661,67.3090789558796,68.5480280156431,69.4194967567639,60.3173397133666,57.9982029644694,56.0211660062702,58.2201202469031,58.6104438896538,3.15302557198121,4.2567548940267,4.16397892345612,2.63771707408521,2.72408189165554,58.2512633429484,16.6076716664053
71.4051134349589,-108586.16,-129661.28,-126539.04,-106244.48,-107025.04,71.4586342188655,71.4694072723225,70.6943826908251,69.4826479876293,69.4328126523893,61.780664891331,61.3184283687571,60.8037000134624,60.5076752124334,60.2751454382183,2.68098739120054,3.05215733394989,3.05705184722057,2.82864061616651,2.79257650036466,58.3734160713058,14.4114136889022,70.7466000221559,69.9431963258236,67.542308378093,68.6383432780957,69.4873634739889,60.3693778528576,58.1220908338996,56.1238007170782,58.2555063530885,58.7025038045105,3.12574480220244,4.21516678328139,4.12834370171938,2.63758484641072,2.71102387995037,58.3133440629887,16.4024134735784,70.7874309607853,80.4661205239608,82.8050271674393,81.88310691246,75.3999128267835,58.8304926748526,62.4604797123386,58.8000773755469,63.4421783445524,59.2403412681662,3.45888776742204,2.4879746895731,2.83111421935384,2.06120195106897,2.33150819912727,60.2299325844096,17.2725935223057,70.7466000226655,69.9431964571695,67.5423085686005,68.6383434434153,69.4873635477886,60.3693778336494,58.1220908880508,56.1238007504832,58.2555064178279,58.7025038112238,3.12574480636069,4.21516676172279,4.12834368552752,2.63758483921638,2.7110238752133,58.3133440869113,16.4024134844399
71.40590976268,-108586.16,-129661.28,-126539.04,-106244.48,-107025.04,71.4852978937623,71.4895141372739,71.0093452109562,69.453849219065,69.7227158925605,61.7988041822479,61.3366339696994,60.9226998561094,60.5281428090865,60.4353195434866,2.67862804770145,3.05158577624477,2.99765964653203,2.84425359235735,2.75356895509302,58.7057168982894,14.3256960179286,72.4644098357067,69.8413776006525,71.8451423086588,69.8343013588723,68.8106817858909,60.8702887456299,59.5149870940765,59.8494428032442,60.1227206636601,59.2985085716654,2.85066922245589,3.95071330761548,3.62023470062606,2.67712302489273,2.66710253277554,58.3884962147403,16.2376853039958,71.7307261747752,80.2100696769282,82.7826160832055,81.8203350860564,75.3189105358555,59.4498287166094,62.6203251408424,58.9547652329683,63.423028181192,60.1760755974346,3.14009651984438,2.42517374384322,2.81045569062129,2.03225450960827,2.3026875394604,60.2480378930527,17.2050029723473,72.4644098265495,69.8413777300649,71.8451424451702,69.8343015084709,68.8106818671205,60.870288727901,59.5149871328344,59.8494427920777,60.1227207048515,59.2985085826183,2.85066922606825,3.95071328857511,3.62023469051915,2.67712301684408,2.66710252822725,58.3884962379494,16.2376853160689
71.4059117971877,-108586.16,-129661.28,-126539.04,-106244.48,-107025.04,71.4830092557726,71.484804045814,71.1935882616975,69.5258486503373,70.0505773837117,61.8081285434211,61.3466283375362,60.9984023291477,60.5854911152592,60.6022845373964,2.68184327135126,3.0560118110787,2.96574578915419,2.83959253545514,2.70667798685214,59.0781606042476,14.2498713938914,73.2620414781675,70.103211837101,73.2643881677762,69.931586595381,68.6669839366509,61.1335792900144,60.3650407769074,60.8984700896683,60.6265139575115,59.4526479594973,2.68695667008167,3.76165339472747,3.43798305521719,2.72044263430167,2.66261023923616,58.5524087692123,15.7168802299173,72.4458043655465,79.915981168366,82.6914252143036,81.8281335240187,75.3437237387278,59.9227131958028,62.6329503495592,59.2341410290405,63.4349628611435,60.6023166979275,2.89564218540743,2.42330750113331,2.7769205804567,2.02706502250323,2.28808472987168,60.3054883780304,16.9126922029646,73.26204146798,70.1032119595749,73.2643882854358,69.9315867438627,68.6669840199837,61.1335792749015,60.3650408052134,60.8984700688957,60.6265139925639,59.4526479738464,2.68695667268629,3.76165337802348,3.43798304696643,2.72044262564757,2.66261023456168,58.5524087910926,15.7168802448423
66.4065745220746,-108586.16,-129661.28,-126539.04,-106244.48,-107025.04,71.0390525371523,71.0179299971122,71.2686285755451,69.6818794057309,70.3506842803097,61.6828311516048,61.2059596594291,61.0110275512823,60.636926970612,60.711464841016,2.77318296247514,3.15761092227312,2.94769992297271,2.80675577931594,2.65306609331926,59.4058861476645,14.3383156803562,73.5859094312291,70.4340028463128,74.0623725453373,69.7351299929269,68.6867439220416,61.2685296310416,60.8600768005498,61.3866989803619,60.6910598301521,59.5022741704833,2.58761184132656,3.63632365711828,3.32723005431938,2.75543394738087,2.66220008463437,58.8591008060104,15.1128990308103,72.9803803806804,79.6358985736073,82.59299543239,81.8193453100187,75.3953141418328,60.2789280499951,62.6167521030351,59.5243562393254,63.4339665630823,60.8039936888855,2.71067248161494,2.43312896729313,2.74235985874121,2.02303697185428,2.28017935129247,60.3900119094742,16.5933238720993,73.5859094205866,70.4340030080406,74.0623726952671,69.7351302053129,68.686744039948,61.2685296136488,60.8600768314243,61.3866989476303,60.69105987836,59.5022741933616,2.58761184348941,3.63632363597154,3.32723004404,2.75543393450863,2.66220007792016,58.8591008329169,15.1128990568295
66.4065745066784,-108586.16,-129661.28,-126539.04,-106244.48,-107025.04,69.4457154163773,69.3847122428076,71.0209661213258,69.8800848642548,70.5687345049901,61.134396037102,60.6077251689885,60.8247170370184,60.5747802789003,60.6500029973212,3.12182850345576,3.52995674332316,2.96543655407941,2.72822585096937,2.57830209847714,59.6687299270122,14.9237497503048,71.7746022685097,69.5381450866259,74.5502745492927,69.5226013500116,68.759390991785,60.9228154855654,60.7156359450741,61.6453340243907,60.6393590677704,59.5314637987421,2.66379511535974,3.74116228273154,3.25626364431183,2.78254543663139,2.65984511739364,59.2115047869957,14.5746770389758,72.1312572525545,78.9943468459246,82.5087933630367,81.7993619440845,75.4397788184683,59.8069786619307,62.4966799973495,59.7846269356288,63.4239127526789,60.8921916823048,2.92718065463231,2.4897245364772,2.71106200969039,2.02040238673135,2.27620584168438,60.4883332057467,16.2848345115171,71.7746022747781,69.5381452528233,74.5502746891676,69.5226015657817,68.7593911091961,60.922815465954,60.7156359763769,61.6453339916879,60.6393591167102,59.5314638226576,2.66379511998887,3.7411622607369,3.25626363472964,2.78254542323636,2.65984511065099,59.2115048094366,14.5746770690327
66.4065743226817,-108586.16,-129661.28,-126539.04,-106244.48,-107025.04,67.952294169603,67.8927474081736,70.3269738891083,70.0714896613982,70.6477488462965,60.4971540099647,59.9364747686187,60.4459654165441,60.449698972584,60.4716753952318,3.48035223804633,3.89408283387097,3.06004491677737,2.63848729846324,2.51309961385725,59.8312711291624,15.5860669010151,70.0257640194884,68.836306013653,74.4935683435566,69.203407478603,68.8176124470222,60.5659231620105,60.587941025196,61.7117850478827,60.4897207108278,59.4205511669718,2.76442825061545,3.82614623342047,3.27237747543569,2.81602182394171,2.6705943628583,59.5147258462918,14.5525249705132,71.4014201625064,78.4166336972541,82.6014667214738,81.7370708750463,75.4040401397946,59.3991970896583,62.4309374143402,59.708649483484,63.3833599970514,60.8361372237049,3.11502944390718,2.5232703860836,2.71512920154577,2.01762951920052,2.27945883049411,60.5115463103592,16.3560966341228,70.0257640436662,68.8363061820319,74.4935684860568,69.2034076988883,68.8176125627819,60.5659231415047,60.5879410575876,61.7117850126766,60.4897207616849,59.4205511918515,2.76442825677744,3.82614621052179,3.27237746564178,2.81602180990957,2.6705943559839,59.5147258638114,14.5525250022119
66.4065744466248,-108586.16,-129661.28,-126539.04,-106244.48,-107025.04,67.0753321172323,67.0394271379608,69.3694896947692,70.2136214145803,70.5331570018899,60.0508891779388,59.4809733362478,59.9687708218314,60.3205686839847,60.2306130055753,3.69374681576614,4.09903738516814,3.2163848486254,2.56614143401816,2.48224965305676,59.8655453253984,16.0575601366346,68.452791038359,68.3003158792791,74.1656316283056,68.8567397928585,68.7977247368059,60.2305978589807,60.4801044952659,61.6671051454285,60.3164493326967,59.2660567381453,2.87172917867198,3.89307107524886,3.33060319015879,2.85023875186609,2.6886588199811,59.7258545444856,14.7018680187742,70.7903993932043,77.8851675708248,82.7478706345852,81.6570515812882,75.3047880394487,59.0570464966688,62.3797514723707,59.5223288736947,63.3260745313751,60.719585190421,3.27291867967146,2.55031122634327,2.7311228514062,2.01958087991433,2.28648768579313,60.5022369740689,16.5616274560794,68.4527910794436,68.3003160477376,74.1656317791427,68.8567400178302,68.7977248511707,60.230597838355,60.4801045286532,61.667105107733,60.3164493855924,59.2660567636918,2.87172918572308,3.8930710516492,3.33060317962263,2.85023873726687,2.68865881291274,59.7258545581309,14.7018680514604
69.7725388861317,-108586.16,-129661.28,-126539.04,-106244.48,-107025.04,67.0294299019202,67.028001931077,68.4041343221525,70.2815225905168,70.2323506286444,59.9962716956711,59.4383250679064,59.53153517984,60.2521332550474,60.0036443611222,3.68916964166848,4.08217441478073,3.40783227824529,2.53125805288322,2.50016821204983,59.8096811089407,16.2106025996276,67.1542618671839,67.8994432278406,73.7384201859904,68.5192093563741,68.7062117269747,59.9445762882792,60.3919474583112,61.5640651235714,60.1476016794514,59.1149950844009,2.97109461497555,3.94459660510658,3.40280122191969,2.8821069009848,2.7098871883609,59.8422882343059,14.8971928511612,70.2953464422826,77.3971011330573,82.8958244116242,81.5586785875641,75.1499382342735,58.7804067002664,62.334606737675,59.3228248977819,63.253054606858,60.565025662254,3.4003698327046,2.57437892157271,2.74890394692512,2.02473090993689,2.2963203287611,60.4752381638439,16.782986606742,67.1542619092465,67.8994433550247,73.7384203086181,68.519209530987,68.7062118132633,59.9445762726897,60.3919474843255,61.5640650935587,60.1476017210368,59.1149951038184,2.97109462072402,3.94459658675786,3.40280121316329,2.88210688950359,2.70988718282278,59.8422882427817,14.897192876414
69.6768096734388,-108586.16,-129661.28,-126539.04,-106244.48,-107025.04,68.1512594226142,68.1767492672828,67.8679152333067,70.2162102048981,69.7352708356446,60.5071710436454,59.9777410851987,59.3915805023487,60.3081033160142,59.8765452422286,3.39432414346919,3.77879665676984,3.56714673367864,2.56224249552559,2.59399513843179,59.756057696296,15.8965051678751,67.6972879518832,68.4909025896553,73.3148855870599,68.208816257503,68.5706806693812,60.056421821316,60.6427119044486,61.4382654740225,59.9937586758366,58.9869279378924,2.93864234866761,3.8449058051692,3.47245064758518,2.91051337136854,2.73133671162682,59.8828044805531,15.0787109953202,70.790253875502,77.252708869905,83.0257197892495,81.4441432559421,74.9488549597964,59.0903403825951,62.3755756918334,59.1477861447317,63.1668827270306,60.3862913484356,3.24547109944769,2.55917267774173,2.76449819882296,2.03216361847757,2.30824080273999,60.438694222097,16.9719412430403,67.6972879936536,68.4909027079834,73.3148857182046,68.2088164362459,68.5706807555184,60.0564218082691,60.6427119278509,61.4382654430896,59.9937587186896,58.9869279567907,2.93864235281133,3.84490578780539,3.47245063802429,2.91051335950644,2.73133670591292,59.8828044880604,15.0787110208883
69.6118797416731,-108586.16,-129661.28,-126539.04,-106244.48,-107025.04,69.0436705658707,69.0688183442654,67.911170949044,70.0178619004863,69.1839365569491,60.8765709145,60.362255484141,59.4754901951459,60.3049620773928,59.7022381355106,3.17695569383573,3.5585092768566,3.58433784198532,2.61373770792403,2.69714191738385,59.7983610819952,15.6306824379855,68.0555051979645,68.8827413632718,73.1102477521692,68.0597161677371,68.414651423826,60.1321818669458,60.7975473551118,61.3693542991591,59.9274388404388,58.996714118108,2.91491492508125,3.78107607719707,3.50544040962515,2.92584051650523,2.73971057834318,59.937507688336,14.9153900264897,71.1477740295942,77.0998650077749,83.0354992889994,81.3469982300067,74.7562177315494,59.3160244669942,62.3714446675375,59.1894024093403,63.0920977155014,60.2599425382597,3.13209961485117,2.56259722917568,2.75776347275114,2.04224077639249,2.31799532269099,60.4508880245278,16.9105615556603,68.0555052399651,68.8827414748805,73.1102478869784,68.0597163482109,68.41465150996,60.1321818558604,60.7975473764892,61.36935426955,59.9274388834226,58.9967141352657,2.91491492803115,3.78107606064714,3.50544039946987,2.92584050450378,2.73971057261525,59.937507695309,14.915390053589
69.5991683499917,-108586.16,-129661.28,-126539.04,-106244.48,-107025.04,69.459185337239,69.4745906597503,68.3108878094586,69.7141048331573,68.737616494313,61.0390396816984,60.5286866757868,59.6699817555436,60.2243120231403,59.5267030914616,3.0814803925004,3.46330396154792,3.4992082497419,2.67518722791403,2.77643325281264,59.9086886354689,15.4956130845169,68.2885866671978,69.1483664816609,73.027826484524,67.9986913967973,68.3107368614173,60.1828991028791,60.8929003104032,61.3369142821091,59.9035179473315,59.0595597064585,2.89780898035707,3.7396906471282,3.51834575364381,2.93323059421388,2.73966610704312,60.0097168629653,14.7079411693725,71.4106532050277,76.9563858287867,83.0118127083724,81.2515010023008,74.5642863185331,59.4833819321723,62.3597461453303,59.2892263739602,63.0209614154853,60.1408132128014,3.04757369745428,2.56902609294231,2.74511869266937,2.05070223925568,2.3274849123042,60.476494039957,16.7870783438199,68.2885867096506,69.1483665878315,73.0278266202826,67.9986915770042,68.3107369464508,60.1828990933673,60.8929003303489,61.3369142542654,59.9035179897213,59.059559721161,2.89780898239352,3.73969063120993,3.51834574312975,2.93323058221358,2.73966610143843,60.0097168693124,14.7079411976438
69.8081333385436,-108586.16,-129661.28,-126539.04,-106244.48,-107025.04,69.6276113236372,69.6359261442744,68.7532525382629,69.3761025886113,68.5061009356054,61.1051640198589,60.5954227915075,59.8585676004334,60.1073401723771,59.4330376919795,3.0444909560242,3.42706412445559,3.3993705185113,2.73898190296072,2.81861655471428,60.0158940124806,15.4285240566661,68.4514579235366,69.3393216267794,73.0072614993481,67.9863103180975,68.267531158464,60.2193951961828,60.9547189205551,61.3255280984808,59.9010963859703,59.1365919695632,2.88461779424806,3.71125878582474,3.521297466714,2.93577143638346,2.734448822568,60.088829430384,14.539837724569,71.6145574106736,76.8293024379125,82.9839531200278,81.1607735946633,74.3754280611372,59.6139356655542,62.3485341633355,59.3934888773502,62.9550998592101,60.0273180670965,2.98139976618102,2.5750697637093,2.73214393292624,2.05825813906817,2.33669907746064,60.507097033255,16.6581871639793,68.4514579657604,69.339321726762,73.0072616325255,67.9863104939615,68.2675312399974,60.2193951881006,60.9547189391609,61.3255280726903,59.9010964267377,59.1365919814533,2.88461779553999,3.71125877065792,3.5212974561797,2.93577142466967,2.7344488172585,60.0888294359674,14.5398377528465
66.4013631252281,-104251.94,-114688.52,-113142.36,-103092.32,-103478.86,69.4350856026089,69.4324852162308,69.0967029433122,69.0702649800008,68.4655174600028,61.2175784586265,60.9564954030774,60.4690335859151,60.2588258626449,59.7496451120483,3.03143731901827,3.2332110917185,3.13354746799088,2.79565776846957,2.8369083936328,60.1049236860708,15.03076204083,68.6676499360808,69.5375652476041,73.0159338941647,68.0015352152235,68.2722623599158,60.2681743362379,61.0142077512301,61.3254333814365,59.9103752027993,59.2121660015911,2.8667154653182,3.68266130395834,3.5196536485196,2.93524397047129,2.72626708716886,60.1672466577501,14.4160327184613,71.8317194584067,76.7405298498027,82.9599217378909,81.0759970116958,74.1925927320089,59.7508368171379,62.3435484695437,59.4874281726761,62.8950098355951,59.9204946558358,2.91268650650572,2.57812171667646,2.72037418679887,2.06522867909516,2.34551295417716,60.5394197306348,16.5380539796832,68.6676500003158,69.5375653938343,73.0159340960416,68.0015354806534,68.2722624801068,60.2681743257352,61.0142077782175,61.3254333441224,59.9103752633916,59.2121660159712,2.86671546625148,3.68266128153464,3.5196536322931,2.93524395280876,2.72626707943901,60.1672466653057,14.4160327615413
66.2865954779858,-104251.94,-114688.52,-113142.36,-103092.32,-103478.86,68.2794634674882,68.2603752185391,69.1467363173734,68.8505665635947,68.5618518408452,60.7488305081188,60.4686889167614,60.3820785085902,60.0304561272033,59.6462594893484,3.3079367909671,3.51716730060447,3.08457124731572,2.79290927222345,2.77335822982006,60.1930632396252,15.4759428409308,67.6080320753112,68.9071988983611,73.2965700792586,68.1940350251677,68.1900787570252,60.0503638054709,60.9351952085808,61.5297375027061,60.1940429666998,59.3853946289974,2.929529267325,3.75199419881169,3.48336110028202,2.93603139744387,2.70857473433949,60.2438160196822,14.3070079019492,71.2689423873756,76.3014712990832,82.9280973027513,80.9911281979639,74.0431019112616,59.4252807741453,62.2777155885079,59.588713405,62.837907910173,59.9814224203546,3.06669071497707,2.61013821033243,2.70812431384681,2.0667086914437,2.3476651915454,60.5753353364876,16.4145834268721,67.6080321501021,68.907199049423,73.2965702760266,68.1940352866069,68.1900788766,60.0503637927007,60.9351952360079,61.5297374630518,60.1940430207129,59.385394641174,2.92952927012715,3.75199417548405,3.48336108444426,2.93603137968397,2.70857472696625,60.243816026455,14.3070079450061
66.3324423391155,-104251.94,-114688.52,-113142.36,-103092.32,-103478.86,67.2444686330907,67.2268019852385,68.7531117319964,68.7273368676452,68.6557643267394,60.260673623428,59.9702271404659,60.1098835154053,59.8051656735354,59.5053759220487,3.56695146279369,3.77652885326773,3.12790670245624,2.76096117009001,2.70219474061553,60.2044332620803,15.9345429292232,66.686619028738,68.4027350202228,73.3070484705056,68.1533469678997,68.210470486477,59.8552815697458,60.8521840348045,61.5848121524556,60.2383044577714,59.4021192120564,2.99080851558855,3.81135814361227,3.48587296611283,2.94041894180094,2.70433067616427,60.2966233291192,14.4413517331863,70.7675307621615,75.9069804963774,82.9937366378289,80.8911966683773,73.8690245771297,59.13413477541,62.2349146199615,59.5065843904011,62.7680141084395,59.8848290788687,3.20479882153013,2.63218547623588,2.71509193109805,2.07060975783069,2.35605976317435,60.5590701682482,16.4990981657209,66.6866191119001,68.4027351731467,73.307048667904,68.1533472274756,68.2104706017888,59.8552815550501,60.8521840629822,61.5848121101048,60.2383045093226,59.4021192218932,2.99080851994932,3.81135811958272,3.48587295040561,2.94041892407569,2.70433066906709,60.2966233344674,14.4413517751197
66.3482144834945,-104251.94,-114688.52,-113142.36,-103092.32,-103478.86,66.6989896414515,66.6893481287704,68.1236823623559,68.6646827013715,68.6424009049702,59.9672935677622,59.675219604663,59.7646707022585,59.6365517959373,59.3472046258696,3.70053216201059,3.9070661712273,3.2342593321875,2.72855682730575,2.66009782680313,60.1191665040653,16.2305123195343,65.9924128559679,68.0299757571514,73.202615895347,68.0348118695512,68.2278151478862,59.7050048493997,60.7868621889949,61.5741543089806,60.2050470764774,59.351349035579,3.04084387287195,3.85600453812053,3.50470615721896,2.94884685910181,2.70794629547556,60.32486212609,14.6134894741949,70.3685837983193,75.5608081943316,83.087740944515,80.7813494017854,73.6803507480168,58.9031841385153,62.2029563542054,59.3681623814905,62.688821642558,59.7490909045551,3.31410858309362,2.64923069450249,2.72807299296868,2.07732420641228,2.366162404101,60.5229696344911,16.655602726261,65.9924129450698,68.0299759104845,73.2026160966151,68.0348121290796,68.2278152589036,59.7050048330741,60.7868622178276,61.574154264065,60.2050471270488,59.3513490436773,3.04084387843581,3.85600451354977,3.50470614140617,2.948846841357,2.7079462885166,60.3248621301236,14.6134895157738
66.351075098559,-104251.94,-114688.52,-113142.36,-103092.32,-103478.86,66.5011869480328,66.4973518815054,67.5091490200015,68.6107064266381,68.468514989265,59.8421091604411,59.5506612261232,59.4407317173885,59.5100119933585,59.1476869412681,3.74088704474751,3.94499562981804,3.35074531417434,2.70680093705281,2.65278270282629,59.9823431701871,16.396211628619,65.4953900241535,67.7556218447499,73.0667039700281,67.895542328773,68.2142455676003,59.5951280807603,60.7351365437513,61.5390788025536,60.1488738750082,59.2781177291913,3.07934523714497,3.8895800789255,3.52748803350488,2.95988882309206,2.71604513013135,60.3283061282061,14.753845376316,70.0537351169723,75.2555260648751,83.1778294872217,80.6635566218171,73.4805660535879,58.7218227133307,62.1753776945135,59.233318647906,62.6027226039313,59.5993302127743,3.39963076766665,2.66401400869949,2.74082909111868,2.08592960275317,2.37701337320707,60.4779379782512,16.8093237574055,65.49539011695,67.7556219974293,73.0667041758654,67.8955425886979,68.2142456748094,59.595128062982,60.735136573071,61.5390787556141,60.1488739249624,59.2781177357304,3.07934524366518,3.88958005397603,3.52748801749046,2.95988880530043,2.71604512322951,60.3283061312523,14.7538454181605
66.3510751934429,-104251.94,-114688.52,-113142.36,-103092.32,-103478.86,66.4369391222542,66.4357418483785,67.0404590964291,68.5159047658807,68.1723451494213,59.7877287663453,59.4963956565451,59.1837142866088,59.3860745865873,58.9019675517046,3.74643852309925,3.9491709333412,3.44101942012201,2.69816280654404,2.6672194483032,59.8490949286678,16.5020111314097,65.1567576190186,67.5541840442009,72.9374490840895,67.7563757987428,68.1717918299623,59.5185937324285,60.694396202128,61.4991881997322,60.0877239242075,59.2026191902441,3.10753791098125,3.9147737550443,3.548621581489,2.97231877553088,2.72645641552308,60.3137016502213,14.8537188298397,69.8083224308022,74.9870744264032,83.2545266158378,80.5402541347314,73.2733818417929,58.581500730652,62.1509979057208,59.1200197276024,62.5122992086364,59.4448849613551,3.4654336415312,2.67706654532744,2.75147243174053,2.095678056373,2.38820321305907,60.4285708502984,16.9370159055876,65.1567577137129,67.5541841955161,72.9374492941195,67.7563760589907,68.171791933818,59.5185937133516,60.6943962317808,61.4991881512983,60.0877239735658,59.2026191951761,3.10753791826712,3.91477372984766,3.54862156526103,2.97231875768466,2.72645640863709,60.3137016525598,14.8537188722505
66.3510751121353,-104251.94,-114688.52,-113142.36,-103092.32,-103478.86,66.4189320163147,66.4187106051226,66.7310317851357,68.3564338215925,67.8125992464099,59.7606757106497,59.4689271517,59.0011649297199,59.2442984975419,58.628104309926,3.74134858767341,3.94324002479305,3.49750027719978,2.70340236879651,2.6921601669705,59.734597298823,16.5776514254333,64.9377438149048,67.4069639821187,72.8297270487268,67.625298261332,68.1105347518598,59.4678047128781,60.6627992445297,61.4631897310534,60.0276953661618,59.1333890498645,3.12728345302968,3.93354376273781,3.56601004526439,2.98530320892439,2.73769386581524,60.2891350492652,14.9206229701965,69.6199277133547,74.7523295609962,83.3167481493895,80.4142977910338,73.0630534174322,58.474875199165,62.1295719823405,59.0307311884228,62.4201846870406,59.2913371287737,3.51504666752579,2.68852428798661,2.75972785788901,2.10608196973829,2.39943029625094,60.3772189568272,17.0363014205409,64.9377439102224,67.406964131652,72.8297272622164,67.6252985216842,68.1105348526807,59.4678046926646,60.6627992743895,61.4631896815346,60.0276954148669,59.1333890530799,3.12728346092357,3.93354373739232,3.56601002885049,2.98530319102564,2.73769385892904,60.2891350510584,14.9206230132665
66.4367614589896,-104251.94,-114688.52,-113142.36,-103092.32,-103478.86,66.4261801036329,66.4263898470295,66.5425816498137,68.1360484980721,67.4459052120116,59.7499150904245,59.4576607392649,58.8793940812766,59.0822415891043,58.3541434903256,3.7312565897674,3.93251966799024,3.52793289055498,2.72081881881455,2.71961938496109,59.6344000964773,16.6321473520883,64.8038969536157,67.2999325351826,72.7467871095943,67.5052865054098,68.040542178395,59.4357273154593,60.6386992950236,61.43419408121,59.9709231978829,59.0734563327898,3.14056785056392,3.94741116006333,3.57929396143318,2.99830230921917,2.74876563187657,60.2607937976942,14.9639852006771,69.4772317708966,74.5482636705587,83.3661228638719,80.2883115252173,72.8536613618282,58.3951714935428,62.1108972111079,58.9628441297789,62.3286849986156,59.1422672334186,3.55175402541698,2.69850475523884,2.76585067230298,2.11678917154349,2.4104624497248,60.3253364549476,17.1113201943368,64.8038970483066,67.2999326820481,72.7467873247629,67.505286764419,68.0405422759182,59.4357272943756,60.6386993248532,61.4341940311356,59.9709232456558,59.073456334184,3.14056785889536,3.94741113475803,3.57929394495122,2.99830229135798,2.74876562502189,60.2607937990019,14.9639852441863
66.6092784675233,-104251.94,-114688.52,-113142.36,-103092.32,-103478.86,66.4813454667201,66.4819919318646,66.4472299324237,67.8683393468446,67.1140739182326,59.7674008306784,59.4750464988266,58.8116251118321,58.9095896199777,58.1122448282298,3.71031624119168,3.91107145603937,3.54067714408498,2.74968817869277,2.74678969957389,59.5436065394396,16.6585427195827,64.763999251459,67.2410864832112,72.6864931448314,67.3971172611088,67.9694573291692,59.4245734802483,60.6282037612631,61.4125099146202,59.9181239455127,59.0232512647468,3.14639379245324,3.9544952830399,3.58890147869161,3.01096563147381,2.75906339961714,60.2324250973082,14.9913753307102,69.3905994101263,74.3797152831792,83.4049457692088,80.1644506487295,72.6486727761404,58.3486230905024,62.0970949506371,58.912447134425,62.2396515196177,58.9999025514619,3.57252368927171,2.70608144147833,2.77023457927403,2.12753012568327,2.4211291125286,60.273957426305,17.1673192744004,64.7639993443168,67.2410866264865,72.6864933599553,67.3971175173546,67.969457423083,59.4245734586535,60.6282037907443,61.4125098644429,59.9181239921067,59.0232512642781,3.14639380100584,3.9544952579837,3.58890146226061,3.01096561374288,2.75906339283465,60.2324250981418,14.9913753743823
66.7355965671165,-104251.94,-114688.52,-113142.36,-103092.32,-103478.86,66.5869439336977,66.5880005689484,66.4259423844018,67.5804093510665,66.8455650806573,59.81415432214,59.5221705275796,58.7911783674019,58.7409195116302,57.925516344236,3.67807938150881,3.87847770420924,3.54106707284422,2.78678619097812,2.77197268225516,59.4621230748949,16.6563830317955,64.8226024199079,67.237437109396,72.6477351453906,67.3029814011997,67.9019830944823,59.435577862141,60.6352224124584,61.3983451853081,59.8708493537568,58.9843720137118,3.14414096435129,3.95343059816668,3.59505895541615,3.02287379009903,2.76802773414869,60.2075920763719,15.0007422746674,69.3665086803094,74.2505470242127,83.4332907901452,80.0453263675606,72.4516866595286,58.338996075844,62.0888585178587,58.8796847426331,62.1551713741262,58.8673033619544,3.57556757510832,2.71092576694822,2.77285321324244,2.13811811205716,2.43122337830135,60.225273940423,17.2042062799485,64.822602510472,67.2374372491735,72.6477353603564,67.3029816551661,67.901983185162,59.4355778402851,60.6352224414306,61.3983451351089,59.8708493992854,58.9843720113785,3.14414097295,3.95343057340244,3.59505893902885,3.02287377246506,2.76802772743588,60.2075920767243,15.0007423185845
66.7902216739136,-104251.94,-114688.52,-113142.36,-103092.32,-103478.86,66.7028167187108,66.7040436461577,66.4607087296038,67.2988731017463,66.6468120629955,59.8684241544227,59.576906681557,58.8047338745611,58.5833134510264,57.7933168943102,3.64492639122524,3.84511542479044,3.53125656515538,2.82641266964398,2.79281017842539,59.3917763309063,16.6405212292404,64.9234273588476,67.2645018052821,72.629977883371,67.2258471187673,67.8414419249307,59.4565433576065,60.6502742265811,61.3918285463706,59.8310761333927,58.9588723058557,3.13788237658663,3.94816736474332,3.59787785096046,3.03356219032913,2.77515182673941,60.1897100778093,14.988183703462,69.37720062165,74.1511129885464,83.4507570718454,79.9334898965584,72.2660278291431,58.3494493345696,62.082812949894,58.865551549237,62.0772899629898,58.7471682223856,3.56912681017927,2.71453375887463,2.77359286058557,2.14833359626082,2.44055836941666,60.1817080770274,17.2206942327946,64.9234274473474,67.2645019421242,72.629978098388,67.2258473712777,67.8414420128505,59.4565433356077,60.6502742550467,61.3918284961716,59.8310761780267,58.9588723016489,3.13788238515578,3.9481673402301,3.5978778345813,3.03356217273897,2.77515182009079,60.1897100776503,14.9881837478237
66.8260103187533,-104251.94,-114688.52,-113142.36,-103092.32,-103478.86,66.7923363219786,66.7934337245835,66.5320077166814,67.0473793908774,66.5225125295698,59.9110261963315,59.6197769832352,58.8382303553125,58.4437448204018,57.7132822416232,3.62007486520959,3.82018059481749,3.5139061347525,2.86318160285036,2.80684357356125,59.3326626083232,16.6241867711912,65.0175735056169,67.2975835732916,72.6281327337796,67.1650176649894,67.7909843554202,59.476668133977,60.6646818664693,61.3911779147196,59.7986860379893,58.9450647135254,3.1313959716394,3.94251654849639,3.59817292177759,3.04284984628689,2.78036707025698,60.1792878153218,14.9617958940043,69.3962881503233,74.0707905691957,83.4602579080199,79.8298136550162,72.0932610555087,58.3641371424451,62.0770582717214,58.8648742364076,62.0068201506359,58.6389924536197,3.56090093297645,2.71780628435203,2.77298333444667,2.15791040144224,2.44911180890606,60.1434332689267,17.2227254647352,65.017573592453,67.2975837076139,72.6281329485959,67.1650179161501,67.7909844407404,59.476668111914,60.6646818944787,61.3911778646195,59.7986860817797,58.9450647074556,3.13139598015709,3.94251652420866,3.59817290541292,3.0428498287373,2.78036706368772,60.1792878146107,14.9617959388418
67.9407856742415,-103937.34,-113601.72,-112169.96,-102863.52,-103221.46,66.983175586456,66.9854539756325,66.617585885374,66.8358716882404,66.4573473491236,60.0208845199177,59.7526738412513,58.9366341502175,58.3765261611416,57.732550959171,3.56717125877964,3.75304853819074,3.48952301091651,2.90555536423671,2.82695720828556,59.2818682511549,16.5422553804091,65.0968642995269,67.3304148444493,72.6350721543826,67.1171755416069,67.7521382706975,59.4939708925997,60.6772788437127,61.3937661271517,59.7721762229154,58.9390639871516,3.12551874316892,3.93724220111104,3.59707470267535,3.05080944239488,2.78395765934684,60.1744684091367,14.9327057272125,69.4173817580478,74.0056071618711,83.4656781706183,79.7341327582281,71.9336220698092,58.3793454520562,62.0720610749346,58.8706223394319,61.9436638691023,58.5411136181177,3.55265312367597,2.72059646326429,2.77175017097996,2.16671447122982,2.45693879242228,60.1094219497581,17.2181815477377,65.096864383911,67.3304149748225,72.6350723659153,67.1171757880288,67.752138352366,59.4939708708299,60.6772788709542,61.3937660778721,59.7721762653267,58.9390639793793,3.12551875151128,3.93724217734872,3.59707468655592,3.05080942512761,2.78395765295983,60.1744684078662,14.9327057718502
66.8142101210324,-103937.34,-113601.72,-112169.96,-102863.52,-103221.46,67.2993369586807,67.3020606638585,66.7675458660071,66.6786934705967,66.4502848408695,60.1786098378855,59.9129024810998,59.0441969962251,58.3439644381834,57.7930401296683,3.4878017604809,3.6736221148618,3.47036735973884,2.94899770329747,2.84901569358294,59.2480054777722,16.4298046319619,65.6805121284412,67.6242397085692,72.6637166810005,67.0923362430099,67.7157045527083,59.6238214435356,60.7957394429965,61.4124157790548,59.7708040118602,58.9453582597521,3.07934170309506,3.88891683155147,3.59319072115433,3.05790467962092,2.78572452033187,60.1732606358679,14.9055238777197,69.7213493699985,74.0613621011722,83.4689449083902,79.6459033083034,71.7888428996284,58.5646752433096,62.0989064041317,58.8793938107789,61.8874096838456,58.4640946383599,3.46165690852561,2.70893359846894,2.77024094719656,2.17431514810977,2.46362687927991,60.07903783861,17.2110558647031,65.6805122179734,67.6242398511957,72.6637169204104,67.0923365211575,67.7157046429563,59.6238214200683,60.7957394718706,61.412415722931,59.7708040587575,58.9453582490888,3.07934171156596,3.88891680540675,3.59319070292035,3.05790466004335,2.7857245131952,60.1732606337802,14.905523928803
67.4295028141588,-103937.34,-113601.72,-112169.96,-102863.52,-103221.46,67.3026501156986,67.3036777993132,66.9467023008808,66.5762476810116,66.4956580622049,60.1840671255871,59.9175988108021,59.1336274312606,58.2998139598172,57.8382168119805,3.48885229297924,3.67515361704335,3.43051337313891,2.96976905780698,2.84895101595531,59.2332909343517,16.4132393569238,65.543684390045,67.5715074847651,72.7288645868445,67.100227880679,67.6919547556219,59.5963284357548,60.7748500624413,61.4390655175975,59.7793125300264,58.9832439789165,3.08671118912363,3.89751703737508,3.58307218163404,3.06102126708104,2.7833898408956,60.1958584470714,14.7819787499307,69.6625708307915,73.9850802943555,83.4413200952958,79.5803432030386,71.6686548051889,58.5303922589551,62.0763574871077,58.9444748495652,61.8485544689149,58.4129635507712,3.47797284058126,2.71906261679294,2.76290397697435,2.18180887908825,2.46869745758916,60.0721959364376,17.1349232684316,65.5436844788485,67.5715076230423,72.7288648178059,67.1002281497514,67.6919548413599,59.5963284127732,60.7748500905019,61.4390654638139,59.7793125746395,58.9832439666212,3.08671119755926,3.8975170119675,3.58307216395115,3.06102124812515,2.7833898341108,60.1958584444052,14.7819788006604
66.4868755415607,-103937.34,-113601.72,-112169.96,-102863.52,-103221.46,67.2194682071203,67.2189054455168,67.0645673438518,66.5273106507229,66.5805585450806,60.1469928381925,59.8792198679633,59.1846027612825,58.2712141595076,57.8919904601835,3.51159718377062,3.69838389173101,3.40139318453997,2.97708448542799,2.83874463598594,59.2182206477498,16.4272033814555,65.7154665570034,67.6740392361292,72.753509023889,67.0899718151155,67.6938172033743,59.6357278919029,60.8143299059091,61.4494564340122,59.7730907236981,58.9968535626573,3.07173564448058,3.88101792384765,3.57926973988346,3.06420805503178,2.78208445101842,60.2138167886454,14.7602090154562,69.773045003732,73.9881267858285,83.4406978623247,79.510029185234,71.5535251176742,58.5981208302281,62.0847889177533,58.9589643721403,61.8085140088407,58.3425829040261,3.4445946082825,2.71556302629815,2.76085894972476,2.18704563571134,2.47434194402281,60.0537868953273,17.1216917927617,65.7154666482239,67.6740393780795,72.7535092641533,67.0899720943373,67.6938172901464,59.635727868576,60.814329934471,61.4494563780222,59.7730907694575,58.9968535479483,3.07173565286301,3.88101789764645,3.57926972148434,3.06420803531183,2.7820844440999,60.2138167850477,14.760209068546
66.5600857946047,-103937.34,-113601.72,-112169.96,-102863.52,-103221.46,66.967936036866,66.9659541232282,67.0865198077557,66.5233715477423,66.6777904658327,60.0239285375322,59.7536695009799,59.1696203842899,58.2339410294753,57.9149615999658,3.57656361837112,3.76371376507495,3.38552460905637,2.96511282892471,2.81468763374741,59.1911220755829,16.5056024551746,65.4106132304267,67.5376469540727,72.7827327516328,67.0920459980212,67.7001908038631,59.5703111826253,60.7589069944543,61.4604334600209,59.7729527742425,59.0173013698779,3.09303332507593,3.90353546663747,3.57465115676204,3.06591718567679,2.7796020134529,60.2344115793125,14.7143583197804,69.6193431428398,73.8931053389708,83.4316801978136,79.4523445264216,71.4536329615722,58.5059575624039,62.060372922229,58.9881848023948,61.7779007120916,58.2906725819907,3.4893313006359,2.7266710949648,2.75731272776169,2.19246291936895,2.47889770558509,60.0448906408599,17.0883499112099,65.410613324738,67.537647096489,72.7827329902597,67.0920462749968,67.700190887972,59.5703111587748,60.7589070236182,61.4604334046216,59.7729528191703,59.0173013535952,3.09303333395637,3.90353544026572,3.57465113844671,3.065917166104,2.77960200671457,60.2344115750656,14.7143583729779
66.5673381543882,-103937.34,-113601.72,-112169.96,-102863.52,-103221.46,66.7683514673452,66.7666113039292,67.0015923993989,66.5535617182176,66.7561024859593,59.9216814118595,59.6501700383919,59.1067522527415,58.2142447866586,57.9241439390349,3.62741075392042,3.81440299969158,3.39498423371064,2.94737530374668,2.79265645489125,59.1460091516101,16.5768297459606,65.228465591649,67.4500778065981,72.7725765921132,67.0719863560548,67.7144980536483,59.5305063904367,60.7288050591017,61.4572651074048,59.7599283432298,59.012242737696,3.10660103152953,3.91691762708276,3.57630895029605,3.06868689151063,2.77929107250594,60.2398488474552,14.7509999538804,69.5222948321216,73.8247863478676,83.4478101341933,79.3881443557572,71.3553545394578,58.4483465084643,62.0525851617676,58.9701375936993,61.7436129045033,58.2237131471151,3.51709952832099,2.73064357198948,2.75871678929836,2.1967244725582,2.48396453182219,60.0221070291723,17.1132324957798,65.2284656878362,67.4500779493997,72.772576831252,67.0719866319523,67.7144981352081,59.5305063661949,60.7288050887561,61.4572650516899,59.7599283876668,59.012242720032,3.10660104072522,3.91691760050871,3.57630893198094,3.06868687197756,2.77929106589025,60.2398488425775,14.7510000067974
66.6164907841494,-103937.34,-113601.72,-112169.96,-102863.52,-103221.46,66.6852275589143,66.684445800096,66.8724565623378,66.5974408404694,66.7913621875277,59.8764008707972,59.6048387100108,59.0336213272327,58.216018382797,57.9213906973732,3.64757185421639,3.83424878880777,3.41923985154512,2.93256865386778,2.78068831143116,59.0899891995497,16.6143174598682,65.1088451672156,67.3865090727915,72.7506704551868,67.0446030263244,67.7224262801502,59.5038225543753,60.7090236306458,61.4496225215713,59.7436525097158,58.9991593220687,3.1161478682988,3.9262260869761,3.5798187890795,3.07190918366484,2.78014689618512,60.2345657865582,14.792035262037,69.45191038729,73.7681627506794,83.4668531397942,79.3264290396912,71.2631538782861,58.406972980556,62.0472413335084,58.9457989325019,61.7108400288381,58.1624337368079,3.53690167654642,2.73347950497363,2.76081206696033,2.20144972973819,2.48865749787005,59.9972188803833,17.1446728607745,65.1088452642935,67.3865092154367,72.7506706947191,67.0446033008526,67.7224263592939,59.5038225298581,60.7090236605582,61.4496224656049,59.7436525536871,58.9991593033659,3.11614787770365,3.92622606031537,3.57981877077274,3.07190916420799,2.78014688966964,60.234565781253,14.7920353146241
66.6990435984622,-103937.34,-113601.72,-112169.96,-102863.52,-103221.46,66.6812717010615,66.6813073538117,66.7583031783456,66.6361806240246,66.7823794040825,59.8716603867668,59.6004984739608,58.9754289565726,58.2274348995699,57.9044177253249,3.64715156879493,3.83359802121445,3.4438251296141,2.92303960419585,2.77818568471809,59.0365767341958,16.6258000085374,65.0524118490917,67.350536632912,72.727524169475,67.0152672579068,67.7225327711115,59.4907656480424,60.6996545183546,61.4413549640159,59.7269871413163,58.9842176886507,3.1212006498884,3.93113572508912,3.58351165302555,3.07531351995797,2.78167879560996,60.2235815791554,14.8228441021896,69.4116963602151,73.7252702024317,83.4838411337895,79.2665440494743,71.1770474301663,58.3838409566063,62.044221766296,58.9244009625012,61.6794696474648,58.1061290323128,3.54779834940904,2.73520507863976,2.76263588375027,2.20621508437159,2.49300378356204,59.9721305587209,17.1724934479655,65.0524119461753,67.3505367748808,72.7275244090239,67.0152675307492,67.7225328480454,59.4907656233906,60.6996545482989,61.441354907962,59.7269871847991,58.9842176690952,3.12120065938896,3.9311356984551,3.5835116347442,3.07531350060268,2.78167878918102,60.2235815735554,14.8228441545175
66.708135100254,-103937.34,-113601.72,-112169.96,-102863.52,-103221.46,66.7177148522138,66.7181004429384,66.689070902736,66.6562344600817,66.7399681976386,59.8883357794956,59.6175765842669,58.9432301710615,58.2369723890781,57.8756179981338,3.63659482412199,3.82295383420811,3.46029033568491,2.91938848878989,2.78245167330801,58.9945650384036,16.6216791561129,65.0538352840791,67.3428036543118,72.7091571374943,66.9879275770224,67.7165130355491,59.4904319084905,60.7001868238351,61.4347235735042,59.711816199218,58.9713018767511,3.12185040401675,3.93169179787949,3.5864362328352,3.07863413109188,2.78340971559716,60.2112942698361,14.8390456525788,69.4018267961169,73.6971161956562,83.4966409800403,79.2093158217185,71.0974143058725,58.3789300574694,62.0433904735389,58.9099703067835,61.6502210400695,58.0554568050315,3.54984161518377,2.73586479886142,2.76376585647581,2.21088698342631,2.49697044515479,59.9485319150857,17.1920516683413,65.0538353808721,67.3428037957686,72.7091573776403,66.9879278490893,67.7165131108132,59.4904318837468,60.7001868537369,61.4347235172993,59.7118162423699,58.971301856363,3.12185041354449,3.93169177125854,3.58643621452129,3.07863411177449,2.78340970922058,60.2112942639866,14.8390457049603
66.7357798557917,-103937.34,-113601.72,-112169.96,-102863.52,-103221.46,66.7531527030123,66.753646117151,66.663258632005,66.6535608170318,66.6845962155414,59.905135137083,59.6346109281028,58.9321027665472,58.2357528346725,57.8406592441248,3.62669697451968,3.81301316674958,3.46686294934509,2.91989278274136,2.78887401901617,58.9648932709443,16.6153398923719,65.061373294814,67.3396037373018,72.6985415548471,66.9654457799325,67.7071096711269,59.4916127946939,60.7009529522345,61.4308719261818,59.6994491871785,58.9627762109681,3.12183558821697,3.9318148574281,3.58812500959587,3.08162657550993,2.78492599140693,60.200918746641,14.8404652054972,69.39633161985,73.6737692464206,83.5045151666976,79.1556314010091,71.0247045374116,58.3764953277662,62.0417449544335,58.9039624392881,61.6238345457337,58.0110249278833,3.55073257130932,2.73680484374469,2.76404681271216,2.21534864687099,2.5005240856774,59.9277244745895,17.2016396448226,65.0613733911984,67.339603878137,72.6985417951093,66.9654460509716,67.707109744891,59.4916127699002,60.700952982046,61.430871869998,59.6994492299657,58.9627761898066,3.12183559775315,3.931814830858,3.58812499127315,3.08162655624893,2.78492598508348,60.2009187405667,14.840465257996
66.7450174489,-103937.34,-113601.72,-112169.96,-102863.52,-103221.46,66.7807208694544,66.7811819908916,66.6654141720044,66.63190365752,66.6329744324742,59.9183771125768,59.64795036062,58.9339566303094,58.2241352244603,57.8084473773735,3.61912569053723,3.80542457014826,3.46672767470072,2.92337936872135,2.79500826405689,58.9443977907613,16.6096655681645,65.0803561465956,67.3437292051558,72.6929865107841,66.946783008258,67.6973908791064,59.4954579578011,60.703672289616,61.4288489723864,59.6890796105562,58.9571418327041,3.12077695014357,3.93092924185224,3.5890081273996,3.08430022627562,2.78619157649164,60.1927206577363,14.8368978744883,69.3986292595322,73.656781194523,83.5099690736287,79.1049093111002,70.958310235192,58.3786081850715,62.0408051989523,58.9018287778158,61.5999619674642,57.9709720912983,3.54945841809581,2.73738299156409,2.7639487612133,2.21947005682623,2.50374995902488,59.9088718560734,17.2068311760102,65.0803562425696,67.3437293454639,72.6929867511924,66.9467832784734,67.6973909515806,59.495457932979,60.7036723193339,61.4288489162232,59.6890796530257,58.9571418107864,3.12077695967106,3.93092921532558,3.58900810906259,3.0843002070547,2.78619157021435,60.1927206514278,14.8368979271602
66.74851441449,-103937.34,-113601.72,-112169.96,-102863.52,-103221.46,66.7986347324396,66.7990325325472,66.6801183833542,66.5998438612162,66.595016968123,59.9270014939653,59.656596337706,58.9411952588869,58.2061171230918,57.7845558936864,3.61423314165817,3.8005204624719,3.46338339255858,2.92826983067662,2.79947051998948,58.9296846444024,16.6058773473548,65.0981953888287,67.3490313874982,72.6913649035457,66.9318285602191,67.688653358117,59.4991943719802,60.7061641250719,61.4282558826651,59.680616826985,58.9540305744777,3.11963803589993,3.92998773890483,3.58926571539294,3.08662620561209,2.78714486212045,60.1866863226448,14.8303898022853,69.4022118267848,73.6432453501352,83.5135784718462,79.057356441364,70.8980674142356,58.3813484849159,62.0398532114709,58.9025631356611,61.5786888531845,57.9353726130409,3.54792805990129,2.73792716479771,2.76357406714703,2.22328647935497,2.5066496637834,59.8921115891827,17.2086390114653,65.0981954844709,67.3490315273658,72.691365144033,66.9318288296681,67.6886534294354,59.4991943471398,60.7061641547086,61.4282558265401,59.6806168691632,58.9540305518414,3.11963804541724,3.9299877124153,3.58926569704473,3.08662618642727,2.78714485588739,60.1866863160989,14.8303898551338
71,-154708.11,-166264.38,-164552.34,-153424.08,-153852.09,67.4201106783595,67.4203826624073,66.7193565612566,66.5655997687152,66.5691049008258,58.4433888190106,58.1647610971337,56.4812376693898,53.9007477806721,52.8495038736541,4.11812807635124,4.29238002884095,3.84050585569887,2.89466257899348,2.67957832351718,58.7853497675281,17.8252548634017,65.112198256956,67.3538166939701,72.6919431186498,66.919776420627,67.6816404586645,59.5021894258572,60.7080746700598,61.4284645152059,59.6736200198103,58.9525256538914,3.11867118365469,3.92920437350846,3.58917363559432,3.08863323175986,2.78782270490479,60.1822982161795,14.8236496002492,69.4054066786043,73.6321372958453,83.5162522457354,79.0126403693408,70.8435155025884,58.3837321283478,62.038953816784,58.9045333939378,61.5597363063049,57.9035152504962,3.54661280936659,2.73842229505244,2.76309064126855,2.22679395167383,2.50926156159186,59.8770984926836,17.2089689874648,69.4054066466213,73.632137249074,83.516252165098,79.0126402792531,70.8435154790335,58.38373213668,62.0389538068694,58.9045334127402,61.5597362922539,57.9035152583109,3.54661280617857,2.73842230392336,2.76309064742259,2.22679395809424,2.50926156366705,59.8770984949572,17.2089689696949
71,-154708.11,-166264.38,-164552.34,-153424.08,-153852.09,69.2499635979517,69.25109947814,67.1108856433456,66.5369780489739,66.5744297113902,59.3512090769416,59.0857376297284,56.9689292884229,54.4735993592026,53.5223062722577,3.73453955688239,3.90823718365698,3.8769202094299,3.03898883232145,2.8166103156435,58.4293340322387,17.3752960979342,66.2019287260728,69.8508170819276,72.4117932387611,66.9547038226467,68.4625584644794,59.2379957538056,58.2211396290105,61.1911440064454,58.4023796328755,58.0596925916452,3.62629068327748,4.20363305982991,3.62268354851351,3.01522855174578,2.84909794793465,60.1790009711436,14.8178411452468,70.2529446755376,73.1908788193825,82.5091315201538,78.6996920833886,71.2477129006042,58.6136708198603,61.1544312011901,58.4010425589203,61.3858005603093,58.2794723902376,3.52908317057327,3.10693098563535,2.91073686049469,2.25156434505056,2.48110795238699,59.8635691295464,17.2088612358345,70.2529446453589,73.1908787945002,82.5091314449321,78.6996919958924,71.2477128798557,58.6136708245113,61.1544311793381,58.4010425797056,61.3858005380839,58.2794723886003,3.52908317129743,3.1069309938054,2.91073686579844,2.25156435073959,2.48110795512838,59.8635691318962,17.2088612180222
71,-154708.11,-166264.38,-164552.34,-153424.08,-153852.09,70.4675120768388,70.4697772132298,68.0576131272349,66.5308585734382,66.696941897794,59.8983768751119,59.6426383830515,57.6292900434551,54.9311079447965,54.1211396449635,3.49766462600842,3.66935769314746,3.77045813019668,3.16045355559274,2.92329227039483,58.2592199876389,17.0212262753401,67.3105334608547,71.4652619473457,72.2881068769121,67.5228494133834,68.7967452233854,59.3664340495345,56.9840219205156,60.9842467886704,57.8853644069576,57.7596543701403,3.67712990513608,4.30834755823148,3.62915524221461,2.93894753059643,2.86757494271053,59.6075072687077,16.2308007915817,70.8694434735992,72.6637884642755,81.8675870886385,78.3425810325774,71.3626364446904,58.7990398069866,60.6896446721227,58.2403183473572,61.1844175229297,58.275620984078,3.50141684734812,3.30390508895124,2.98169457321477,2.26439034158202,2.47671623892574,59.8293927493378,17.2060201580305,70.8694434470865,72.6637884553469,81.8675870172746,78.3425809519741,71.3626364255754,58.7990398112135,60.6896446445171,58.2403183677986,61.1844174983529,58.2756209802343,3.50141684865712,3.30390509643399,2.98169457803813,2.26439034660724,2.4767162418375,59.8293927476848,17.2060201507655
71,-154708.11,-166264.38,-164552.34,-153424.08,-153852.09,70.9129420023459,70.9148382709408,69.1413058215438,66.5913432929128,67.0478859157434,60.1050489472625,59.8524990589113,58.2249401569939,55.2593304950209,54.6900564425778,3.42039749414374,3.59134215646618,3.60189066249796,3.23512457778899,2.97485457292816,58.2426192013418,16.823609463825,67.8513551118116,72.4394571912289,72.2445936099792,68.2483683822018,68.9672796587504,59.482952752043,56.4526765353439,60.7978044764609,57.7676818888524,57.7563486818593,3.6387997120217,4.32934125104179,3.62216891629426,2.85733290949868,2.86050356849614,58.8553385326389,17.2940723522054,71.320106454471,72.182890265584,81.4318013132859,77.9636958571379,71.3369602884559,58.9464037145081,60.4216610807709,58.2319811254728,60.9645454546911,58.1293356109153,3.47142700983148,3.41947472203939,3.01533984081785,2.27665030061657,2.48211326402601,59.8036938960648,17.1664354865486,71.32010642863,72.1828902674954,81.4318012448444,77.9636957847621,71.3369602708026,58.9464037185052,60.4216610512033,58.2319811445873,60.9645454308756,58.1293356081367,3.47142701107835,3.41947472881759,3.01533984533852,2.27665030494245,2.48211326684489,59.8036938889999,17.1664354874994
71,-154708.11,-166264.38,-164552.34,-153424.08,-153852.09,71.0332494292115,71.0342925512718,69.9692924770922,66.7802860667264,67.6285111340698,60.1783039888095,59.9265220575765,58.6380546091769,55.5724040473617,55.3101265337615,3.40557126938556,3.57665340527517,3.47001413383882,3.27095458847071,2.98438039666281,58.2245361059192,16.7075737936331,68.0920823533173,73.0277879238141,72.1645928142429,68.9602640400486,69.0977888321051,59.5453467012139,56.2602938264172,60.6111751487428,57.8405386200901,57.8714169399462,3.6093962357287,4.31681966524181,3.62205093650041,2.77482627212932,2.84096082774649,58.2048503734161,17.8846385148928,71.6507349176459,71.7881442980783,81.1342923993786,77.5762030109811,71.2375155664514,59.0624286223527,60.2559574814034,58.2883619332141,60.7339255560089,57.9394169791963,3.44290972496582,3.4920357295675,3.02935004382797,2.29154400236822,2.49143554313445,59.7854436612424,17.1014897634235,71.6507348911352,71.7881443073132,81.1342923325574,77.5762029467953,71.2375155505112,59.0624286259503,60.2559574516371,58.2883619505183,60.7339255344541,57.9394169786897,3.44290972620608,3.49203573571186,3.02935004824339,2.29154400596851,2.4914355457383,59.7854436494675,17.1014897692577
71,-154708.11,-166264.38,-164552.34,-153424.08,-153852.09,71.0594316067954,71.0599741682304,70.4733841782225,67.1316286164071,68.3202163868124,60.210807829817,59.9596148732496,58.8903857158847,55.9389494108715,55.9377532969617,3.40755574923965,3.57904137204408,3.39459214152563,3.27539746695753,2.96893641054708,58.1683895594954,16.625523140314,68.1982638505191,73.3923179378275,72.0348107907158,69.604611941713,69.2237606661353,59.5747912565009,56.2123317852768,60.4202457089226,58.0000256236235,58.0229965070902,3.59417227956682,4.29509130185659,3.63097401353342,2.6953049188804,2.81626329642214,57.7251285775571,18.1882830190023,71.8938592042302,71.4824719605253,80.9342420977552,77.1890062346634,71.1020619090699,59.1530794246707,60.1480852716826,58.3673180584025,60.4987158096789,57.7484045343439,3.41754796101908,3.53982271466484,3.03284656160051,2.3095205042518,2.50192430220964,59.7714299202672,17.0254138900219,71.8938591766993,71.482471974753,80.9342420314575,77.1890061781623,71.1020618950772,59.1530794278123,60.1480852423625,58.3673180736961,60.4987157910645,57.7484045363895,3.41754796233487,3.53982272029134,3.03284656605635,2.30952050712576,2.50192430455135,59.7714299050229,17.0254138986849
66.0000004235722,-154708.11,-166264.38,-164552.34,-153424.08,-153852.09,70.4712244413175,70.4654272105856,70.7171277835907,67.6205128837815,68.986147034782,59.9991545403287,59.7411295257343,58.9646352080837,56.2385284447407,56.3625174424678,3.53008437415894,3.70454516731755,3.3456354303512,3.22092103662804,2.91221674803386,58.0984068909961,16.7134027564896,68.2451234168756,73.6249031016577,71.8711774098093,70.1746724556446,69.3499020133039,59.5881317457632,56.2185314241181,60.2262937068119,58.196076180266,58.1767510224916,3.58704798892395,4.27401088682988,3.64603700553642,2.62107053899554,2.79032541050374,57.396320368059,18.3497601458717,72.0728489407066,71.2541909263372,80.8030266055292,76.8085236512459,70.9531794936356,59.2234336510457,60.0753724509246,58.4489508556257,60.2636709867578,57.5740652650727,3.39589821449631,3.57228546057095,3.03083235901846,2.33011704065265,2.51223830114387,59.7592144130045,16.9472747017027,72.0728489027681,71.2541909498345,80.8030265170012,76.8085235854946,70.9531794777447,59.2234336546604,60.0753724126975,58.4489508732418,60.2636709662649,57.5740652710462,3.39589821639089,3.5722854675261,3.03083236511606,2.33011704353643,2.51223830390013,59.7592143895846,16.9472747156035
65.9999996207014,-154708.11,-166264.38,-164552.34,-153424.08,-153852.09,68.4232643551775,68.4044458418999,70.4826743105095,68.1585604459975,69.5101743190996,59.0934958674609,58.8130451066949,58.6378445698028,56.1409478832946,56.2201851415997,3.96229449543694,4.14211086139559,3.31955430481431,3.05056207520426,2.7661983037543,58.0158813873722,17.2407200406054,65.9284761665744,71.8913507923612,71.6890436600523,70.6775253936901,69.4730370707275,59.1225450511873,55.670267008442,60.0311292264205,58.4039988704089,58.3194622208969,3.71193793810446,4.52958597356556,3.66449138257531,2.55311930554676,2.76517042955051,57.182591804591,18.4447542981497,70.7916945905285,69.892946057081,80.7197623150372,76.4393191737066,70.8041714046875,58.5696233935731,59.231407766102,58.5244278486225,60.0323025520321,57.4225112303387,3.67458243538384,3.93451919814672,3.02613694645251,2.35261821725167,2.52175710095993,59.7471410633746,16.8719450813076,70.7916945423267,69.8929460768882,80.7197622255293,76.4393191165986,70.804171391494,58.5696233990534,59.2314077308058,58.5244278635561,60.0323025358932,57.4225112392288,3.67458243575409,3.93451920404472,3.02613695277955,2.35261821923894,2.52175710337252,59.7471410379561,16.8719450968965
65.9999995575631,-154708.11,-166264.38,-164552.34,-153424.08,-153852.09,66.8484176616551,66.8360738271019,69.5938627588745,68.6585480266197,69.798520174868,58.2564465338343,57.9680355344429,58.0212056122512,55.9365103311349,55.8463977632206,4.30253893694785,4.47998123713315,3.39762554592123,2.88165103702615,2.6349213714627,57.8496919546569,17.6967181284911,64.9732151801656,70.5608065612496,71.1225181778958,70.8007302265895,69.5040321205745,58.8755823537006,55.2663477956462,59.7612873439837,58.510086815307,58.2537469856441,3.82787828894759,4.7224345410238,3.74937720082851,2.5112066783184,2.76486641515888,56.9519706468887,18.7777406608498,69.9385708693805,68.8030811886581,80.7770367826703,75.9214196044122,70.5465207880157,58.1369274286354,58.6712244625083,58.3082106907912,59.7036442970415,57.0777989349004,3.85795367549251,4.17705774066918,3.05308093157415,2.37582190156481,2.54133921760577,59.5771655812256,17.158832294207,69.9385708201664,68.8030812060798,80.7770366869796,75.9214195536585,70.5465207776831,58.1369274359565,58.6712244287609,58.3082107051934,59.7036442852116,57.0777989465558,3.85795367519441,4.17705774607468,3.05308093847548,2.37582190290668,2.54133921982126,59.577165555206,17.1588323102528
65.9999995669803,-154708.11,-166264.38,-164552.34,-153424.08,-153852.09,66.2469486556666,66.2431951784786,68.4214387611214,69.0537199091813,69.7818744286388,57.88622853829,57.5995363141077,57.3568625063807,55.8312751805698,55.4651538655582,4.42154381483826,4.5962763899732,3.55364314459931,2.77259416626273,2.56781889104658,57.5749417003483,17.9118764067201,64.6265015741166,69.6144986632135,70.6586037024443,70.7199187534627,69.4602816848442,58.7766419276993,54.9726732529109,59.4973977704355,58.5502335219364,58.0929527402316,3.88086541994811,4.86084702769894,3.8153899686804,2.48724847403644,2.78053938925293,56.7185669319687,19.1039930256133,69.4180739883034,67.9974216412022,80.8378494362007,75.3269168993414,70.2487755098588,57.8800495705673,58.3014905513891,58.0225070603405,59.3219305210475,56.6724691056865,3.96397206842937,4.33811402818629,3.08979086653987,2.40571317222685,2.56419367301441,59.3333095231971,17.4506517048664,69.4180739408118,67.9974216572299,80.8378493353092,75.3269168536792,70.2487755020436,57.8800495794539,58.3014905183956,58.0225070749588,59.3219305133988,56.6724691197657,3.96397206760566,4.33811403336735,3.08979087373164,2.40571317303498,2.56419367515871,59.3333094972811,17.4506517212535
65.9999996077297,-154708.11,-166264.38,-164552.34,-153424.08,-153852.09,66.0945560374436,66.0938409114503,67.4137143961332,69.282002959545,69.4627569691531,57.7680930742392,57.4829714353912,56.7963558885165,55.743633461481,55.0097880168515,4.43973515356319,4.61377858202918,3.70332748275837,2.70789426477997,2.54361201778261,57.2978463777812,18.0083475009133,64.5106757519116,68.9798626506565,70.3035782776867,70.5462123318659,69.3766721147398,58.7416384034719,54.7657671586472,59.2463862617319,58.5481616279307,57.8961705636843,3.90085317578312,4.95562475618767,3.86190975671357,2.47631085775325,2.80532489113691,56.5039975605766,19.3630827695798,69.1162309043588,67.4383518166972,80.861397160847,74.7015099572776,69.9516022525382,57.737657887681,58.0612945124835,57.7651878973391,58.9181086364352,56.2824440592689,4.02003874921038,4.44314661035927,3.12517809570992,2.44163303352143,2.58643871286662,59.0521297277101,17.6654901913439,69.1162308587109,67.4383518319759,80.8613970562033,74.7015099160924,69.9516022468398,57.7376578976319,58.0612944798199,57.76518791202,58.9181086327685,56.2824440752633,4.02003874802907,4.4431466154387,3.12517810301203,2.44163303386514,2.58643871503611,59.0521297024543,17.6654902081695
65.999999645191,-154708.11,-166264.38,-164552.34,-153424.08,-153852.09,66.0657187635084,66.065611673907,66.7397832761483,69.2981419287938,68.9272271151026,57.7278599382184,57.443216017558,56.4028169613944,55.5925681168981,54.4606932807857,4.43366709573607,4.60761101029233,3.80378095064845,2.67485868314832,2.54122694079673,57.1006807093615,18.0611446806219,64.4731746010019,68.5716156212439,70.0088663931285,70.3413224381012,69.2729338032862,58.7299290932531,54.6248416357767,59.0039795020465,58.5212238774109,57.7036048525148,3.90776554195949,5.0181281184851,3.89775233999414,2.47404890294573,2.83298988419126,56.3183324190441,19.5572874794499,68.9442396254646,67.0681208220131,80.8490883811683,74.0772960702002,69.6760524513349,57.6611821623764,57.9078719535334,57.5634382050375,58.5148019211153,55.9447962754308,4.04814851191513,4.51038336152302,3.15521401464571,2.48136948493391,2.60616570678128,58.7547714659283,17.8126144456463,68.9442395811497,67.068120836915,80.8490882737255,74.0772960331712,69.6760524473393,57.6611821729693,57.9078719209937,57.5634382193154,58.5148019211789,55.9447962928632,4.04814851052372,4.51038336655553,3.15521402200537,2.48136948486135,2.60616570902944,58.7547714417795,17.8126144629386
65.9999994849041,-153627.58,-162531.64,-161212.52,-152638.24,-152968.02,66.064124498832,66.0640328011183,66.3667549717611,69.0912630117847,68.2967027398698,57.7577512420622,57.5407469412051,56.3137261503344,55.4824620609484,54.0345476668797,4.41938954931523,4.55654224265346,3.83183126593779,2.68008165170104,2.56283135478643,56.9787340412225,18.0506760643939,64.4611475336525,68.3160866427396,69.7425082389683,70.1382575098348,69.1612701067651,58.7261080917001,54.5316649567051,58.7668006320278,58.481950616094,57.5385210958977,3.91005941157489,5.05822448463088,3.92867190604455,2.47692795434531,2.85918301705389,56.1629971642824,19.7013100432864,68.8458123851149,66.8307552942613,80.8140392108808,73.4756448857639,69.4306196652293,57.6203185930649,57.8112731596702,57.4144528920693,58.1271759456352,55.6703982636448,4.06184534034402,4.55276546304108,3.17932707268582,2.52268820915001,2.62276364617806,58.4560367758218,17.9147359640952,68.8458123421732,66.8307553088081,80.8140391024507,73.4756448530789,69.4306196625915,57.6203186038945,57.811273127551,57.4144529053136,58.1271759491098,55.6703982819405,4.06184533885749,4.55276546799134,3.1793270800246,2.52268820870186,2.62276364849346,58.4560367533647,17.9147359815922
66.0038885422425,-153627.58,-162531.64,-161212.52,-152638.24,-152968.02,66.0669071321331,66.0668038926414,66.175431951756,68.7241892459568,67.6982748129215,57.7468491036291,57.5297074345725,56.1774365489877,55.1604398088559,53.485147616491,4.41212056910142,4.54917105103087,3.85292337148407,2.6889834480593,2.57167178642184,56.892645543508,18.0748702260975,64.4267528412552,68.1291480948564,69.4845117259524,69.9555455845142,69.0186864491631,58.7310927006199,54.4925245996755,58.5298802361625,58.4727093398511,57.4269915612357,3.89796892778654,5.0818660472744,3.95803506509465,2.4832637771824,2.8810874332391,56.0358467825674,19.8081471034679,68.8003833428644,66.7029339391399,80.8109962529366,72.9232186947567,69.208914692298,57.6063630333022,57.8052805561342,57.3299598184021,57.775625685538,55.4873401865319,4.06412775428506,4.55667239663381,3.19174893518896,2.56335330064737,2.63548600091499,58.1662016425907,17.9889182003709,68.8003833000388,66.7029339531051,80.8109961420303,72.923218665698,69.2089146904353,57.6063630443153,57.8052805236965,57.3299598301514,57.7756256923637,55.4873402055245,4.06412775265807,4.55667240177639,3.19174894269226,2.56335329986315,2.63548600331986,58.1662016217307,17.9889182181844
66.0158461363189,-153627.58,-162531.64,-161212.52,-152638.24,-152968.02,66.0722154571544,66.0720885464887,66.0776971286727,68.2822693007248,67.1848118182485,57.7404773911803,57.5231557235675,56.0961187990221,54.8016105379003,53.0105639645398,4.40593533702121,4.54287252822686,3.85926041785268,2.70555752294306,2.57872576979961,56.8116886139741,18.0923515758434,64.4180689987885,68.0197838924427,69.2315927832886,69.7894881044503,68.8990720131139,58.7306409098247,54.4619952374067,58.296201470892,58.4494080818041,57.3422612482318,3.89692101583815,5.09719350091213,3.98670450878518,2.49042167897679,2.89898335395558,55.9385638191589,19.8820969700246,68.7722174229983,66.6313025493245,80.7948368434768,72.4135832848572,69.022808986337,57.5982115458452,57.7968266357654,57.2729582075176,57.4531201848834,55.3466602318803,4.06513031973103,4.56095607609664,3.20117925941344,2.60267206936203,2.64566550096343,57.9015399940971,18.0376097174683,68.772217380388,66.6313025629124,80.7948367303172,72.4135832591774,69.022808985126,57.5982115569273,57.7968266031303,57.2729582175312,57.4531201946332,55.3466602514095,4.06513031808491,4.56095608134433,3.2011792671007,2.60267206826353,2.64566550344244,57.9015399748871,18.0376097355188
66.0226962348561,-153627.58,-162531.64,-161212.52,-152638.24,-152968.02,66.0801795344041,66.0800297395785,66.0335335955531,67.8282015626879,66.7812005194274,57.7380616293661,57.5205814257145,56.0494001976597,54.4426831248181,52.6338111738477,4.40045316807498,4.53729149856543,3.85827278343901,2.72478782942027,2.58362142406901,56.7288801752406,18.1044267035687,64.419980964092,67.9595201428781,68.9863509095861,69.6464483915787,68.798681903008,58.7310522494668,54.4417487727709,58.0667971832302,58.4215256782391,57.2854277024915,3.89678619712636,5.10631088290593,4.01427400508659,2.49726609211064,2.91242230627792,55.8647112623088,19.9361524099478,68.756562741912,66.5927949248771,80.7742385917743,71.9481237343329,68.8665531161203,57.5943073380333,57.7912349582963,57.2331720321005,57.1605999881737,55.2391674789284,4.06517169100196,4.56368920346034,3.20845523709391,2.63953699663413,2.65381272407678,57.6591155828513,18.0754301726183,68.7565626994875,66.5927949382476,80.7742384764543,71.9481237118158,68.8665531154563,57.594307349154,57.7912349255285,57.2331720402558,57.1606000005093,55.2391674989468,4.06517168935465,4.56368920876877,3.20845524497717,2.6395369952423,2.65381272660674,57.6591155652967,18.0754301908216
66.1393558453078,-153627.58,-162531.64,-161212.52,-152638.24,-152968.02,66.1057850632917,66.1055527037102,66.017447298637,67.4085845981601,66.4795663344722,57.7477536948984,57.5301813414566,56.0260484932949,54.1186888780878,52.3562704129055,4.39207482547849,4.52886649759024,3.8554671779011,2.74439307111354,2.58802891413397,56.6448001441653,18.1088304862173,64.4232071314503,67.9262564963909,68.7483493140811,69.5278865088788,68.7159188893945,58.7317314620849,54.4290891079148,57.8421184583142,58.3945980624227,57.2527593738019,3.89657613222938,5.11163445180186,4.04086272135627,2.50318260909256,2.92178500192907,55.8098811332331,19.975315777674,68.7475925964054,66.5721161885914,80.7532758996352,71.5257510247667,68.7352532637583,57.5923708434371,57.7877854801806,57.2048964273969,56.8971305634294,55.1567284589259,4.06494783129957,4.56534049988995,3.21409696407571,2.67336565008609,2.66036627008669,57.438112564405,18.1067489027882,68.747592554337,66.5721162017647,80.7532757828492,71.5257510053311,68.7352532635702,57.592370854521,57.7877854475066,57.2048964335959,56.897130577997,55.1567284793164,4.06494782966162,4.56534050520439,3.21409697211863,2.67336564843052,2.66036627262981,57.4381125485653,18.1067489209659
66.4894690080046,-153627.58,-162531.64,-161212.52,-152638.24,-152968.02,66.2144257702076,66.2138749016759,66.0295546736444,67.0488554742403,66.2674753724709,57.8072455055916,57.5897913237728,56.0375775741661,53.8732354545161,52.1972033030881,4.36639848418382,4.50328567854029,3.85524403947318,2.7681959312266,2.59778190696271,56.5625231771106,18.0909060403866,64.4691746680649,67.9546385428999,68.5167159792292,69.432061869722,68.6491296673872,58.7408577764076,54.4331228196223,57.6224427415432,58.3713907501772,57.2389559669593,3.89422928767269,5.10841937691898,4.06665778112912,2.50790412911866,2.92775820168753,55.7711665690121,20.002644893764,68.7665255755163,66.5856797273674,80.7339343774894,71.1438197169673,68.6247458399322,57.6028937051124,57.8052563815621,57.184342080455,56.6606801260398,55.0926936348551,4.06012052455406,4.55800702542678,3.21850355382621,2.70393505179315,2.66568562283797,57.2374107784056,18.1337108709079,68.7665255344112,66.5856797404618,80.7339342606291,71.143819700594,68.6247458401655,57.6028937159973,57.8052563493069,57.1843420846455,56.6606801424031,55.0926936553845,4.06012052296727,4.55800703069159,3.21850356193898,2.70393504991807,2.66568562534475,57.2374107643807,18.1337108887846
66.7059134458731,-153627.58,-162531.64,-161212.52,-152638.24,-152968.02,66.4218831596569,66.4206499147768,66.0883102714892,66.7522109146454,66.1246424517158,57.9246717940365,57.70752288516,56.0963828272559,53.7191622265152,52.149191988411,4.32013487533148,4.45726453142436,3.85526319824797,2.79847782378081,2.6154075179085,56.4890469912822,18.0465479466931,64.6211853643661,68.1189935189981,68.2970037747606,69.3631428390308,68.5960148462845,58.7718272451398,54.473510313351,57.4094122176883,58.3558664711888,57.2438713186161,3.88554305506682,5.08646206805875,4.09074544348794,2.51086284697282,2.93054899424417,55.7479408904004,20.0173263270009,68.8529056794652,66.6736496478539,80.7154163080365,70.8026815151417,68.5332320943866,57.6446171847307,57.8756019093363,57.1732435744164,56.4509232504055,55.0466145184896,4.04327312451696,4.52810237762092,3.22148403059132,2.73132284243974,2.6698354114109,57.0601555006978,18.1515188518144,68.8529056394098,66.6736496615348,80.7154161904901,70.8026815015157,68.5332320949809,57.6446171954003,57.8756018771338,57.1732435766518,56.4509232684367,55.0466145392877,4.04327312302397,4.52810238290607,3.22148403881931,2.73132284035298,2.66983541387868,57.060155488277,18.1515188694752
66.2875129551857,-153627.58,-162531.64,-161212.52,-152638.24,-152968.02,66.5468037175787,66.5460929745035,66.2027951590508,66.5241445741926,66.0486442646405,57.9963787315878,57.7797517473677,56.1763570518629,53.6025544392265,52.1408370277579,4.2932484904346,4.4302076614002,3.84199351190334,2.82261682571806,2.62812804242449,56.4320488292094,18.0161945318807,64.7569587777913,68.3080542585015,68.1006825988823,69.335616332681,68.5548646057019,58.8019409361301,54.526241230717,57.2062542553403,58.3553641159506,57.2747325313359,3.87491031002623,5.05997411823624,4.11122488022293,2.5108603115239,2.92950502804327,55.7425524841342,20.0138438627883,68.9495547976936,66.782839032648,80.6949767139928,70.508234649948,68.4617964141653,57.6896612991966,57.9534248461364,57.1793751496233,56.2707562882711,55.0252040666571,4.02577305225876,4.49488491440002,3.22212064611952,2.75573636785637,2.67253844732817,56.9152915484656,18.1486658166496,68.9495547571974,66.78283904738,80.6949765923449,70.5082346386218,68.4617964150642,57.6896613099401,57.9534248130334,57.1793751498829,56.2707563084062,55.0252040883852,4.02577305080159,4.4948849198582,3.22212065470735,2.75573636549112,2.6725384498102,56.9152915371382,18.1486658346653
66.5629732254991,-153627.58,-162531.64,-161212.52,-152638.24,-152968.02,66.5346866493389,66.5344984777428,66.3113253655402,66.3582553261335,66.029023613328,57.9911774029972,57.7745546793794,56.2320863194805,53.4885038205828,52.1303500565874,4.29672375896337,4.43344306320335,3.8218669067459,2.83398616626415,2.6298551483108,56.3810021570514,18.0158750434876,64.6338240811867,68.2421766259623,67.9166873655305,69.3440315355905,68.52665799167,58.7808490623353,54.519430038102,57.0116186476907,58.3690502355591,57.3245178941811,3.87726435293955,5.06693628872172,4.13007354117192,2.50806059253216,2.92531379982449,55.7541009807823,19.9955824534984,68.9109429398241,66.7621414262869,80.6761023800003,70.2566298815333,68.4072266439627,57.6689050445951,57.9251633617398,57.1970604220045,56.1174094659527,55.0219049667699,4.03503806060464,4.5067337301211,3.22097313043365,2.77709557789319,2.67412537132345,56.7987033857662,18.134277894277,68.9109428990577,66.7621414403935,80.676102258387,70.2566298728351,68.407226645101,57.6689050551933,57.9251633292789,57.197060420237,56.1174094874136,55.0219049887167,4.03503805910086,4.50673373546054,3.22097313909852,2.77709557532895,2.6741253737176,56.7987033758099,18.1342779120176
66.7100601726906,-153627.58,-162531.64,-161212.52,-152638.24,-152968.02,66.5899730662165,66.5896787136294,66.3859675552085,66.2465817899297,66.0492382671061,58.0235092775293,57.8069474951632,56.2813808850134,53.4338550970304,52.1767580482338,4.28521033523279,4.42194018020828,3.81227965206547,2.846599213749,2.63482071202814,56.3243519123849,18.0008500932837,64.70312647381,68.3202941655369,67.7066018566427,69.3429800121155,68.5109080148683,58.7926040234458,54.5406970753986,56.8172976058502,58.3798803491944,57.3606047891126,3.8760753268632,5.05609391242113,4.15386992461711,2.50532652385267,2.92158929913949,55.7723329890483,19.9836823634902,68.9516532627249,66.8077087837236,80.6695816569543,70.0220773118187,68.3575386202556,57.6876881146399,57.9578806462668,57.1980309748196,55.9754974607503,55.0063271441618,4.02782344321255,4.49277268851038,3.2213184782697,2.79520080784287,2.67604093687524,56.6832968215728,18.1462363714445,68.9516532225186,66.8077087980381,80.6695815342779,70.022077305392,68.357538621707,57.6876881250964,57.957880613928,57.1980309712164,55.9754974835044,55.0063271664417,4.02782344177647,4.49277269384142,3.22131848709499,2.79520080509962,2.67604093919901,56.6832968129518,18.1462363888333
66.8339729673376,-153627.58,-162531.64,-161212.52,-152638.24,-152968.02,66.7059612176851,66.7055066933585,66.4547781879603,66.1815670517582,66.0930319081635,58.0898403206649,57.8735968832816,56.338851542006,53.4359256395877,52.2680312816043,4.26051347264354,4.39731755668448,3.80800607828871,2.86158197540072,2.64386955163432,56.2687712981614,17.9712886346518,64.7850925313207,68.4296906067497,67.5190037188387,69.3566018052466,68.5007795499939,58.8099340488702,54.5715451534765,56.6325336837614,58.3974020371364,57.4030912929163,3.87065211309521,5.04070120455006,4.17420285374178,2.50105692950015,2.91676133352764,55.7994509959473,19.9659565829359,69.0082573746873,66.8720310049143,80.6626915521486,69.8155620685497,68.3182616613998,57.7137542520624,58.0026397166031,57.2048528996501,55.850777465986,54.9989726869275,4.01783338299434,4.47365079556768,3.22084676523496,2.81116745072675,2.67737190377612,56.5862326630359,18.1476627473923,69.0082573349605,66.872031019567,80.6626914285075,69.8155620642323,68.3182616631167,57.713754262374,58.0026396843272,57.2048528942663,55.8507774899418,54.9989727095427,4.01783338160983,4.47365080090186,3.22084677420306,2.81116744780958,2.67737190602803,56.5862326556347,18.1476627644968
66.9109069781773,-153627.58,-162531.64,-161212.52,-152638.24,-152968.02,66.8278752429242,66.8274100436628,66.5395222941316,66.1525883952647,66.1501546034149,58.1596479747164,57.9438129005516,56.4072871754918,53.4719770005084,52.3774885339635,4.23490271169016,4.37173269355436,3.80187685187545,2.87625703482015,2.65391595378607,56.2246552827478,17.9386852457262,64.8625781855793,68.5483062977116,67.3467048574177,69.3868384603971,68.496181819047,58.8271708027773,54.6066572381857,56.4567663801634,58.4223059350815,57.4521127779003,3.86452433730817,5.02368491834223,4.19238272334996,2.49530377632284,2.9108289346267,55.8350718566961,19.9415322213381,69.0693032042181,66.9440204133505,80.6557102432785,69.636480808079,68.288551803397,57.7415573707776,58.0505558710051,57.2178153118058,55.7426663151082,55.0003148980683,4.00731339740694,4.45314477462984,3.21949555295644,2.82520008854585,2.678124885955,56.5068461158219,18.1403879376241,69.0693031647935,66.9440204283856,80.6557101185491,69.6364808057394,68.2885518053429,57.7415573809518,58.0505558387296,57.2178153046734,55.7426663402213,55.0003149210461,4.00731339606875,4.45314477997683,3.21949556207415,2.82520008545412,2.67812488813586,56.5068461095262,18.1403879545041
70.9999991911506,-154034.14,-163936.12,-162469.16,-152933.92,-153300.66,67.4910028258361,67.4893851655802,66.6635140020039,66.1502145584648,66.2178719646379,58.5026120407596,58.2643539584791,56.5308618490081,53.6557954670297,52.6393286999353,4.09486492044768,4.24630657108889,3.83135451316883,2.92477383640729,2.69771074589975,56.1934099674877,17.7950105870124,64.919897156574,68.6526638053195,67.1851715655663,69.4317139340124,68.496917945443,58.8404579703285,54.6394714509169,56.2895086148705,58.4538565610141,57.5059720422442,3.85936254673405,5.00833701339045,4.20922514620558,2.4882341449606,2.90397539831939,55.8785182546862,19.9113967828442,69.1226957732175,67.0104176968908,80.6496346741925,69.4823949869014,68.2669863707688,57.7654303289987,58.0923331686722,57.23513751897,55.6495480460344,55.0085065094752,3.99847835326726,4.43522489549744,3.2174476410211,2.83743779129326,2.67840733892056,56.4430610494722,18.1276389553105,69.1226957429618,67.0104177087132,80.6496345772628,69.4823949865366,68.2669863724241,57.7654303367378,58.0923331438153,57.2351375121625,55.6495480662224,55.0085065274543,3.99847835226578,4.43522489962324,3.21744764816084,2.83743778877937,2.67840734054441,56.4430610454081,18.1276389681517
75.9999973412391,-154034.14,-163936.12,-162469.16,-152933.92,-153300.66,69.9947749160883,69.9912393839151,67.1509690038181,66.1730625661739,66.3155792911693,59.6999182612533,59.4765303964956,57.1552482149381,54.449627330772,53.5915409682933,3.5752072467953,3.72547739362851,3.8838402329063,3.11711962628368,2.87888020684405,56.2074293826622,17.1805247064578,66.9151452401318,70.7836974546066,67.0286585788829,69.4845749863874,68.5150552955569,59.2443115540059,55.1250856543165,56.1274013581323,58.4767701355915,57.5550202820736,3.74844705483098,4.73109963196689,4.22554023387325,2.47974936947176,2.89672302059751,55.928223365462,19.8779786675261,70.247196725742,68.1028250602326,80.6312955588744,69.3469541530632,68.2550317469028,58.3065502121413,58.8221796510205,57.2456211013103,55.564591047151,55.0078940846102,3.78083685334714,4.12292899226934,3.21729973905464,2.84816326741229,2.67872052618596,56.3915385095361,18.1134850561502,70.2471967063183,68.1028250758603,80.6312954795799,69.3469541538654,68.2550317484186,58.3065502176078,58.8221796294689,57.2456210947918,55.5645910641271,55.0078940994583,3.78083685315833,4.12292899581457,3.21729974493202,2.84816326526467,2.67872052745677,56.3915385068352,18.113485066436
76.0000154476323,-154034.14,-163936.12,-162469.16,-152933.92,-153300.66,73.2049822413137,73.2078786659734,68.5978768842914,66.2351537210094,66.565768480378,60.8981742342463,60.7006555876588,58.2457992148771,55.3716968147409,54.7551911798676,2.99072237869871,3.13197505057152,3.75014405769491,3.36387858625837,3.10154035207662,56.3394225980427,16.3382604253001,70.9994088366621,74.8070281531803,67.2169712271423,69.8337778735675,68.5613064795616,60.1396839534198,56.1408526363994,56.0443463687142,58.6207645447309,57.8064069312655,3.44089585077874,4.18828080580129,4.18324481758151,2.45249687697241,2.8659274714366,56.0409156083941,19.6929483455675,72.6847070458558,70.4650805213849,80.5445186341963,69.3968160422221,68.3176270688705,59.4926562829102,60.0320005185494,57.4533918767279,55.5847485808281,55.2004591648437,3.29823614852412,3.59902564483436,3.19377116442926,2.86002646019529,2.66991361674648,56.4986672580717,17.8495634681408,72.6847070360316,70.4650805466956,80.5445185565055,69.3968160447693,68.317627070291,59.4926562866819,60.0320004958665,57.4533918685141,55.5847485985261,55.2004591800347,3.29823614935573,3.59902564826933,3.19377117019725,2.86002645781966,2.66991361788911,56.4986672554033,17.8495634788865
81.000010107249,-154034.14,-163936.12,-162469.16,-152933.92,-153300.66,75.6031146893133,75.6197681468616,70.8218405053272,66.3980683696623,67.2089914766446,61.5956889981248,61.4195841228628,59.4288847595063,56.1382436334424,55.9360270559561,2.62762387097569,2.75857767526191,3.40752509031652,3.56179086868113,3.24945424396326,56.550806931315,15.6049717491985,72.9686734224792,76.8283483858133,68.2097615315574,70.6734793035377,68.8174031846269,60.6457085969227,56.9287315117855,56.1339562618443,58.9448458159926,58.3592623888117,3.20550434477589,3.8611391576967,4.00325240895633,2.39795412268282,2.7917150781581,56.2592140246256,19.1363421101183,74.3301650375116,72.0981204415503,80.3474604308641,69.8184857794029,68.5360665311689,60.3072310247284,60.6663687280265,58.0460837783923,55.8178594748309,55.7244307398468,2.96101810715538,3.31986180206912,3.12289474445724,2.87154729431238,2.64476190399569,56.8247973258994,17.159608786773,74.3301650294639,72.0981204695103,80.3474603591192,69.8184857844567,68.5360665328319,60.3072310267291,60.6663687059336,58.0460837670899,55.8178594933142,55.7244307554211,2.96101810860052,3.31986180526857,3.12289474966097,2.871547291513,2.64476190486431,56.8247973225563,17.1596087984573
79.7836386622114,-154034.14,-163936.12,-162469.16,-152933.92,-153300.66,78.0371998938046,78.0727365227412,73.2253846779918,66.8140047871034,68.4149189205231,62.1519468616882,61.9974189528124,60.4587976538509,56.9691649306035,57.3439432250339,2.3170072294518,2.43679855547559,3.04088966638777,3.71192935511387,3.30874017669266,56.762084554467,14.8153649831217,77.5300019290148,80.0875927616674,69.1736715446343,71.6195770823378,69.2910189022191,61.6735048363132,58.0482075054032,56.2579071441573,59.2980634947081,58.9112393065984,2.82939861770469,3.36324194763782,3.83150728639963,2.33677317286666,2.70534727926248,56.5973769086456,18.4178314036656,76.9190431756406,74.9659433758878,80.1943270567167,70.3943690051702,68.8312122261072,61.5137921720458,61.4753398068726,58.7391188679547,56.1425742001508,56.2985787221327,2.49226041743005,2.9549890866248,3.03426529553206,2.86897919992119,2.61583404936631,57.2071571942664,16.4006716655762,76.919043179149,74.9659434052985,80.1943269934315,70.3943690122058,68.8312122287476,61.5137921729629,61.4753397871925,58.7391188537066,56.142574218271,56.2985787371357,2.49226041936604,2.95498908896916,3.03426530011015,2.86897919686504,2.61583404988033,57.2071571907647,16.4006716771595
80.9999990219772,-154034.14,-163936.12,-162469.16,-152933.92,-153300.66,79.382718104181,79.4155310589496,75.4779973039651,67.6611004985546,70.0838040505876,62.4320882412035,62.2879620779927,61.2172481001572,57.8904369285478,58.7282682928001,2.17137925933211,2.28709110304955,2.72228211869712,3.74010933831711,3.22582596366992,56.9717727691282,14.1466877830658,79.0416518279147,81.3894534375016,71.4199048835371,72.8084078531862,70.1589276271215,62.1076283963354,58.7012394141276,56.6318431978465,59.7140880753971,59.5636060538252,2.59515537524227,3.12399171208581,3.43821849177164,2.26226222167089,2.59233910514569,57.0291498441592,17.2657741307007,78.125558164538,76.383348957372,79.9987873548993,71.356740632047,69.3636102963299,62.0488380397647,61.7802760073107,59.7291216069452,56.6922406702694,57.1516510986941,2.29624839210739,2.81365226532915,2.90592986423212,2.85786245072284,2.57041087304578,57.6745331866848,15.3336438661014,78.1255581699529,76.3833489869627,79.9987873041902,71.3567406406277,69.3636103010309,62.0488380401122,61.7802759891108,59.7291215886374,56.6922406881313,57.151651112951,2.2962483938742,2.81365226716354,2.90592986737844,2.85786244720229,2.5704108731754,57.67453318287,15.3336438775221
81.0000010988388,-154034.14,-163936.12,-162469.16,-152933.92,-153300.66,80.1494593851108,80.1761060354719,77.2090562606007,68.9461088889996,71.9059750985375,62.5997006596201,62.4625370606968,61.7242420198343,58.9020586670546,59.8958296307578,2.09725083363251,2.21142959326813,2.50708739240444,3.63830817770055,3.05000319747376,57.2173052403821,13.5040791944794,80.4686856365348,82.5274242752366,72.9694119948209,73.9791939935066,71.208627548997,62.4668879899673,59.2412728088034,56.9472398948247,60.0926273892874,60.0970213248822,2.43329021281931,2.92089821868113,3.1716001667185,2.18896532895977,2.48612146286334,57.5533504187748,16.2317651759067,79.1133027638918,77.7094398249164,79.9266526451616,72.3020348254642,69.9764314978566,62.4381184525581,62.0250463907509,60.5950608014805,57.2348355039332,57.915914820925,2.17592345703346,2.69807419470661,2.78631433870123,2.82096563595593,2.52623305519675,58.1122643164885,14.3634524112239,79.1133027719034,77.7094398533952,79.9266526040379,72.3020348353778,69.97643150514,62.4381184527282,62.0250463742962,60.5950607799185,57.2348355208254,57.9159148338173,2.17592345855474,2.6980741960237,2.78631434097862,2.82096563222023,2.52623305495965,58.1122643131849,14.3634524222673
81.0000018941626,-154034.14,-163936.12,-162469.16,-152933.92,-153300.66,80.6073720288268,80.6267101687033,78.4548489242171,70.4356885814121,73.6146696594712,62.711438026795,62.579269959505,62.0614269768865,59.8240510222523,60.7518962909058,2.05668204369248,2.17051893116946,2.36813172267989,3.4437050696472,2.84782923785111,57.5133771449276,12.8868670050402,81.2542284996132,83.2567643116013,74.2726999422972,75.0924336303649,72.3642880832497,62.6800897317256,59.5897050433642,57.254450233339,60.4389963848522,60.5621489874299,2.3260913926275,2.79027845410029,2.95076534184039,2.11453371171392,2.38241751193564,58.0870096683617,15.3192991971981,79.7423428879174,78.6187633075387,79.9203158569449,73.2502307513378,70.6933040669497,62.6602841258926,62.1646272810265,61.3305884171604,57.7787436085574,58.6432579264191,2.12049705266494,2.63043566857025,2.68062350146736,2.77110011636477,2.48068070508465,58.5231487141589,13.4710575181612,79.742342896854,78.6187633349535,79.9203158235623,73.2502307622269,70.6933040768267,62.6602841260097,62.1646272658064,61.3305883930667,57.7787436242819,58.6432579377615,2.12049705388019,2.63043566951507,2.68062350306415,2.77110011248386,2.48068070450382,58.5231487115809,13.471057529086
81.0000071328998,-154034.14,-163936.12,-162469.16,-152933.92,-153300.66,80.8499665645024,80.8624381929818,79.3149715569566,71.933581669745,75.0968741881688,62.7834113334964,62.6545679568791,62.2829831849912,60.55862132548,61.3393853903955,2.03725866090496,2.15139443137851,2.27934529480133,3.21261340292598,2.66262125430782,57.8594961017589,12.3432330443186,81.7100038692818,83.7521632504423,75.2074681644207,76.1089500299783,73.5221419516647,62.8069933243939,59.8143214158469,57.5228127754274,60.7491522220341,60.9591635158395,2.26013987394931,2.70391967837406,2.79628778309365,2.04122032536115,2.28474191597216,58.589665798765,14.6130343324774,80.1645386312118,79.2618523988948,79.9528097493202,74.1353979904896,71.472357136508,62.7940623228805,62.2514650913842,61.8997153649329,58.2852629521021,59.2940598808857,2.0959238664407,2.58748145229534,2.5960594137949,2.71265712014828,2.43626917656166,58.9022478635912,12.6987729805543,80.164538640347,79.2618524254367,79.9528097212709,74.1353980021551,71.4723571486241,62.7940623229569,62.2514650769784,61.8997153390614,58.285262966666,59.294059890728,2.09592386741137,2.5874814529836,2.59605941497843,2.71265711617947,2.43626917566599,58.9022478617436,12.6987729918693
85.9999952372904,-154034.14,-163936.12,-162469.16,-152933.92,-153300.66,81.2230759510472,81.2392105850809,79.9232090058811,73.3404099554725,76.3590746178955,62.8606247945814,62.7364285841883,62.4375986540173,61.1198383885383,61.7522771787652,2.0044298990075,2.11710382964703,2.22021317961097,2.99031431218932,2.50780379693099,58.2402143438854,11.8398650173858,81.9858907953168,84.1014443718706,75.8628890102744,77.0160534430047,74.6135393219862,62.8842406897964,59.9610345052084,57.7552019772534,61.0263142914926,61.3026503376121,2.2197134465919,2.64531752865203,2.69157887219341,1.97041718445728,2.19366406635531,59.0433674903117,14.0957624899665,80.4594820520505,79.7274557684314,79.9943773229752,74.941985905406,72.2849518651233,62.8785740555654,62.3092399030738,62.3191655225664,58.745462283413,59.8658635268189,2.08612347474383,2.55847679272556,2.53242347918285,2.65135226073612,2.39380237416134,59.2521953613226,12.0545213903174,80.4594820645975,79.7274558043854,79.9943772890146,74.9419859224547,72.2849518842642,62.878574055612,62.3092398837716,62.3191654850508,58.7454623021614,59.8658635386292,2.08612347584194,2.55847679343939,2.5324234804911,2.65135225513887,2.39380237251621,59.252195359606,12.0545214070963
85.9999980170374,-154034.14,-163936.12,-162469.16,-152933.92,-153300.66,82.4577012717306,82.4960111421067,80.4391335872143,74.5863675001982,77.3811674195452,63.0205199630891,62.906446419417,62.5682235044375,61.5493397767413,62.0539197141467,1.89359997895998,1.99965191609604,2.17234502198996,2.80304305819542,2.38992562676149,58.6402126390926,11.2585656020029,83.9980724095302,85.2519618880256,76.3315158345696,77.8176478130046,75.6035054253978,63.3028729328986,60.4833499773055,57.9589365097576,61.274686148758,61.6024164080227,2.09455175875077,2.44462696591421,2.61977435509692,1.90337638893776,2.109871827287,59.4471380897045,13.7185566698946,81.4682795624424,81.3280749787187,80.0289455680442,75.6704573295116,73.1092754037856,63.1516458854315,62.5616458601174,62.620359315808,59.1601778188598,60.3653408107805,2.06576651320462,2.43665911647086,2.48637717132514,2.59097713409551,2.35358483079115,59.5748055174106,11.5332703731064,81.4682795832372,81.3280750109729,80.0289455376515,75.6704573471614,73.1092754242881,63.1516458866746,62.5616458430339,62.6203592774913,59.1601778362409,60.3653408209492,2.06576651344124,2.43665911653635,2.48637717242165,2.59097712844347,2.35358482878784,59.5748055163612,11.5332703910693
85.999998898687,-154034.14,-163936.12,-162469.16,-152933.92,-153300.66,83.7887425648637,83.8334358484003,81.1242536265019,75.6489085240268,78.2163266887346,63.1669038541955,63.0604673087224,62.699997684532,61.8649797796461,62.2729654445354,1.78481883373687,1.88573484614833,2.1071017835958,2.65115633847389,2.29756959763932,59.0341049296372,10.7263813995942,84.9474083977534,85.9818819585148,77.4229251350137,78.61282965491,76.6513422188462,63.5417334358473,60.8125829193421,58.2615610259444,61.5152665757312,61.9058596864501,1.98703178791708,2.31772267967927,2.43853793844743,1.83566656296319,2.02785015982928,59.8129643279997,13.0154351092112,82.1780366930914,82.4088620640304,79.9905905009045,76.5330632274176,74.1558653090905,63.3183825452348,62.7027531940603,62.9881729437598,59.6519041969768,61.0159640809645,2.07235130096304,2.36645611781787,2.43614402089483,2.53864457600714,2.30182847422831,59.8776154911423,11.015155869529,82.1780367158555,82.4088620934004,79.9905904797984,76.5330632445132,74.1558653296032,63.3183825470707,62.7027531785232,62.9881729049073,59.6519042122935,61.0159640882794,2.07235130026172,2.36645611741728,2.43614402091451,2.53864457022869,2.30182847197622,59.8776154906109,11.0151558859712
85.9999994171181,-153931.29,-163580.82,-162151.26,-152859.12,-153216.51,84.7672670297715,84.8059781903737,81.9445005279905,76.5755901497121,78.9651541423441,63.2667607862817,63.1673447428709,62.8309305958492,62.1048781316462,62.4451764342261,1.71073507918137,1.80637156598681,2.02713678952124,2.52409671734942,2.21615762435203,59.4128416606345,10.2844977763909,85.4289971551591,86.4757723787355,78.3143654385453,79.377745924222,77.6934679507094,63.6750690140064,61.0208887137448,58.5419029150848,61.7359840242604,62.168373675316,1.91823038365977,2.23469127917187,2.29321078479232,1.77225233220041,1.95444729451673,60.1493573556248,12.3772126595016,82.7020296197612,83.1730163199733,79.9387017341595,77.3650468121384,75.3144532443074,63.4291588312991,62.7904038508768,63.3275733115725,60.12851224591,61.6596023333435,2.087358807337,2.32180008752949,2.39101941735265,2.48005503308443,2.24725408023006,60.1491361451703,10.5769982815103,82.7020296421502,83.1730163470896,79.9387017208234,77.3650468286631,75.3144532638395,63.429158833318,62.7904038363488,63.3275732722812,60.1285122591076,61.6596023375207,2.08735880594843,2.32180008681431,2.39101941654963,2.48005502727324,2.24725407782607,60.1491361451721,10.5769982962904
85.9999997681661,-153931.29,-163580.82,-162151.26,-152859.12,-153216.51,85.34590527215,85.3744617833207,82.7848791206789,77.3849601897587,79.6767987753853,63.3241262032741,63.2267833720138,62.941328854534,62.2864488215536,62.5841360477117,1.670240634776,1.76485369980923,1.95256495278643,2.41914423294903,2.14190586541541,59.772064540289,9.9487093857361,85.6907827444159,86.823733502814,78.9539370547801,80.0875988786147,78.671091000779,63.7516216150192,61.1589540602032,58.7883982504892,61.93737643647,62.4009014324083,1.87605672294117,2.17789770680678,2.19264159838802,1.71367800636092,1.88707791404003,60.4422458787442,11.8893448685779,83.0999077713129,83.7277858996908,79.8927892157329,78.1254559891424,76.5138963431457,63.5075054653746,62.8495796632529,63.6137302320644,60.5664861507721,62.2400378842425,2.10350433342345,2.29121227496258,2.35313482154607,2.41847465068291,2.19376160843821,60.393993412778,10.2308491692921,83.0999077925845,83.7277859251091,79.8927892080247,78.125456005252,76.5138963608567,63.5075054673788,62.8495796493726,63.6137301924476,60.5664861620274,62.2400378855632,2.10350433155606,2.29121227403225,2.35313482022839,2.41847464489639,2.19376160592028,60.3939934131742,10.2308491829087
85.9999992244081,-153931.29,-163580.82,-162151.26,-152859.12,-153216.51,85.6690844240499,85.6884305867185,83.5372256699047,78.1196433211447,80.3755992708177,63.3579335401599,63.2616634938217,63.0306232280656,62.4330143591807,62.7036217320842,1.64857789911029,1.74289107406658,1.88943150862857,2.32844652545003,2.07169087170507,60.1118465325957,9.68103787896055,85.8425348085089,87.0753290527045,79.4059142436054,80.7320637915842,79.5568620574714,63.7962286088055,61.2490481672789,59.0024124888714,62.1191045431722,62.6083970934397,1.85133879353428,2.13874178553462,2.12481594681102,1.66029355243818,1.82515621327214,60.6957120437531,11.5241057985768,83.407976826754,84.1425327873678,79.85252786142,78.810661753838,77.7067253712507,63.5651657902818,62.891352348083,63.8414633419409,60.9620013646139,62.7350492731464,2.11847760442749,2.26935877037003,2.32326214338526,2.35856853305069,2.14337232456798,60.6155985486539,9.96665435575914,83.4079768467422,84.1425328114466,79.8525278577532,78.810661769613,77.7067253864406,63.5651657921788,62.8913523345993,63.8414633022114,60.9620013741139,62.7350492721066,2.11847760223423,2.26935876929764,2.32326214175598,2.35856852731772,2.14337232195536,60.6155985493116,9.96665436854611
85.9999994754998,-153931.29,-163580.82,-162151.26,-152859.12,-153216.51,85.8392039460152,85.8516705698438,84.1557856932527,78.8046091858999,81.0564691126631,63.3781396160587,63.2824710467742,63.0993772397433,62.5558722708553,62.8074303704349,1.6375746808151,1.73189182657656,1.84009637132931,2.24789636840574,2.00618098679652,60.4306120250694,9.46364023392325,85.9326192123281,87.2606211694111,79.7383691960555,81.3101683239313,80.3402723716874,63.8226829358619,61.3094015874947,59.1914476338617,62.2831118033376,62.7940116136029,1.83669560735445,2.111080919203,2.07750303432213,1.61214667385254,1.76861258716933,60.9170258561462,11.2491014166067,83.6493567858523,84.4577542962062,79.818360763257,79.4247435323853,78.8569730553623,63.6088749105455,62.9220147968447,64.0191337700471,61.3168608853244,63.1381223614281,2.13141946685702,2.25319578079345,2.30016159125526,2.30284578530589,2.09726843804845,60.8162668364543,9.76984017423876,83.6493568045983,84.4577543192183,79.8183607626002,79.424743547865,78.8569730675404,63.6088749123009,62.9220147836048,64.0191337304109,61.3168608932575,63.1381223586029,2.13141946443728,2.25319577962666,2.30016158942719,2.30284577963512,2.09726843535013,60.8162668372815,9.76984018638377
85.9999996559619,-153931.29,-163580.82,-162151.26,-152859.12,-153216.51,85.9243396636012,85.9322119122573,84.6350362416475,79.4541064588563,81.7039133280919,63.3906560527179,63.2953767562279,63.1507471878822,62.6616014969409,62.8969778734543,1.63229727043524,1.72671718095578,1.80344905486831,2.17510590500625,1.9466688041907,60.7264313216919,9.28423821545628,85.9867746910381,87.3988270462156,79.9947154937555,81.8258454889452,81.02302971433,63.8385469695405,61.3509027776304,59.3609321987197,62.4311894915302,62.9587722662364,1.8279387759638,2.09113855690749,2.04295506480799,1.56918643180536,1.71764698862466,61.1122389231297,11.0361975478828,83.8399363272659,84.7002976062337,79.7897860529464,79.97386659669,79.9377538683926,63.6426620959042,62.9451164266519,64.1566791867016,61.634343771811,63.4505869416512,2.142232999196,2.240961247871,2.28243617022754,2.252346535849,2.05613521879688,60.9981336093229,9.62590316309633,83.8399363448919,84.7002976283891,79.7897860546289,79.9738666118951,79.9377538773029,63.6426620975124,62.9451164135631,64.1566791473276,61.6343437783532,63.4505869376133,2.14223299661558,2.24096124664093,2.28243616826136,2.25234653024013,2.05613521601783,60.9981336102598,9.62590317467512
85.9999998027686,-153931.29,-163580.82,-162151.26,-152859.12,-153216.51,85.9645972068253,85.9696242520623,84.9907594930755,80.0732458649239,82.3021798964173,63.3988088605411,63.3038209854747,63.1884452603761,62.753869111098,62.9731845138248,1.62997497301941,1.72451034391532,1.77714257188436,2.10893712987913,1.89409091508929,60.9977305049675,9.1346559337875,86.0195548539399,87.5028389852443,80.2014928693206,82.2847940068844,81.6128018278104,63.8481266411283,61.3801335329907,59.5146422736481,62.5649222253927,63.1035254277138,1.82266499595649,2.07652288914503,2.01647291836184,1.53123260650895,1.67229164713406,61.2854906109554,10.8668865816613,83.9911640677324,84.8886610550961,79.7661162565209,80.4643872258309,80.9299242389562,63.6691142868389,62.9628285562392,64.2630407144121,61.9180130147447,63.6796215660397,2.15110889002686,2.23155380992026,2.26884653971724,2.20725570021895,2.02026331718051,61.1632345273984,9.52227125734976,83.9911640843859,84.888661076559,79.7661162600954,80.4643872407768,80.9299242445627,63.6691142883086,62.9628285432449,64.2630406754269,61.9180130200559,63.6796215613099,2.15110888733028,2.23155380864743,2.2688465376452,2.20725569466867,2.0202633143236,61.1632345284021,9.5222712683893
85.9999999251399,-153931.29,-163580.82,-162151.26,-152859.12,-153216.51,85.9820548602575,85.9854129396259,85.2463835571441,80.6611820376797,82.8400862100208,63.4044229710075,63.3096740918227,63.2158216432139,62.8347417329653,63.0371290069172,1.62911993743724,1.72375473402344,1.75873048267694,2.04894954226219,1.84875794945583,61.2437637933934,9.00931264585564,86.0394723724634,87.5816205613117,80.3748888201573,82.6930129257281,82.1195450095256,63.8539365817125,61.4011519333156,59.6552441253829,62.6857117976847,63.2294495767667,1.81947320413241,2.0656725569429,1.99522003302865,1.49799423811202,1.63235577174751,61.4396253636521,10.7296060263517,84.1115696905623,85.0359889105988,79.7466594395472,80.9023110582229,81.8214073551931,63.6899957776785,62.9765715629483,64.3454796808052,62.1713223515352,63.8366176762297,2.15832351014582,2.22424121744683,2.25839614484517,2.16732817129907,1.98961638469899,61.3134127816722,9.4487425236013,84.1115697063908,85.035988931499,79.746659444705,80.9023110729249,81.8214073576409,63.6899957790245,62.9765715500138,64.3454796422974,62.1713223557585,63.8366176712447,2.15832350736379,2.22424121614495,2.25839614268445,2.16732816580372,1.98961638176581,61.3134127827084,9.44874253411743
85.9999999936302,-153931.29,-163580.82,-162151.26,-152859.12,-153216.51,85.9883384688071,85.9907555722871,85.4254070779805,81.2142444470801,83.3121254355501,63.4084929388002,63.3139471108919,63.2355890307308,62.9055142453723,63.090114336831,1.62896022481712,1.72367342842455,1.74610808912572,1.99497596502362,1.81044676383796,61.4647182557341,8.90416447122896,86.051600644613,87.6415704573572,80.5248893918469,83.0561873718206,82.5535578686422,63.857469750983,61.4165237970106,59.784678770554,62.7948086435812,63.3380333872793,1.81753509070089,2.05753789913703,1.97747067833373,1.46910573348661,1.59748832955876,61.5767516261282,10.6169714749386,84.2076559143914,85.1518527974264,79.7307661228477,81.2931412153328,82.6065762183522,63.7065688119434,62.9873242342405,64.4096279509959,62.3974788822784,63.9352577782976,2.16415573347196,2.21851306913375,2.25032045907798,2.13213076204208,1.9639065567966,61.4502508550333,9.39736707138105,84.2076559295306,85.1518528178675,79.7307661293676,81.2931412298077,82.6065762179169,63.7065688131823,62.9873242213439,64.4096279130242,62.3974788855406,63.9352577733943,2.16415573062614,2.21851306781211,2.25032045683783,2.13213075659852,1.96390655378824,61.4502508560719,9.39736708139423
85.940489338841,-153931.29,-163580.82,-162151.26,-152859.12,-153216.51,85.9874636348036,85.9893075147174,85.548752414037,81.7290573963643,83.718956533036,63.411438395131,63.3170552408415,63.249878726994,62.9672512915593,63.1336651710292,1.62923587568729,1.72401981568537,1.73756851275605,1.94679960439174,1.7784967872518,61.6619946305993,8.81612059577227,86.0589950692099,87.6873463942654,80.6577665320148,83.3794708862584,82.924548819655,63.8596219556678,61.4279177594025,59.9044087499107,62.8933365223506,63.4309297262151,1.81635569715472,2.0513938861189,1.96216081377107,1.44416238756213,1.56725234750715,61.6985800524716,10.5240105577433,84.2844581772213,85.2433601935677,79.7178480938267,81.6418553067226,83.2854323177943,63.7197691172666,62.9957877229712,64.4597656186498,62.5994020171003,63.9895872977465,2.16885585069264,2.21400090568412,2.24404550321144,2.10117019234908,1.9426771227158,61.5750666238425,9.3621240702221,84.2844581917532,85.2433602135818,79.7178481015238,81.6418553209522,83.285432314839,63.7197691184119,62.9957877101317,64.4597655813454,62.5994020195074,63.9895872931715,2.16885584780597,2.21400090435251,2.24404550090305,2.10117018696876,1.9426771196414,61.575066624854,9.36212407973693
85.8711192624058,-153931.29,-163580.82,-162151.26,-152859.12,-153216.51,85.9763802815943,85.9777375432816,85.6305919893462,82.2014531551495,84.0620724754157,63.4131348143957,63.3188480850631,63.2600448926523,63.0206664962456,63.1689749841634,1.63015867129432,1.72503653625454,1.7320014848567,1.90427417561383,1.75229520502165,61.8366145642472,8.74376607304104,86.0507263631339,87.7164262668845,80.7775500299725,83.6674427321473,83.2412567699145,63.8585661731898,61.4322360347575,60.015573674263,62.9823101365104,63.5098233179397,1.81609114298767,2.04806340776758,1.94862307593563,1.42274867101258,1.54118094889721,61.8066024738434,10.4471647330315,84.3378927961563,85.3064049709079,79.7073878054667,81.9529285800842,83.8625290272165,63.7285296379264,63.0010200212897,64.4991233558256,62.7797223325744,64.0124767740868,2.17247467962775,2.21113826552992,2.23914350591934,2.07395723512279,1.92538097573384,61.6889532445919,9.33855078306281,84.337892810141,85.306404990585,79.7073878142042,81.9529285940827,83.862529022144,63.7285296389881,63.0010200084811,64.4991233192188,62.7797223342285,64.0124767699828,2.17247467671798,2.21113826419846,2.23914350354733,2.07395722980587,1.92538097259696,61.6889532455525,9.33855079211431
85.8210047078424,-153931.29,-163580.82,-162151.26,-152859.12,-153216.51,85.9524356251331,85.9532915631858,85.6819538454446,82.6298895922444,84.3471928416559,63.4134804156051,63.3192124644852,63.2671168626829,63.0666109434641,63.1973635730062,1.6319154951489,1.72692743609897,1.72857919146716,1.86704270578828,1.73102459064478,61.9906519496624,8.68548941914809,86.0316040917546,87.7319230934144,80.8826267389412,83.9237689850031,83.5106642590595,63.854978775842,61.4312958154397,60.1184098768685,63.0625878659902,63.5761773094519,1.81682232432671,2.04692423225754,1.93718105606907,1.40449711903407,1.51883345148336,61.9019985558966,10.3876033449361,84.371609108206,85.3455383029767,79.6994559179185,82.2295980011591,84.3442680827758,63.733636636314,63.0036956322745,64.5288912782116,62.9403670052982,64.0137859096376,2.17510458178822,2.20959652212732,2.23543743126326,2.04999731905339,1.91151860781439,61.7927546229982,9.32414519914076,84.3716091217302,85.345538322419,79.699455927558,82.2295980149618,84.3442680759843,63.7336366373026,63.003695619464,64.5288912422788,62.9403670062939,64.0137859060723,2.17510457886924,2.20959652080201,2.23543742883333,2.0499973137944,1.91151860461513,61.7927546238882,9.32414520780491
85.7830986959409,-153931.29,-163580.82,-162151.26,-152859.12,-153216.51,85.9175338281533,85.9179381980042,85.709743326881,83.0138524015842,84.5803995318417,63.4126751673491,63.3183641744718,63.2717670511591,63.1058823574074,63.2199597197463,1.63438796951687,1.72956411238899,1.72679658416672,1.83471627802619,1.71395696315394,62.1260591738519,8.6394219072527,86.0103148977713,87.7390126619568,80.9741022786308,84.1516694910288,83.7388405310354,63.8505145845399,61.4282558907003,60.2134990285997,63.1349707009936,63.6314974856138,1.81818757502757,2.04691486081799,1.92767357962307,1.38903911554342,1.49977060583678,61.9858039537905,10.3440551506844,84.3923230030067,85.368797827589,79.6938684004792,82.4751327980531,84.7395652804562,63.7365146341184,63.004950054565,64.5503291708139,63.0832537910566,64.0015495114484,2.17693401029079,2.20881819897127,2.2327591479323,2.02891027369201,1.90057569846319,61.8872394978838,9.3169410532725,84.3923230161673,85.3687978468681,79.6938684108925,82.4751328116899,84.7395652723164,63.7365146350457,63.0049500417403,64.5503291355384,63.0832537914772,64.0015495084384,2.17693400737277,2.20881819765436,2.23275914545076,2.02891026848735,1.90057569520307,61.8872394986855,9.31694106162697
85.7563347693723,-160347.92,-185747.36,-181984.48,-157525.76,-158466.48,85.8744580093448,85.8743214331515,85.7222571240412,83.3639029506402,84.7752846368555,63.3287911314456,63.0801720603425,63.0470730943678,63.0526169273022,63.1471073233657,1.69943587744555,1.94716967664104,1.91773268083209,1.85318467159134,1.75074150361407,62.2510577615703,9.16826441012409,85.9901189827231,87.7408576257308,81.0555677653573,84.35417526816,83.9313606074945,63.8460220084652,61.4245082140275,60.3017817145761,63.2002179500389,63.6772426881206,1.81978469524049,2.04749221254753,1.91949982052111,1.37600993622696,1.48358128138163,62.0592126925451,10.3127220593415,84.4042655960533,85.3813722715808,79.6901255156914,82.6928912050257,85.0592271993853,63.7379727379963,63.0053575175227,64.5651930538852,63.210334585226,63.9821223671854,2.17815446302882,2.20850867744933,2.23089240304083,2.0103805508096,1.89203631716325,61.9731434941527,9.31510245390007,84.4042656075355,85.3813722886645,79.6901255255778,82.6928912170542,85.0592271912191,63.7379727387786,63.0053575060767,64.5651930230163,63.2103345851528,63.9821223649779,2.17815446043406,2.2085086762835,2.23089240078621,2.01038054621648,1.89203631420585,61.9731434947759,9.31510246112327
85.7411442440832,-160347.92,-185747.36,-181984.48,-157525.76,-158466.48,85.8295507059256,85.8291587523426,85.7175198454942,83.6688790277148,84.9275080397612,63.326710599951,63.0778477160443,63.0487355211279,63.0828784564008,63.1621939324158,1.70267019597517,1.95083599326423,1.91827408278111,1.82845442893889,1.73971060024684,62.3521089494038,9.13994530120623,86.2204834377066,87.7282586589922,80.6985046382473,84.5357444379121,84.1474737879983,63.8236327193081,61.1772617552943,60.2303620941132,63.2247243867421,63.6308931910585,1.88787427142855,2.09705376921013,1.98104107330894,1.37672847009687,1.4877000147606,62.1234602269021,10.2902585687383,84.391793802504,85.5276085935013,79.42399795509,82.9069109343138,85.4076821683574,63.7239056604838,62.9797467002719,64.3890885758291,63.321852407987,63.8494167872249,2.18721042390278,2.2173821587558,2.27612225922958,1.99838359443971,1.88611541488046,62.051152382761,9.31715004472295,84.3917938157333,85.5276086094215,79.4239979643102,82.9069109460974,85.4076821592406,63.7239056612053,62.9797466872321,64.3890885457434,63.3218524072843,63.849416785644,2.18721042173728,2.21738215788531,2.27612225709486,1.99838358994244,1.88611541199818,62.0511523832841,9.31715005176276
85.7280276145494,-160347.92,-185747.36,-181984.48,-157525.76,-158466.48,85.7915752781332,85.7914429761355,85.7002000823898,83.9316658626613,85.0431876757443,63.3248636179216,63.0758196646548,63.0489244234991,63.1081212144952,63.1735536083239,1.70540823920811,1.95390088376435,1.91975684338638,1.80759637971014,1.73141203705184,62.4328124443076,9.11807438312083,86.2673802783284,87.7263709156448,80.636815540636,84.6864727881327,84.3220218213972,63.8208083027277,61.0488782434712,60.2024936467774,63.2472568222741,63.6112155632819,1.89970384173523,2.12239124974995,1.99040776137954,1.37554909729348,1.48637096291996,62.1511868230788,10.5525698525915,84.3867764587354,85.6355446922506,79.3221977680782,83.0874459522328,85.6631220810411,63.7167874559943,62.9726303253833,64.3168174516981,63.4184421973828,63.7834503482536,2.19205517587104,2.21908744497622,2.29413200909061,1.98376815743159,1.88083775676247,62.1175280832098,9.35272856123871,84.3867764723305,85.6355447073654,79.3221977775817,83.0874459637924,85.6631220713462,63.7167874567463,62.9726303114763,64.3168174219552,63.4184421961453,63.7834503470085,2.1920551737576,2.2190874442772,2.29413200689496,1.98376815303471,1.88083775391083,62.1175280834532,9.35272856991249
85.7185964406778,-160347.92,-185747.36,-181984.48,-157525.76,-158466.48,85.7622458922175,85.7626231682525,85.6753130269577,84.1547119919969,85.1275620799154,63.3234302165681,63.0742707335778,63.0481392560781,63.1289661576193,63.1818309840667,1.7075284064487,1.9562494276018,1.92180171938001,1.79021301861333,1.72540834957254,62.4987960682884,9.10120092161637,86.2742532853083,87.7282651386428,80.6183966644921,84.8148300331377,84.466116265465,63.8203547266437,60.9823552037013,60.1814652929844,63.2670262206929,63.6007295642879,1.90148399866364,2.13527476300141,1.99216874523964,1.37405065308553,1.48348253792868,62.1811353423796,10.7479924816648,84.3845378501978,85.7166449532487,79.281243031746,83.2505746881523,85.8630701937687,63.7130869804813,62.9726124015855,64.2853191781865,63.5068574350527,63.7477487751916,2.19464872742785,2.21817857146309,2.30172718125284,1.97050868018997,1.87621287044979,62.1778138798509,9.39255340319193,84.3845378638516,85.7166449677833,79.2812430414074,83.2505746994545,85.8630701836752,63.7130869812563,62.9726123872052,64.2853191485348,63.5068574333199,63.7477487741293,2.19464872530964,2.21817857086408,2.30172717901618,1.97050867588037,1.87621286761218,62.1778138798749,9.39255341298542
85.7121557765146,-160347.92,-185747.36,-181984.48,-157525.76,-158466.48,85.7400120589791,85.7409155069768,85.6474370580501,84.3416789750827,85.186283691716,63.3223424794135,63.073106845953,63.0468200199774,63.1460343099884,63.1876353167134,1.70913908054757,1.95802237116446,1.92405992209559,1.77586313195489,1.72125791661263,62.5543548104574,9.08834242237514,86.2733251848311,87.7311057414264,80.6011479949432,84.9250401101973,84.5853506893185,63.819922816231,60.9479433068771,60.1610769884051,63.2843502756619,63.5949814195058,1.90182165239948,2.14178039127398,1.99376112778613,1.37248602093819,1.48005095880987,62.2109213369604,10.8596963987142,84.3832944558246,85.7784550170269,79.2644465462786,83.3983686243554,86.0238045464523,63.7110978109238,62.9750140641488,64.2710978916237,63.5875684994083,63.7262511428649,2.19603475802607,2.21649322304615,2.3050302226993,1.95885034003375,1.87226825110897,62.2324425548241,9.42790040862438,84.3832944694758,85.7784550311304,79.2644465559333,83.3983686353822,86.0238045360627,63.7110978117098,62.9750140495077,64.271097861938,63.5875684972183,63.7262511419168,2.19603475590105,2.21649322250652,2.30503022045108,1.95885033579859,1.87226824827608,62.2324425546687,9.42790041896589
85.7071830386037,-160347.92,-185747.36,-181984.48,-157525.76,-158466.48,85.723222471929,85.7245777321467,85.6197625740142,84.4957227405803,85.2241274161314,63.3215132386144,63.0722233743256,63.0452767024235,63.1598160396929,63.1914526887574,1.7103567756454,1.95935820897292,1.92628712365543,1.76418862560887,1.71859967701543,62.6017793798248,9.07879041089805,86.2709704045077,87.7338072330969,80.5817239724943,85.020065309905,84.6837499083772,63.8193859011254,60.9301673992191,60.1407983555341,63.2996340371835,63.5921806198817,1.90202322022276,2.14503555149619,1.99577284195686,1.37090143873745,1.4764726680443,62.2390072971206,10.914923298231,84.3823789197637,85.8260635284921,79.2575177239906,83.5313949868568,86.1542162239383,63.7099788935525,62.9779593338018,64.2644651768378,63.6606204750738,63.7116958551148,2.19677059080281,2.21474490523623,2.30650337101714,1.94856375543278,1.8689763949556,62.2820184428957,9.45738084104208,84.3823789334008,85.8260635422675,79.2575177335524,83.5313949976062,86.1542162133204,63.7099788943425,62.9779593190151,64.2644651470617,63.6606204724672,63.7116958542518,2.19677058867451,2.21474490473287,2.30650336877343,1.94856375126162,1.86897639212142,62.2820184425852,9.45738085156666
85.7035893078249,-160347.92,-185747.36,-181984.48,-157525.76,-158466.48,85.7105299316252,85.7122472232097,85.5942241927862,84.6204165751494,85.2456844218535,63.3208726652549,63.0715412569098,63.0437125593681,63.1707796682713,63.1937282316687,1.71127743124445,1.96036627698912,1.92833502691556,1.75483454951574,1.71709699328645,62.6424879003268,9.0719102779513,86.2684484782008,87.7359600320865,80.5612738945981,85.1022543447034,84.7645780812382,63.818816677795,60.9209508012001,60.120774073148,63.3132112993966,63.5912445495571,1.90223229405391,2.14665907753502,1.99799885755005,1.36932378234932,1.47296606018247,62.2650211425602,10.9371364564466,84.381465869489,85.8629177779031,79.2546702438447,83.6504709581078,86.2602042058704,63.7092891955737,62.9807258100303,64.2612384138403,63.7263298266346,63.7008095360797,2.19715345811565,2.21319156599614,2.30718108634261,1.93944293421892,1.86627135455326,62.3270579652478,9.48164679106781,84.3814658831118,85.8629177914253,79.2546702532775,83.6504709685887,86.260204195073,63.7092891963644,62.9807257951601,64.2612383839489,63.7263298236522,63.7008095352887,2.19715345598652,2.21319156551582,2.30718108411052,1.93944293010304,1.86627135171385,62.3270579647999,9.48164680157547
85.7010173480394,-160347.92,-185747.36,-181984.48,-157525.76,-158466.48,85.7008997970746,85.7029006493416,85.5717071676964,84.7197570135734,85.2551761945345,63.3203698401253,63.0710048569418,63.0422412619625,63.1793832185479,63.1948596405408,1.71197533065301,1.96112941092921,1.93013636628285,1.74744246673427,1.71644625214573,62.6775440853655,9.06712982674506,86.266177160764,87.7375378169409,80.540676331465,85.1735280627826,84.8305741818442,63.8182879983503,60.9161487718903,60.1011191443289,63.3253452099952,63.5914362056737,1.90243937018887,2.1474660090719,2.00028280004111,1.36777833286767,1.46966137796947,62.2889319644249,10.9414444905088,84.3805162615123,85.8915801425716,79.2535253877536,83.7566583909844,86.3462029904236,63.7088237313589,62.983096981944,64.2595520257391,63.7852006210266,63.6921095446147,2.19734425346991,2.21189323879922,2.30750972001714,1.93133758267949,1.86407263331288,62.3679665771466,9.50174955100724,84.3805162751236,85.8915801558963,79.2535253970447,83.7566584012118,86.3462029794833,63.708823732149,62.9830969670241,64.2595519957222,63.7852006177072,63.692109543888,2.1973442513412,2.21189323833416,2.30750971779948,1.93133757861155,1.8640726304659,62.3679665765761,9.5017495613994
85.699177884573,-160347.92,-185747.36,-181984.48,-157525.76,-158466.48,85.6936126956797,85.695833422979,85.5524864607877,84.7972224675901,85.2559638188906,63.3199710544529,63.0705780601106,63.0409179791076,63.1860021092605,63.1951584296503,1.71250240741483,1.96170499522412,1.93167088703635,1.74171394741481,1.71640821820217,62.7077140101312,9.06400045529229,86.2642742779903,87.7386314169664,80.5204007053916,85.2354804167357,84.8840751003672,63.8178337592332,60.9136261516189,60.081893823526,63.3362464916822,63.5922570134605,1.90262612180125,2.14786729744092,2.00254102097495,1.36628571389659,1.46663095206818,62.3108186230713,10.9366490881255,84.3795611645357,85.9139544851125,79.2530939704863,83.8511137041844,86.4157887477166,63.7084834443667,62.9850483487468,64.2585693191348,63.8378138599104,63.6849125913746,2.19743085043154,2.21083848393424,2.3076836759408,1.92413228183733,1.86229893481194,62.4050854816318,9.51863952454726,84.3795611781387,85.9139544982823,79.2530939796331,83.8511137141762,86.4157887366613,63.7084834451559,62.9850483337961,64.2585692889893,63.8378138562903,63.6849125907058,2.19743084830376,2.21083848347974,2.30768367373841,1.92413227781104,1.86229893195618,62.4050854809515,9.51863953478185
85.697861666647,-160347.92,-185747.36,-181984.48,-157525.76,-158466.48,85.6881280292547,85.6905186810403,85.5364792707399,84.8560865240333,85.2507989627867,63.3196521577694,63.0702353397221,63.0397631731678,63.1909681466589,63.1948776195003,1.71289789225562,1.96213618520367,1.93294618063299,1.73738094863432,1.71678829829419,62.7336408873301,9.06214950502078,86.2627432936823,87.7393549233967,80.5006572093856,85.28944494106,84.927085702133,63.8174617355845,60.9122828840787,60.0631227146112,63.3460866197845,63.5933790444677,1.90278406476667,2.14806892147191,2.00473587145379,1.36486069728221,1.46390789549404,62.3308076008822,10.9276344887728,84.3786411794326,85.9314722682226,79.2529611835821,83.9349835406956,86.4719241450164,63.7082195936813,62.986622824365,64.2579153164531,63.8847591497658,63.6788794212908,2.1974616193378,2.2099934923978,2.30778795686699,1.91773054561131,1.86087563720998,62.4387223966915,9.53305939256166,84.3786411930303,85.9314722812702,79.2529611925868,83.9349835504708,86.4719241338672,63.7082195944697,62.9866228093944,64.2579152861791,63.8847591458782,63.6788794206738,2.1974616172111,2.20999349195089,2.30778795467985,1.91773054162123,1.86087563434504,62.4387223959127,9.53305940262638
85.6868962450242,-160347.92,-185747.36,-181984.48,-157525.76,-158466.48,85.6836740071304,85.6861797246826,85.5232645734326,84.900076558119,85.2419695181896,63.3193697961079,63.0699280235892,63.0387655443743,63.1946311071912,63.1942270411892,1.71321740268377,1.96248596142987,1.93399645690961,1.73415302643091,1.71742516086401,62.7560544208948,9.06127800831819,86.261543556327,87.7398115645949,80.4815195774692,85.3365438466592,84.9613271813792,63.8171665142605,60.9115524195465,60.0448112807071,63.3550070126711,63.5945956512189,1.90291215935694,2.14817316611111,2.00685388637169,1.36351249514302,1.46149914619859,62.3490437913389,10.9170265326567,84.3777880419737,85.9452211454196,79.2529515571203,84.0093537500037,86.5170794616436,63.7080074801487,62.9878808090119,64.2574235533575,63.9266016692741,63.6738136222843,2.197463334429,2.20932115284983,2.30785965226466,1.91204737535162,1.85973775684177,62.4691651497076,9.54555623383572,84.3777880555606,85.9452211583634,79.2529515659815,84.0093537595763,86.5170794504225,63.708007480936,62.987880794036,64.2574235229733,63.9266016651514,63.6738136217129,2.19746333230449,2.20932115240879,2.30785965009361,1.91204737139522,1.8597377539694,62.4691651488412,9.54555624372769
80.9625849987667,-160347.92,-185747.36,-181984.48,-157525.76,-158466.48,85.5809445362288,85.5771284105755,85.5113144295805,84.9318205958477,85.2309925198383,63.3115175449856,63.0605799346002,63.0371176596474,63.1965543448255,63.1926509743342,1.7205164366512,1.97117584477556,1.93488300840021,1.73177376729799,1.7181577657315,62.7754551890699,9.07650682285645,86.2581676480145,87.7390168190179,80.4629955080414,85.3777259486407,84.9882746309174,63.8164840604804,60.9104176590135,60.0269554579213,63.3631255440281,63.5957847872075,1.90309882209829,2.14846357251972,2.00889328216611,1.36224571063873,1.45939477651936,62.3656750389274,10.9061934092703,84.3754672443207,85.9544756041666,79.2529901315191,84.0752284929152,86.5533097153535,63.707486623561,62.9886035074837,64.2570214886074,63.9638680560209,63.6695766776378,2.1974217531092,2.20891958290517,2.307914812732,1.90700623807092,1.85883045141804,62.4966858026147,9.55652322857644,84.3754672537378,85.9544756130928,79.2529901375714,84.0752284994301,86.5533097075254,63.7074866241062,62.9886034970888,64.257021467449,63.963868053016,63.6695766772687,2.19742175163702,2.20891958260277,2.30791481123632,1.90700623534607,1.85883044942009,62.4966858019594,9.55652323532738
80.9629780409055,-217435.72,-382959.76,-358437.68,-199044.16,-205174.68,84.4658994853921,84.2737431078833,85.4300178999744,84.9715639897225,85.2304286783087,62.2872782870022,60.4749539169585,60.5708094487383,62.1564239486793,62.0416281554382,2.34261481281642,3.84505731567095,3.44533058351028,2.08463890507797,2.11421922565383,62.7365303069125,13.8318608427295,85.0279571956619,87.2005589286858,80.4441415227435,85.4137359792174,85.0090719973063,63.5883686766783,60.5392139144215,60.0094007216804,63.370530273158,63.5968558062147,1.94700210976779,2.26724599471686,2.01101945759999,1.36106908530369,1.45757822544525,62.3807919686744,10.8965236316701,83.5982777327473,85.2426627596636,79.2531196692625,84.1334267514229,86.5820739648675,63.5225640974781,62.8372896312743,64.2564398186261,63.9969893176465,63.6659362340588,2.19214217969419,2.27914876362106,2.30798912483602,1.90253297789949,1.85811945048201,62.5215145458036,9.56641294529427,83.5982777575123,85.2426627935784,79.2531196898935,84.1334267736005,86.5820739376199,63.522564098618,62.8372895914669,64.2564397450587,63.996989306795,63.6659362328621,2.19214217544786,2.27914876341488,2.3079891196919,1.90253296852022,1.85811944354382,62.5215145433659,9.56641296833451
85.955256538297,-217435.72,-382959.76,-358437.68,-199044.16,-205174.68,83.2218292083974,83.0223874010099,85.0046360022831,85.0002121119894,85.2097948954882,62.1050268676208,60.2008544716223,60.4271750297542,62.1017903468054,61.9761097290242,2.46040881136938,4.00970910962954,3.48482665701852,2.07705705843342,2.11013481219372,62.4608673668165,14.1421364486446,82.8256010744937,87.0045541006555,76.7994984832872,85.6822557715812,85.5255700140735,62.3817663245127,59.4702899419482,59.4756700947038,63.3554167283092,62.8785295288325,2.96120738365859,2.49360442576494,2.65510299080533,1.44890874439674,1.64053114758673,62.3659154070906,11.2494810613802,81.9382565462968,84.5868508744232,71.3703974600831,83.5658401702939,85.7691568337362,62.9440005283088,61.1082569800504,59.5767172489059,62.8166846494059,61.5078440986444,2.33204850541667,2.99716043781851,3.57026451380561,1.93403917881479,1.94966868261314,62.528723400833,9.67160934564688,81.9382565623543,84.5868509181742,71.3703975583288,83.5658402085928,85.7691568293282,62.9440005181345,61.1082569504096,59.5767172470774,62.8166846591549,61.5078441234485,2.33204851680201,2.9971604287061,3.57026449724473,1.93403917003581,1.94966867701895,62.5287233978868,9.67160937420024
80.9552634532628,-217435.72,-382959.76,-358437.68,-199044.16,-205174.68,83.3282119296641,83.3262113944405,84.3497462394429,85.0131857725437,85.1193976846962,62.1140164244018,60.2487340776964,60.3055671415431,62.0917541820255,61.9523192956682,2.44911321451264,3.96523880087543,3.56211750087911,2.07497199145429,2.11620157976086,62.0965944057046,14.1676430874823,82.9493922587213,87.6038648373931,75.275141446286,85.9111169517326,85.8390694799909,62.3837637465331,58.9227766373053,59.2492575530525,63.3754469350092,62.640265533471,2.98135344248538,2.54978684723409,2.92422896345902,1.49690577033392,1.69404623552116,61.9680284983878,13.6187918459614,82.9935284720121,85.4415933863313,71.285888351674,83.2281631714588,85.3340004870683,63.0127166639303,60.6757427436312,59.0852365576005,62.2210229834774,61.0595462497741,2.48940407745059,3.16525976431522,3.64749376178072,1.94909362054988,1.97640049929561,62.3213943295279,10.7875250010731,82.9935284712476,85.4415934237845,71.2858884207728,83.2281632179309,85.3340004958168,63.0127166530361,60.6757427132676,59.0852365604416,62.2210230034735,61.0595462771542,2.48940408597176,3.16525975365446,3.64749374925287,1.94909361271743,1.97640049440488,62.3213943234072,10.7875250501142
76.6578582578823,-217435.72,-382959.76,-358437.68,-199044.16,-205174.68,82.5114501022922,82.3436758457573,83.819377359029,84.9950940190442,84.926175725942,61.9747525514764,60.0121318988592,60.1357597038792,62.0300099728899,61.8603792412484,2.52990854146014,4.09768839540478,3.61634748567548,2.07102784639385,2.12549382016088,61.7943115726158,14.4404660890951,79.9265672999024,87.2681550895042,75.2384945045197,86.1326081010835,86.1943197683863,61.7225090240996,58.2694997257835,59.2382820331582,63.4068502621485,62.5742598310903,3.20730778576347,2.70656802539497,2.93024810257953,1.52611563052228,1.70095863438968,61.7007446166868,14.8153114758972,81.3440049204498,84.6455526599119,71.2988011827959,83.2594467529752,85.2923017167359,62.5013673287193,59.8990995676644,58.9380036063743,61.8374390963941,60.8864933090182,2.5760866217145,3.49344006301537,3.66778337858762,1.95525947970249,1.98315050477611,62.218376309887,11.6995865261263,81.3440048962512,84.6455527046851,71.2988012500545,83.2594468020258,85.2923017321352,62.5013673154226,59.8990995398438,58.9380036115006,61.8374391231871,60.8864933378318,2.57608663249073,3.49344004958187,3.66778336599639,1.95525947237613,1.98315049995852,62.21837630105,11.6995865793181
81.6578551866776,-217435.72,-382959.76,-358437.68,-199044.16,-205174.68,80.6334356821687,80.330314529401,83.1436354395994,84.9258017307594,84.6414968403741,61.6247183560758,59.4726751783028,59.8382358369785,61.8897221512215,61.6726666693214,2.733270512465,4.38725144980791,3.67503637008091,2.06464508816023,2.13446690668172,61.5512239560617,14.9946703271958,75.1901565422026,86.2683344449534,73.6893875715498,86.2944157018549,86.4228634445565,60.6429505959842,57.5658058315943,59.0084811638957,63.4258134150898,62.5400748064528,3.61228009604191,2.92995651171041,3.20376713516787,1.5570702666692,1.6997269935909,61.4219955900633,15.8179805212033,78.6979632386055,82.8976855799672,71.3994952098081,83.2044804097172,85.0759113655988,61.6481514292727,58.9662387828666,58.6471377534858,61.503842527014,60.687110202165,2.74226926049811,3.8965764731399,3.70226945008203,1.96304136802958,1.99575010603225,62.0455340161504,12.7166133393496,78.697963177571,82.8976856386152,71.3994952496514,83.2044804634809,85.0759113890352,61.6481514117826,58.9662387584996,58.6471377597731,61.5038425604556,60.6871102344059,2.74226927563598,3.89657645632108,3.70226944140828,1.96304136096584,1.99575010088155,62.0455340053011,12.7166133933122
85.9643820173382,-217435.72,-382959.76,-358437.68,-199044.16,-205174.68,80.7180330400681,80.7560029660385,82.1691782423953,84.7909549349069,84.2559653491868,61.6241508399494,59.543372302234,59.6073687313667,61.8367482522743,61.5755565178953,2.72107924426542,4.31383122315037,3.79615788871165,2.07200924919553,2.16161041231605,61.2910258046919,15.064688017639,74.9991177805842,86.5622274801346,71.653525785921,86.3738534011921,86.5047616932626,60.5495882323374,57.2938995933912,58.7083832614106,63.438622014631,62.535921456858,3.68700819199824,2.95817700255708,3.56338602469322,1.58414220814077,1.69164058977564,61.0061574106965,16.8866093916477,79.4608229282713,83.0517769072267,71.6195954363686,82.8623659598586,84.4732424047619,61.6613734407673,58.9743955238922,58.1037540561119,61.1434035861015,60.3742063283291,2.88604190195932,3.89148332826362,3.76431360208761,1.97738913983822,2.02303885751065,61.7598059591433,13.9682210848605,79.4608228475235,83.0517769707587,71.6195954369827,82.8623660234095,84.4732424415283,61.6613734206462,58.9743954934786,58.1037540670544,61.1434036276403,60.3742063674517,2.8860419164552,3.89148331137266,3.76431359845123,1.97738913272125,2.02303885151301,61.7598059455037,13.9682211376774
85.9631705615418,-217435.72,-382959.76,-358437.68,-199044.16,-205174.68,82.7052635030333,83.0347887193911,81.5945428922975,84.5738142335948,83.7513661135865,61.961053170468,60.0790085962275,59.595836704464,61.8802751286951,61.5793074929359,2.50460083629355,3.98626001781315,3.89332856339839,2.09580922281496,2.21117076786197,61.0651366083197,14.691169408182,78.0585056338218,87.4552331744752,71.4599089645714,86.4507110771956,86.641413687574,61.2292133951211,57.2882972530509,58.6750530527189,63.4603201899817,62.5772313439453,3.44616344916,2.88300572380075,3.59719651574618,1.59661985004678,1.67241241536577,60.7017755658529,17.2296583252065,81.6124114115933,84.4691348018892,71.7349492449949,82.7044328737489,84.1052765992108,62.1759111563689,59.4902770387297,57.8509759396901,60.8763018036899,60.1935019061917,2.89852167053825,3.66345216429844,3.79221092777692,1.98769934537665,2.03942625546288,61.579452349817,14.6375167445341,81.6124113472756,84.4691348559308,71.7349492400173,82.704432941548,84.1052766451091,62.1759111392359,59.4902769988788,57.8509759546041,60.8763018504547,60.1935019493318,2.89852168044933,3.66345215017413,3.7922109242476,1.987699338299,2.03942624882076,61.5794523339331,14.637516791446
80.9663102391157,-217435.72,-382959.76,-358437.68,-199044.16,-205174.68,84.1210524631537,84.3439974078111,81.907467065337,84.2639439361091,83.199627859086,62.1701501926479,60.3615688518764,59.7317964859694,61.8911052238258,61.547687767039,2.36691712745688,3.81561476433678,3.86225935546628,2.12585131310353,2.26428706512598,60.9656170647965,14.4349296254895,79.8470925419353,87.9107823100137,72.6214619532529,86.5469910906882,86.8556003362491,61.6497593433044,57.2845545210771,58.8378406643566,63.4814014670375,62.6163145298545,3.27814163267982,2.84483210030377,3.39133013498221,1.60410402918452,1.65453794010589,60.6314865194298,16.9718808267682,82.4975541474956,85.309187928865,71.7088702537594,82.9385982175388,84.230085789134,62.4378900220292,59.789614285508,57.9530601869639,60.7693651711604,60.2244128206353,2.8622303428208,3.53093912457769,3.77941801131916,1.98886719161593,2.03498003555098,61.5442822954566,14.6300071056685,82.4975541015833,85.3091879739308,71.7088702695677,82.9385982800448,84.2300858346142,62.4378900083769,59.7896142421143,57.9530602022904,60.7693652181393,60.2244128620688,2.86223035002538,3.53093911269267,3.77941800459655,1.98886718495092,2.03498002896081,61.5442822796448,14.6300071462354
80.9698834824034,-217435.72,-382959.76,-358437.68,-199044.16,-205174.68,83.4307467604943,83.3702006703753,82.5567529464756,83.8931480138886,82.792679083605,62.0675607221155,60.1607063576407,59.8142398090328,61.8073691890878,61.4375141740076,2.43203267779693,3.94268428470099,3.76599501740603,2.15348206335167,2.29575412284786,60.9573672948188,14.5899481661035,77.5246124262474,87.4284151396814,73.4813735009217,86.6429645091749,87.0545420538099,61.1531560198366,57.0732076809635,58.9568741943941,63.4922986600892,62.6234730505745,3.43832699558239,2.92747567695231,3.23880416582076,1.61582995832595,1.64584577828943,60.6578351740346,16.7571880028293,80.7678213087725,84.5385363389856,71.6468619772377,83.2881077574238,84.5347791054789,62.0146158520608,59.4186950399824,58.1234580777958,60.7506560454498,60.3144959587729,2.86011997127686,3.69208705748459,3.75943976914678,1.98673834160674,2.02348829828081,61.5441744285607,14.4432144565628,80.7678212525911,84.5385363890462,71.6468620090166,83.2881078155392,84.5347791491282,62.014615837138,59.4186949993521,58.1234580922329,60.7506560929426,60.3144959987708,2.86011998129301,3.6920870442394,3.75943976012793,1.98673833518158,2.02348829173899,61.5441744132069,14.4432144966472
80.9725378643744,-217435.72,-382959.76,-358437.68,-199044.16,-205174.68,82.3561997836304,82.199575831099,82.7954908151009,83.5382223458071,82.5816424890742,61.8930549588418,59.8855275043265,59.7790980061438,61.6931311281595,61.3255636916444,2.53900204450756,4.10090124134423,3.72118219695877,2.17720897022112,2.30645587798784,60.9298922774491,14.8447503310195,75.9562903482869,87.1257168451328,72.4873294684738,86.6974271583298,87.1341328169144,60.7818980479801,56.9134488648838,58.8075676235627,63.4895228376652,62.600314763309,3.58858991657783,2.98465756846221,3.41416771828644,1.63506309265402,1.64582023077467,60.604698519451,17.0414398949524,79.9709650271247,83.9741348612325,71.6750879979448,83.3393089479883,84.5423058845664,61.7549162266079,59.1897862044109,58.0281137685642,60.6896092053825,60.2677914006119,2.91243338823068,3.79254102899457,3.77110004000382,1.99046071724566,2.02483904593421,61.46147906886,14.5913920232038,79.9709649575784,83.9741349158275,71.6750880120153,83.3393090061611,84.5423059294647,61.7549162097522,59.1897861649778,58.0281137820667,60.6896092538855,60.2677914410183,2.91243339994377,3.79254101499957,3.77110003382066,1.99046071108909,2.02483903936845,61.4614790540179,14.5913920656461
80.9745202840053,-217435.72,-382959.76,-358437.68,-199044.16,-205174.68,81.6213934654975,81.4956023959165,82.5955350116982,83.2401267147127,82.4861286327166,61.7584893456805,59.6947722233754,59.6651171009491,61.58685454858,61.2380031647094,2.61572860815234,4.1974414624785,3.73513433083796,2.19649613182945,2.30731920136308,60.8570329273783,15.0521197346613,74.9710219149363,86.941207233101,71.8167494228517,86.7284323543824,87.1810122262485,60.5495266874046,56.7940692818366,58.7051510309931,63.4889029478118,62.5973704027919,3.68197658083858,3.02382674588792,3.53232948759701,1.64930701106342,1.64082406977412,60.4803885782109,17.3250791297238,79.5713561164409,83.5733355757,71.739326933207,83.2463669080413,84.3994539485825,61.5841010027209,59.048908645005,57.8639499686944,60.6066664927518,60.1654042122314,2.97208641787527,3.85496735090111,3.79001242240013,1.99715358139442,2.03226521192344,61.3558412520012,14.8293730876051,79.5713560367482,83.5733356340425,71.7393269345482,83.246366968362,84.3994539967681,61.5841009847987,59.0489086059439,57.8639499832667,60.6066665426815,60.165404254361,2.97208643017288,3.85496733650305,3.79001241793623,1.99715357536859,2.0322652051424,61.3558412368355,14.8293731308388
80.9760062364193,-217435.72,-382959.76,-358437.68,-199044.16,-205174.68,81.2502907824357,81.1814741156667,82.1830535362703,83.0050520401089,82.4064633624726,61.6804481741997,59.5927123399154,59.5237876087604,61.5000808721358,61.1673503429515,2.65489956088492,4.2386733168485,3.77983079561806,2.21164344666469,2.30829827216628,60.7602343071362,15.1933453921824,74.3961459692124,86.8309804959172,71.4284890965923,86.7431160587646,87.2083261436023,60.414005493889,56.7056054001085,58.6436362986371,63.4882805981097,62.5992389044277,3.73639370721391,3.0505889369412,3.60056354159279,1.66054245236533,1.63502730631094,60.3605185127265,17.5048730941208,79.3482700005095,83.2954108338409,71.8076003642245,83.0967154814935,84.1946882956916,61.4666208552689,58.9618928780574,57.7025772341897,60.5144114454422,60.0494983914419,3.02360511422397,3.89386921641095,3.80822160906418,2.00512015749629,2.04189896384788,61.2500753717714,15.052241597417,79.3482699147219,83.295410895089,71.807600357657,83.0967155446616,84.1946883478981,61.466620837034,58.9618928389708,57.702577250492,60.5144114969597,60.0494984356121,3.0236051265719,3.89386920180246,3.80822160546684,2.00512015152703,2.04189895679947,61.2500753563612,15.0522416399049
80.9771226640881,-196520.87,-310708.46,-293791.78,-183833.36,-188062.53,81.1012556208003,81.075892658686,81.7825338246204,82.8263075077753,82.2946050153039,62.134870903997,60.7255486760987,60.7283729251831,62.1105357151417,61.8980066327689,2.47587468971584,3.64826067221312,3.33431203977876,2.12044857575279,2.20317536833005,60.7053499104239,13.7820713457905,74.0763226829204,86.7660273100807,71.2129989941828,86.7463833998753,87.2235234013542,60.3386244269742,56.6404542961152,58.6071475050527,63.4863285081473,62.5983277811557,3.76665137201601,3.06891272030236,3.63824312657396,1.67020180708158,1.6304084882002,60.2666663810903,17.6088765751463,79.2113564886999,83.1060551601265,71.86784888702,82.936312053929,83.9776519874648,61.3839826430496,58.9077688308735,57.5651128530948,60.4208525649257,59.9397358065564,3.06390141047513,3.91825253347759,3.82357738843329,2.01341293290729,2.05169492594438,61.1514377713423,15.2275326162567,79.2113564199504,83.1060552091273,71.8678488782527,82.9363121049395,83.9776520309215,61.383982629054,58.9077688005179,57.5651128670459,60.4208526059673,59.9397358421505,3.06390141988377,3.91825252210636,3.82357738595198,2.01341292831227,2.05169492030407,61.1514377594967,15.2275326481389
85.9771226088261,-196520.87,-310708.46,-293791.78,-183833.36,-188062.53,81.3903883174275,81.445302811259,81.4619085100492,82.6745879487237,82.1282791525589,62.1742350346811,60.792309017053,60.6697688229493,62.0867475842533,61.8691141024248,2.44369365631097,3.59479891184157,3.37633082649918,2.13362489778755,2.21812118332212,60.7772557684564,13.7665694757614,75.9865948320691,86.5542589234271,71.6021591553413,86.5841277141975,87.1158460039188,60.8753754683277,56.9999271293805,58.6417855905425,63.4502335936529,62.7110611235666,3.48452880871315,3.01650614367661,3.56764882159623,1.6582263217568,1.59708284637505,60.1988936859943,17.6698999142979,79.5656594866375,82.4730331626322,72.6719829930777,83.0703272990957,83.8933976249172,61.6405930544122,59.5737431007467,57.9013365133641,60.7102151987846,60.5898577036129,2.92440933047665,3.65170025084566,3.71518498660378,2.01229534428166,2.03378041466404,61.0616530044192,15.3555850407117,79.5656594403482,82.4730332154162,72.6719829792413,83.0703273445409,83.8933976665943,61.6405930445154,59.5737430674586,57.9013365229406,60.7102152342222,60.5898577310471,2.92440933772087,3.65170024263047,3.71518498469564,2.01229533970237,2.03378040901608,61.0616529932608,15.3555850706436
85.9695929561046,-196520.87,-310708.46,-293791.78,-183833.36,-188062.53,82.8214750508815,83.0097079195102,81.4763109001765,82.517305442057,81.9271843812281,62.3821576116,61.0955510245957,60.730852379661,62.1116527101515,61.8894586828802,2.29745401309239,3.38791768141953,3.38392820312984,2.15267452457561,2.24263391118419,60.8897492283558,13.4646083334015,80.8956860692545,87.2890877686393,72.3373232884338,86.4264461042174,86.9613745863995,61.9786119376413,57.4882036880352,58.7265694783807,63.4111619656388,62.7695277546669,3.08317140520552,2.85799385125268,3.435865787029,1.6506790880274,1.57928940148538,60.2950725294635,17.183651203967,81.6718424407791,83.6211582732587,73.088753989319,83.053292601743,83.6906601353398,62.3791164903294,60.4810206881244,58.1483175749827,60.8949552473249,60.9212301591902,2.74322761161566,3.26585374959244,3.64851054418949,2.01350355647634,2.02933067689716,61.0447356918841,15.230622779018,81.6718424307423,83.62115832069,73.088753979602,83.0532926453624,83.6906601776345,62.3791164851504,60.4810206494232,58.1483175824603,60.8949552798629,60.9212301830912,2.74322761601159,3.26585374431826,3.6485105414397,2.01350355178453,2.02933067107752,61.0447356821899,15.2306228042733
85.9305752334958,-196520.87,-310708.46,-293791.78,-183833.36,-188062.53,84.238391463246,84.4477175118803,81.9467548328001,82.3485967672073,81.7638266932582,62.5669916710353,61.3512723963648,60.8726190339302,62.1383399423019,61.91868266596,2.16683704449146,3.21449293371159,3.33115164694901,2.17348691676089,2.26439692714287,61.0049526497787,13.1503654690558,83.4489456309564,87.6805157911386,74.699862807117,86.3204213222877,86.8904480453407,62.6134942571684,57.8221291003052,59.0472296123518,63.3765334740466,62.793808154054,2.80282968124049,2.75907932106156,3.01629306658106,1.64205265111456,1.57131698063001,60.5187648277607,16.3492569840346,82.7540085537533,84.4852729015762,73.2155471488322,83.210115544785,83.797848485737,62.7827816914985,60.9918325340394,58.6512356337849,61.0886521747175,61.2103194721034,2.63019945616206,3.0461564638826,3.56648265998994,2.01161724362455,2.01717022472489,61.1357571098442,14.7300753570341,82.7540085627326,84.485272942862,73.2155471680111,83.2101155849733,83.7978485256966,62.7827816893111,60.9918324930836,58.6512356389016,61.0886522042792,61.2103194925637,2.63019945839262,3.04615646017327,3.56648265288093,2.0116172388494,2.01717021896402,61.135757101872,14.7300753779555
85.9147453101925,-196520.87,-310708.46,-293791.78,-183833.36,-188062.53,85.1515372434068,85.3063960090276,82.7399903004517,82.1827279856338,81.7199089761122,62.678784897049,61.4987089034382,61.0486165173011,62.1551882748875,61.9550447002347,2.08957012260927,3.1184616669568,3.23636219984201,2.19331627487621,2.27359432004634,61.1213177122348,12.9113045843306,84.8168566786942,87.8967798877776,76.2620008972111,86.2452574409893,86.8459277561271,62.9598764443097,58.0467077578441,59.2507684076676,63.3349177834969,62.751494592903,2.64531835620296,2.69656831431061,2.73817522601626,1.64095614204034,1.58102522864181,60.7663678485973,15.7166670947751,83.3271712677636,85.1173152660169,73.2505313880296,83.4422336717245,84.0724867938072,63.0136181175179,61.2927474095469,59.1204285311743,61.2814969572475,61.4651809426152,2.55630402612863,2.91534507243081,3.49615718751964,2.00718227928156,2.00118626414327,61.2479654166427,14.2029126735987,83.3271712870056,85.1173153019188,73.2505314269283,83.4422337079308,84.0724868296313,63.0136181168238,61.2927473676183,59.1204285328579,61.2814969837712,61.4651809592304,2.55630402727842,2.91534506960491,3.49615717772891,2.00718227455108,2.00118625871612,61.247965410422,14.2029126931517
85.9051994266996,-196520.87,-310708.46,-293791.78,-183833.36,-188062.53,85.6075120654928,85.7000009572676,83.5957249463008,82.0506582839114,81.8564027273648,62.7361004798429,61.5710811727355,61.2137412820926,62.1671246650876,62.0089797920263,2.05314795284475,3.07694502201778,3.13650225233135,2.20920132383934,2.26413692601423,61.2304103377713,12.7399334770474,85.5956273154568,88.021342420688,77.1416065717919,86.1928055534541,86.8186908293011,63.1576154321508,58.1973007473832,59.3545503471172,63.2903179456929,62.6790457832143,2.55501341739708,2.65639809360123,2.58069081306666,1.64457861695307,1.59817473045806,60.9648492010264,15.3080921073525,83.642428346624,85.5824039526208,73.2522877004568,83.6906825700149,84.4199064221999,63.1511248875552,61.478367367597,59.487351840302,61.4633911031119,61.6805818159396,2.50697968975928,2.83380408014833,3.44306646453714,2.00087138161659,1.98430039419894,61.3570790444618,13.7343214264798,83.6424283718482,85.582403984118,73.2522877506847,83.6906826023281,84.4199064531786,63.151124887639,61.4783673252243,59.487351838587,61.4633911267055,61.6805818288341,2.5069796903796,2.83380407785725,3.44306645340015,2.00087137701531,1.98430038921239,61.3570790393964,13.734321446804
85.9001548882793,-196520.87,-310708.46,-293791.78,-183833.36,-188062.53,85.8053654172147,85.8549492468359,84.3216826177105,81.986497023042,82.1624100069901,62.7648427343144,61.6065758060105,61.3445523012542,62.1819581934573,62.0808124433918,2.03807841176265,3.06178720807241,3.0552615234181,2.21801321259196,2.23773447365459,61.3253807049736,12.6108748294997,86.0555315946863,88.0945205737654,77.6355383282571,86.1567724255542,86.8060046487445,63.2745214930004,58.297883282446,59.4019306934101,63.2465385128932,62.6029122081054,2.50153016800994,2.63042366018188,2.49136924233462,1.64990649684738,1.61566019882434,61.1114648477944,15.0517669596419,83.8195443067098,85.9259639540106,73.2419127289896,83.9253352152723,84.7833836876703,63.2349588775053,61.596867531763,59.7538267400106,61.6287999794672,61.8553340302595,2.47384924293871,2.78122114890036,3.40537709885043,1.99328988079988,1.96820536349402,61.4560403502792,13.342668853305,83.819544335583,85.9259639820131,73.2419127857244,83.9253352440868,84.7833837137883,63.2349588780162,61.5968674891632,59.7538267354665,61.6288000003571,61.8553340399129,2.47384924329616,2.78122114695311,3.40537708704786,1.99328987636577,1.96820535894161,61.4560403458297,13.3426688753745
85.8974455569533,-196520.87,-310708.46,-293791.78,-183833.36,-188062.53,85.8813384769822,85.9076598489307,84.8508518021163,82.0173737087139,82.5804897338112,62.7801529074478,61.6258610024282,61.4384481956253,62.2056602203751,62.1623222166119,2.0327264907856,3.05757246763356,2.99845942152515,2.21720997626807,2.20084800050096,61.4056290380676,12.5068163567133,86.3338179242839,88.1380967270847,77.9149814956931,86.1320252991677,86.8050263285461,63.3452708654217,58.3648935877668,59.4179241310468,63.2053252683204,62.5343556054365,2.46915598329993,2.61356105534959,2.4399541273385,1.65529488971055,1.63061216850662,61.2182080644651,14.8898039972223,83.9209033743516,86.1810822136469,73.2286511740089,84.1328891908355,85.1304554994247,63.2869294271617,61.6748291026653,59.9398981399504,61.7757445246238,61.9925563515619,2.45160002323742,2.74629806056553,3.3795076846762,1.98496778455121,1.95375303535246,61.5434924965421,13.027358354863,83.9209034055078,86.1810822389164,73.2286512345201,84.1328892166489,85.1304555210472,63.286929427915,61.6748290599265,59.9398981332105,61.775744543083,61.9925563585577,2.45160002346411,2.7462980588516,3.37950767254443,1.98496778029438,1.95375303117998,61.5434924923419,13.0273583789114
85.8959712840874,-196520.87,-310708.46,-293791.78,-183833.36,-188062.53,85.9083264022175,85.9231265976192,85.2098456990844,82.1436021510912,83.0385015090389,62.78970714285,61.6385463463862,61.5040752631772,62.2394193125385,62.2433213993697,2.03119361709802,3.05722227230642,2.96135248437651,2.20690942952087,2.16094705201554,61.4745940607017,12.4176248553174,86.5047546136991,88.1642536065124,78.072150818661,86.1146311211588,86.8126789500298,63.388728379932,58.4094390482401,59.4160137785284,63.1671697139926,62.4764629815683,2.44927035224687,2.60259159638618,2.41014750766068,1.66000616530989,1.64238083487673,61.2961185120654,14.784732739364,83.9798027404874,86.3713882036048,73.2165034295406,84.3095755720168,85.444438561923,63.31952312428,61.7274609718822,60.0668542058639,61.9044955248216,62.0978461651757,2.43669974408729,2.72251726656375,3.36208778099301,1.97634645913652,1.94125779065132,61.6199661228035,12.7807500790821,83.9798027730893,86.371388226754,73.2165034922361,84.3095755953234,85.4444385795896,63.3195231251736,61.7274609290402,60.0668541974603,61.9044955411251,62.0978461700644,2.4366997442496,2.72251726501528,3.36208776870167,1.97634645505197,1.94125778679225,61.619966118622,12.7807501049573
85.8951617919661,-196520.87,-310708.46,-293791.78,-183833.36,-188062.53,85.9159714844426,85.9255880162899,85.4395857846084,82.3523512441226,83.4858140023661,62.7965705378896,61.6482045217794,61.549408996015,62.2816015876344,62.3174154248684,2.03112494066366,3.05812855139311,2.93849404278793,2.18859432483177,2.12284755455667,61.5347776169924,12.3391894142332,86.6107486232499,88.1800244002621,78.157511801538,86.1017127858052,86.8260373471175,63.415673775451,58.4389914375654,59.4035823796815,63.1319529282026,62.4287887228182,2.43694163472051,2.59544936303799,2.393030473304,1.66379128532972,1.65124291674781,61.3533677346395,14.7137086235573,84.0144860239158,86.5138767175791,73.2067981230612,84.4565065283933,85.7185177375613,63.3401344142319,61.7637861840245,60.1521910955949,62.0164951850317,62.1775127133363,2.42675764245669,2.70597845066681,3.35049316594604,1.96776998256942,1.93072372934086,61.6865048798123,12.5926391810391,84.0144860574379,86.5138767390919,73.2067981869832,84.4565065496357,85.7185177518612,63.3401344152073,61.7637861410958,60.1521910859291,62.0164951994341,62.1775127165807,2.42675764258818,2.70597844923969,3.35049315358359,1.96776997864455,1.93072372573229,61.6865048755109,12.5926392084257
85.8947141787904,-196520.87,-310708.46,-293791.78,-183833.36,-188062.53,85.9167089369642,85.9242103492198,85.5800478824218,82.6206927750163,83.8910975535708,62.8020200998544,61.6561959575824,61.580834245975,62.328868145809,62.3814641941003,2.03153900131057,3.05930919685238,2.92514343335902,2.16475007033536,2.08917011290368,61.5877321021557,12.269911814761,86.6768694528515,88.1895533243271,78.1997152981662,86.0912425051867,86.8426590051156,63.4324814955743,58.4585604546341,59.3848231566457,63.0993080247738,62.3896918617704,2.42925225993139,2.59079799421773,2.38353962580337,1.6666402696219,1.65776139378805,61.3957434641346,14.6631570659351,84.0351525932528,86.6208794394362,73.1996025267792,84.5769468921615,85.9517756874741,63.3532472801382,61.789330114144,60.2089579300807,62.1136560275998,62.2374736017526,2.42014888927385,2.69427146047454,3.34283538308466,1.95948672283191,1.92199479210508,61.7442263105121,12.4524404182706,84.0351526273615,86.6208794596902,73.1996025913385,84.5769469117135,85.9517756989768,63.3532472811612,61.7893300711386,60.2089579194398,62.1136560403261,62.237473603718,2.42014888939139,2.69427145913854,3.34283537069866,1.95948671905081,1.92199478869342,61.7442263060126,12.4524404468144
85.894465155575,-196520.87,-310708.46,-293791.78,-183833.36,-188062.53,85.9153648225807,85.9221072467476,85.6627508602285,82.9223167111009,84.2394135485012,62.8065572708913,61.6629998861698,61.6029158949694,62.3775349213946,62.4346835806733,2.0320560362412,3.0604324600307,2.91777322146219,2.13809663412041,2.06089610925819,61.6343533499777,12.2092544611127,86.718277002609,88.195313952953,78.2155551460701,86.0818388501529,86.8607071284648,63.4430063742049,58.4714958610636,59.3621948487484,63.0688019179957,62.3573642066371,2.42443779703662,2.58776933202596,2.37870709972091,1.6686486991233,1.66251012642739,61.427336355437,14.6250836334698,84.0475994233795,86.7014205998605,73.1945059323429,84.6748233689077,86.1465826073501,63.3616271113007,61.807574939249,60.2464305474201,62.1979593797063,62.2827300578073,2.41577141090394,2.68586322904607,3.33780617684384,1.95166046383096,1.91484725023543,61.7941978755047,12.3503287008951,84.0475994578619,86.7014206191489,73.1945059971721,84.6748233870744,86.1465826165705,63.3616271123515,61.8075748961753,60.2464305360033,62.1979593909502,62.2827300587709,2.41577141101584,2.68586322777954,3.33780616446044,1.95166046017685,1.91484724697738,61.7941978707679,12.3503287302656
85.8943248427207,-190330.51,-289323.58,-274657.94,-179331.28,-182997.69,85.9156242779167,85.9223776896359,85.7090532549417,83.2252581925778,84.5274743673256,62.9073044405918,61.9235913773218,61.8838344779987,62.545711402413,62.6067396538984,1.97664210948782,2.8807070084233,2.7546079643547,2.07214226683842,1.99478015525628,61.6780460606778,11.6788795043605,86.7442739697676,88.198794435489,78.2151120933086,86.0725947432883,86.8789197617303,63.4496137571765,58.4800320984879,59.3371738111413,63.0400200668938,62.3302212865551,2.42141567394173,2.58579809819885,2.37675142770925,1.66994880581014,1.66597442936096,61.4510579928522,14.5947768251665,84.0551687290768,86.7621531834867,73.1910012600238,84.7539785796795,86.3069293380091,63.3670003906382,61.820774252931,60.2710217557491,62.2712533003179,62.3172282930669,2.41288101578652,2.67975240544401,3.3345177021935,1.94438655231064,1.90904267219591,61.8374038858462,12.2777672924594,84.0551687538539,86.7621531967237,73.1910013063154,84.7539785918291,86.3069293432793,63.3670003913994,61.8207742221498,60.2710217471447,62.2712533074013,62.3172282931866,2.41288101586515,2.67975240457833,3.33451769336876,1.944386549782,1.9090426699563,61.8374038822864,12.2777673138081
80.8943251015363,-190330.51,-289323.58,-274657.94,-179331.28,-182997.69,85.706714264024,85.6749019703733,85.7306107104469,83.5209550013653,84.7589478738948,62.8898375934175,61.8952858582032,61.8888929763726,62.5819196160812,62.6344882248283,1.99322696596806,2.90725769488578,2.75270171920809,2.0464630855478,1.97641195710861,61.7341666228683,11.6760614227183,86.7389004828645,88.1813553216042,78.468752352693,86.0112332728826,86.86911042156,63.5189947167831,58.6386500295472,59.3375358491663,63.0034564010786,62.3574350485471,2.33911725695558,2.55618226018509,2.32893019870259,1.65997975894147,1.65640438736203,61.4689963018745,14.5694375667925,84.1123139562427,86.793276053315,73.8291655060984,84.853877827166,86.419067072484,63.4079553049078,61.9956513274206,60.6866901799721,62.3854337908978,62.5387748066158,2.39073950102411,2.60752933343077,3.22701418433312,1.93305081649807,1.8986422338852,61.8747355371657,12.2276647849118,84.1123139767628,86.7932760641593,73.8291655423452,84.8538778362078,86.419067076,63.4079553057753,61.9956513011941,60.6866901694319,62.3854337957261,62.5387748051991,2.39073950062081,2.60752933302963,3.22701417731685,1.93305081436471,1.89864223199272,61.8747355339959,12.2276648032068
75.8943282490002,-190330.51,-289323.58,-274657.94,-179331.28,-182997.69,84.321110394704,84.1118203123952,85.6328034565487,83.7962119807338,84.9364623492771,62.7470454369201,61.6764761402195,61.8504175898371,62.5898664470503,62.6304299812739,2.10805028852996,3.08145359362375,2.75956910981424,2.02066701662008,1.96032382064083,61.7924192054609,11.9300638292289,84.9140694748459,87.5116027845039,78.4677752381942,85.9572368619681,86.8451364570817,63.1567325919044,58.42924331235,59.3006343029679,62.9670755040983,62.3632033305603,2.43223995487436,2.65444960080723,2.32610699921849,1.65288613383388,1.65288483696834,61.519389773085,14.3396742326473,82.7230566151082,85.8399642175597,74.0859148746322,84.9401061390666,86.5360421876298,63.080160962866,61.6977046923924,60.8652751630057,62.4807648030808,62.6521724122961,2.37902744048344,2.74075040952568,3.18212445986185,1.92489511960027,1.89154934855543,61.9255215827925,12.0965077822253,82.7230566315001,85.8399642300659,74.0859149074147,84.9401061466762,86.5360421899423,63.0801609634389,61.6977046679397,60.8652751513,62.4807648067191,62.6521724101342,2.37902744088155,2.74075040888002,3.18212445345762,1.92489511756526,1.89154934676988,61.9255215797541,12.0965077990074
80.8943273416309,-190330.51,-289323.58,-274657.94,-179331.28,-182997.69,81.9165797338029,81.5472405134433,85.139951570733,84.0428835271279,85.0509324610763,62.4483673379355,61.2433901774307,61.7219379530699,62.5596423218402,62.5842535768886,2.33607549241009,3.40494392834031,2.80250658603933,1.9946228110317,1.94630665352847,61.8321966324636,12.4844554713499,81.4667383466777,86.1772818517085,77.5008051459746,85.8660551855561,86.7388836695213,62.3889268302582,57.9244105514076,59.1229803873179,62.9245067034984,62.3436637251073,2.70597053259132,2.86741006875586,2.49405253651049,1.65278936992017,1.65576676637849,61.5047297999248,14.5457461054871,80.322344116366,83.9113575791441,74.1853126001565,84.9050873169817,86.4581559974829,62.4011649434331,60.9314590547471,60.6920631046979,62.5252556341054,62.6486060151097,2.45147478433523,3.07745279818456,3.19972544182081,1.91916099345813,1.89387654369803,61.9289047015762,12.1980988666093,80.3223441253066,83.9113575968466,74.1853126260587,84.9050873244893,86.4581559996761,62.4011649433375,60.9314590312545,60.6920630924395,62.5252556372245,62.6486060127274,2.45147478632347,3.0774527965436,3.19972543630775,1.91916099137711,1.8938765418378,61.9289046982623,12.1980988849503
85.8943258611066,-190330.51,-289323.58,-274657.94,-179331.28,-182997.69,80.8186954628036,80.6404811068379,84.1099118961571,84.2524411335868,85.0532005814929,62.283190605037,61.0522815662051,61.5392701327853,62.5424557850989,62.5437616336736,2.4536269288594,3.52934284644841,2.90772137024321,1.97379050584884,1.94260935140804,61.8223842564676,12.8070910028079,81.2225129587661,86.0990816373273,75.5418708429447,85.6988591194127,86.4985289319772,62.215402174892,57.9010084722111,58.8014225696417,62.874613928178,62.3126914052579,2.86499625537029,2.87867819194988,2.83740958218034,1.65940783342672,1.66114358276835,61.3529577156514,15.2709099667821,80.3963174321383,83.3389866930444,74.2726332904061,84.6679429240811,86.0178775712809,62.3871027940764,60.9397875250867,60.1308264870224,62.4936709251361,62.5017805818412,2.47805245698332,3.08049636914339,3.27423112384834,1.9175698320455,1.91135510614962,61.8391224795065,12.7930699168228,80.3963174397508,83.3389867184756,74.2726333021007,84.6679429335798,86.0178775757096,62.3871027924944,60.9397874970877,60.1308264747734,62.493670928646,62.5017805800989,2.47805246054857,3.08049636728386,3.27423111982351,1.91756982966683,1.9113551038442,61.8391224750271,12.7930699396534
85.9999989571015,-190330.51,-289323.58,-274657.94,-179331.28,-182997.69,81.9606096132977,82.0986109905601,83.0160685922073,84.4095010688313,84.8798555646723,62.4409560838723,61.3128609062804,61.4069197896799,62.5753747681494,62.5418053917398,2.32991911411036,3.32600323025255,3.0370996097627,1.96256824627897,1.95751402904301,61.7660968814229,12.6131042294476,83.9029393169696,86.9247788628182,75.060336774555,85.5531291181824,86.3110691759665,62.7769199014602,58.200721204408,58.6961750905873,62.8398083972857,62.330521914361,2.69374655410434,2.74938273164684,2.91967598731069,1.65472871241008,1.65467090629591,61.2018496241908,15.5739389831274,82.0161728664735,84.262361905883,74.3022731768967,84.4181730510088,85.5650379175667,62.8222440362139,61.4156687080593,59.8025865436996,62.4511476800762,62.3596622598455,2.44811369035688,2.87448547915635,3.31940119424818,1.91885637383422,1.92907432804871,61.7755301869889,13.2591555985085,82.0161728839302,84.2623619305161,74.3022731839105,84.4181730615096,85.5650379244691,62.8222440357946,61.415668678314,59.8025865334629,62.4511476836722,62.3596622595759,2.44811369262952,2.87448547799888,3.31940119054986,1.91885637139047,1.92907432550989,61.7755301816811,13.2591556199252
85.8823050304869,-190330.51,-289323.58,-274657.94,-179331.28,-182997.69,83.6382835265766,83.8710644095819,82.5405554717598,84.4784680837955,84.5215691332559,62.6487665606085,61.6016552652584,61.3737452417854,62.6104133717229,62.5306452250956,2.16675847913791,3.10441428757702,3.10056813862875,1.95952331047107,1.98841334623309,61.7290498567738,12.3196775620478,85.280156005156,87.4088364186299,76.3871870954156,85.4743464831799,86.2526761772351,63.1329031999866,58.4214179788218,58.8543084252442,62.8162362317005,62.3619353053293,2.52667205960831,2.66476124242487,2.68224595539161,1.64242093915834,1.64580716210899,61.2147106349123,15.1614858944475,82.9550560332546,84.9841906132007,74.2700069303736,84.3239140161531,85.418212766024,63.0841822789224,61.7080620296596,59.9042972614277,62.4575351296472,62.3462681234716,2.42275108211026,2.7461619272703,3.30712279923199,1.91995730107049,1.93378315205629,61.790974000161,13.2775759115166,82.9550560546678,84.9841906355306,74.2700069498719,84.3239140267481,85.418212773709,63.0841822793711,61.7080619993911,59.9042972517578,62.4575351329507,62.3462681236158,2.42275108306733,2.74616192652063,3.30712279347716,1.91995729851451,1.93378314940416,61.7909739948539,13.2775759288666
83.4890960578471,-190330.51,-289323.58,-274657.94,-179331.28,-182997.69,84.6665970198908,84.8350211664582,82.7309914284693,84.4414716175841,84.0866713540358,62.7631103190012,61.7461213542917,61.4251646474331,62.6241872909191,62.4985989228943,2.07634585671575,2.99422980245714,3.08033750907403,1.96408326175548,2.02551880138703,61.7418689062266,12.1405152313894,85.9882172951995,87.6804375405046,77.2537325606857,85.4326734724797,86.2435278137438,63.3194614999364,58.5691127663009,58.9446971137594,62.788385428691,62.3514739496862,2.43662745403997,2.61260108001818,2.52613385578752,1.63493250029531,1.64832155625968,61.3087062951237,14.7063898768891,83.4616397640384,85.4951810562073,74.2451170347389,84.3244821053003,85.4538829259768,63.2330181861966,61.8804852375623,60.1361726800141,62.4938632490062,62.3992299922623,2.40288632875897,2.66952599082954,3.27550791721332,1.92022302329482,1.93105683689821,61.8337813257146,13.0928797604689,83.4616397853384,85.4951810746298,74.2451170601027,84.3244821146428,85.4538829326338,63.2330181869254,61.8804852096461,60.1361726699695,62.4938632514891,62.3992299918597,2.40288632904342,2.66952599034964,3.27550791089581,1.92022302088971,1.93105683451464,61.8337813212881,13.0928797740715
83.5577218586897,-190330.51,-289323.58,-274657.94,-179331.28,-182997.69,84.7019094289199,84.7485969334484,83.2405921820442,84.2999859285532,83.7152672298855,62.767468424452,61.7363480030612,61.5008717524644,62.6111747549917,62.4555652091531,2.07341567764397,3.00420320207154,3.01885838909697,1.97571746187721,2.0568043029173,61.7851421683269,12.128999033607,85.4160912006242,87.5269619406391,77.704925620454,85.4124022333633,86.2629229924324,63.2273308482457,58.5269487191153,58.9741137130648,62.7582276673393,62.3239566248801,2.4406855030452,2.63397758768977,2.44341111755781,1.63070689066057,1.655197700867,61.3960371400711,14.3963670208271,83.080841729627,85.3471366483101,74.233897848278,84.3740048959402,85.582085882676,63.1575022798232,61.8025574231702,60.3656191210346,62.5445048334847,62.4746162519421,2.38787245149831,2.70322552619362,3.24322591139058,1.91952809922698,1.92491292055412,61.8835303922212,12.8462275664151,83.0808417493603,85.34713666673,74.2338978776088,84.3740049047148,85.5820858884292,63.1575022804132,61.8025573954907,60.3656191092761,62.5445048352907,62.474616250669,2.38787245194459,2.70322552560846,3.24322590463199,1.91952809678639,1.92491291827498,61.8835303881018,12.846227579514
82.6532999363076,-190330.51,-289323.58,-274657.94,-179331.28,-182997.69,84.2922920983956,84.2588205266546,83.6578674980273,84.1043469262816,83.4850665126444,62.7230836490681,61.6653969813778,61.5499118198007,62.5829016981764,62.4189448552347,2.10852493571401,3.05989359182306,2.96857558205148,1.99108203509508,2.07570464588111,61.825384671126,12.2037807905647,85.1569402998078,87.4339861565661,77.4387912161696,85.3833576698971,86.2563605084555,63.1552913594979,58.4985440851769,58.898788988684,62.7241329438677,62.2887857880759,2.47804789178112,2.64748867457564,2.48747985624274,1.63062339474823,1.66357432513257,61.4403660168453,14.3777387705728,82.8725734367002,85.239280047233,74.2342683130293,84.3914325654661,85.6499816319763,63.1133616070918,61.758123066769,60.4381893115211,62.5804852446408,62.5110890238232,2.38199899640363,2.72270580217257,3.23272389422917,1.91842570600074,1.92176165416007,61.9128820666426,12.711786382077,82.8725734554384,85.2392800652357,74.2342683393153,84.3914325736026,85.6499816369503,63.1133616074358,61.7581230400313,60.4381892988937,62.5804852458191,62.5110890219997,2.3819989971915,2.72270580155558,3.23272388811608,1.91842570363996,1.92176165204221,61.9128820627666,12.7117863957425
82.2409309721,-190330.51,-289323.58,-274657.94,-179331.28,-182997.69,83.7216577695876,83.6468960158109,83.8488337314526,83.9001473398132,83.3817424846869,62.6572828659467,61.5701373000737,61.559852659517,62.5472532728375,62.3915355639733,2.15905831846733,3.13150462047924,2.94446557173915,2.00679883619317,2.08321179301149,61.8495945776418,12.3250391398904,84.5617433962581,87.239116188869,77.2301020567025,85.3497499822031,86.2479111907265,63.0246738207016,58.4200485260536,58.8319576530347,62.6920475201671,62.2691018898781,2.52302598319381,2.67952527494865,2.52140343502036,1.62971856517625,1.66771032749014,61.4478234871321,14.4393300757648,82.4815374268534,84.9425765203086,74.2366769616689,84.3900183778336,85.6801657611369,63.015841410222,61.6484860344617,60.4448589635564,62.6068269830787,62.5260035527618,2.38303039055859,2.77111677266709,3.2315819172351,1.91729461901419,1.92039632280056,61.930914589763,12.6467974622829,82.4815374437032,84.9425765389108,74.2366769859159,84.3900183856075,85.6801657657357,63.0158414102935,61.648486008311,60.4448589504917,62.606826983769,62.5260035506809,2.38303039169257,2.77111677192519,3.23158191148258,1.9172946166848,1.92039632075377,61.9309145858499,12.6467974768026
79.3959376303187,-190330.51,-289323.58,-274657.94,-179331.28,-182997.69,82.9967933470568,82.8856974562244,83.8001167305438,83.7164401924236,83.3614097073309,62.5672927993966,61.4426907273848,61.5283261541188,62.5060565320468,62.3668618563752,2.22615397537113,3.22405681245048,2.94673825933552,2.02028231309238,2.08278105846377,61.8560848599629,12.5000124187133,83.9818915090843,87.0436078424771,76.8546492490741,85.3052036980144,86.2199847135312,62.8854922183519,58.3370146344446,58.7409409503152,62.6598338739407,62.2550143815762,2.58082961727341,2.71250637369759,2.58481681477194,1.6294166274813,1.67025146165413,61.4356380100986,14.5609485666522,82.1217044857217,84.6005569447565,74.2426177272007,84.3549726601533,85.6438548492272,62.9183935569681,61.5345764730929,60.3793753221325,62.6183912608649,62.5125707066899,2.39032827850968,2.82179564229538,3.24059125819631,1.91653422856792,1.92187459323398,61.93342380118,12.6738682784291,82.1217044998327,84.6005569632891,74.2426177470152,84.3549726673616,85.6438548535976,62.9183935567185,61.5345764488367,60.3793753097036,62.6183912611793,62.5125707047361,2.3903282799548,2.82179564146633,3.24059125322172,1.91653422638989,1.92187459132521,61.9334237974038,12.6738682927442
78.4084705641982,-179348.55,-251385.9,-240713.7,-171344.4,-174012.45,81.8630366882299,81.7076224748156,83.5057863259751,83.5767388778272,83.3658743353253,62.6222790305269,61.7617598011992,61.9674622135598,62.6820566716403,62.5858629223627,2.22730779983489,3.01156768173492,2.67050526239177,1.95947028801666,2.0009630897679,61.8544814476445,11.8698141217461,82.1620899150503,86.4325102269207,76.4606005484005,85.2508399956753,86.1762654226301,62.4907986240881,58.0879910822417,58.6474190438226,62.6283601118453,62.2482875101867,2.71287926643734,2.81353304670004,2.65153424146784,1.62881246639829,1.67087857075739,61.4041497153517,14.7063237941929,81.0228095903666,83.6209181244213,74.2505040090538,84.2895301244588,85.5469547712195,62.6064499795237,61.1587945420528,60.275165565456,62.6164370402978,62.4771681369806,2.42443055375231,2.98730311317103,3.25504531021442,1.91642944454935,1.92582310541143,61.9236235977653,12.7712413514295,81.0228095945117,83.6209181346509,74.2505040170949,84.2895301279564,85.5469547735091,62.606449979103,61.1587945308801,60.2751655595337,62.6164370403412,62.4771681361478,2.42443055480179,2.9873031125388,3.25504530801863,1.9164294435029,1.92582310448385,61.9236235958753,12.77124135847
74.1508321734223,-179348.55,-251385.9,-240713.7,-171344.4,-174012.45,80.3505581245229,80.1458026442418,82.9375844760587,83.4734593373946,83.3365502078944,62.4078927586797,61.4806242539366,61.8425252571837,62.6265075488737,62.5354743733201,2.38844612725802,3.21820205283364,2.72661988233906,1.96395661945733,1.99893679408553,61.8722768793673,12.2961614759736,80.6065163714532,85.7422204607083,75.9016393926797,85.0821863535303,86.0047002919754,62.2502370469432,58.1380683703931,58.5010240298648,62.58575988234,62.3446340086417,2.71226712814698,2.86266912349582,2.74505413163868,1.61147865703274,1.6472260582484,61.3221613724611,15.0664370813132,80.2781811263509,82.5530841808714,75.3347748873184,84.2185560565742,85.2450694857313,62.4201680211436,61.1957677014971,60.6249567115229,62.6482106181317,62.6906325037505,2.42687188069584,2.98417176463636,3.12383996225631,1.91023330147762,1.92794966168155,61.8736804041285,13.0776449143613,80.278181127699,82.5530841939657,75.3347748896459,84.2185560601202,85.2450694888503,62.4201680204459,61.1957676889424,60.6249567028022,62.6482106178753,62.6906325023299,2.42687188186766,2.98417176413748,3.12383996070104,1.91023330025095,1.92794966052892,61.873680401864,13.0776449225272
76.8457008793483,-179348.55,-251385.9,-240713.7,-171344.4,-174012.45,78.3877927979159,78.1414673247899,82.0153020410876,83.3911048828721,83.2124985966464,62.0730608908845,61.050925747355,61.6268346215692,62.5426974563659,62.4411466854119,2.62677252987927,3.51471105465121,2.82111483427347,1.96381949580092,2.00179728406627,61.8789284363569,12.9282151986711,77.4334724954481,84.3367899099708,74.9613724737681,84.8948572466364,85.7392290286666,61.5466891093397,57.7690877151789,58.2984842453393,62.5411752101184,62.4094934703609,2.96050589523915,3.05506207038237,2.90593371722616,1.60053643458689,1.6319510078438,61.2712679560682,15.0955956448295,78.5351279351212,80.6751880946042,75.9292479137654,84.0759479766192,84.8550629198375,61.851870968418,60.6702332389014,60.6563434431847,62.6388567499553,62.6637911444005,2.54148975471958,3.22137310865628,3.07505442314763,1.91111553597783,1.94030622460458,61.8390476592724,13.3193970935282,78.5351279311518,80.6751881077973,75.9292479102781,84.0759479795698,84.8550629230233,61.8518709673184,60.6702332284483,60.6563434346891,62.6388567496034,62.6637911434842,2.54148975622934,3.22137310805705,3.07505442253827,1.91111553485878,1.94030622349354,61.8390476572266,13.319397099928
80.8207508080925,-179348.55,-251385.9,-240713.7,-171344.4,-174012.45,77.4084821582327,77.2856379804363,80.7722946928141,83.3028133817933,82.9450581718127,61.8675420706062,60.8204385074038,61.3632283810677,62.4703996049084,62.341280969265,2.7575609560361,3.64819846310207,2.96347114082941,1.96532717711291,2.01807830833816,61.8326585825098,13.3526360454187,76.5206403732193,83.8312633098412,73.2298711915755,84.6425219006694,85.2971680395519,61.2460739240659,57.6927148443966,57.9793537023698,62.4872559744281,62.4450275073524,3.14704040999902,3.11321499633372,3.20658200476243,1.59901006848993,1.62355293325839,61.1076046812596,15.6033738162377,78.1384008358132,79.6429774474409,76.2487328029575,83.7736312698906,84.1636245018026,61.7034645997641,60.5875743323301,60.2682780108779,62.5553097401795,62.4053191113858,2.58327296781288,3.26700601489017,3.10728201659776,1.91686398336461,1.96893250038865,61.7371195118517,13.8523652273154,78.1384008290963,79.6429774648306,76.2487327904232,83.7736312734982,84.1636245065091,61.7034645978651,60.5875743203107,60.2682780013743,62.5553097398969,62.4053191115506,2.58327297015363,3.26700601425164,3.10728201701005,1.91686398204489,1.96893249895464,61.7371195092379,13.8523652345856
80.4295173964386,-179348.55,-251385.9,-240713.7,-171344.4,-174012.45,78.1813718125102,78.245107146315,79.5723199213595,83.1732069854111,82.4859260583676,61.9998609594248,61.0185157363236,61.1584697731659,62.4509609211426,62.2769418659607,2.64839853304324,3.48695304733048,3.12363831694086,1.97577563906893,2.05750251701997,61.7375924736274,13.2922680534035,78.5169809226924,84.4535947441646,72.3928504805922,84.3932155528334,84.8040803184505,61.6412713564854,57.9421660718025,57.7925819630346,62.4398133725074,62.5015335833455,3.04646935377146,3.01114499643152,3.34926870445338,1.59391370453034,1.610570562854,60.9417256150737,15.8878596333519,79.1377436004637,80.0443722603617,76.367375568007,83.4100508641539,83.3787347632406,62.0370690338695,60.965676892156,59.92325457131,62.4393499904585,62.0803674496571,2.51114953992698,3.10707758639245,3.14824875076714,1.92704827842449,2.00238510608606,61.6530668430297,14.2769365157593,79.1377435979581,80.0443722781591,76.3673755519643,83.4100508681224,83.3787347689939,62.0370690322719,60.9656768799519,59.9232545627097,62.4393499904603,62.0803674513571,2.51114954208775,3.10707758600522,3.14824875157853,1.92704827707982,2.00238510450453,61.6530668401585,14.2769365222616
79.7028734145206,-179348.55,-251385.9,-240713.7,-171344.4,-174012.45,79.2276161984461,79.333383346633,78.9164188301715,82.9607753902076,81.8479313304522,62.1711969020089,61.2347109514279,61.0512591021009,62.4325559554267,62.1957461784967,2.5125490210414,3.31893489757295,3.21957423055832,1.99445008324515,2.11579707400408,61.6647458806896,13.1613053064219,79.4159323744877,84.7542083926025,73.0830959234477,84.2112257242088,84.4080450241534,61.8823654997991,58.0833537594511,57.831029781514,62.4049192714894,62.5671034987953,2.92717871220891,2.95778298433096,3.22218337920221,1.58200164315902,1.59718084501041,60.9335787174337,15.564815582329,79.6391127718088,80.3186539727236,76.3530154210462,83.1419107847711,82.8396338084111,62.2140912257983,61.1437820736465,59.9105838195582,62.358222775663,61.8915411184345,2.46701571138599,3.03078070208356,3.151146623025,1.93899783130234,2.02416032707193,61.6460481737238,14.28730609547,79.6391127709491,80.3186539898108,76.3530154084494,83.1419107888905,82.8396338144532,62.2140912245203,61.1437820618568,59.9105838115471,62.3582227758428,61.891541121037,2.46701571315868,3.03078070180235,3.15114662329866,1.93899782992708,2.02416032542706,61.6460481709792,14.2873061003914
78.9537720655266,-179348.55,-251385.9,-240713.7,-171344.4,-174012.45,79.6232853462619,79.6791266647247,78.8508870757601,82.6338081642056,81.1363064030337,62.2268056868957,61.2934589925977,61.0318671668686,62.3857841121473,62.0810617661411,2.46343458244793,3.26712722558621,3.22791086038372,2.02204960125043,2.18207830099391,61.6506848701216,13.1626005706622,79.5289682842977,84.7910575411663,73.5877565652189,84.0673108793836,84.0753837957796,61.9334838227037,58.120749000819,57.8420920224241,62.3698596765183,62.5868012016016,2.88779579674579,2.94730249074015,3.1278777542641,1.57310822923071,1.59650042745287,61.0031724551661,15.2328228290036,79.7410183238231,80.3445064849366,76.3292361820506,82.9366842633282,82.4640032484534,62.261807028059,61.1738092569539,60.0074937203822,62.3001847506185,61.794619811325,2.44838114166287,3.01814797643741,3.13892934304676,1.95060690119094,2.03816133180219,61.6593950822169,14.1560122399046,79.7410183230366,80.3445065014303,76.3292361718816,82.9366842675221,82.4640032544306,62.2618070268411,61.1738092456291,60.00749371235,62.300184750877,61.7946198142635,2.4483811432928,3.01814797617462,3.13892934300577,1.95060689979067,2.03816133016392,61.6593950797828,14.1560122438988
76.9654899685366,-179348.55,-251385.9,-240713.7,-171344.4,-174012.45,79.3704024296263,79.3581115141848,78.9969774214131,82.2150859210569,80.4917578647759,62.1762507485826,61.2179461562947,61.0292749909279,62.3078777777376,61.9481139400173,2.49242244692898,3.31134332168917,3.20119993682193,2.05666754804659,2.24227967334824,61.6588449178437,13.3039129268349,79.1634224488322,84.6501006101213,73.6809351502357,83.9422374927461,83.7812893988339,61.8612734909906,58.0832030857113,57.7925322781482,62.3332615586028,62.5736354091834,2.90603128249367,2.96670417832576,3.10625986057367,1.5677252449512,1.60433925021469,61.0599237636152,15.0896388392474,79.5852952501741,80.1489235261274,76.3239143796607,82.756608383624,82.1622398711592,62.2217664098703,61.1085708035618,60.0909436468546,62.249517291481,61.7320801177873,2.44978417243042,3.04716947601877,3.12728075499509,1.96130695099741,2.04889906369915,61.6707902370612,14.0313221330451,79.5852952486567,80.1489235423172,76.3239143701545,82.7566083878884,82.1622398769826,62.2217664085737,61.1085707926802,60.0909436385877,62.2495172917822,61.7320801208142,2.44978417407145,3.04716947572935,3.12728075491949,1.96130694958178,2.04889906210016,61.670790234864,14.0313221368516
75.821283395777,-179348.55,-251385.9,-240713.7,-171344.4,-174012.45,78.5260600644841,78.4427711561966,79.0615152681911,81.7476835274799,79.9747961582411,62.0170304743262,61.0066705159328,60.9813141425704,62.1948283957648,61.7992619198606,2.595857580344,3.44505441047269,3.18128141858987,2.09394017828955,2.28769263653834,61.6555755797091,13.6038262242345,77.7350110828041,84.0953035053868,73.4662826533393,83.8223230197622,83.5000150331986,61.5520900256935,57.8904666710133,57.6976772218192,62.2956329910391,62.5476200268522,3.00895134376435,3.05188431715716,3.13902447799827,1.56478605182336,1.61511484615834,61.0779603035744,15.1149282501457,78.888504144277,79.4021206210803,76.333319572422,82.5741360755223,81.8690453753153,61.9917917173045,60.8264476549505,60.1113369650213,62.1943701984866,61.6638442737806,2.49790568935088,3.17155431314282,3.123637113778,1.97130850679538,2.05958893797378,61.6705896504431,13.9743893767239,78.8885041399901,79.4021206385224,76.3333195617668,82.5741360801612,81.8690453813768,61.9917917156704,60.826447644039,60.111336956051,62.1943701988629,61.6638442770651,2.49790569125016,3.17155431269807,3.12363711383518,1.97130850528456,2.0595889363219,61.6705896482406,13.9743893809627
75.8228118121565,-179348.55,-251385.9,-240713.7,-171344.4,-174012.45,77.3926695380355,77.276468228796,78.8277416291803,81.27102909427,79.5926471253083,61.7798198188192,60.7070030774987,60.8479637677156,62.0497412791714,61.6381372376497,2.74486018737431,3.62524166372883,3.19904997316907,2.13006065745566,2.31585468511591,61.6162541876465,14.0150671668438,76.0655163745237,83.3996245852825,72.7009658108744,83.6796623058615,83.160498454086,61.158218073595,57.6528619861899,57.5217739928046,62.2536971051862,62.5157109591582,3.16734190250362,3.15789565589896,3.26906962044662,1.56563771366763,1.62642501915215,61.0271716274925,15.3877600704353,78.0617821275002,78.4168207768154,76.3624114265508,82.3286207678121,81.4532455105868,61.6921174160993,60.4755157052125,59.9784607929751,62.1083676158481,61.5175554057262,2.57708398717157,3.32691282692997,3.14065009954164,1.98153212360374,2.0764248697078,61.6349945955034,14.0984176726464,78.0617821200816,78.4168207953327,76.362411412944,82.3286207728329,81.4532455169314,61.6921174141152,60.4755156947229,59.9784607838455,62.1083676163882,61.5175554094356,2.5770839893651,3.32691282630187,3.14065010001887,1.98153212205819,2.0764248680355,61.6349945932446,14.0984176774378
75.5213534657572,-179348.55,-251385.9,-240713.7,-171344.4,-174012.45,76.5450940815711,76.4531575368178,78.2625021757716,80.8172323141507,79.274407193871,61.5743314189404,60.4607343856433,60.643097392687,61.8976477229155,61.4792316410596,2.86258559910963,3.75604840144407,3.26448075819931,2.16402790257567,2.33659037073814,61.5270583797257,14.3837330320668,74.9136401568531,82.8763334290161,71.7586361516301,83.5068682844548,82.7369147055165,60.865938132145,57.4786351664774,57.3199522164125,62.2088076104529,62.4926759500318,3.3006830664454,3.23675516498378,3.4303968730703,1.56827946634365,1.6347229835005,60.9047441098661,15.785224636851,77.4911288879219,77.5705635565931,76.395794382167,82.0014257008866,80.8779788292379,61.4627600165276,60.2200097817568,59.7192080479144,61.982656963811,61.2761493942409,2.65027018152705,3.44148204116985,3.17558423263339,1.99341736388797,2.10103373768665,61.564294721283,14.382738187189,77.4911288782076,77.57056357659,76.39579436469,82.0014257065604,80.8779788362441,61.4627600142782,60.2200097714249,59.7192080388719,61.9826569646634,61.2761493988259,2.65027018397839,3.44148204039826,3.17558423359375,1.99341736228567,2.10103373592917,61.5642947187972,14.3827381924748
73.7834147109016,-179348.55,-251385.9,-240713.7,-171344.4,-174012.45,75.8503914949984,75.7749801391779,77.5565854839834,80.3895486420357,78.9304005117276,61.3835238450494,60.2328660957471,60.3934505623959,61.7362140396161,61.3008667891374,2.96229222819259,3.86487418920824,3.35126468142829,2.19491634247867,2.35854427556491,61.4057953775853,14.7318917168727,73.9672908373127,82.4076593800767,71.0410620810608,83.3182109337921,82.2590031586189,60.6337155326545,57.3245114541546,57.1514584427657,62.1638053686327,62.4800482322834,3.40096520965464,3.30700767361848,3.55203894214982,1.57039389096479,1.64033909871583,60.7616777143035,16.1052303967965,76.9981375044514,76.7791043000261,76.4130266110687,81.6173149056362,80.2023906170324,61.251561631785,59.9860464586962,59.4340253966077,61.8270995816494,60.9761995343257,2.72424718479428,3.54657853212617,3.21546330068283,2.00766528821149,2.13048609584442,61.4799167098778,14.6969315295054,76.9981374916606,76.77910432378,76.4130265883977,81.6173149128144,80.2023906257118,61.2515616291776,59.9860464474638,59.4340253869747,61.8270995830704,60.9761995406723,2.72424718765019,3.54657853111512,3.21546330210326,2.0076652863661,2.13048609377588,61.4799167068467,14.6969315354488
70.794498174828,-177112.47,-243661.26,-233802.18,-169718.16,-172182.93,74.7566243481748,74.6507544114847,76.7993301078273,79.9801907344898,78.5219609365147,61.1353218753558,60.0046603904719,60.2443299266329,61.6147991972733,61.1556368772239,3.1069555533663,3.97529356386485,3.37461244735479,2.20817079041157,2.36911820898334,61.2735325643419,15.0341505639808,72.3331952239745,81.551741185077,70.4801359948848,83.1184489466412,81.7425009114119,60.2643792662903,57.0581577917229,57.0061816752202,62.1176834024311,62.4630290068416,3.53702759724799,3.43234247180165,3.64602066703587,1.57276362877887,1.64722087704203,60.6267681694274,16.346896900856,76.0740715346689,75.5856050205461,76.4182559699927,81.1862108682325,79.4585643669913,60.8624378384916,59.5482356023984,59.1497240090201,61.645397133554,60.6354251036802,2.85735326445473,3.73999493418796,3.25610872055447,2.02439658797592,2.16327352776986,61.3860566523582,14.9947836157131,76.0740715179051,75.5856050472818,76.4182559433826,81.1862108768913,79.4585643772262,60.8624378358116,59.5482355912398,59.1497239994143,61.6453971356704,60.6354251118702,2.85735326750052,3.7399949328093,3.25610872230176,2.02439658595204,2.16327352545731,61.3860566489556,14.9947836217722
70.8472024350768,-177112.47,-243661.26,-233802.18,-169718.16,-172182.93,73.0484324972889,72.903422807592,75.8742856127367,79.5688001252771,78.0276003079779,60.572020536337,59.3337180599293,59.7694645096085,61.3041105279858,60.7570273256495,3.39206347902433,4.29062565326037,3.46894320152165,2.22034548854133,2.38225301465501,61.1223708076699,15.7542308370027,69.8777541840227,79.9512197032657,69.780736689373,82.872498441288,81.1116171581271,59.7371522953334,56.646104003636,56.8325002528332,62.0671168562984,62.4532464401945,3.70895433377726,3.64984448564569,3.7638111570735,1.57577682707911,1.6523194186427,60.4602195876265,16.689006058527,74.496416170609,73.7182804536921,76.6430678512853,80.6942498107994,78.5869036707562,60.1836493997751,58.8701668936769,58.8841505315262,61.4374602322886,60.262570010199,3.09649520614163,4.03976578625839,3.27770430201254,2.04324834767603,2.20103213674962,61.2497526581006,15.3785311991007,74.4964161500482,73.7182804814391,76.6430678207365,80.6942498204962,78.5869036819954,60.1836493977874,58.8701668837761,58.884150522393,61.4374602350916,60.2625700199511,3.0964952088681,4.03976578452259,3.27770430417653,2.043248345595,2.20103213430693,61.2497526545858,15.3785312049345
71.0181560488814,-177112.47,-243661.26,-233802.18,-169718.16,-172182.93,71.8139989618415,71.7117977360422,74.6799366600725,79.1248859222265,77.4105687011064,60.0761091031944,58.7756519274009,59.1784361013541,60.9508139058958,60.2711665253946,3.60548462046014,4.50076275876532,3.60395495041277,2.231416333693,2.40048480864022,60.8763378189331,16.3421034719714,68.72180913252,78.6770566351387,68.8466199534391,82.5504913796681,80.3034430650924,59.4354945001602,56.3191668679297,56.6232881721007,62.0006883999404,62.3928120654615,3.85254827509698,3.82278131338835,3.92298667091845,1.58737452754791,1.6682887518912,60.2169242943033,17.1720548625395,73.3780360105657,72.2123644006032,76.8077230159397,80.0240341097163,77.4921253292162,59.6535877771556,58.4016989268058,58.3674096014109,61.1378772167242,59.6845496039956,3.30627096308435,4.2493112971623,3.34003055033395,2.06820010472609,2.25213090495394,61.0282296825723,15.9286572289825,73.3780359902832,72.2123644287634,76.8077229812611,80.0240341207215,77.4921253414623,59.6535877762056,58.4016989177343,58.3674095938135,61.1378772204826,59.6845496157928,3.30627096546394,4.24931129530433,3.34003055287331,2.06820010263161,2.25213090241072,61.0282296790382,15.9286572343988
71.2254843855087,-177112.47,-243661.26,-233802.18,-169718.16,-172182.93,71.3037248719833,71.2606166326805,73.4602495791782,78.6191524807738,76.6524573886174,59.8162498086849,58.4974820101455,58.5957061063546,60.6130050954978,59.7607097094637,3.68408036829773,4.56177302985518,3.75838718353907,2.25222643574023,2.43567896782796,60.5521741385327,16.6921459852602,68.2830615181363,77.7685878202388,68.29879020333,82.1789514594032,79.4218442001359,59.3158542030202,56.0776018292226,56.4708903242172,61.9236946387305,62.2822852069972,3.91307956694873,3.94774326302967,4.01391731452211,1.60280187658562,1.69607200200866,59.965527641445,17.5480598013629,72.6641647593591,71.143333465813,76.8939576563965,79.2334493825979,76.3311845126091,59.2870417010157,58.1084541530529,57.8056387078344,60.7713489326092,59.0046821956945,3.46339851750356,4.38190733981101,3.41469419779701,2.09929000595424,2.30863176516289,60.7625330982777,16.4078123274278,72.6641647407807,71.1433334939079,76.8939576199481,79.2334493950885,76.3311845257153,59.2870417011379,58.108454144441,57.8056387021744,60.7713489374958,59.0046822095934,3.46339851941046,4.3819073379699,3.41469420033806,2.09929000384885,2.30863176256529,60.762533094898,16.4078123322631
71.3440443963223,-177112.47,-243661.26,-233802.18,-169718.16,-172182.93,71.232364882754,71.2240858717441,72.4918773972341,78.02045080652,75.764717022935,59.7311772449038,58.408677391193,58.1183338245737,60.2892976390572,59.2265896921261,3.6796879326384,4.54316562642935,3.88677359866095,2.28715643951297,2.48775896623593,60.2302868309739,16.8845425634776,68.1981040973943,77.1934620185615,68.0208678395564,81.7805701315552,78.5680417631494,59.2876002638911,55.9129739642833,56.3584381129475,61.8381212639168,62.1068670415434,3.93076344219003,4.02914749666747,4.05718396905248,1.62070995484781,1.73978216426002,59.7577418621022,17.7812831021461,72.2632762683052,70.4742236698033,76.9132586366772,78.3859646549808,75.2295970179597,59.0635455040482,57.9453726933273,57.3101617812514,60.3662041943042,58.3096338414126,3.56617579898391,4.45649035134797,3.4847721394407,2.1351747108306,2.36400495501389,60.4749617585707,16.7458553051697,72.2632762513336,70.4742236978553,76.9132585995527,78.3859646691528,75.2295970318973,59.0635455049836,57.9453726848424,57.310161777278,60.3662042004493,58.3096338572656,3.56617580050602,4.45649034956387,3.48477214183044,2.13517470868277,2.36400495240784,60.4749617555764,16.7458553094925
71.4600678825487,-177112.47,-243661.26,-233802.18,-169718.16,-172182.93,71.3119988708704,71.317146347529,71.8706436596754,77.3217171459821,74.8205456656086,59.7165211747399,58.3916539036119,57.7794067085899,59.9579505658178,58.6657534905893,3.64976609597809,4.50447234796776,3.96464198787857,2.33554862418392,2.54679070496443,59.9603595296638,17.0012197609728,68.2179534875777,76.842956579363,67.8794227364598,81.3752009619493,77.7986592362543,59.289434236331,55.8033517122235,56.2664033490721,61.7467765421314,61.8753416019294,3.93221955690599,4.08058062895849,4.07636743703713,1.63962028883928,1.79746190483481,59.5932606631304,17.9317760404853,72.0483575085723,70.0816545747503,76.8852272440289,77.5358428055858,74.2560892704434,58.9338077925477,57.8560101774438,56.923863463518,59.9473500808695,57.6569525866124,3.62944464591878,4.49765189841692,3.54261539824769,2.1741731885631,2.41429661633628,60.1802844309817,16.9628948340895,72.0483574928262,70.0816546025447,76.8852272070079,77.5358428213686,74.2560892850062,58.9338077940096,57.8560101690057,56.9238634608153,59.9473500882666,57.6569526039533,3.62944464716342,4.49765189670243,3.54261540044184,2.17417318636566,2.4142966138006,60.1802844285686,16.9628948380724
71.6346040250885,-177112.47,-243661.26,-233802.18,-169718.16,-172182.93,71.4367597088947,71.4463136847247,71.550367189392,76.5438335178889,73.9146815687338,59.7301725695313,58.4039033903309,57.5707928980343,59.6131218508058,58.110576338271,3.61512547236792,4.4640922945445,3.99630979549618,2.39528744830016,2.60330299956922,59.7403817719912,17.074118010278,68.2811483592247,76.6557893457171,67.7881980720051,80.9765887748345,77.1217670553848,59.3028402411449,55.7367407607796,56.1821083782111,61.6522140450226,61.6111409389763,3.92798586121432,4.10962875927265,4.08670732823335,1.65839909348658,1.86336222983065,59.4568517291668,18.0485083924177,71.9544117252067,69.8769856013757,76.831525836209,76.7174337137537,73.4295413510025,58.8682764707031,57.8156868378399,56.6429745554312,59.5313221541596,57.0739390169844,3.66436435057918,4.51653636682351,3.58715535631428,2.21485316485609,2.45800896691765,59.8872073271179,17.1016159543293,71.9544117104591,69.8769856285916,76.8315257999013,76.7174337308536,73.4295413658263,58.8682764724478,57.8156868294932,56.6429745535809,59.5313221626747,57.0739390352006,3.66436435163758,4.51653636518983,3.58715535831991,2.21485316262201,2.45800896453022,59.8872073253901,17.1016159581309
71.7495943213241,-177112.47,-243661.26,-233802.18,-169718.16,-172182.93,71.5788840387172,71.589860952542,71.439718689864,75.733056372469,73.1337905147824,59.7594351769188,58.4335144220271,57.4632717756455,59.2624511427273,57.6123309166753,3.58060531052274,4.42543248328471,3.99720401188554,2.46219981483883,2.65070912254856,59.5524486285718,17.1161507430804,68.392019441053,76.6090871415272,67.7167887522084,80.5953247903011,76.5289310023338,59.3271813853426,55.7082809495234,56.1010998020482,61.55692796271,61.3399458145268,3.91959556305985,4.11919852858043,4.09357678409383,1.67608145900886,1.93123617836787,59.3388077668396,18.1458667822195,71.9568263153531,69.8126267869434,76.7677360799605,75.9511981799369,72.7444727077983,58.8533006825202,57.8167451468035,56.4504427870772,59.1287523241683,56.5705207153755,3.67718669632812,4.51682852150783,3.61969328615156,2.25611543458738,2.49494015687729,59.6045266790558,17.1893261331253,71.9568263012651,69.8126268138028,76.7677360441915,75.9511981982903,72.7444727227544,58.853300684393,57.8167451384709,56.4504427856966,59.1287523337644,56.5705207342241,3.67718669728611,4.51682851993641,3.61969328802433,2.2561154322951,2.49494015464955,59.6045266780057,17.1893261369055
71.814093797111,-177112.47,-243661.26,-233802.18,-169718.16,-172182.93,71.7084792837056,71.7187778523671,71.4514384149562,74.9424347333346,72.5189259425556,59.7903093506253,58.4650754963998,57.4189655028474,58.9150380676774,57.2012251789837,3.55094629457668,4.39292521695096,3.98124479037555,2.5302874816751,2.68596933619542,59.3850906150315,17.1413731197737,68.4924063061578,76.630284016623,67.6608162345258,80.2406861846116,76.0150711202869,59.3503816753607,55.7021959376834,56.0227726516096,61.4633994333809,61.08272519461,3.91063796621682,4.11858142646877,4.09775253659097,1.69186043391154,1.99610255900237,59.2373879161965,18.2210373675649,71.9981355429604,69.8172251245233,76.7027693206105,75.2501616338448,72.1869258566872,58.8618082954041,57.8335562240061,56.3305113749129,58.7471846087221,56.1488351475018,3.67855551286376,4.50986750881897,3.64184004553005,2.2971102870147,2.52540192748978,59.3417383404087,17.2381171532517,71.9981355292291,69.8172251512087,76.702769285195,75.2501616533917,72.1869258716813,58.8618082973178,57.833556215658,56.3305113737075,58.747184619361,56.1488351668269,3.67855551377278,4.50986750728638,3.64184004731577,2.29711028464406,2.52540192541662,59.34173834,17.2381171571016
71.8449837745,-177112.47,-243661.26,-233802.18,-169718.16,-172182.93,71.8031877288335,71.8114087998148,71.5243890892698,74.2211251879947,72.0869089376459,59.8128050191427,58.4875376560993,57.4093492655604,58.5855792459532,56.8955400059843,3.529560514178,4.36979033116458,3.95795622082331,2.59370036052981,2.70830592931109,59.2343176315393,17.1593133560068,68.5646400489458,76.6733235412576,67.6061225637715,79.9165080228415,75.5738772836626,59.3675808673711,55.706725732247,55.9450453987956,61.3729462705613,60.851814725819,3.90360018229401,4.11401720161688,4.10173591971094,1.70558759010457,2.05489415087247,59.1500165905382,18.2801580187017,72.0457363091186,69.8464041424683,76.6441139917681,74.6172321015651,71.7370931645915,58.8775094765139,57.8523431638753,56.262422920204,58.3898279062137,55.8023006690356,3.67527584272977,4.50181674752308,3.6560341855064,2.33723089532196,2.55018520526172,59.1012429007086,17.2625956804083,72.0457362955423,69.8464041690932,76.64411395652,74.6172321222322,71.7370931795549,58.8775094784251,57.8523431555074,56.2624229189663,58.3898279178478,55.8023006887286,3.67527584362024,4.50181674601067,3.65603418724463,2.33723089285856,2.55018520333009,59.1012429008988,17.2625956843767
71.8699091768613,-177112.47,-243661.26,-233802.18,-169718.16,-172182.93,71.8638287208839,71.869910129559,71.6115138259906,73.5968657907686,71.8103498311689,59.8259208879692,58.5000504137313,57.4128619738776,58.2866372851018,56.6857309860669,3.51562596668929,4.3547594765385,3.93464888492955,2.64881227160936,2.72025860442065,59.0957479913141,17.1741052041874,68.6093218574434,76.7153712522238,67.5457256728558,79.6229896383741,75.1988198748858,59.3784720481803,55.7147017267915,55.8668883783376,61.2861674285232,60.6528159035088,3.8989511568028,4.10886187927201,4.10676022227618,1.71740238749694,2.10610467129941,59.0737820170973,18.3284176217421,72.0855256125043,69.8778861729943,76.5959213796565,74.0494300261809,71.3749799881027,58.8925523826769,57.8675343780051,56.2274536448144,58.0572120911003,55.5202704701234,3.67095458723984,4.49521774885203,3.66466916667376,2.37606033924191,2.57023141172264,58.8819481633973,17.2740047289848,72.0855255989943,69.8778861995677,76.5959213444835,74.0494300478422,71.3749800029638,58.8925523845654,57.8675343696382,56.227453643413,58.0572121036494,55.5202704900707,3.67095458812593,4.49521774735048,3.66466916839192,2.37606033668208,2.57023140991884,58.8819481641428,17.2740047330827
71.8812484142458,-177112.47,-243661.26,-233802.18,-169718.16,-172182.93,71.9016194301385,71.9061619661216,71.6894961189097,73.0818527250447,71.654559062879,59.8330967097305,58.5065563301879,57.4196051359285,58.0294473472223,56.5560940180189,3.50670768431684,4.34509230192236,3.91500606024586,2.69418210106831,2.72497067945178,58.9660772506874,17.1859588270052,68.6402418513985,76.7540780730209,67.4782541907926,79.358362120112,74.8832573140788,59.3859090575929,55.723784532156,55.7881019815185,61.2032549467614,60.4865304446992,3.89585090952865,4.10377484825,4.11306789309231,1.72754719382847,2.14939288072141,59.0065019910629,18.3683635449083,72.1185132533324,69.9075321582285,76.5592041416976,73.5412157507514,71.0830279673593,58.9061124124843,57.8801459665369,56.2116312083115,57.7485925489896,55.2913786693196,3.66647554519644,4.48969967469532,3.6696863036522,2.41331676750011,2.58643801397169,58.6814934782362,17.279494019684,72.1185132398358,69.907532184795,76.559204106461,73.5412157733235,71.0830279821053,58.906112414346,57.8801459581696,56.2116312066681,57.7485925623946,55.2913786894783,3.66647554608648,4.48969967319783,3.66968630537264,2.41331676483914,2.58643801227583,58.6814934794973,17.2794940239091
71.8852838388351,-195355.64,-306683.12,-290190.16,-182985.92,-187109.16,71.9180963238439,71.9218266673355,71.7507498640875,72.660059347487,71.5819433486936,59.159873067804,56.9718813393981,55.339737689347,55.9119399957983,54.05103985381,3.65881367894396,4.90179118035794,4.22524456661013,2.61069516233445,2.5503235880317,58.7317038845844,17.9468681762782,68.6585927144364,76.7844775484873,67.4066522783885,79.120500202882,74.6211580807291,59.3904174092344,55.7318981924739,55.7091315982133,61.1243071472133,60.3511616192944,3.89390013602805,4.09958738289967,4.12013979882462,1.7362309334439,2.18510802922352,58.9472163279623,18.3999794334145,72.1426418656319,69.9308629132577,76.5326207142627,73.0871177240623,70.847240039967,58.9166097605917,57.8892221965942,56.2066991139182,57.4631098717397,55.1058441960697,3.66272260529055,4.48570591888726,3.67237717234748,2.44880389101543,2.59954442267209,58.4980628933749,17.2819783241406,72.1426418328761,69.9308629776931,76.5326206284635,73.0871177807862,70.8472400754481,58.9166097650463,57.8892221763117,56.2066991092402,57.463109906161,55.1058442453844,3.66272260746401,4.4857059152571,3.67237717655719,2.44880388431606,2.5995444187757,58.4980628975977,17.2819783346517
71.9644708578742,-195355.64,-306683.12,-290190.16,-182985.92,-187109.16,71.9362517924062,71.9407908504721,71.793356821866,72.3246808311786,71.5544508697753,59.1646800052508,56.9773205626648,55.3463662083331,55.7073748077058,54.0150719956017,3.6549895773335,4.89736062195605,4.21600167795074,2.63124685240138,2.54909122057581,58.3340177915247,17.9486899502175,68.3301458260236,77.297830046391,67.1433430368955,79.1204104592253,74.7597659575313,59.1551302955128,55.4427304174928,55.6485818867193,61.0787871827157,60.0565997588288,4.1100191752572,4.11244928111707,4.16487974216725,1.75938814380979,2.24615029078326,58.8950746476001,18.4242872909168,71.9434276658494,70.6534317265121,75.3927470631844,72.5575577319422,70.9401802852619,58.7381192489383,57.2877522807679,55.5654713346698,56.6934891928606,54.4781627191833,3.76932412996599,4.72473636008168,3.84978643354373,2.48081433915247,2.61731673993073,58.3295898058765,17.2836063153918,71.9434276319353,70.6534317888761,75.3927469857559,72.5575577935408,70.9401803211124,58.7381192528523,57.2877522634507,55.5654713354498,56.6934892340209,54.4781627715422,3.76932413316373,4.72473635433478,3.84978643650118,2.48081433238119,2.61731673644698,58.3295898111841,17.2836063260982
71.9375060322472,-195355.64,-306683.12,-290190.16,-182985.92,-187109.16,71.9719579414211,71.9775213412306,71.8255413176063,72.0918393309021,71.5563089888722,59.1776432074875,56.9926195970272,55.3575057816079,55.5713137697885,54.0157234548715,3.64849253273513,4.89035640047919,4.21061394191915,2.6466612098935,2.54891586234929,57.9546804158471,17.9450399473763,68.1072936912985,77.6572273220561,67.0158559436502,79.1457796482327,74.9104616318218,59.0991848432069,55.2944357885134,55.6078372226697,61.0411819124346,59.9141865584247,4.13511138597094,4.11083470729378,4.18561017817707,1.77558448142705,2.27006678827333,58.761356997452,18.7248708617215,71.8464691989487,70.9303056167458,74.8983661357111,72.1549849789648,71.0448748957952,58.6434432325633,57.1041757485528,55.2513863862755,56.1912216405101,54.0845748260732,3.82763419590766,4.79705512880852,3.93192397648812,2.50629386921998,2.62721915464332,58.0088362515481,17.4153023973836,71.846469163833,70.9303056799202,74.8983660616842,72.1549850446173,71.044874932098,58.6434432368433,57.104175731557,55.2513863896231,56.1912216860574,54.0845748808207,3.82763419879526,4.79705512236404,3.93192397887055,2.50629386235768,2.6272191512892,58.0088362586153,17.4153024096822
71.9334329229353,-195355.64,-306683.12,-290190.16,-182985.92,-187109.16,71.9847663889698,71.9887053985187,71.8544064726045,71.9449956693242,71.5740360807335,59.1821127442391,56.9971134093068,55.3672500692918,55.4836476517029,54.0266514839985,3.64611611495342,4.88817399833527,4.20573071108627,2.6561757957397,2.54792823717033,57.6604327264673,17.944124857285,68.0181939786302,77.8685974197816,66.9285960105449,79.1820714084631,75.0770959264102,59.0771165687882,55.2170033548908,55.5729822389534,61.0071859002183,59.8481467819076,4.14479249843735,4.10796663970645,4.19923154123068,1.78771247332314,2.27623597297079,58.636758834143,18.8819923733425,71.7758543732306,71.034423688351,74.6421284102505,71.825901127536,71.1442925237619,58.5853750639921,57.044868115224,55.0658084282822,55.8375752607608,53.804202585691,3.86113795594725,4.82025325557807,3.97778494480816,2.52824369213616,2.63364097732211,57.6636157279702,17.5343910891835,71.7758543379383,71.0344237525381,74.6421283378043,71.8259011966258,71.1442925606991,58.5853750686106,57.0448680980565,55.0658084330456,55.8375753093142,53.8042026424562,3.86113795861136,4.82025324888821,3.97778494688801,2.52824368518103,2.63364097396533,57.6636157371101,17.5343911018403
71.9135794351226,-195355.64,-306683.12,-290190.16,-182985.92,-187109.16,71.9841859422505,71.9868300100324,71.8760974939059,71.8465602994619,71.5976432093757,59.1815255597192,56.9958739371926,55.3735275606024,55.4226415993903,54.0400896756011,3.64611419607073,4.88838135468131,4.20180252555451,2.6622290921023,2.54645253488782,57.4172228476492,17.9449797032967,67.986135953927,77.9988698997991,66.8754410726127,79.2173387481018,75.2354956977918,59.0690704667976,55.1786455585977,55.5431309588873,60.9741566525598,59.8212722038464,4.14839994205615,4.10436235349498,4.20682660538784,1.79743741962474,2.2740110801373,58.5417750427034,18.9505320642212,71.733108770638,71.0788867322224,74.4991203801377,71.5479679647829,71.2319648095552,58.5520630505121,57.0270337423962,54.9464148633285,55.5765471188715,53.5877098340116,3.87990477399795,4.82708054828123,4.00566382768182,2.54781537921483,2.63835416628763,57.3364695134191,17.6302059143082,71.7331087354313,71.0788867972427,74.4991203085054,71.5479680368445,71.2319648471724,58.5520630553699,57.0270337250287,54.9464148689353,55.5765471695875,53.5877098925823,3.87990477652073,4.82708054149056,4.00566382957195,2.54781537216426,2.63835416286426,57.3364695247442,17.630205926714
71.9048171252673,-195355.64,-306683.12,-290190.16,-182985.92,-187109.16,71.9758673875767,71.9778286536267,71.8873471686601,71.7828987583911,71.6225727536198,59.1779281086004,56.991369003868,55.374977966064,55.3805209367433,54.052785918895,3.64745923157354,4.88984802734893,4.19930896488149,2.66572533842906,2.54467951848713,57.2130874139926,17.9470210807201,67.9670360668703,78.071163150442,66.8384076430315,79.2466232720705,75.3744720816197,59.0645720341565,55.1592464549645,55.5156681946797,60.940906406381,59.8129130654333,4.15020302556582,4.10199212651608,4.21157491965332,1.80565798735274,2.26850331876971,58.4753327120221,18.9754094929676,71.7014573669711,71.0923312018258,74.4152518379277,71.3133331609532,71.3081936673624,58.5307622483192,57.0197377345442,54.8678332350128,55.3770037672633,53.4112764949599,3.89102938002091,4.82992719101309,4.02324949113972,2.56550585587602,2.64210953260296,57.0432777428723,17.7060643149727,71.7014573318758,71.0923312674113,74.4152517667222,71.3133332355084,71.3081937055763,58.5307622533358,57.0197377170598,54.867833241101,55.3770038195515,53.411276555121,3.89102938245657,4.82992718417213,4.02324949290956,2.56550584873515,2.6421095290919,57.0432777563304,17.7060643269017
71.846167898782,-195355.64,-306683.12,-290190.16,-182985.92,-187109.16,71.960030495559,71.9610664659522,71.8898906868343,71.7397554053424,71.6453959396722,59.1712464538139,56.9831602255088,55.3716027984061,55.3479899163638,54.0610944509976,3.65007037540452,4.8926404651567,4.19780430588518,2.6674511784013,2.54257905730887,57.0363985525602,17.9505453821566,67.957197337068,78.1124396300748,66.8059547512745,79.2673064413208,75.4886436527844,59.0622268238486,55.1498199764695,55.4889149481918,60.906863355974,59.8121628271726,4.15116462367158,4.10031533178104,4.21551691523972,1.81289248508572,2.26229131235604,58.4293573254254,18.9814076289325,71.6809039203208,71.0951700518555,74.3647241586272,71.1153570143143,71.3740106964482,58.5177647896855,57.0164974861541,54.8148743445093,55.2197934160552,53.261337635861,3.89756602771077,4.83122680489855,4.03465484148603,2.58163438879759,2.64530938941837,56.7869889563626,17.768013002481,71.6809038852825,71.0951701178845,74.3647240875029,71.1153570910201,71.3740107351649,58.5177647948086,57.0164974685896,54.8148743508517,55.2197934695677,53.2613376975011,3.897566030097,4.83122679802103,4.03465484318785,2.58163438156411,2.64530938581436,56.7869889718165,17.7680130138984
71.74291608484,-195355.64,-306683.12,-290190.16,-182985.92,-187109.16,71.9173029533536,71.9159487764972,71.8812973194419,71.7111440593274,71.6632330469997,59.1533999845358,56.9612835846177,55.3579597586311,55.3143241538552,54.0543683740508,3.65718557107956,4.90024411881243,4.19652142121413,2.6666289208349,2.53903233018723,56.8856338440847,17.9596123621283,67.9299971539351,78.1110667210837,66.776035438549,79.2790332435143,75.5788073710391,59.0563316876949,55.1411041783398,55.4625741865073,60.871955639532,59.8137472484114,4.15313334334046,4.10214177398003,4.21901455435415,1.81936572912058,2.25654444788669,58.3968060720913,18.9787313980649,71.6483366583177,71.0745229344449,74.333524574657,70.9494069982548,71.4312804573861,58.5026350065324,57.0078034376454,54.779111967309,55.0930020571094,53.1300891989725,3.90342301524523,4.83503317197348,4.04213925546156,2.59640415807962,2.64814725910644,56.5666831064652,17.818918828395,71.648336623252,71.0745230008028,74.3335245033863,70.949407076807,71.4312804964993,58.502635011754,57.0078034200416,54.7791119737543,55.0930021116077,53.1300892620025,3.90342301760011,4.83503316506197,4.04213925712958,2.59640415075178,2.64814725541344,56.5666831237241,17.8189188393325
71.8462725255056,-195355.64,-306683.12,-290190.16,-182985.92,-187109.16,71.8706804972043,71.8696480404711,71.8575119419674,71.6901743525365,71.6743471379003,59.1336602025261,56.9382017543327,55.3363997216194,55.2816448038668,54.0391688585636,3.66490440371863,4.90786416472913,4.19708667909733,2.6647259304962,2.5352438174609,56.7550328408747,17.9698249955022,67.8797072334444,78.0622153123459,66.7427063634519,79.2805010921425,75.6432713166356,59.0453299328183,55.1276638058951,55.4357805505701,60.8359436262422,59.8142524754364,4.15689323364808,4.10894976208677,4.22311855530413,1.825360507976,2.25191381460278,58.3714166772225,18.9752227779202,71.5940932298184,71.0246102540865,74.3151712720363,70.8072177856848,71.4798842520938,58.4804083502621,56.9905446633953,54.7517963885263,54.9879615079023,53.0115311517368,3.91072979972502,4.8426901246171,4.04744816179575,2.61005533876901,2.65082033752064,56.376689258802,17.8644106431374,71.594093194868,71.0246103203067,74.3151712007833,70.807217865414,71.4798842912691,58.4804083555777,56.9905446458666,54.7517963949623,54.9879615629288,53.0115312157469,3.91072980204129,4.84269011771299,4.04744816344872,2.61005533138544,2.65082033376714,56.3766892775713,17.8644106535896
71.875193199427,-195355.64,-306683.12,-290190.16,-182985.92,-187109.16,71.8819954412022,71.8857108854356,71.8276792738544,71.6730024185897,71.6765900322786,59.1375647681015,56.9445051629671,55.3233163564807,55.2684493636439,54.0386988243498,3.66277340789699,4.90465840016618,4.20134605443644,2.6653718649452,2.53485386520644,56.6436769546407,17.9690035926512,67.9060581594758,78.0797179521803,66.7041245880619,79.2700814898408,75.6797424285772,59.0502421636324,55.1263134960337,55.4082653265713,60.7985562036248,59.8111938302822,4.15592231809167,4.10771969343792,4.22815469860695,1.83114362034423,2.24882615984314,58.3483430399062,18.9754039830833,71.604749785855,71.0345735500003,74.3061916019624,70.6800453161198,71.5190266078306,58.4822343692214,56.9959785067944,54.726091447879,54.8979661578651,52.9009127745537,3.91138653868302,4.84034434729125,4.05182677959792,2.62282507700601,2.65350735074084,56.2103052127299,17.9090371631474,71.6047497510737,71.0345736162506,74.306191530475,70.6800453968978,71.5190266469567,58.4822343745627,56.9959784892127,54.7260914542939,54.8979662133523,52.9009128395357,3.91138654098256,4.84034434040188,4.05182678125605,2.62282506956128,2.65350734693534,56.2103052328353,17.9090371731752
71.8759854788016,-195355.64,-306683.12,-290190.16,-182985.92,-187109.16,71.9100691120757,71.914918314027,71.8161529331542,71.6560984214633,71.6702834629576,59.1485646463132,56.9577596024052,55.3220364632079,55.263211634468,54.0407792298528,3.65787293288627,4.89942719524505,4.20395600760061,2.66726872074421,2.53605978428781,56.5566449326736,17.964584640764,67.9252585898607,78.1041984374875,66.6814382983679,79.2550300107041,75.7082317382853,59.0546312714579,55.1284938562278,55.3831108709886,60.7610997873496,59.8068981339966,4.15426563975428,4.10520128920846,4.23038447106623,1.83620053431081,2.24676452362286,58.3301457763925,18.9674462687642,71.620229909424,71.0511471147986,74.298439846337,70.5784459169243,71.5562241640859,58.4871260272301,57.0020403176253,54.7122792429037,54.8220924802316,52.7999127658836,3.91049659590809,4.83766580589307,4.05439744454267,2.63453219557725,2.65592631778543,56.0728704785988,17.9398357095581,71.6202298746782,71.0511471811221,74.2984397747104,70.5784459985148,71.5562242031294,58.4871260325666,57.0020403000074,54.7122792492118,54.8220925360792,52.7999128317739,3.91049659820037,4.83766579900533,4.05439744619757,2.63453218807012,2.65592631393787,56.0728704998252,17.9398357192213
71.8759852236064,-195355.64,-306683.12,-290190.16,-182985.92,-187109.16,71.9267497605052,71.9308983248705,71.8199811389203,71.6381601459773,71.6614516995461,59.1551919987668,56.965221089739,55.3259516369644,55.2563537227912,54.0392492245572,3.65499359115501,4.89663842163389,4.20397817377933,2.66907281408038,2.5371106004465,56.489788241743,17.9617936010951,67.9317017515095,78.1198972574009,66.659006778899,79.2370786381864,75.7326801093357,59.0562538830536,55.1307326594413,55.3580406394574,60.7237389916927,59.8022517042811,4.15353418746646,4.10342144943683,4.23257304401653,1.84061175362348,2.24536638822265,58.315759533331,18.9570641794678,71.6279927852348,71.060813783357,74.2918929966096,70.4986651557231,71.5922472527409,58.4898853894118,57.004910119722,54.7064233838054,54.7587205449302,52.7076232520636,3.90979804993271,4.83637715644722,4.05573002937761,2.64526182581216,2.65808315034701,55.9598271217542,17.9615487656827,71.6279927504767,71.0608138497373,74.2918929248336,70.498665237895,71.5922472916756,58.4898853947376,57.0049101020981,54.7064233899328,54.7587206010224,52.7076233187781,3.90979805222469,4.83637714955486,4.05573003104056,2.64526181824561,2.65808314646602,55.9598271439082,17.9615487750441
71.8630103312396,-188998.3,-284721.4,-270540.2,-178362.4,-181907.7,71.9347992719275,71.9379835854376,71.8296793975674,71.6203033933492,71.6550240893581,59.3890615740565,57.4963320231727,56.0636014610584,55.9820802982032,54.9300010826773,3.59969937180975,4.71094230756064,4.10027207402997,2.72533843256072,2.59889597549231,56.4701962520343,17.7351481614534,67.9338881783945,78.1297304352682,66.6339216636079,79.2163284069748,75.752692941426,59.0568077026404,55.1326198915455,55.3326312864559,60.6864870240187,59.7979991592394,4.15328222347806,4.10221152670012,4.23523459455125,1.84447389745816,2.24431359083951,58.3033332913528,18.9474482313005,71.6317921022185,71.0662028901998,74.2871160484584,70.4350305071378,71.6264481825156,58.4913855498521,57.0062886781561,54.7040801390319,54.7057626869678,52.6226113576493,3.90933291107312,4.83574970865885,4.05642386040047,2.65514530215894,2.6600440930993,55.866019342878,17.9787400910185,71.6317920744987,71.0662029431485,74.2871159910895,70.435030572963,71.6264482134462,58.4913855540905,57.0062886641109,54.7040801437436,54.7057627317997,52.6226114114365,3.90933291290178,4.8357497031602,4.05642386174085,2.65514529608209,2.66004408998296,55.8660193611483,17.97874009828
71.8176873411668,-188998.3,-284721.4,-270540.2,-178362.4,-181907.7,71.9280749829783,71.9298079882169,71.8388436746874,71.6032752619407,71.6518595410681,59.3863427862338,57.492630113585,56.065741851622,55.9703596539355,54.9253265168757,3.60084902160794,4.71240210008546,4.09844619055938,2.72626370453479,2.5986613555368,56.5162522590897,17.7366223723244,68.0631963731659,77.9673313469481,66.6819002713142,79.1033726652562,75.6059930420473,59.1329065643897,55.243246649192,55.3067772190116,60.6344600186961,59.8633098304649,4.08757524215998,4.0943876036648,4.22407599645405,1.84183734930032,2.23129456582679,58.2919655301573,18.9386256505188,71.6956289768886,70.7299799056402,74.4591706720102,70.3487477455549,71.5089857173399,58.5476546905321,57.1594514857151,54.7978659366667,54.8115505765566,52.7471369156094,3.87593652785738,4.7766009590343,4.0300787185311,2.66601251957195,2.65956601171333,55.7877793717473,17.993187405446,71.6956289496163,70.7299799599782,74.4591706136184,70.3487478112846,71.5089857481002,58.5476546949262,57.1594514713283,54.7978659404876,54.811550620275,52.7471369690376,3.87593652944636,4.77660095391224,4.03007871998763,2.66601251338404,2.65956600849787,55.7877793905487,17.9931874125444
71.8263004891411,-188998.3,-284721.4,-270540.2,-178362.4,-181907.7,71.9078392787085,71.9087615710992,71.8398133642224,71.5892600274816,71.651957933034,59.3780924192677,57.482759897729,56.0618150658053,55.9556248091554,54.9174228694969,3.60429341602292,4.71605292139336,4.09717429659837,2.72613821564676,2.59741874017093,56.5695778669681,17.7410775898323,68.1249856353764,77.8425418249721,66.6821184001882,78.9914214671015,75.4721706098718,59.1495213486625,55.292714150588,55.2740681740012,60.5820048633353,59.8790835335708,4.07932515992118,4.09534496651686,4.22136900311502,1.84085137906683,2.23094865293869,58.3110353766296,18.8389988709967,71.71562948842,70.5593073164819,74.5759238033622,70.2451163536674,71.3934742885257,58.5725666982663,57.1990138488982,54.8769940961791,54.8485802276942,52.802708688172,3.85947594612091,4.76226970492559,4.0099660901513,2.67696504653307,2.66127270171587,55.7576915144114,17.9785248490702,71.7156294614696,70.5593073711479,74.5759237441135,70.2451164193147,71.3934743191392,58.5725667025968,57.19901383459,54.8769940991595,54.8485802707277,52.8027087412853,3.85947594777104,4.76226969991984,4.00996609173803,2.67696504025743,2.66127269848597,55.7576915335761,17.9785248555287
71.8335796347154,-188998.3,-284721.4,-270540.2,-178362.4,-181907.7,71.8981706594541,71.8997827443399,71.83292036887,71.5788780482293,71.6527937334463,59.3739605097987,57.4782074055967,56.0563000235662,55.9450308487197,54.9127489229717,3.60588680405998,4.71750039352163,4.09753214979853,2.72610125161622,2.59656383684713,56.6114997594037,17.7435844358435,68.152038723079,77.7663751976082,66.6613466096965,78.8826646784873,75.3540620122127,59.1562924304332,55.3149439692036,55.2384113875373,60.5300274523848,59.8731625215148,4.07630301276269,4.09749090257617,4.22238163638775,1.84080020368551,2.23569386894058,58.3291155452771,18.7823305006132,71.730900407917,70.4794276879794,74.6571805154808,70.1487251810908,71.2932913612734,58.5876448948902,57.2089304245186,54.9347554043519,54.8469500498547,52.8183123843362,3.85015480274953,4.75909661323744,3.99557996996037,2.6874927462803,2.66381944586097,55.7446900548267,17.9642537383895,71.7309003810619,70.4794277426592,74.6571804554816,70.1487252466286,71.2932913917446,58.5876448991572,57.2089304103065,54.9347554066305,54.8469500924994,52.8183124372744,3.8501548044465,4.75909660827288,3.99557997166224,2.68749273992689,2.6638194426484,55.7446900742197,17.9642537445282
71.8373870185358,-188998.3,-284721.4,-270540.2,-178362.4,-181907.7,71.8978245308194,71.9001065852358,71.8250812255553,71.5714401124073,71.6523386521498,59.3735574858144,57.4779618730973,56.0520972014677,55.9387185031517,54.9103252065853,3.60587042320593,4.71731415081851,4.09847679940115,2.72629753688739,2.59625851594298,56.6455006129983,17.744217426256,68.1650805662692,77.7208991640906,66.6301530965586,78.7801316348261,75.2546160677795,59.1594936831503,55.3243371831255,55.2013500099078,60.4793238172141,59.8593495902119,4.07491989746867,4.09953289642287,4.2252459127665,1.84113314459064,2.24196607352119,58.3379910716786,18.755692026536,71.7425033110109,70.4421370263147,74.7131641370747,70.0674300918283,71.2119320111306,58.5971266318227,57.2107287156123,54.9763687422513,54.8252291598767,52.8117034739994,3.84469878966147,4.75877884235631,3.98540601738849,2.69737893952019,2.66652282660044,55.7389584090982,17.9521295401868,71.7425032841702,70.4421370809258,74.7131640764294,70.0674301571979,71.2119320414621,58.597126636042,57.2107287014591,54.9763687439393,54.8252292022982,52.8117035268765,3.84469879138878,4.75877883741012,3.98540601918796,2.69737893309595,2.66652282341508,55.7389584285983,17.9521295462158
71.8392404317784,-188998.3,-284721.4,-270540.2,-178362.4,-181907.7,71.9002866353958,71.902839540073,71.820131050819,71.5656045169889,71.6503243446498,59.3743445775981,57.478949430567,56.0497953630081,55.9346206712514,54.908285838355,3.60538823359818,4.71674332092185,4.0991650627965,2.72660063107813,2.59625462966985,56.6751252738768,17.7441518780645,68.1714600164062,77.6935499310795,66.5945502347733,78.6851738787273,75.1733861312351,59.161054583498,55.3277686811139,55.1637632408991,60.4302814151958,59.8443500917383,4.0742492042108,4.10119581879391,4.2288992185788,1.84155451726834,2.24810247224255,58.3383891677287,18.7434371315912,71.7505309253417,70.4244515472498,74.7514740627797,70.0009306767988,71.147972884319,58.6030137382269,57.2105354308754,55.0061082458327,54.7943700534124,52.7932184185811,3.84147816616682,4.7590580828573,3.97826158971767,2.7065683509287,2.6690893389873,55.7357886493314,17.9419631053677,71.7505308984904,70.4244516017849,74.7514740015839,70.0009307419507,71.1479729145189,58.6030137424135,57.2105354167503,55.0061082470155,54.7943700956948,52.7932184714809,3.84147816791314,4.75905807792181,3.97826159159804,2.70656834443909,2.66908933582893,55.735788668857,17.9419631113806
71.8400520041753,-188998.3,-284721.4,-270540.2,-178362.4,-181907.7,71.9026402559971,71.9052200610267,71.8182409989748,71.5604709897258,71.6474596038902,59.3751594433969,57.4798838660419,56.0489476683094,55.9314246894393,54.9061582444971,3.60494538251404,4.71627048521586,4.09943601938946,2.72693864995324,2.59636894701085,56.7015396614032,17.7439594840834,68.1745751142554,77.6769255928322,66.5569841218311,78.5980507487543,75.1083564475144,59.1618168669578,55.3285714551881,55.1260098366484,60.3830337871046,59.8311128974488,4.07392159462398,4.10245824619818,4.2329093222866,1.84192532135636,2.25341912971922,58.3331752764395,18.7370199678445,71.7557460630543,70.4159063213652,74.7776312455679,69.9467180063219,71.0985543564298,58.6066102788585,57.2100466612275,55.0271294104244,54.760608026542,52.7688732541016,3.83957366443628,4.75935549945206,3.97328023235545,2.71506882301678,2.67140933467383,55.7327681577109,17.9336840618417,71.755746036188,70.4159063758381,74.7776311838958,69.946718071225,71.0985543865118,58.6066102830237,57.2100466471124,55.0271294111662,54.760608068722,52.7688733070833,3.83957366619438,4.75935549452395,3.97328023430322,2.71506881646637,2.67140933153802,55.7327681772195,17.9336840678684
71.9524121182656,-188998.3,-284721.4,-270540.2,-178362.4,-181907.7,71.9184010210025,71.9223926728894,71.8189129815792,71.555643956872,71.6445462512003,59.381456025034,57.4876833338305,56.0518707968514,55.9328235615732,54.9092347616428,3.60222399671044,4.71320798622732,4.10002131805447,2.72802537184548,2.5972982342875,56.7252211274588,17.7407769071252,68.1760552749043,77.6666868696418,66.5185480318778,78.518445977064,75.0570272791704,59.1621804954132,55.3283227629762,55.0882511660826,60.3375874093378,59.8207111168218,4.07376425940903,4.1033814849814,4.23708312309165,1.84218582324536,2.25771083193034,58.3248899089869,18.7325006480898,71.7589731985165,70.4116775604969,74.7954933978693,69.9022273723618,71.0607735404728,58.6087673458054,57.2096457334697,55.0418149697167,54.7273340949272,52.742174353259,3.83845154861327,4.75956804876787,3.96983084680203,2.72291009971304,2.67345596093478,55.7287940994854,17.9272388005489,71.7589731717421,70.411677614712,74.7954933360174,69.902227436749,71.060773570336,58.6087673499409,57.2096457194109,55.0418149700637,54.7273341368514,52.7421744061554,3.83845155037171,4.75956804386433,3.96983084879915,2.72291009313157,2.67345595782801,55.7287941188855,17.9272388065664
71.9317790694294,-188998.3,-284721.4,-270540.2,-178362.4,-181907.7,71.9643703783602,71.9702868827196,71.8288328856457,71.5511893422061,71.6425350443143,59.4000523069467,57.5099330170162,56.0647341692889,55.9446319343326,54.9248749215516,3.59437606189447,4.70484940877438,4.10078687295783,2.73086814114806,2.60004059556725,56.7463980044273,17.730921080342,68.2269145219277,77.7120285603805,66.4797581983736,78.4457724116889,75.0169257508783,59.1729115981638,55.3373918292212,55.0505644100729,60.2938883411326,59.8133088493158,4.07042502476515,4.09773047667501,4.24132952086762,1.84231611925934,2.26099682790512,58.3152653996572,18.7282061870402,71.8013263334297,70.4498139696739,74.8077041548899,69.8653836189569,71.03212154844,58.625758011634,57.2253754343063,55.0519588195103,54.6962574903952,52.7151464772625,3.83304606800048,4.75267256272185,3.96745770616776,2.73012885498289,2.6752385582383,55.7235161624866,17.9224998030812,71.8013263066997,70.4498140239817,74.8077040926124,69.8653836831222,71.0321215782389,58.6257580157257,57.2253754201877,55.0519588194999,54.696257532255,52.7151465303435,3.83304606977564,4.7526725578241,3.96745770821581,2.73012884834371,2.67523855514055,55.7235161818681,17.9224998091064
71.9193109485127,-188998.3,-284721.4,-270540.2,-178362.4,-181907.7,71.985999417343,71.990183342637,71.8518435983531,71.5476708052461,71.6439478199123,59.4091528097348,57.5198736973563,56.0794259469523,55.9522735743142,54.93671009019,3.59079549261556,4.70161240522669,4.09862397184913,2.73282236977129,2.60166256596393,56.7666464232876,17.7255168054266,68.2345664421802,77.731292396497,66.4524466309682,78.3835118347138,74.9944971727169,59.1753171023973,55.3427195795831,55.0146829454331,60.2526190918683,59.8109755081542,4.06899551094592,4.09504040724954,4.24355761010252,1.84196355302269,2.26295717356873,58.3081975193178,18.7163760789847,71.8165156721109,70.4651023240637,74.8133774909355,69.8424192751127,71.0140943694099,58.6326879465401,57.2299903618355,55.0661768373545,54.6702399228508,52.6919036871515,3.8304186163738,4.75060318519262,3.96498319529729,2.73660553993271,2.67657352201822,55.7220352168221,17.911746136231,71.816515645313,70.4651023784247,74.8133774283843,69.8424193390118,71.0140943991888,58.6326879505997,57.2299903477161,55.0661768369693,54.6702399646147,52.6919037404119,3.83041861815868,4.75060318028812,3.96498319738141,2.73660553323956,2.6765735189238,55.7220352361701,17.9117461422507
71.9122055714993,-188998.3,-284721.4,-270540.2,-178362.4,-181907.7,71.9869961439828,71.9896420024417,71.8738036604624,71.5461566399745,71.6504108497198,59.4100887453653,57.5204447728314,56.0902147884739,55.9556095058847,54.9454287684661,3.59077813635494,4.70197387291786,4.09572307061133,2.73367252936042,2.60201386452591,56.7846130730269,17.7241614737705,68.2321695041672,77.7378031438166,66.4168545765128,78.3281941169522,74.9809877601983,59.1749580442001,55.3454859712021,54.9777197698812,60.213126332067,59.8121017695934,4.06898095229837,4.09394184209068,4.24725970096088,1.84143493662276,2.2638968373514,58.3020984046761,18.7058877187492,71.8202327935536,70.469417958822,74.8173455881178,69.8256331190023,71.0020623031673,58.6349358838686,57.2305870322174,55.0776898485049,54.6484475300769,52.6712474429164,3.82932100638169,4.75030920757039,3.96302605818134,2.74248893806392,2.67764141890994,55.7201951464016,17.9032885810867,71.8202327667034,70.469418013213,74.8173455252551,69.8256331826288,71.0020623329425,58.6349358879097,57.2305870181108,55.0776898477568,54.6484475717186,52.671247496353,3.82932100817512,4.75030920265865,3.96302606030832,2.74248893132114,2.6776414158138,55.7201951657226,17.9032885870927
71.9083916641574,-188998.3,-284721.4,-270540.2,-178362.4,-181907.7,71.9818250133673,71.9839063573625,71.8869234410587,71.5478208327375,71.6609269858316,59.4084491068185,57.5183889698512,56.0960032446542,55.9580835362963,54.9539314736427,3.59178668048848,4.70316999476695,4.09382153009471,2.73381453502036,2.6017002847919,56.7985567864471,17.7242930251624,68.2283001156148,77.7386768594007,66.3779834067021,78.2777518132548,74.9719422028268,59.1741106443,55.3467084364277,54.9404065518135,60.1751522411182,59.8157560737638,4.06927130741365,4.093627491947,4.2515518872812,1.84079894243045,2.26405805060871,58.2961244087623,18.6969721757881,71.8197373784048,70.4692142823642,74.8207432354871,69.8117878382677,70.99366184746,58.6352260442739,57.2299683685438,55.0854398912536,54.6299284140451,52.6524765923365,3.82898161455092,4.7505657687157,3.96165451705359,2.7478665808762,2.67853709166013,55.7170137675291,17.8983107523401,71.8197373515257,70.4692143367704,74.8207431722997,69.8117879016287,70.9936618772342,58.635226048307,57.2299683544491,55.0854398901681,54.6299284555467,52.652476645948,3.8289816163493,4.75056576379903,3.96165451922325,2.74786657408752,2.67853708855808,55.7170137868317,17.8983107583175
71.9064852994232,-188352.16,-282489.28,-268543.04,-177892.48,-181379.04,71.9769243691887,71.978941520816,71.8924624608753,71.552496653081,71.6729458828489,59.4303594881761,57.5703700218988,56.1722168390903,56.0333730216092,55.0500301191335,3.58715634689731,4.68474097752352,4.08186945585198,2.73901830343094,2.60726054426847,56.8123223248098,17.7000456279722,68.2252719126448,77.7374764926666,66.3384765400016,78.2310425585584,74.9653253689393,59.1734114993952,55.3470986690964,54.903131106414,60.1385435076625,59.8209273869378,4.06954069637581,4.09365348760195,4.255967080117,1.84009334254394,2.26372496476587,58.2902759310932,18.6886020001131,71.8181455531833,70.4676190600302,74.8236619161195,69.7996769685765,70.987669022102,58.6348484274411,57.2291744905861,55.0901432167485,54.6139653807223,52.6352453993837,3.82896986380282,4.75091006106173,3.96075838118703,2.75279287892551,2.67930888233704,55.7125693168259,17.8960613807601,71.8181455204931,70.4676191261758,74.823661838916,69.7996770452903,70.9876690582932,58.6348484323412,57.2291744734618,55.0901432150469,54.6139654309883,52.6352454647635,3.82896986599168,4.75091005508161,3.96075838387302,2.75279287062121,2.67930887855581,55.7125693402795,17.8960613879711
71.81745063887,-188352.16,-282489.28,-268543.04,-177892.48,-181379.04,71.962254440454,71.9632023037856,71.8926124525519,71.5594773274896,71.6841692300771,59.4246650857548,57.5634238672999,56.1703279402756,56.0343697684921,55.0539194782078,3.58972435381402,4.68760166180918,4.08134011262492,2.7379625885538,2.60611073484101,56.8287759256687,17.7027394516429,68.2363339394067,77.7192318200117,66.3068292744251,78.1784754971191,74.9446844421285,59.1811434301914,55.3587487284971,54.8658204795346,60.1024146418075,59.8336774252444,4.06248747304498,4.09292713128881,4.25889664534615,1.8387265023128,2.26201690234587,58.284707253468,18.6802626255605,71.8239673244187,70.4361099008018,74.8488730599352,69.7839729577311,70.9684259962736,58.6405617407202,57.2465221053522,55.1054159019495,54.6152740795706,52.6417385412019,3.82544515209613,4.74413646945725,3.9566771596754,2.75735151145124,2.67968016928987,55.7072222992416,17.8955632361442,71.823967291707,70.4361099672086,74.8488729820496,69.7839730342714,70.9684260325288,58.6405617456492,57.2465220881397,55.1054158997649,54.6152741296019,52.6417386067773,3.82544515425746,4.74413646351958,3.95667716243101,2.7573515030753,2.67968016548165,55.7072223227429,17.895563243299
71.8277577007856,-188352.16,-282489.28,-268543.04,-177892.48,-181379.04,71.9253722991557,71.9250062621527,71.8830539071191,71.5676731498776,71.6924696421531,59.4098487347656,57.5458171116901,56.1597928053314,56.0281431074811,55.0466300061092,3.5960533023755,4.69431374900459,4.08108661597938,2.73542144220813,2.60366994690897,56.8422197732535,17.7105450564766,68.2043219024638,77.6667259141841,66.2707194963437,78.1291281673004,74.9273814739966,59.1747671524034,55.3566146136981,54.8280051420369,60.0674482297627,59.8420246469671,4.0641460485646,4.09783006427349,4.26262695520186,1.83754040079789,2.26129968383587,58.2826384331689,18.6621112200405,71.7954206670602,70.3913947115705,74.8654935638577,69.7685848372254,70.9517990574819,58.6313001982443,57.2393213551593,55.1167378906988,54.6103249156207,52.642013759228,3.82728467639505,4.74760102862798,3.95380569004376,2.76161716176811,2.68017686536409,55.7053045765939,17.8926289057285,71.795420634325,70.3913947778899,74.8654934855107,69.7685849134373,70.951799093722,58.6313002031984,57.2393213379972,55.1167378880668,54.610324965366,52.6420138248608,3.8272846785542,4.74760102270489,3.95380569285887,2.76161715334454,2.68017686154574,55.705304600088,17.8926289127428
71.8347709442422,-188352.16,-282489.28,-268543.04,-177892.48,-181379.04,71.9045697189226,71.9052706278642,71.863824106206,71.575295261027,71.6959323716041,59.401205481018,57.5362044577886,56.1474411800104,56.0243016486086,55.0396791409638,3.59955040806088,4.69762088430829,4.08287267772673,2.73340499901335,2.60204211603281,56.8504191608075,17.7154910851421,68.1985574336906,77.6378012110217,66.2241217865519,78.0797021053933,74.9064243107541,59.1730566077134,55.3538567473953,54.7888038943973,60.0331095358764,59.8468118994377,4.06510385615672,4.10084129070143,4.26822292143009,1.83672125211732,2.26122995974845,58.2788506591265,18.6534855565874,71.7839388544251,70.3703976258675,74.8787073234224,69.7493889582668,70.9356827561862,58.627294804539,57.236254902894,55.1190516945938,54.6009163287125,52.6367886345276,3.82825537793914,4.74909850463809,3.95248803304253,2.76567429799963,2.6808415460777,55.700316322542,17.8959192190052,71.7839388217474,70.3703976921036,74.8787072445434,69.7493890341904,70.9356827923761,58.6272948095132,57.2362548857376,55.1190516915838,54.6009163782222,52.6367887002407,3.82825538009781,4.74909849872978,3.95248803592018,2.76567428953303,2.6808415422533,55.7003163460431,17.8959192259098
71.8532266561674,-188352.16,-282489.28,-268543.04,-177892.48,-181379.04,71.9017485228008,71.9038369146373,71.8444613161312,71.5808246269911,71.6937546296761,59.3996758075554,57.5349170264889,56.1379340142039,56.0237669796948,55.0343625151847,3.59992225847488,4.69766870815594,4.0854346227241,2.73233953640303,2.60155185156689,56.855322920993,17.7169169773248,68.199377570855,77.6225254528848,66.1823746945569,78.0320395294042,74.8863790031124,59.1731206894741,55.3515861449797,54.7504613557981,59.9998011589086,59.8500152899411,4.06517772696678,4.10259123346018,4.27297377613723,1.83601296122393,2.26142528175658,58.2739302884916,18.646920943407,71.7803282895224,70.361406720592,74.8876946418154,69.7311697926277,70.9219244860467,58.625932072307,57.235254562081,55.1189011900117,54.5896319323708,52.6289618329606,3.82864560969888,4.74961120326355,3.95184069853607,2.76944813005589,2.68152195615184,55.6945189745448,17.8995523591914,71.7803282568995,70.3614067867417,74.8876945625089,69.7311698682497,70.9219245221633,58.6259320772919,57.2352545449205,55.1189011866552,54.5896319816581,52.6289618987453,3.82864561185372,4.74961119736912,3.95184070146164,2.76944812155218,2.68152195232471,55.6945189980436,17.899552366
71.8547396465147,-188352.16,-282489.28,-268543.04,-177892.48,-181379.04,71.9084513885193,71.9112489391312,71.832766614519,71.5828130075724,71.686771278073,59.402044917424,57.5378816700983,56.1334160985097,56.0245650434651,55.0296151662941,3.5986748030861,4.69621516413782,4.08730223435806,2.73213049296247,2.60190107546547,56.8591271217545,17.7162237700099,68.2078659540013,77.6212685538092,66.1429833561369,77.98706887423,74.8691871496719,59.1749151579172,55.3512181990014,54.7126155011636,59.9676450568319,59.8525511239501,4.06461636339636,4.10277073771573,4.27732068456986,1.83533890251345,2.26169693783269,58.2687705172517,18.6403733422676,71.7850204307637,70.363142764454,74.8933298686055,69.7154665939908,70.9108984753389,58.6277268236556,57.2371706485999,55.1185200852056,54.578110005549,52.6202057047009,3.8281188802847,4.74880411163021,3.95147619300685,2.77291617579453,2.68215119918459,55.6886838388812,17.9021303963432,71.7850203981765,70.3631428305741,74.8933297888917,69.7154666693434,70.9108985113981,58.6277268286404,57.2371706314192,55.1185200815079,54.5781100546466,52.620205770586,3.82811888243914,4.74880410574498,3.95147619597523,2.7729161672534,2.68215119535433,55.6886838623853,17.9021304030684
71.8553027250617,-188352.16,-282489.28,-268543.04,-177892.48,-181379.04,71.9143289789209,71.9171552512753,71.8286338573579,71.5813546288562,71.6779371116747,59.4042000386386,57.5403524120673,56.132109370798,56.0240420392453,55.0241764138682,3.59760399429328,4.69509292736971,4.08803811933011,2.73229476074132,2.60243155812502,56.8628042220807,17.7154613598594,68.211387224346,77.6211643173071,66.1058716507484,77.9455976505696,74.8563290759724,59.1757909911432,55.3510876077739,54.6752576786029,59.9367715003599,59.8554230880702,4.0642294438793,4.10280524954527,4.28127730217525,1.8346152998368,2.26183049556716,58.2641523123285,18.6326946781933,71.7880825872024,70.3649588608643,74.8963684528975,69.703445770664,70.9028132127158,58.6289856912478,57.2382051909429,55.1193669135307,54.5675100174182,52.6117984585194,3.82770299918642,4.74835841502658,3.95112775951711,2.77606225320175,2.68268018274262,55.6836681625875,17.9027714769326,71.7880825546199,70.364958926966,74.896368372819,69.7034458457473,70.902813248731,58.6289856962291,57.2382051737519,55.119366909485,54.5675100663304,52.6117985245064,3.8277030013411,4.7483584091458,3.95112776252466,2.77606224462548,2.68268017890882,55.6836681860948,17.902771483582
71.904209051289,-188352.16,-282489.28,-268543.04,-177892.48,-181379.04,71.9244556674357,71.9277699373483,71.8292110766296,71.5774236305914,71.6694220795757,59.4081615239447,57.5450881413504,56.1337527572139,56.0239957830399,55.0210958121875,3.59583190748906,4.6931737965125,4.08831581315963,2.73297719939598,2.60328105692712,56.8662977127959,17.7135797734843,68.2129276796901,77.6213576520042,66.06808166033,77.9072707086423,74.8468265113925,59.1761754890688,55.3510594979991,54.6379574249205,59.907110405697,59.858909967511,4.0640586001158,4.10279424957912,4.28536657422507,1.83385417538187,2.2617527952421,58.2600498344136,18.6249012452847,71.7899372085771,70.3663036140683,74.8980892679851,69.6940831775886,70.8969263044551,58.6297966665473,57.2387610294467,55.1205522714847,54.5581288615496,52.6039977289736,3.82741115086178,4.74811478249032,3.95082856510769,2.77891473522039,2.6831228207306,55.679046098188,17.9028240224257,71.7899371760295,70.3663036800828,74.89808918764,69.6940832523212,70.8969263403957,58.6297966715188,57.2387610122703,55.1205522670935,54.5581289102205,52.6039977949868,3.82741115301506,4.74811477661848,3.95082856815169,2.77891472662118,2.68312281689651,55.6790461216728,17.902824028996
71.8943650539874,-188352.16,-282489.28,-268543.04,-177892.48,-181379.04,71.9435863255345,71.9473934976789,71.8356218509941,71.5720046277345,71.6630114965298,59.4158544944657,57.5541534054963,56.1397906901536,56.0265981525007,55.0234660599136,3.59254895072603,4.68973107488256,4.0882186986152,2.73438740553548,2.60465483065789,56.8697457620576,17.7095409604172,68.2355644275496,77.6440241551414,66.0299076999368,77.8716917754989,74.8398312826565,59.1809636157011,55.355293870608,54.6007595078911,59.8786051613566,59.8631024427673,4.06255845035595,4.10002797833795,4.28953662509143,1.8330559076298,2.26144760741171,58.2564087194707,18.6171173933445,71.8085423603893,70.3846139075482,74.8991346663784,69.6866417082479,70.8926616813532,58.6371447987223,57.2460729312418,55.1216698360268,54.5499738215921,52.5968708658244,3.82513182426864,4.7449028543939,3.9505894368271,2.7815014004172,2.68349423291322,55.6746513809307,17.9028496584036,71.8085423278708,70.3846139736177,74.8991345856575,69.6866417827419,70.8926617172773,58.6371448036717,57.2460729140334,55.1216698312859,54.5499738700892,52.596870931956,3.82513182642952,4.74490284852475,3.95058943991193,2.78150139178519,2.68349422907208,55.6746514044279,17.9028496649043
71.8883618958446,-188352.16,-282489.28,-268543.04,-177892.48,-181379.04,71.9526599802708,71.9558314682117,71.8462612782001,71.566774378562,71.6601325130258,59.4196337644415,57.5582940711448,56.146112459943,56.0273313425246,55.0256951428104,3.59103133350511,4.68833130742938,4.08709440813939,2.73543675801192,2.60545466232816,56.8735943925818,17.707348469414,68.2387140667505,77.6539237096787,65.9968160307649,77.8403486808202,74.8383873655118,59.1819869962299,55.3578350095065,54.5644655326745,59.8515260109875,59.8689276478384,4.06193108020572,4.09868415412493,4.29282154442127,1.83207374848088,2.26075446909519,58.254446823938,18.6061864822816,71.8150132494033,70.3920042057339,74.8986551457898,69.6840517935016,70.8911084492904,58.6400424240379,57.2482237336812,55.1257534681368,54.5438733955597,52.591718878143,3.82405748052392,4.74393541895699,3.9500357224179,2.7837761479718,2.68371724226014,55.6726204814521,17.8997513507245,71.81501321685,70.3920042718357,74.8986550647606,69.6840518677444,70.8911084852206,58.640042428971,57.2482237164739,55.1257534630277,54.5438734438727,52.5917189443839,3.82405748268917,4.74393541308357,3.95003572553811,2.78377613930891,2.68371723841011,55.6726205049532,17.8997513571548
71.8881450401674,-188352.16,-282489.28,-268543.04,-177892.48,-181379.04,71.9540755612531,71.9566548296844,71.8559904756493,71.5628632633887,71.6606587847356,59.4203854976077,57.5589587114466,56.1508201993174,56.0268422739036,55.027865114911,3.59084113426634,4.68827962294957,4.08578762999839,2.73603927985023,2.6057121408331,56.8772919893045,17.7066598078976,68.237352692973,77.6574696695504,65.9600190177637,77.8116832582249,74.8390224209221,59.1817627606781,55.3591797552524,54.5277926800607,59.825571462763,59.8756999795289,4.0619466094462,4.09811759326385,4.29677461964544,1.83104220393865,2.25979094340413,58.2532393827693,18.5959833266612,71.8163708707138,70.394106888475,74.8983948390606,69.6830187334816,70.8906380717281,58.6408796275183,57.2484862445887,55.1293652823729,54.5392121712316,52.5876812755193,3.82364327169539,4.74380377619789,3.94953378867351,2.78581260245076,2.68387013319089,55.6710200370864,17.8973315366378,71.8163708381355,70.3941069545902,74.8983947576984,69.6830188074733,70.8906381076686,58.6408796324417,57.2484862273912,55.129365276897,54.5392122193511,52.587681341859,3.82364327386456,4.74380377032048,3.94953379183429,2.78581259375989,2.68387012933068,55.6710200605912,17.8973315429973
71.8856717130889,-188352.16,-282489.28,-268543.04,-177892.48,-181379.04,71.9529400299244,71.9552689622794,71.8623345734269,71.5609508994741,71.6637791878061,59.4200908048702,57.5585420476825,56.1536575150236,56.0265374474084,55.0307281122226,3.59108204658775,4.6885952431393,4.08487552474881,2.73632241159105,2.6056718159818,56.8802724759759,17.7065470420487,68.2368494320805,77.6596290988528,65.9218306033858,77.7848043796506,74.8401545860663,59.181637283549,55.3600688988468,54.4910804297668,59.8006175204671,59.8830690827375,4.06200226301607,4.09775879777936,4.30098697999519,1.82999049811656,2.25864056364749,58.2522753842299,18.5866947725335,71.8170536333602,70.3951703338087,74.8985524632037,69.6822712437826,70.8905482036765,58.641330258229,57.2486387276982,55.1317753536009,54.535464045142,52.584264059915,3.82341059210383,4.74372909387244,3.94917419612014,2.78765382366304,2.68399069746829,55.6693066406192,17.8961829435586,71.8170536007692,70.3951703999378,74.8985523814877,69.6822713175408,70.8905482396302,58.6413302631474,57.2486387105063,55.1317753477686,54.5354640930713,52.5842641263567,3.82341059427576,4.74372908799211,3.94917419932273,2.78765381494533,2.68399069359628,55.6693066641322,17.8961829498444
71.8843856273396,-181034.08,-257208.64,-245923.52,-172570.24,-175391.52,71.9538301295414,71.9560791661701,71.8655091927619,71.5609903284326,71.6695534835657,59.6898838312915,58.1740288823014,56.98542807007,56.8112387338321,55.9885900501407,3.52723696201819,4.45939826579663,3.94911067565591,2.79566889515753,2.67263952893873,56.9187739942716,17.404054327567,68.2355473343415,77.6598675183327,65.883831948099,77.7593912807288,74.8414656777856,59.181354716405,55.3604462463111,54.4545615467869,59.77661172099,59.8907335700556,4.06209693122776,4.09766443626876,4.30517930093005,1.8289236227503,2.25738992846356,58.2515541926721,18.5776680006432,71.8165487559051,70.3948663042407,74.8988715320525,69.6816630806355,70.8906736535984,58.6412407751257,57.2483830402744,55.1333560920217,54.532356518874,52.581308750095,3.8233819247474,4.74383761179852,3.94892228684955,2.78932115615237,2.68408916215034,55.667555705207,17.8957923808786,71.816548737193,70.3948663422031,74.8988714849455,69.6816631228447,70.8906736742427,58.641240777948,57.2483830304092,55.1333560884748,54.5323565462772,52.5813087882895,3.82338192599477,4.74383760842202,3.94892228871113,2.78932115113393,2.68408915992067,55.6675557187093,17.8957923844417
71.9614911951343,-181034.08,-257208.64,-245923.52,-172570.24,-175391.52,71.9646233857315,71.9675891036709,71.868149840367,71.5623491247772,71.6753352671575,59.694239593277,58.1792531784405,56.9886951923923,56.8155068896314,55.9964177225562,3.52538644390195,4.45736537521871,3.94927694639982,2.79622044413342,2.67298827261483,57.0133943846227,17.4012374822687,68.3677159371594,77.4749757965599,65.9226683002363,77.6489623856599,74.6759113425441,59.276054282656,55.5115889705453,54.4124393750238,59.7611983879264,59.9751602032382,3.97510743653816,4.08381630756945,4.29441956564935,1.82075598635842,2.24473186622052,58.2510434882457,18.5689014448532,71.9077706616584,70.1194198825985,75.1507040051413,69.6369942960783,70.7300882432359,58.7156860474308,57.4751831078862,55.2728532578202,54.6706153344148,52.8503520465197,3.78056919568218,4.6537385894512,3.91004034951896,2.79082711547712,2.67978026173638,55.6657071702547,17.8960039031314,71.907770642677,70.1194199220383,75.1507039556615,69.6369943390377,70.730088264393,58.7156860504354,57.4751830973576,55.2728532532067,54.67061536171,52.8503520847222,3.78056919672527,4.65373858639533,3.91004035157996,2.79082711027569,2.67978025940369,55.665707184117,17.8960039067394
72.0755361236191,-181034.08,-257208.64,-245923.52,-172570.24,-175391.52,72.0090504574491,72.0142867671104,71.8772620629978,71.565272982214,71.6808645219799,59.7118478865788,58.2001072856019,57.0004928162643,56.8300163736021,56.0151798194678,3.51769798326836,4.44902653952595,3.94998982921987,2.79841897834512,2.67524615233025,57.1099035303936,17.3903794826896,68.5013724113042,77.3895198060991,65.9140255601091,77.5460181905808,74.5423175730981,59.3093499425599,55.5860335326666,54.3638101077121,59.7455826222067,60.0089934482917,3.96036051345079,4.07651621938779,4.29208670285381,1.81512778593235,2.24377515871396,58.2898744300742,18.4400612060029,71.9880879922824,70.0539535073123,75.3353053681432,69.5799714102639,70.5906701964739,58.7702765951696,57.5756211390732,55.3991067245819,54.7411028455092,53.0300656795651,3.75189638857,4.61319990728477,3.87807494043217,2.79294989078144,2.67782246313312,55.7090177194752,17.8510160794607,71.9880879737364,70.0539535463305,75.3353053180309,69.5799714526357,70.5906702174929,58.770276598037,57.5756211284904,55.3991067190751,54.7411028721282,53.0300657166863,3.75189638967883,4.61319990443012,3.87807494263432,2.79294988558036,2.6778224608244,55.7090177332029,17.8510160825939
72.0373454098005,-181034.08,-257208.64,-245923.52,-172570.24,-175391.52,72.0694527187453,72.0755437035914,71.9019065320259,71.5693195345828,71.6876311533102,59.7359180106311,58.2278455962967,57.0219328780192,56.8513039084312,56.0417056811985,3.50733554549726,4.43825758323184,3.949139197597,2.8016971031785,2.67862471917795,57.1921476952666,17.3750541486826,68.6108887834114,77.3851638339146,65.8987841453404,77.4558914429719,74.4389622603777,59.3350075673665,55.630367885399,54.3146810906005,59.7312957885139,60.0234133655954,3.95018106226162,4.06819420335349,4.29095798862652,1.81079874813512,2.24661775607233,58.3323120192597,18.3560796677576,72.0758076964761,70.0855701246079,75.4708220275172,69.5421489369014,70.4826720356742,58.8195451446727,57.6356967181522,55.5067914237092,54.7766206562763,53.1608504486984,3.72910708470408,4.58815268921468,3.85244375222148,2.79513326729087,2.67654933199648,55.7698494558951,17.7965978583826,72.0758076779965,70.0855701635391,75.4708219764663,69.5421489791081,70.4826720567744,58.8195451474218,57.6356967074571,55.5067914173513,54.7766206827012,53.1608504852987,3.72910708588314,4.58815268644157,3.85244375456023,2.79513326204108,2.67654932970351,55.7698494695615,17.7965978613665
72.0812869167716,-181034.08,-257208.64,-245923.52,-172570.24,-175391.52,72.1026143746819,72.1071779703275,71.9394602187861,71.5747602486861,71.6989026733713,59.7497626752465,58.2431527031833,57.0449975167966,56.8688656167851,56.0653569778866,3.50185088722228,4.43303080820665,3.94529755063938,2.80400633735498,2.68074584872442,57.2636965453827,17.3649314321477,68.6342035245516,77.3652102506853,65.8773714695131,77.3823721216768,74.3654392987025,59.3420788378748,55.6496463743818,54.2651151563855,59.7192789720135,60.0329363841964,3.94612797151663,4.06611785220618,4.29095790983623,1.80701329510594,2.24981385170011,58.3687828095152,18.3052783009834,72.1139438335362,70.105297875066,75.5689780023085,69.5299736944868,70.4044596526003,58.8439079740916,57.6577256281246,55.5994795327449,54.7957092629592,53.2649419995452,3.71677555397431,4.57887631101494,3.83175840337258,2.79711358918682,2.67526882051669,55.8388367831767,17.739970789104,72.1139438150347,70.1052979136662,75.5689779507792,69.5299737362372,70.4044596736605,58.8439079767403,57.6577256174478,55.5994795256502,54.7957092891373,53.26494203553,3.71677555519376,4.57887630828865,3.8317584058141,2.79711358392256,2.67526881825459,55.8388367966281,17.7399707921096
72.0531848373197,-181034.08,-257208.64,-245923.52,-172570.24,-175391.52,72.1214687282113,72.1249654229056,71.9761270767785,71.5829140869191,71.7169427775669,59.7581969552903,58.2524875642336,57.0657656543362,56.8849513291349,56.089758102945,3.49889944004463,4.4303297335296,3.94109073223414,2.80551954198458,2.68183704209206,57.3269250704717,17.357676489885,68.6664856205492,77.3718984350849,65.8338548667682,77.3210431412299,74.3099579925161,59.3493713809958,55.6626484998929,54.2127617011076,59.7089290835063,60.0413489351152,3.94344448737295,4.06299688551043,4.29490068000449,1.80377400728002,2.25237410682582,58.3954876151467,18.2800396875949,72.1523102747406,70.1370016201975,75.6429101658096,69.53112613252,70.346258741342,58.8651813498575,57.6754034835074,55.6698593231612,54.8053852548204,53.3490746031691,3.7070349321448,4.57125284088333,3.81609626447719,2.79892988645055,2.67406152168849,55.9049167786353,17.6942590261486,72.1523102561702,70.1370016587407,75.6429101135528,69.53112617402,70.3462587624582,58.865181352437,57.6754034727846,55.6698593153986,54.8053852809435,53.3490746388215,3.70703493340424,4.57125283817564,3.81609626702798,2.79892988114895,2.67406151944199,55.9049167919036,17.6942590292693
72.037840000921,-181034.08,-257208.64,-245923.52,-172570.24,-175391.52,72.1217368660122,72.1239431125758,72.004135514559,71.5949195514045,71.7402118271295,59.7593835989825,58.2534964146849,57.0799837670872,56.8978989083719,56.1113918715293,3.49915940347388,4.43097850225339,3.9374490564399,2.80569938260742,2.68155643503957,57.3828498742751,17.3548427798141,68.6648187925525,77.3636616184867,65.789344414793,77.2715241851484,74.2709398581338,59.3496613360597,55.6671861193888,54.1607264095906,59.7004751487697,60.0516979261689,3.94280184008738,4.06281054040856,4.29905687659085,1.80073184455238,2.25378069364389,58.4155732205355,18.2633654344068,72.1651249190844,70.1487132505251,75.6973079826816,69.5422315955651,70.3035499003646,58.8741271663505,57.6801178236105,55.7247587418714,54.8108368873199,53.4197975461818,3.70226592546383,4.56918301497023,3.80412271649395,2.80054474606329,2.67284727524426,55.9670296287187,17.6554547286102,72.1651249004167,70.1487132890035,75.6973079298409,69.5422316367866,70.3035499215233,58.8741271688866,57.6801178128752,55.7247587335302,54.8108369133971,53.4197975815508,3.70226592674664,4.56918301226967,3.80412271913351,2.80054474073113,2.67284727300932,55.9670296417772,17.6554547318523
75.7551412848112,-181034.08,-257208.64,-245923.52,-172570.24,-175391.52,72.5723243544492,72.6159817886883,72.0411559018885,71.6110299118398,71.7660400809917,59.9310350753536,58.4638091924969,57.1710255919405,57.0234522329307,56.2667141553446,3.42194880034326,4.34277145203455,3.95175334656859,2.82674907732925,2.70396034802169,57.4326466309342,17.2471830242973,68.6569558180569,77.35142434818,65.7365264881709,77.2304265581215,74.2419594185176,59.348011580102,55.6676436080185,54.1079348571,59.6933887515176,60.063148849961,3.9433071928107,4.06376598786612,4.30471869088641,1.79796213958195,2.25428844611775,58.4305818150391,18.2532240380733,72.1673761693556,70.1508257001545,75.7383865430891,69.5557775618621,70.2705451650372,58.8773054165188,57.6802536754032,55.7638122417219,54.8134918260597,53.478698045015,3.70010499827945,4.56910331657746,3.79542784065912,2.80201120601531,2.67175169494135,56.0216121368512,17.6266324953254,72.1673761556463,70.1508257282751,75.7383865040287,69.5557775918341,70.2705451805469,58.8773054183571,57.6802536675433,55.7638122352551,54.8134918451172,53.4786980707294,3.70010499922923,4.56910331460396,3.79542784264807,2.80201120209418,2.67175169331102,56.021612146259,17.6266324977725
76.0000029914054,-181034.08,-257208.64,-245923.52,-172570.24,-175391.52,74.085664710867,74.1894170431804,72.3840688752554,71.6334087192801,71.8126376136401,60.4600370134286,59.0929764476708,57.5428939242069,57.4073607512325,56.7321376854173,3.17474142431805,4.07113522861056,3.95946327767648,2.89858587830871,2.7790565911931,57.5042487318599,16.8829824001069,70.7739738703889,79.0487035671674,65.6811703802216,77.1957416024504,74.2198625125851,59.7967213511505,56.0185288056654,54.0552377241276,59.6874241680306,60.0752550624059,3.80193529714102,3.84999535821719,4.31086704345679,1.79542421633661,2.25411992553737,58.4421537687054,18.2462223446067,73.6041121523672,71.6016742089138,75.7692710658398,69.568470479754,70.2440403406929,59.4736102835512,58.3047293295259,55.7902708416581,54.8142668179938,53.5274655150537,3.50031985897446,4.29606347245866,3.7893097445055,2.80335600315492,2.6708154793322,56.0680943693916,17.6061625229651,73.6041121414137,71.6016742377362,75.7692710267956,69.568470509274,70.2440403560806,59.4736102848017,58.3047293206776,55.7902708349429,54.8142668368545,53.5274655403957,3.50031986014181,4.29606347073223,3.7893097465241,2.8033559992539,2.67081547771946,56.06809437858,17.6061625254424
80.9999966875636,-181034.08,-257208.64,-245923.52,-172570.24,-175391.52,75.8398627224668,75.9828857332013,73.18240676567,71.668579396216,71.9406248997718,60.9946884751171,59.7321202776188,58.0972311279253,57.8414589744309,57.2865507366652,2.9139331046327,3.78195422874023,3.89541949178351,2.98221325094972,2.85992566009573,57.6343245449377,16.4334457362019,71.8673075362522,80.1088847809023,66.2302864394224,77.3032178491134,74.4611770906692,60.0685073471169,56.314905991,54.0919772565383,59.7078445189563,60.1696619193566,3.68198080970771,3.70132717606276,4.21026738330931,1.78249519840011,2.23851784903064,58.5507546885479,17.9441736284718,74.5626598626337,72.6431112167817,75.6999256183173,69.8547918350588,70.3517630060993,59.8980781245329,58.6979110140537,56.0949418729109,54.9102494371997,53.7184309116716,3.34509814195858,4.12270683097051,3.7504973653444,2.80013142661037,2.66093507974716,56.2737111649798,17.293321631841,74.562659850796,72.6431112495707,75.6999255767275,69.8547918677716,70.3517630241474,59.8980781252814,58.6979110035878,56.094941864114,54.9102494582703,53.7184309400049,3.34509814343814,4.12270682911984,3.75049736736367,2.800131422141,2.66093507789195,56.2737111749804,17.2933216346995
81.0000030340419,-181034.08,-257208.64,-245923.52,-172570.24,-175391.52,78.2957979286792,78.4889232750062,74.5125397581674,71.7501484406658,72.2715298096937,61.6114569233108,60.4854290784011,58.8572479343744,58.3803506161926,58.033883560906,2.59272120304148,3.41376237656105,3.75356064119738,3.08422178747119,2.94357381772867,57.8203243663677,15.7878398259998,76.08607194392,82.5617037078313,66.6362102032,77.4895746764628,74.830243601817,60.998874750407,56.9654299364702,54.1083084397713,59.7393046906819,60.301798071532,3.35784423794191,3.36426761397935,4.13501848226494,1.76694678853702,2.21358377442373,58.7117950084736,17.6191892101199,77.1785140637895,75.576773780457,75.6440379423823,70.2859437963993,70.5344236192428,60.9788459102635,59.7573205319358,56.4801687293184,55.0773938057916,54.0018779847966,2.98540250530928,3.65416441081192,3.69905608052083,2.79320096445899,2.64567797899851,56.5400655420267,16.9143421542006,77.1785140589916,75.5767738111342,75.6440379028207,70.285943828037,70.5344236381097,60.9788459103514,59.757320519674,56.4801687189014,55.0773938262663,54.0018780124653,2.98540250694501,3.65416440953872,3.69905608243554,2.79320095995177,2.64567797710079,56.5400655515647,16.9143421572962
85.9999884293299,-181034.08,-257208.64,-245923.52,-172570.24,-175391.52,80.4484577172618,80.6436598578038,76.3023645299392,71.9379741704746,72.9187188352298,62.0583375335715,61.0371037307371,59.6405992277152,58.8881022235098,58.8169328602492,2.3522328430326,3.13464795840212,3.52682240749156,3.15983343835919,2.97193297348083,58.045663367809,15.1454696207663,78.3156468357175,83.8107665246991,68.3581189534758,77.8469001556396,75.5811856038664,61.5643755124285,57.4385664277085,54.3178742032602,59.7987628767877,60.5263751764636,3.10002663932183,3.1648045777045,3.82725016931577,1.74123204935918,2.16832712079538,58.9790568293316,16.8665769097032,78.6655584364545,77.4343572873631,75.5188697599442,71.2505913058244,71.0223910510358,61.6161403532273,60.3657844009473,57.2779298674597,55.4731894537124,54.5966412546374,2.76206121514008,3.38310999664896,3.59322911062835,2.7772164229653,2.61081126751982,56.9769585673339,16.1363223618505,78.665558434176,77.4343573288837,75.5188697133164,71.2505913487768,71.0223910807207,61.6161403528902,60.3657843818865,57.2779298481851,55.4731894818787,54.5966412932493,2.76206121734077,3.38310999522744,3.5932291121522,2.7772164162194,2.61081126463855,56.9769585803708,16.1363223666057
85.9999991291175,-184476.53,-269100.74,-256563.82,-175073.84,-178208.07,82.924688437021,83.1614057109533,78.3267307332034,72.3178177576502,73.9312283834288,62.4008851902291,61.3871384341824,60.142613612073,59.2532596129724,59.4589572310869,2.14777021836891,2.95308454119133,3.3713801925924,3.2020718237252,2.94235597360347,58.2914161786887,14.6166627494813,82.8933081969735,85.6443956489189,69.6407725161478,78.2878968505698,76.4803737849548,62.5944756047529,58.1257761025593,54.4634843473178,59.8634350432145,60.7451326107194,2.7241874785834,2.87343469078325,3.59713745629863,1.71607167472379,2.1217985812376,59.2891566967059,16.1522575527117,81.0858615429283,80.6121859584327,75.4969784579959,72.429173081699,71.6953694734399,62.4903172563159,61.2906548675134,58.1069502742987,55.9931011443696,55.3624261678561,2.53285088714333,2.96710230747571,3.47520191620307,2.75304511786327,2.56488156147589,57.4359228759488,15.3326743088008,81.0858615571989,80.6121859981642,75.4969784117587,72.4291731279561,71.6953695112195,62.4903172571383,61.2906548425253,58.106950245532,55.9931011749275,55.3624262103549,2.53285088865402,2.96710230673616,3.4752019171658,2.75304510967593,2.56488155797756,57.4359228905809,15.3326743152718
85.9999979869856,-184476.53,-269100.74,-256563.82,-175073.84,-178208.07,84.6634268277234,84.851257890404,80.4312772836919,72.9590489526635,75.2588034980444,62.6646186076329,61.7261833643836,60.7898889574988,59.8248841071801,60.2726443658003,2.00376370120207,2.78058572388376,3.12124434708132,3.18510190915398,2.8414601166941,58.5417105063087,13.9321557980152,84.8735223911504,86.6164474977101,72.0564179143584,78.8667544858958,77.77614964345,63.0862828130115,58.4904696248235,54.7804040704031,59.9299682826181,60.935309867716,2.50744945652062,2.71889650491896,3.16724114769074,1.69067448794266,2.0772945673269,59.6215519461348,15.1181104337252,82.4219270852089,82.6305376294069,75.2571995798133,74.1410732417123,72.8787770067948,62.9293056327755,61.7164081177287,58.9262532324227,56.6853774521595,56.3119701106661,2.44220874290949,2.76932250488579,3.37479785316992,2.71422111754598,2.49832496750524,57.9166124388961,14.3375518300111,82.4219271045653,82.6305376608774,75.2571995545418,74.1410732790235,72.8787770454616,62.9293056340149,61.7164080922586,58.9262531996895,56.6853774777769,56.3119701471693,2.44220874342459,2.76932250448766,3.37479785153117,2.71422110946465,2.49832496418103,57.9166124523573,14.3375518361739
85.999999312732,-184476.53,-269100.74,-256563.82,-175073.84,-178208.07,85.5216501007023,85.6337029179461,82.2779543044172,73.8743157427884,76.7747869092807,62.8019509787227,61.9008878436937,61.262556773043,60.3669667173518,60.9432199666123,1.9401847332775,2.70938158366897,2.91717404776358,3.09710317292553,2.68972576314832,58.8053308343843,13.3535693007839,85.8580277184383,87.1725181244314,73.3724111704635,79.4885969983762,79.1504500324345,63.3487465576907,58.7466178724591,54.9367734659532,59.9936244064683,61.106252075014,2.37865250765431,2.62117241540038,2.93171560128249,1.66772933692829,2.0337655044224,59.9268569526668,14.3693151982119,83.1925384033253,83.9122939589365,75.1939835797788,75.9287537231467,74.3454333723748,63.1808185800385,61.979483952993,59.717302020099,57.4778724277802,57.4426343744403,2.39131632378007,2.64672208441733,3.26532770466746,2.66212171015655,2.41779669953117,58.3538896141321,13.4399205230196,83.1925384243705,83.9122939846774,75.1939835653968,75.9287537512532,74.3454334103124,63.1808185813643,61.9794839274682,59.7173019823547,57.4778724476432,57.4426344033661,2.39131632368009,2.64672208421561,3.26532770203345,2.6621217023054,2.41779669649908,58.3538896265513,13.4399205303575
85.8924996710158,-184476.53,-269100.74,-256563.82,-175073.84,-178208.07,85.8407254891404,85.8991306071596,83.6122350903,75.0238261438902,78.3124503326674,62.8719719898991,61.990467986434,61.5732806676163,60.8661994926624,61.4600939131684,1.91914695686813,2.68945415771856,2.78169150433291,2.95484932291698,2.52680233058874,59.0860901354476,12.8719442724253,86.4079457306019,87.508354903551,74.0312458312628,80.0724067745273,80.4442188146895,63.4939199288945,58.9225766046705,54.9973625751695,60.05142465914,61.2937951100589,2.30838821380576,2.55798339479438,2.81236065825874,1.6456825916164,1.98248726092048,60.1808683022522,13.8215179711204,83.6493830024443,84.7848348101969,75.2218276483359,77.5680785730386,75.9474639658854,63.3299081570843,62.1496374099778,60.3543177708256,58.2485817441367,58.6038584713044,2.36115862155091,2.56693431749002,3.17131102271153,2.5969447536156,2.33257550404571,58.7461135922206,12.6858001465753,83.649383024101,84.7848348315786,75.221827638989,77.5680785926994,75.9474640011883,63.3299081583719,62.149637384643,60.3543177287696,58.2485817582903,58.6038584924224,2.36115862113662,2.56693431741974,3.1713110198935,2.59694474614749,2.33257550129726,58.7461136034845,12.6858001554915
85.7984586827763,-184476.53,-269100.74,-256563.82,-175073.84,-178208.07,85.9379855426086,85.9642376590156,84.5058585237796,76.2768280283292,79.7330422069217,62.9120863606847,62.0426747722739,61.7752458648554,61.2936645984223,61.8413835719769,1.91438401744275,2.68800380624122,2.69704883022105,2.79204413141425,2.38002380581603,59.3764583782459,12.4715045911353,86.6886860884824,87.7042833771017,74.3730697486485,80.5858366334383,81.5740938697385,63.5704504868274,59.0352259882783,55.0119502227495,60.1031778378471,61.4944729510513,2.26968361469227,2.51915875921643,2.74906247143221,1.6240610075726,1.92609080379778,60.3950901090865,13.404507828225,83.8978336220161,85.3794343706266,75.2703347365255,78.9752960668082,77.5755995637796,63.4137560495054,62.2568028656702,60.8208349148616,58.9436091348754,59.696119267998,2.34247902285427,2.51617360628613,3.10036505228416,2.52216197522974,2.24907968741941,59.1007271880048,12.0792676732441,83.8978336438179,85.3794343887881,75.2703347295162,78.9752960793896,77.5755995950154,63.4137560507295,62.2568028405036,60.8208348694833,58.9436091439338,59.6961192820465,2.3424790222856,2.51617360630945,3.10036504953982,2.52216196821388,2.24907968489626,59.1007271981162,12.0792676835967
85.7351048998502,-184476.53,-269100.74,-256563.82,-175073.84,-178208.07,85.9275131534995,85.9365726744723,85.0495252671107,77.5331622483239,80.9612484293438,62.934874570743,62.0730560811299,61.9024736799881,61.6411072668962,62.1152563319854,1.91715331941857,2.69454218280384,2.64852618707023,2.63236274813933,2.25950288298546,59.6681798336396,12.1520873204174,86.8289833495976,87.8177999903313,74.5333172495762,81.0235364041555,82.5140851035634,63.6093297494589,59.1050772188361,55.0003668860337,60.149320435125,61.6917966146162,2.24959841126963,2.49576556260284,2.71788677083074,1.60331571475717,1.87024106339951,60.5816586607558,13.076887923971,84.025456097181,85.7927909604936,75.3088256324461,80.1356692376065,79.1381166371455,63.459621655815,62.3255137529509,61.1397192473836,59.5455384420774,60.6511262433744,2.33058193668617,2.48326467273598,3.05147335535443,2.44343876718415,2.17216531998401,59.4244191006946,11.6117520132405,84.0254561190088,85.79279097626,75.3088256264082,80.1356692445193,79.1381166634303,63.4596216569806,62.3255137278771,61.1397191995836,59.5455384467783,60.6511262514769,2.33058193605564,2.48326467283331,3.05147335275717,2.44343876064308,2.17216531763328,59.4244191097047,11.6117520246478
85.6932212883522,-184476.53,-269100.74,-256563.82,-175073.84,-178208.07,85.8783135832692,85.8791934923733,85.3648054525183,78.7217384656872,81.9872303651482,62.9484131448633,62.0916792079124,61.9832572555496,61.9158994083224,62.3126455948489,1.92239881283094,2.70315138109259,2.62196377098362,2.48923325885117,2.16434420211934,59.9529947586976,11.9010914258777,86.8967298112764,87.8836456491424,74.596015947386,81.3910395629834,83.2747981034607,63.6284192260245,59.1477575387021,54.9749140364797,60.1906247190887,61.874356629951,2.2395298648564,2.48177211853766,2.70398384056836,1.58389178117413,1.81868390763077,60.7462394619456,12.8160196363087,84.0874629583212,86.0865400679338,75.3322327818316,81.0739046028458,80.5694731487265,63.4841719849874,62.3710681005442,61.3479477070215,60.0577944700994,61.4334499864261,2.3229355166124,2.46122395692613,3.01967610771713,2.36637798263985,2.10484227563045,59.7216324442482,11.2650185279938,84.0874629801455,86.086540081895,75.3322327761121,81.0739046053095,80.5694731697433,63.484171986108,62.3710680755034,61.3479476575114,60.0577944711313,61.4334499898514,2.32293551596445,2.46122395708576,3.01967610526462,2.36637797656096,2.10484227340737,59.721632452208,11.265018540043
85.6580593167502,-184476.53,-269100.74,-256563.82,-175073.84,-178208.07,85.8206743853019,85.818675325267,85.5293502456813,79.8012418112082,82.815841561389,62.9567090298083,62.1035380082096,62.033795852852,62.130109987697,62.4547841638616,1.92794262481384,2.711401213121,2.60924135932155,2.36734431853614,2.09137338230154,60.2240955408441,11.7073028980941,86.926786642522,87.9216223808329,74.607689042603,81.6978065493252,83.8818757246246,63.6371619559491,59.1734874658326,54.9424024294461,60.2278527839017,62.0368406352352,2.23474236846518,2.4734829106413,2.69913189157641,1.5661021144007,1.77312380668175,60.8921960396078,12.6062490119128,84.1147183641967,86.2988214094482,75.3446304544406,81.8279932348743,81.8311484910029,63.4968485688203,62.4022185633133,61.4798798357487,60.491855789058,62.0363390878234,2.31802186133455,2.44602338085464,2.99971070807942,2.29498712055456,2.04840092003878,59.9948976599772,11.0170644168339,84.1147183860024,86.2988214220319,75.3446304487261,81.8279932338648,81.8311485069049,63.4968485699084,62.4022185382766,61.479879785055,60.4918557870108,62.0363390878273,2.31802186068877,2.44602338106757,2.99971070574863,2.29498711490256,2.04840091790419,59.9948976669351,11.017064429157
85.6401553573205,-184476.53,-269100.74,-256563.82,-175073.84,-178208.07,85.7675244424777,85.7653175332958,85.6019201384573,80.7546252600897,83.469047522186,62.9620330790303,62.1114507267674,62.0651793676478,62.2965343519276,62.5575337312723,1.93288592991139,2.71842454414487,2.60467551046793,2.26641280144489,2.03632189914463,60.4769643779417,11.5587206851137,86.9351686074164,87.9423373104226,74.5929273394371,81.9536636042419,84.3633145451616,63.64009948735,59.1882994092881,54.9064321966102,60.2616477159817,62.1782104106293,2.23282187500745,2.46880903770903,2.69898513990854,1.5501028166009,1.73389267934966,61.0217464418291,12.4364585840728,84.1223865529641,86.4527901525704,75.3507157565716,82.4349518074436,82.9082626389992,63.5025788478776,62.4236620349597,61.5615629947188,60.8604170346801,62.4742628317771,2.3148575183364,2.43547100404979,2.98746792917453,2.23137303339935,2.00276221551181,60.2456739704641,10.8464532610928,84.1223865747548,86.4527901641099,75.350715750701,82.4349518037151,82.9082626502715,63.502578848943,62.4236620098953,61.5615629431614,60.8604170300414,62.4742628294836,2.31485751770087,2.43547100430806,2.98746792693965,2.23137302812154,2.00276221342887,60.2456739764764,10.8464532734106
85.6283289959813,-184476.53,-269100.74,-256563.82,-175073.84,-178208.07,85.724177535848,85.7230370508382,85.6204502055962,81.5748818897108,83.968773077911,62.9656694998051,62.1170397132209,62.0842879678995,62.4252731008905,62.6313698795798,1.93687623596909,2.72393710679334,2.60473953496841,2.18456961632109,1.99567740651932,60.708447362918,11.4457999005713,86.9358143544994,87.9538282782909,74.5636983415613,82.1673726862201,84.7441363448481,63.6406206265876,59.1969181983478,54.8687557461687,60.2925201050813,62.2996842758726,2.23232834419278,2.46613745511701,2.70142866939321,1.53592320960389,1.70061261889097,61.1365731623012,12.2987382957018,84.1223082319666,86.5666617485166,75.3535832531256,82.9255758487009,83.8036525419649,63.5049909464863,62.4391187066627,61.6107368912073,61.1747150291376,62.7739691810976,2.3128552356386,2.42783210094512,2.98015693180988,2.17614990338502,1.9669441372114,60.4749829491959,10.7346861044577,84.1223082537493,86.5666617592563,75.3535832470101,82.9255758428308,83.8036525492463,63.5049909475364,62.439118681561,61.6107368390095,61.1747150223075,62.7739691774256,2.31285523501514,2.42783210124168,2.98015692965191,2.17614989842826,1.96694413514941,60.4749829543181,10.7346861165669
85.6184292890271,-184476.53,-269100.74,-256563.82,-175073.84,-178208.07,85.6913605495072,85.6916862946548,85.6109081094833,82.2666091735476,84.3416905583134,62.9683350065531,62.1212171263891,62.0958103640227,62.5247922731879,62.6841799003355,1.9399007098679,2.72804294355638,2.60707282383268,2.11903766181369,1.96618042346508,60.9174558064737,11.3602345625357,86.9329180123233,87.9599839982285,74.5285195116869,82.3464278062972,85.0453473630713,63.6401056507057,59.2018176457334,54.830620299194,60.3208970324507,62.4034724141214,2.23240581946732,2.46465091585603,2.70495726090193,1.52348508811743,1.67260376450931,61.2381839048639,12.1860371324279,84.1190486020631,86.6515641934844,75.3549111381166,83.3243817691842,84.5322167778597,63.5057138303656,62.450456591844,61.6396397417823,61.4441463050798,62.9666787488947,2.31159907536719,2.4222132304168,2.97588637715225,2.12900286331841,1.93947917186183,60.6837902657615,10.6663483506229,84.1190486238373,86.6515642036092,75.3549111317218,83.3243817616166,84.5322167818304,63.5057138314055,62.4504565667055,61.6396396890929,61.4441462963879,62.9666787445365,2.31159907475438,2.42221323074519,2.97588637505576,2.12900285863281,1.93947916979671,60.6837902700515,10.6663483623825
85.6136722682172,-184476.53,-269100.74,-256563.82,-175073.84,-178208.07,85.6673519454568,85.669059625487,85.5891526362179,82.8386784901076,84.6126225168509,62.9703505495023,62.1243969062193,62.1026982795931,62.6014873542367,62.7215739101574,1.94212497995351,2.73103305226707,2.61025233315675,2.06716699188262,1.94520482968926,61.1039255611985,11.2957821869492,86.9282481546324,87.9628545866563,74.4909525277918,82.4970258498434,85.2837916074571,63.6390907402436,59.2043846645652,54.7925478489413,60.3471190107031,62.4919644997813,2.23274710676548,2.46390234709054,2.7089415261358,1.51266178597646,1.64913083125461,61.3280387331564,12.0929759521861,84.1143827661896,86.7149050735414,75.3555242614549,83.6502188877099,85.1148872976726,63.5055205661556,62.4587709018861,61.6561288738046,61.6762646841981,63.0819092060124,2.31081228615351,2.41808059141146,2.97346077008492,2.08914695895947,1.91878765672947,60.8731142648344,10.6294244681252,84.1143827879583,86.7149050831958,75.3555242547664,83.6502188787886,85.1148872989793,63.5055205671889,62.4587708767094,61.6561288207064,61.6762646739155,63.0819092014484,2.31081228554958,2.41808059176594,2.97346076803854,2.08914695449965,1.91878765464334,60.8731142683538,10.6294244794475
85.6104381701738,-193362.77,-299798.66,-284030.38,-181536.56,-185478.63,85.6457394550829,85.648131578885,85.5654848028104,83.3338074539726,84.8199125948135,62.834682962052,61.7636271302664,61.7347842867675,62.4972701669253,62.5753477147244,2.02549882921681,2.99928675729318,2.84795107095,2.08181959369869,1.99239068231689,61.2755172235997,11.9469469334756,86.924155996106,87.9641718580695,74.4524956929729,82.624193206795,85.47274788786,63.6381116290862,59.2057391872252,54.7547583645025,60.3714637127961,62.5674516345697,2.23315137507142,2.46352421697661,2.71311672920015,1.5032999880928,1.629491323453,61.4074469452354,12.0156796682428,84.1101680925477,86.7627662735288,75.3558065163377,83.9175245120034,85.5744268736867,63.5050671708364,62.4650569935774,61.6650785519877,61.877114048855,63.1442841292494,2.31033118735786,2.41495639865745,2.97214800350524,2.05562950622349,1.90340091493012,61.0440514130807,10.6148887670601,84.1101681214761,86.7627662858795,75.3558065070515,83.9175244987076,85.5744268726414,63.5050671722042,62.465056960071,61.6650784809481,61.8771140333766,63.1442841233195,2.31033118656443,2.41495639915674,2.97214800084234,2.05562950054542,1.90340091211427,61.0440514168165,10.6148887814606
85.6196760021475,-193362.77,-299798.66,-284030.38,-181536.56,-185478.63,85.6300758283872,85.6336904443061,85.5413534253264,83.7262150107709,84.9583522151917,62.8359917830791,61.7658693199377,61.7385131988708,62.5483790826771,62.5963240884894,2.02700701322294,3.00138322320981,2.85128448582033,2.04826931969307,1.98192505385329,61.3989904347449,11.9098690957994,87.0455870707763,87.993969150004,74.0683560418734,82.7965700752716,85.7184388153037,63.5554944669944,58.9935941624507,54.6786982216103,60.3853019793871,62.5386554696614,2.35204652930097,2.50258133199939,2.77938791808717,1.50913330218658,1.63550380536364,61.4776362316223,11.9508960717737,84.0462646440258,86.8197800196091,74.0707493581646,84.1013026303016,85.9578896154488,63.459761865653,62.2684514653552,60.8931394427626,61.9720538396668,62.9094712031732,2.33468516951631,2.49511375598305,3.17923165283435,2.03779792162691,1.89975925465122,61.1977866050506,10.6159616971116,84.0462646748683,86.8197800316835,74.07074935814,84.1013026168848,85.9578896129865,63.4597618666374,62.2684514316794,60.8931393788585,61.97205382335,62.90947119936,2.33468516969483,2.49511375605984,3.1792316487227,2.03779791619057,1.89975925193385,61.1977866079283,10.6159617108389
85.6182633021005,-193362.77,-299798.66,-284030.38,-181536.56,-185478.63,85.6262836502635,85.6316859998116,85.5203206968985,84.0317048978783,85.048441910672,62.837693793538,61.7686487544293,61.7409237134102,62.5868024883749,62.6103545013615,2.02749571212265,3.00198491753662,2.85409546353421,2.02276096951532,1.97520684320416,61.4931192085298,11.8815439059129,86.902832021826,88.0184097200882,74.0433732479704,82.9319963837903,85.929567290002,63.5283317628978,58.8607573451821,54.6550406004557,60.3973576061561,62.5449968458005,2.35795213782643,2.52654346335169,2.78217293417055,1.5119771243096,1.63204627001915,61.494595597227,12.2053248141439,84.0093287306898,86.8409963134548,73.7985070279268,84.2316105848114,86.2048552988702,63.4311313157802,62.1571973203621,60.7135810610073,62.0679001449032,62.8320605039628,2.35077457203176,2.54059759472095,3.22541524093249,2.01814495827105,1.89508076149219,61.3110588754687,10.7737046866654,84.0093287604428,86.8409963255617,73.7985070304447,84.2316105714478,86.2048552960395,63.4311313167796,62.1571972864658,60.7135809987092,62.0679001277255,62.832060501011,2.35077457210557,2.54059759457644,3.22541523637477,2.01814495306628,1.89508075878749,61.311058877356,10.7737047013863
85.6173002619577,-193362.77,-299798.66,-284030.38,-181536.56,-185478.63,85.6272087893772,85.6336645580582,85.5044863500195,84.2687390730206,85.1061264878505,62.8393069997289,61.7711595740862,61.7427047148348,62.6158091328525,62.6197070612384,2.02755693114411,3.0020518778464,2.85621129333408,2.00332757316775,1.97096135931857,61.5729040045463,11.8601090348109,86.829926890957,88.0362970298305,73.953420785788,83.0424380615156,86.1056816246349,63.5088750601367,58.777593681395,54.6220934162038,60.4067155170627,62.5613675783206,2.36751401769141,2.54132429582011,2.79645774762275,1.51405071365348,1.62600771848983,61.5219490260762,12.3578946951521,83.9860501292858,86.8437125123414,73.7210805005463,84.3420060082566,86.3840255460844,63.4126460862582,62.0934651326433,60.6508600216498,62.1575731177557,62.7902118092867,2.36127799749458,2.56675973670501,3.24023208856392,2.00041967355419,1.89123319436501,61.4184388099841,10.9616558763927,83.9860501585277,86.8437125246041,73.7210805029353,84.3420059948939,86.3840255432223,63.4126460872476,62.0934650985482,60.6508599596596,62.1575730997527,62.7902118069336,2.3612779975587,2.56675973644347,3.24023208400086,2.00041966855316,1.89123319163786,61.4184388110484,10.9616558907494
85.6166633429555,-193362.77,-299798.66,-284030.38,-181536.56,-185478.63,85.6285380438493,85.6353182585019,85.493938971227,84.449949091455,85.1413396428864,62.8405458297277,61.7730202959695,61.744134455907,62.6374945445792,62.6257567885121,2.02754888564515,3.00207792265995,2.85765169192758,1.98867630856434,1.96840846119481,61.6428357064557,11.8443632699918,86.7816282748321,88.049020292651,73.8859973620772,83.1316679516149,86.2513079688677,63.4966042980326,58.7257115071832,54.5925799958702,60.4141104621607,62.5835402189066,2.3731230573555,2.55041181977929,2.80677218218311,1.51524722164989,1.61862218688861,61.5451316049765,12.4475090634155,83.9713864471162,86.8382640234077,73.6980210964299,84.4375288367106,86.5161745585792,63.4007444723252,62.0566595268685,60.6233071771954,62.2395632562207,62.7609181299457,2.36810628180929,2.58194776003927,3.24592558470507,1.98495052480706,1.88834528604401,61.5125850921536,11.1370231410996,83.9713864760117,86.838264035857,73.6980210983627,84.4375288232834,86.5161745558558,63.4007444733109,62.0566594926191,60.6233071151863,62.239563237451,62.7609181281218,2.36810628186087,2.58194775971501,3.24592558018961,1.98495051997748,1.88834528327066,61.5125850924882,11.1370231545743
85.6162218217152,-193362.77,-299798.66,-284030.38,-181536.56,-185478.63,85.629034886839,85.635800468297,85.4874640111177,84.5865991329239,85.1616068305221,62.8413955736813,61.7742693992906,61.7453022479471,62.6535558525621,62.6295485532906,2.02758028529768,3.002174407421,2.85857158809491,1.97774248810459,1.96696916251401,61.7042076018315,11.8330379314322,86.7509199143221,88.0579039881979,73.8339668234589,83.2038189950637,86.3702876289042,63.4887512989154,58.6934377436134,54.5654576664149,60.419828385876,62.607131123155,2.37674933563643,2.55598202704003,2.81437753580916,1.51586297640536,1.61109559411622,61.5667075871091,12.4913200336251,83.9621483759106,86.829880438073,73.6913173914658,84.5200642512257,86.6134120970767,63.3930955330617,62.0351764914348,60.6085728025164,62.313782293205,62.7379229531356,2.37253239799233,2.59087163116993,3.24855132951552,1.97155584620738,1.88626597227899,61.5946285650416,11.2890505260845,83.9621484045849,86.8298804506996,73.6913173929325,84.5200642376921,86.6134120945769,63.3930955340453,62.0351764570749,60.6085727403808,62.3137822737313,62.7379229517908,2.37253239803569,2.5908716308112,3.24855132505132,1.97155584152192,1.88626596944968,61.5946285647545,11.2890505384463
85.6159368932479,-193362.77,-299798.66,-284030.38,-181536.56,-185478.63,85.62881112643,85.6354890200054,85.4836104417038,84.688373662123,85.172363591138,62.8419476389998,61.7750747472485,61.7462269309674,62.6653476234535,62.6318456117485,2.02764931844701,3.00231492539694,2.85914700857641,1.96966173099204,1.96623093754138,61.7575872427682,11.8250039209538,86.731312848573,88.0640247064346,73.7928844854166,83.2621532747839,86.4665956144485,63.4837422861385,58.6734101935574,54.5400767363655,60.424131274344,62.6298734675389,2.37905874511723,2.5593867090376,2.82005937358913,1.51609727649231,1.60403153719325,61.5870660614711,12.5070020271726,83.9563175459082,86.8210954693635,73.6895791269397,84.5910966582764,86.684447322462,63.3881835785121,62.0224637650726,60.5995359208183,62.3806711267175,62.719279872472,2.37539534066931,2.59619559140277,3.24998507474269,1.95996775309502,1.88480569814544,61.6664261464698,11.4166956365994,83.9563175744406,86.8210954821432,73.6895791280019,84.5910966446122,86.6844473202221,63.3881835794947,62.0224637306377,60.5995358585152,62.3806711066004,62.7192798715528,2.37539534070697,2.5961955910243,3.24998507032221,1.95996774853116,1.88480569525854,61.6664261456539,11.4166956478099
85.6157323517278,-193362.77,-299798.66,-284030.38,-181536.56,-185478.63,85.6282334973281,85.6348499923345,85.481249603843,84.7633548296282,85.1773437864471,62.8422985047156,61.7755886547759,61.7469231826594,62.6739360061385,62.6331819529337,2.02773194230619,3.00246000426191,2.85951527975861,1.96374164189783,1.96591313203753,61.8035429187575,11.8193620002621,86.7188149120091,88.0682030226172,73.7589658265323,83.3092779213381,86.5439812840826,63.4805490639915,58.6610103286269,54.5158847349553,60.4272510218038,62.6506928053546,2.38053125092627,2.56146148425109,2.8244866405872,1.51608497197756,1.597697348729,61.6063544895044,12.5064095058682,83.9526344890683,86.8130428480314,73.689299128217,84.6520632261549,86.7359220705425,63.3850315528015,62.0148141699847,60.5935795908253,62.4408530631758,62.7041728642336,2.37724438894851,2.59943041833474,3.2508656276437,1.9499295153551,1.88379860394456,61.7294441733625,11.5221525539068,83.9526345175099,86.8130428609368,73.6892991289333,84.6520632123486,86.735922068569,63.3850315537836,62.0148141355013,60.593579528335,62.4408530424722,62.7041728636837,2.3772443889823,2.59943041794435,3.25086562325972,1.94992951089436,1.8837986010029,61.7294441720969,11.5221525640269
85.6155971329481,-193362.77,-299798.66,-284030.38,-181536.56,-185478.63,85.6275680416818,85.6341622604762,85.4796780014753,84.8181007659534,85.1789909551767,62.8425198416462,61.775916731778,61.7474200877306,62.6801485201535,62.6339174121971,2.02781086149998,3.00258783954096,2.85976451557297,1.95943649653676,1.96583363167089,61.8427478605009,11.8154333448216,86.7108438753959,88.0710327094395,73.7297096424968,83.3472838184785,86.605800865934,63.4785129679087,58.6533486038626,54.492516637343,60.4293916114901,62.6692011211821,2.38146980777808,2.56272228497835,2.82810145365894,1.51591373374896,1.59217003027012,61.6245994056389,12.4969690584332,83.9502998282265,86.8061305046153,73.6894010798955,84.7043258027424,86.7729307311914,63.3830083567012,62.010117772432,60.5895392089929,62.4949843315082,62.6920563382157,2.37843719902101,2.6014386496524,3.25144120749161,1.94121649241509,1.88311482790215,61.7848042256402,11.6085920642721,83.95029985661,86.8061305176208,73.68940108031,84.7043257887895,86.772930729473,63.3830083576832,62.0101177379182,60.5895391463042,62.4949843102701,62.6920563379807,2.37843719905219,2.60143864925433,3.2514412031389,1.94121648804219,1.88311482491069,61.784804223993,11.6085920734063
85.6155080572898,-193362.77,-299798.66,-284030.38,-181536.56,-185478.63,85.6269487440288,85.633546691694,85.4785194007844,84.8577936181848,85.1788338048415,62.8426589343168,61.7761262901296,61.7477568812276,62.6846180399937,62.6342870955742,2.02787835854062,3.00269168633817,2.85994472365655,1.9563238218198,1.96587957038253,61.875942078823,11.8127181607377,86.7057611823454,88.0729379923086,73.7034880150998,83.3778577339838,86.6549509032747,63.4772147166081,58.6486244174762,54.4697349322504,60.4307287464332,62.6853781392185,2.38206820892152,2.56348598039013,2.83119157163946,1.51564029287893,1.5874271018999,61.6417966087655,12.4831384032338,83.9488175275687,86.8004196113494,73.6895662165547,84.7491172962702,86.7993412467133,63.3817098243388,62.0071688089466,60.586777823271,62.5436905811925,62.6824498950073,2.37920604265584,2.60271514221816,3.25182747930766,1.93363721075037,1.88265780605972,61.8334115486804,11.6792637348451,83.9488175559151,86.8004196244332,73.6895662166979,84.7491172821712,86.7993412452287,63.3817098253208,62.0071687744147,60.5867777603767,62.5436905594674,62.6824498950374,2.37920604268527,2.60271514181481,3.25182747498276,1.9336372064526,1.88265780302421,61.8334115467102,11.6792637431104
85.6154488224667,-193362.77,-299798.66,-284030.38,-181536.56,-185478.63,85.6264241279727,85.6330378260417,85.4775956165338,84.8864299605128,85.1777889844753,62.8427457937552,61.7762596111381,61.7479739994603,62.6878211696321,62.6344407187568,2.0279327833751,3.00277251403964,2.86008222766271,1.95408243812235,1.96598407995497,61.9038804279857,11.8108540431548,86.7025200458203,88.0742147169773,73.6792608955774,83.4023665467652,86.6938717345497,63.4763869006459,58.6457176996462,54.4473879150062,60.4314113991904,62.6993878310914,2.38244973445042,2.5639469506988,2.83394084169683,1.51530126319556,1.58339845427857,61.6579408479208,12.4675135078375,83.9478749450255,86.7958131676117,73.6897100555052,84.7875191069209,86.8180541668315,63.380876378467,62.005271497042,60.5848935604048,62.5875436577257,62.6749108004217,2.37970130145563,2.6035469464947,3.2520887368595,1.92702964124358,1.88235770553441,61.8760363011539,11.7371239700272,83.9478749733482,86.795813180756,73.6897100553978,84.787519092679,86.8180541655546,63.380876379449,62.0052714624997,60.5848934973002,62.5875436355567,62.6749108006734,2.37970130148389,2.60354694608754,3.25208873256019,1.92702963701027,1.88235770246057,61.8760362989115,11.7371239775369
85.6154092632357,-193362.77,-299798.66,-284030.38,-181536.56,-185478.63,85.6259998178146,85.6326324112006,85.4768296380876,84.9070267848154,85.1763831329953,62.8427993447518,61.7763435180842,61.7481068150572,62.6901114551687,62.6344715286769,2.02797531779878,3.00283410459212,2.86019056155359,1.95247229173728,1.96610937782192,61.9272908988863,11.8095816535037,86.7004527232119,88.0750666649274,73.6563636731841,83.4219214320569,86.7245848793954,63.4758589334248,58.6439331469679,54.4253786684838,60.4315643143732,62.7114739774763,2.38269303241807,2.56422414164405,2.83646674767225,1.51492032273336,1.57999548343379,61.6730385819162,12.4515537727022,83.9472744922942,86.7921558052039,73.6898180865992,84.8204617759053,86.8312191782912,63.3803413511233,62.0040198236004,60.5836139922765,62.6270561406678,62.6690426459287,2.38002017050805,2.60410268215272,3.25226538133576,1.92125681348483,1.8821649191441,61.9133558936056,11.7847033601736,83.9472745206018,86.7921558183945,73.6898180862552,84.8204617615258,86.8312191771948,63.3803413521054,62.0040197890527,60.5836139289588,62.6270561180942,62.669042646365,2.38002017053553,2.6041026817427,3.2522653770606,1.92125680930696,1.88216491603726,61.9133558911347,11.78470336703
81.2544936217315,-185760.34,-273535.72,-260531.96,-176007.52,-179258.46,85.4633011184281,85.4420759654654,85.4708749031616,84.9195077525807,85.1730453128114,62.943705656643,62.0612011307919,62.0609216063768,62.82029498052,62.7762310684443,1.97104686414326,2.79548925908494,2.65928569329804,1.90308838199111,1.91248461752935,61.9500164024347,11.2413948160467,86.6991336340617,88.0756330473259,73.6343721654018,83.4374276940137,86.7487447130302,63.475522088354,58.6428400339279,54.4036453501905,60.431290988825,62.7219025494648,2.3828482339007,2.56439012956258,2.83884427384078,1.51451283994287,1.57712686085231,61.6871114162576,12.4360369628019,83.946891275888,86.789283070548,73.6898946113801,84.8487380854416,86.8404134944591,63.379997805134,62.0031735799965,60.5827498466906,62.6626836358786,62.6645038561701,2.38022539363967,2.60448292872308,3.25238441116306,1.91620281496336,1.88204465310577,61.9459762948821,11.8240885018711,83.9468912895255,86.7892830769219,73.689894611105,84.8487380784485,86.8404134940049,63.3799978056073,62.0031735633458,60.5827498160728,62.6626836248219,62.6645038564546,2.38022539365266,2.60448292852442,3.25238440911394,1.91620281297296,1.88204465159488,61.9459762935994,11.8240885049034
85.8156816332014,-185760.34,-273535.72,-260531.96,-176007.52,-179258.46,84.7231161511236,84.6281586082148,85.3992061864259,84.9272718726951,85.168456993582,62.8698931533035,61.9532579339426,62.0379616885377,62.8089102201855,62.7630428593607,2.03115018874579,2.88252572336514,2.66483037273733,1.9014407910672,1.91175054687304,61.9891666431508,11.3916976227885,84.92904444188,87.4752180174068,73.9012550427337,83.3988131660099,86.720519556068,63.2169979054622,58.5671891786338,54.4153740240694,60.4373796460546,62.7971634726744,2.36432249578178,2.63050570620295,2.78945114649134,1.50173333840369,1.55867050523306,61.7001952267985,12.4213389590768,82.844302053418,85.9406498657752,74.5199737116714,84.9142650431381,86.8079706253401,63.1337890911462,61.8798793691729,61.0975338199675,62.74760573743,62.880646224008,2.35944491394313,2.66474225519592,3.11628799272479,1.90660709927976,1.87610223067251,61.9744431041017,11.8569577009598,82.8443020658854,85.9406498749523,74.5199737079713,84.9142650340753,86.8079706248172,63.1337890916438,61.8798793493621,61.0975337800063,62.7476057236142,62.8806462235088,2.3594449139723,2.66474225499117,3.11628799077021,1.9066070968585,1.87610222877418,61.9744431024616,11.856957704335
85.7268337640639,-185760.34,-273535.72,-260531.96,-176007.52,-179258.46,84.4655869010737,84.4258948067567,85.1739714705272,84.9319353501612,85.1522747804447,62.8422270535421,61.9228890005497,62.0045452750421,62.8031930519625,62.7550793552277,2.05274195729548,2.90454462089286,2.68689234500966,1.90054882066577,1.91245206869911,62.0296614601451,11.4571798125629,85.9893418633647,87.6894793804328,73.1258689099218,83.3343619447379,86.6104515067973,63.3661253723211,58.7822967226895,54.2753931387172,60.4380406893867,62.8370704801892,2.38213642421038,2.57002305255146,2.92432365140985,1.49695386187592,1.54958269078172,61.7195364371916,12.4474500395034,83.3810896765116,86.1536534089716,74.8911961448872,84.9021984239147,86.6800551254535,63.2802977866524,62.1080189485485,61.1200998857817,62.7921823786749,62.9189155275825,2.34762015709162,2.56857439483176,3.08539539544684,1.90148537851066,1.87862775334417,61.9901578101205,11.9599275587587,83.3810896919842,86.1536534180825,74.8911961344149,84.9021984146139,86.6800551250407,63.2802977871615,62.1080189288196,61.1200998451776,62.7921823647097,62.918915527097,2.34762015729638,2.56857439484035,3.08539539449133,1.9014853761109,1.87862775139221,61.9901578085151,11.9599275616508
85.6703656943937,-185760.34,-273535.72,-260531.96,-176007.52,-179258.46,84.7736882320756,84.8106363179054,84.9191999855946,84.9321463268167,85.1052131173112,62.8724843884126,61.9725351309725,61.9772746077537,62.8051883687227,62.7525612159125,2.02670037380478,2.86192726502747,2.71353658673499,1.90070208283078,1.91626313123653,62.0572278656485,11.4191294396345,86.3734506347501,87.8103642096008,73.4349134522973,83.2922151266926,86.5385512008862,63.4759308924721,58.9143892883309,54.2939782881714,60.4453184251199,62.8852785085491,2.32320719054192,2.5337949059628,2.86753529074175,1.48849270450453,1.53878855368453,61.7277507388969,12.2778640851895,83.6830404969795,86.3256034866935,75.023404010688,84.9160966726363,86.640885114385,63.365234646289,62.2345205661577,61.1846776080395,62.8393577558343,62.9357689395312,2.33889033734107,2.5146417880034,3.06623238631358,1.89873056139574,1.87923126045287,62.0223734310711,11.9080707798249,83.6830405128575,86.3256034954561,75.0234040013132,84.9160966630527,86.640885113781,63.3652346469423,62.2345205465633,61.1846775673727,62.8393577417054,62.9357689392333,2.33889033724851,2.51464178811643,3.06623238514093,1.89873055897464,1.87923125844368,62.0223734293323,11.9080707820073
85.6345574206159,-185760.34,-273535.72,-260531.96,-176007.52,-179258.46,85.1492073229426,85.2075923947853,84.8002003990174,84.9218820103264,85.0211999656798,62.9088810027068,62.023542589903,61.9676316103766,62.807706662122,62.7477512001176,1.99579706599627,2.81922205216171,2.72653307033444,1.9018007416258,1.92307725556362,62.0784885938574,11.3664301856818,86.5975315626111,87.8793962467968,73.6446472447799,83.2707441190855,86.4823959168278,63.5352783969424,58.9950226900529,54.298427440761,60.4532474929328,62.9143394339879,2.29435060776947,2.51208664753913,2.82833038320203,1.48188940300304,1.53329948227208,61.7730068987779,12.0468816961911,83.8527351822698,86.4592739933441,75.0700682230179,84.9405397442413,86.6488314173146,63.4147149083039,62.3061857054146,61.2572096595138,62.8859852648056,62.9504181986587,2.33254618679222,2.48367849483615,3.05228955287441,1.89658194833433,1.87852471597245,62.0599287819501,11.7999715981995,83.8527351984157,86.4592740016978,75.070068214633,84.9405397344189,86.6488314163356,63.4147149090131,62.3061856859371,61.2572096185797,62.8859852504954,62.9504181984465,2.33254618656754,2.48367849500325,3.052289551557,1.89658194589496,1.8785247139417,62.0599287802623,11.799971599652
85.6127784809861,-185760.34,-273535.72,-260531.96,-176007.52,-179258.46,85.3982759993534,85.4465386964948,84.8270872363298,84.8959921148928,84.9220306395158,62.9326283367626,62.0540431625519,61.9742682020977,62.8079294937093,62.7403948812133,1.97578003017642,2.79410054277874,2.72411704611422,1.90404906935224,1.93103715121559,62.1009454858643,11.3290838396372,86.721998065972,87.9189073889078,73.7622630496412,83.2621613645464,86.438763434709,63.5686052483989,59.0439836146958,54.2897963873906,60.4615747837798,62.9317748358842,2.27789772239925,2.49911074558018,2.80543802035863,1.47678493098633,1.53093402600325,61.8140635480584,11.8846306093072,83.9474791725151,86.5613718921363,75.0868619620772,84.9679603862578,86.6806185544369,63.4435201060505,62.3478163350353,61.3227620244529,62.9303608010364,62.9656380591437,2.32803289390235,2.46541556177343,3.04157783081878,1.89448476558496,1.87710301060316,62.0970915721452,11.681497357754,83.9474791888033,86.5613719001059,75.086861954301,84.9679603762437,86.6806185530171,63.4435201067848,62.3478163156397,61.322761983165,62.9303607865431,62.9656380589449,2.32803289360802,2.46541556197124,3.04157782943249,1.8944847631328,1.87710300857093,62.0970915704837,11.6814973589466
85.5991510895228,-185760.34,-273535.72,-260531.96,-176007.52,-179258.46,85.5267009615233,85.5584063106136,84.9378528873861,84.8541353166656,84.8343277655739,62.9449244587946,62.0685777009941,61.9896571795628,62.8057130795225,62.7331753948607,1.96561940161629,2.78252283380104,2.71279514413816,1.90747231821463,1.93806920134961,62.1243480243093,11.3064788991198,86.7922327439829,87.9415265753058,73.8176321310017,83.2613417477207,86.4050817906544,63.5873971004524,59.0736128268424,54.2724435458998,60.4702362813308,62.9431004837252,2.26863002185917,2.49136853901196,2.79357802985305,1.47275892703009,1.53013114718234,61.8479563500579,11.782948921421,84.0000020470444,86.6389098260878,75.0931730087323,84.9946667715352,86.7228991009412,63.4602654917992,62.3727675115368,61.3755274366811,62.9716699673694,62.980377010992,2.3248912055033,2.45428506504235,3.03349209723359,1.89232395201641,1.87539096674799,62.1313127619309,11.5727540638021,84.0000020634161,86.6389098337254,75.0931730012534,84.9946667613722,86.7228990990777,63.4602654925446,62.3727674921928,61.3755273950337,62.9716699527028,62.9803770107734,2.32489120517343,2.45428506525978,3.03349209582691,1.89232394955638,1.87539096472363,62.1313127602695,11.5727540650345
85.5893833120913,-185760.34,-273535.72,-260531.96,-176007.52,-179258.46,85.5799497052486,85.5989182606104,85.0708062738807,84.8016076676517,84.7768281820046,62.9502299867398,62.0742253965887,62.0067205924374,62.8018082425674,62.7283871847332,1.96145504976901,2.77839905694588,2.69916417857408,1.91168811428821,1.94270255794117,62.145887590038,11.2934089575183,86.8317146531587,87.9543770557305,73.8370277185671,83.2650834867395,86.3792056216261,63.5979862399009,59.091459826302,54.2502005266237,60.4791797236301,62.9516459761554,2.26339043620211,2.48677117335946,2.78810609411318,1.46949506729451,1.52996349322011,61.8757020380153,11.7217119498867,84.0287144301359,86.6976398249203,75.0956915653777,85.0189494115363,86.7680134767384,63.469940252881,62.3882299461769,61.4149829464155,63.0096252653715,62.9934778288065,2.32274498771547,2.44726676224903,3.0276097825502,1.89012576417605,1.87364973062243,62.1616590962099,11.4812445131807,84.028714446556,86.6976398322823,75.0956915580044,85.0189494012621,86.7680134744608,63.4699402536311,62.3882299268643,61.414982904444,63.0096252505481,62.9934778285615,2.32274498736777,2.44726676248044,3.02760978114718,1.89012576171198,1.87364972860911,62.1616590945347,11.4812445145894
85.5832542678829,-185760.34,-273535.72,-260531.96,-176007.52,-179258.46,85.5966460900027,85.608095121085,85.1884289980117,84.7473483046082,84.7549085850777,62.9521414241784,62.0759335044236,62.02139408404,62.7973378609278,62.7269325889327,1.96017438543122,2.77751723505341,2.6871696837376,1.91602437664292,1.9445074178177,62.1638847243983,11.2853930986829,86.8533349949607,87.9614379299007,73.836047633803,83.2714467054072,86.3593716001852,63.6038327053596,59.1020782629446,54.2253410403597,60.4883343453801,62.9591612618864,2.26046515912799,2.48408582188521,2.78626490307188,1.4667877541901,1.52995173557329,61.898767093332,11.6850652239977,84.0437969002087,86.7418921269435,75.0967651839278,85.0401232161139,86.8116698551217,63.4754087538604,62.3980842902656,61.4430017561857,63.0442276551641,63.0043678842222,2.3212993852402,2.44271685133539,3.02348575493302,1.88794848041645,1.87202300913793,62.1880064542902,11.408401851413,84.0437969166577,86.7418921340836,75.0967651765466,85.0401232057588,86.8116698524736,63.4754087546123,62.3980842709684,61.4430017139282,63.0442276402001,63.0043678839576,2.32129938488403,2.4427168515776,3.02348575354416,1.88794847795067,1.87202300713519,62.1880064525968,11.4084018530328
85.5794158086959,-185760.34,-273535.72,-260531.96,-176007.52,-179258.46,85.597802899472,85.6055837531876,85.277029123025,84.7000714746421,84.7642891757787,62.952595951634,62.0761362714532,62.0323780877099,62.7933368451382,62.7285730723956,1.96011359573661,2.77783762321993,2.67819696618953,1.91980940057658,1.94382440411992,62.1782180830965,11.2797819898426,86.8650375836036,87.9652177032717,73.8234752370599,83.2792502709782,86.3441673468849,63.6070115770095,59.1083488865594,54.199144534082,60.4976265482804,62.9664914307458,2.25886499495286,2.48253331739762,2.78650170090279,1.46450232239192,1.52987117387148,61.9183014367522,11.6628658896302,84.0514371353223,86.7752997319252,75.0972512929615,85.0580282890209,86.8516001808982,63.4784534199694,62.4045930186288,61.4620964726295,63.0756231059461,63.0129582849377,2.32034102263834,2.43966444996973,3.0206935256677,1.88584571577015,1.87057976798774,62.2106036241488,11.3528901958976,84.0514371517894,86.7752997388894,75.0972512855065,85.0580282786103,86.8516001779283,63.4784534207218,62.404592999337,61.4620964301219,63.075623090858,63.0129582846657,2.32034102227855,2.43966445022063,3.02069352429706,1.88584571330417,1.87057976599369,62.210603622438,11.3528901977118
85.5770155321715,-185760.34,-273535.72,-260531.96,-176007.52,-179258.46,85.5941836577662,85.6003978142838,85.3377695320967,84.6654486723285,84.794750083244,62.9525932463343,62.0759728091096,62.0400189515499,62.7904945245932,62.7323524326821,1.96042668426309,2.77843069294842,2.67209289874087,1.92259854780141,1.94147360601685,62.1897185800195,11.2750224297706,86.8712311123326,87.9671646140271,73.8045520335079,83.2877837257636,86.3325102776417,63.6087059161401,59.1120199057546,54.172373727535,60.5069921305918,62.9739989150946,2.25800412289997,2.48164714159467,2.78788980958038,1.46254525178402,1.52963211450874,61.9351487075531,11.648905626243,84.0550978160955,86.8005858418654,75.0974824692545,85.0728046366246,86.8868299785452,63.4801154094687,62.4090403260354,61.4746946191064,63.1040367903788,63.0194619951532,2.31971450788484,2.43755101057891,3.01885795895811,1.88385676356608,1.86934146899103,62.2298592583239,11.3122039258382,84.0550978325737,86.8005858486915,75.0974824616891,85.0728046261798,86.8868299753017,63.4801154102211,62.4090403067433,61.4746945763779,63.1040367751825,63.0194619948871,2.31971450752375,2.43755101083694,3.01885795760663,1.88385676110084,1.86934146700326,62.2298592565995,11.3122039278084
85.5755172107453,-185760.34,-273535.72,-260531.96,-176007.52,-179258.46,85.5898028253911,85.5954946391777,85.3763851492067,84.6458036814676,84.8367355148943,62.9525108794585,62.0758270213793,62.0450811186084,62.7891071517947,62.7373092689638,1.96079893843936,2.77899269370957,2.66825008157586,1.92420455765406,1.93822057855018,62.1991627187771,11.270466849929,86.8744083381595,87.968108289821,73.7822580677238,83.2966222939218,86.3235733536091,63.6095837074085,59.1141468741587,54.1454614411664,60.516377623776,62.9817918621646,2.25755241099997,2.48114944148159,2.78990230165493,1.46084992972037,1.52921500824709,61.9499333904531,11.6395070530362,84.0566911922434,86.8197791818362,75.097596677345,85.084735360855,86.9171490682228,63.4809988301515,62.412172081687,61.4827840123995,63.1297234974296,63.024218144309,2.31931003504074,2.43604707403756,3.01768187201234,1.88200594200902,1.86830320140309,62.2462208929251,11.2835647001818,84.0566912087287,86.8197791885545,75.0975966696496,85.0847353503936,86.91714906475,63.4809988309038,62.4121720623918,61.4827839694721,63.1297234821401,63.0242181440608,2.31931003467942,2.43604707430143,3.0176818706797,1.88200593954502,1.86830319941923,62.2462208911917,11.2835647022642
80.5755203215695,-186699.3,-276779.4,-263434.2,-176690.4,-180026.7,85.3906094409882,85.3624265014233,85.3975243329773,84.6394612212136,84.883141658409,62.919286723792,62.0083861529844,62.0056983926891,62.769900498249,62.7217777898755,1.98526547725199,2.8318893159783,2.6909930120057,1.93053389824508,1.94108687857279,62.206839803194,11.3797685820538,86.8759637505625,87.9685185039973,73.7582804482296,83.3055134924941,86.3167256979369,63.6100199233033,59.1153637468609,54.1186518746547,60.5257403912417,62.9898573021116,2.25732366497423,2.4808757748112,2.79224079680468,1.4593670732476,1.52863294739244,61.963113961531,11.6325595303794,84.0572550620253,86.8343891101303,75.0976547522671,85.094158538494,86.9427749890305,63.4814511233428,62.4144337809573,61.4878541670664,63.1529403479966,63.0275870495495,2.31905188218196,2.43495249728484,3.0169457465025,1.88030517386005,1.86744689809386,62.260116264182,11.2643618829731,84.0572550822793,86.8343891182797,75.097654742643,85.0941585256417,86.942774984532,63.4814511242666,62.4144337572517,61.4878541141147,63.1529403291188,63.0275870492784,2.31905188173841,2.43495249761482,3.01694574488787,1.88030517083538,1.86744689565929,62.2601162620479,11.2643618856188
75.6835952732531,-186699.3,-276779.4,-263434.2,-176690.4,-180026.7,84.0585387512363,83.8704465626581,85.3030423649675,84.6466709456983,84.9260755473288,62.7809101871872,61.8017015129649,61.966483263063,62.7473438286406,62.7018189883998,2.09664066107509,2.996820036606,2.6973659599299,1.92790984351872,1.93559377351611,62.2089506898101,11.6543302746458,85.0415297089861,87.309293361918,73.6985664567537,83.3192215030833,86.318405872292,63.2385290417515,58.7612253974165,54.0877976195874,60.5334181692394,62.988835590714,2.35951906781537,2.60662614040421,2.8009915210775,1.45955282694595,1.53018101683738,61.975029929591,11.6268812694411,82.7110194688453,85.8989255448663,74.9707886259398,85.0961284767887,86.9692448522838,63.1459882746258,62.0367944340756,61.4135138159029,63.1676251009978,63.0033566827013,2.32237714038768,2.60072425877573,3.03712018347765,1.87924006055184,1.86744518297305,62.2719283738707,11.2523397258837,82.7110194850072,85.8989255546471,74.9707886171171,85.096128464466,86.9692448477703,63.1459882752675,62.0367944113599,61.4135137650999,63.1676250827298,63.0033566826006,2.32237714064525,2.60072425881666,3.03712018184012,1.87924005764136,1.86744518063416,62.2719283718117,11.2523397284811
76.2320773578326,-186699.3,-276779.4,-263434.2,-176690.4,-180026.7,81.5852939291371,81.2234386171724,84.7984989590972,84.6623265393087,84.9375977597611,62.4726030864211,61.3613868922772,61.8361733882762,62.6915537289223,62.6429696402571,2.33413189099115,3.32976966648288,2.74132687254285,1.92164056675573,1.92948419618872,62.1918187582156,12.2563531929613,81.7145427660761,85.990379021753,72.8415435147958,83.288659906849,86.2380689225636,62.4979052738458,58.1602801141367,53.9410982433135,60.5347973592612,62.9826628491394,2.62325038649322,2.83711861003032,2.95071772480335,1.46445503259144,1.53253488311338,61.9442715152803,12.0108191234911,80.4218044325639,84.0385795353702,74.9361132374108,85.0147077441848,86.8161065427659,62.4881163382589,61.2708953212737,61.1561853263061,63.1506562407902,62.9360017422915,2.40003329659023,2.93651304910038,3.07684315713923,1.87804500274026,1.87407926319975,62.2387581409656,11.4884848027315,80.4218044414822,84.0385795488354,74.9361132229607,85.0147077322771,86.8161065387781,62.4881163383265,61.2708952998141,61.1561852765305,63.1506562227438,62.9360017426134,2.40003329813017,2.93651304841468,3.07684315626911,1.87804499988698,1.8740792608435,62.2387581389339,11.488484806335
81.232076164859,-186699.3,-276779.4,-263434.2,-176690.4,-180026.7,79.3980972791732,79.0669831759802,83.7563634152503,84.6774000932842,84.8706840372403,62.1263840732046,60.9077007154413,61.6107166759504,62.6191495462334,62.5584000453089,2.58292508025327,3.64199728108131,2.84242049394125,1.91401980067984,1.92795738132606,62.1335067171414,12.9093200372817,79.1403657197183,85.0057640867928,71.0617904295432,83.1713397162427,86.0046287837838,61.8356635726776,57.7772359908429,53.6604853060859,60.5270769211976,62.9796757384861,2.9318606251366,2.99632837298358,3.26360824997058,1.47512580769859,1.53332869410054,61.8063023402384,12.8569399644279,79.0407609462299,82.3690599632548,74.9656907903226,84.7846616976944,86.3421384541832,62.020507855181,60.7500056306872,60.5777075536953,63.0768436197508,62.7644195476468,2.50512581218677,3.16945131347952,3.15813601263146,1.87900485369616,1.8934314129062,62.1194460573648,12.1901311753598,79.0407609469583,82.3690599825364,74.9656907617743,84.7846616858966,86.342138451715,62.0205078538292,60.750005608948,60.5777075031112,63.0768436011049,62.7644195492209,2.50512581530739,3.16945131221352,3.15813601340275,1.87900485074269,1.89343141027285,62.1194460550749,12.1901311802361
84.2450554170819,-186699.3,-276779.4,-263434.2,-176690.4,-180026.7,79.3684248289084,79.3296099982512,82.3517829034066,84.6730141963813,84.6380755125036,62.1077198993798,60.9376490311815,61.3819603183255,62.5949052079627,62.5083353818287,2.58457237991011,3.59592201538951,3.00180127361461,1.91229821075524,1.94386072147588,62.0131540864711,13.0384546011454,80.0208170719147,85.3721159806706,69.408334214965,82.9993000459067,85.6703834771858,61.9410629311031,57.8730218346443,53.3989111283054,60.5180907529972,63.0033729079038,2.96825891958021,2.94625517140497,3.55422381402269,1.48378745202784,1.52709753716616,61.5798563101599,13.6930928177015,79.7724257872673,82.2130261732398,75.0135192799484,84.4434359732888,85.6314455819822,62.2056521578327,60.9414007167879,59.9532015040019,62.9593735826432,62.5148872047714,2.50099313574028,3.09255404865954,3.24471368763208,1.88380733500236,1.92219975323578,61.9570606173822,13.1080992551918,79.7724257892867,82.2130261989235,75.0135192343776,84.4434359615478,85.6314455822988,62.2056521556816,60.9414006918416,59.9532014507148,62.9593735627953,62.5148872087428,2.5009931395392,3.09255404747012,3.24471369014843,1.88380733175016,1.92219975002356,61.9570606143155,13.1080992599479
82.8463156944552,-186699.3,-276779.4,-263434.2,-176690.4,-180026.7,80.7782275892787,80.9328809019491,81.3063082865004,84.608741443409,84.1886682197856,62.321587474663,61.2449346325718,61.2442079111502,62.605269152707,62.475663105319,2.41709980481823,3.35921565625859,3.13761963930311,1.91878480621683,1.98116899939506,61.8919945973063,12.8138889059918,82.4189735103046,86.1897760781371,69.4915012908227,82.8662829126994,85.4038315088329,62.4716843284202,58.1524219689419,53.3904545573905,60.5191671778396,63.0568951654495,2.78194751049874,2.82162948609731,3.5378446283505,1.48215059966573,1.51396636366533,61.4495700488581,13.8287692010727,81.151169081723,83.0153119126309,74.990915305652,84.1526401618561,85.0539007434448,62.6039606869478,61.3473752439488,59.7184981224761,62.8581321666344,62.3320414619295,2.45250396634572,2.91664160978567,3.28027240819694,1.89075570287062,1.94493585192055,61.8727485640926,13.6184880695098,81.1511690914933,83.015311937095,74.9909152632707,84.1526401519428,85.0539007461416,62.6039606859284,61.3473752193269,59.718498073709,62.8581321486091,62.3320414675156,2.45250396888457,2.91664160905346,3.28027241018192,1.8907556997217,1.94493584859928,61.8727485608313,13.6184880711303
80.9999200122869,-186699.3,-276779.4,-263434.2,-176690.4,-180026.7,81.8752616704786,82.0217214519187,80.9127188028617,84.4571412843958,83.5911792029166,62.4689886804859,61.4329682350595,61.1957526813783,62.5998732582217,62.4152063750839,2.29882065668369,3.21224197750425,3.19254188273837,1.9316196454586,2.03141234484149,61.8268354674148,12.6666365072264,82.9326230833997,86.4302319292255,70.714351681662,82.8001289691518,85.2651378850926,62.643532691495,58.2609053076238,53.5479043359616,60.5264464145271,63.0920693443559,2.67382878652285,2.77981882173704,3.31997908762609,1.47631252001059,1.50656970680542,61.4790857398465,13.3959398965246,81.539181118609,83.2653013508663,74.9354498293761,83.9959922257783,84.7846176119781,62.7309372325793,61.4646139588518,59.8463674593866,62.8062606083346,62.2859675131225,2.42660169441142,2.86563423701336,3.26594545997602,1.89760430478033,1.95427573556834,61.8659393379223,13.6571706696529,81.539181128733,83.265301373861,74.9354497987078,83.9959922170898,84.7846176154693,62.7309372319443,61.4646139355753,59.8463674136252,62.8062605917706,62.2859675189792,2.42660169620765,2.86563423638987,3.2659454603686,1.89760430171944,1.95427573231554,61.8659393351117,13.6571706677549
80.6826677381559,-186699.3,-276779.4,-263434.2,-176690.4,-180026.7,81.9254990566351,81.9641460926333,81.0502416722241,84.1852255302786,82.9587996464127,62.4699777293944,61.4170948613376,61.2065762761087,62.5612890898416,62.3234294099605,2.29300158388327,3.21876149541774,3.17215790968195,1.95246265321334,2.0846310060625,61.8221487322373,12.7210146482588,82.3246978101825,86.2609865814646,71.1500808948698,82.7674751105889,85.1800481658713,62.5340100920346,58.209934657729,53.591068911987,60.5313024107793,63.083265170355,2.69176906423432,2.80426918503477,3.24129417871333,1.47435463389403,1.51091961944005,61.5510959947419,13.0864408655348,81.2225187980977,82.9801643916859,74.9105777197988,83.8897781085876,84.6288616040516,62.6570673608099,61.3585507204531,60.0043516340416,62.7725035977773,62.2815698051713,2.42323507189743,2.91244576524659,3.24499436653535,1.90375847255287,1.95895861105583,61.8724695484614,13.5700499141648,81.2225188060388,82.980164415324,74.9105776927048,83.8897781005015,84.6288616080228,62.6570673599233,61.3585506977675,60.0043515878344,62.7725035816297,62.2815698109475,2.4232350738322,2.91244576446719,3.24499436650869,1.90375846945905,1.95895860782775,61.8724695461459,13.5700499106804
80.4626107199178,-186699.3,-276779.4,-263434.2,-176690.4,-180026.7,81.5268381359956,81.4933386469003,81.2523264663446,83.8312480127779,82.4098701554487,62.4095250320997,61.3260714189705,61.2140605387516,62.5019766873164,62.2258449823468,2.33356753515464,3.27937625857795,3.14135167039028,1.97943603750836,2.13124648069771,61.8275534855089,12.8649779823289,81.7811621720055,86.0866301574481,70.9059687298688,82.7333444675483,85.085602957445,62.401720864769,58.149041746238,53.5356077488121,60.5330330320606,63.0615567650284,2.74809107941194,2.83110185003915,3.28282720521116,1.47555420775278,1.51830773485498,61.5778930233399,13.0864891208782,80.9300380549293,82.6583264907137,74.9135853081355,83.7700231224197,84.4456365553266,62.5784289069801,61.2524906313157,60.0431786842403,62.7318635867417,62.2528881858736,2.42869799922472,2.95967063246089,3.23916635494367,1.90953017338698,1.9652190868262,61.8645483365622,13.5489010130842,80.9300380610282,82.65832651528,74.9135852794181,83.7700231149912,84.4456365599124,62.5784289057138,61.2524906090773,60.043178637609,62.7318635709855,62.2528881916683,2.4286980015134,2.9596706315396,3.23916635525653,1.90953017027723,1.96521908362376,61.8645483345081,13.5489010097707
80.0379147242584,-186699.3,-276779.4,-263434.2,-176690.4,-180026.7,81.052725281387,80.9968604299972,81.3077579286553,83.434813889297,81.9932563898307,62.3347073176817,61.223951105837,61.1920190101209,62.4310692835954,62.137603507988,2.38334749465146,3.34478129967752,3.12925318817745,2.01011434427513,2.16649298174552,61.8151056896742,13.0339893085271,81.2768401251403,85.9254541340289,70.571914625815,82.6918524568832,84.9793713932436,62.2793052005635,58.0888746282153,53.467378440105,60.5342086313047,63.04836515136,2.79996350381019,2.85666647275115,3.34028768541561,1.4769002444052,1.52318664732537,61.5661706105085,13.208234659452,80.6806136877584,82.3336648036905,74.9228281142031,83.6357762881652,84.2319535047823,62.5045156978993,61.1540506480272,60.0102549396727,62.6836846719176,62.2019354513442,2.43899880183274,3.00379566982261,3.24323033519786,1.91532425132897,1.9730817826995,61.8469240776053,13.5842436969507,80.6806136919896,82.3336648291802,74.9228280833261,83.6357762814665,84.2319535100865,62.5045156963011,61.1540506262746,60.01025489324,62.6836846566634,62.201935457351,2.43899880439439,3.00379566877848,3.24323033588664,1.91532424821761,1.97308177950674,61.8469240756129,13.5842436942823
75.037927344204,-186699.3,-276779.4,-263434.2,-176690.4,-180026.7,80.3269469616261,80.2242487951056,81.1884168531279,83.0357791342275,81.6861946692005,62.2145490408906,61.0586484645432,61.1258249619436,62.3445818720916,62.0482124961614,2.46303893133695,3.45076888837163,3.13754277038495,2.04047778292042,2.19050675560474,61.7815425558514,13.2823351286187,80.6792671874303,85.7323013332128,70.2403482986044,82.6441441524004,84.8621420786978,62.138674683891,58.0151194501191,53.3998300416311,60.5352466103432,63.0433889561813,2.85624631480607,2.8876268154075,3.3973343271247,1.47796510683323,1.52575648522874,61.5395676257034,13.3472374127568,80.3928032144031,81.9500944400715,74.9313683953069,83.4890102690545,83.9919327447887,62.4139575874975,61.0359871917455,59.9410237310312,62.6286716307163,62.1341282527133,2.4552246124319,3.05665114351741,3.2525870623012,1.9213534149951,1.98225390239766,61.8227985631309,13.6573260605643,80.3928032164078,81.9500944665388,74.9313683624799,83.4890102631422,83.9919327508783,62.4139575855711,61.0359871706059,59.9410236852569,62.6286716160668,62.1341282590762,2.45522461523819,3.05665114233461,3.25258706331412,1.92135341189233,1.98225389920316,61.8227985611489,13.6573260583943
71.0738553667414,-186699.3,-276779.4,-263434.2,-176690.4,-180026.7,78.2837248309963,78.0177754555941,80.7684559577899,82.6625400590995,81.4471612634326,61.8349825126843,60.5352186075132,60.9264136258673,62.1914348652486,61.8901594995093,2.71215515176337,3.78297396212558,3.17241738982168,2.06241567886107,2.19957706890638,61.7250083051653,13.9295392514781,77.4546028092975,84.541365907034,69.8635879828256,82.5891807183424,84.7281827667666,61.4484817678519,57.5878408814992,53.3260271691301,60.5357932476131,63.0436946315045,3.07945438098052,3.07313247616393,3.46239733206356,1.47904177420426,1.52684491257103,61.5026986076677,13.500292424204,78.6222199629504,80.2429178544666,74.9398039501755,83.3248994830832,83.7157647500658,61.8330274222498,60.3198967273213,59.842037327646,62.5649049233557,62.0473296740016,2.57466465930498,3.37023898964157,3.26624630978245,1.92780719986358,1.99309123455764,61.7913472006879,13.7674488763108,78.6222199538142,80.2429178881007,74.9398039104556,83.3248994773264,83.7157647579877,61.8330274192409,60.3198967059437,59.8420372766602,62.5649049074785,62.0473296817979,2.57466466325481,3.3702389873168,3.26624631131728,1.92780719635212,1.9930912309094,61.7913471984293,13.7674488742204
72.2330826033345,-186727.13,-276875.54,-263520.22,-176710.64,-180049.47,75.4613740922726,75.1125004635949,79.7273162196993,82.3236767738425,81.18331060424,61.1509365345751,59.6467333239506,60.4833801375739,61.9357382464469,61.6061147384767,3.11787749179624,4.27777227415958,3.27208499526607,2.07106591864917,2.19758609821851,61.6005819976212,14.9363867780896,73.155345546529,82.6133393437813,68.2341009312916,82.4662112751898,84.4244478564085,60.4534626797215,56.9596029396404,53.07042520855,60.5267502130805,63.0414453843695,3.46474809429952,3.36100019828339,3.7489777174027,1.48671031415828,1.52787811366356,61.3682675082857,14.1076470757556,76.1448102435442,77.63698091445,74.999378580214,82.9984897125325,83.098729857243,60.8959588706514,59.2307446017881,59.426429904606,62.4351913445867,61.8008622390721,2.84408960232181,3.84730258854768,3.32179810795043,1.9369238926428,2.01901548325508,61.6782966279813,14.2528486401476,76.1448102207265,77.6369809524331,74.9993785285766,82.9984897084698,83.0987298673618,60.895958867274,59.2307445844531,59.4264298560924,62.4351913300202,61.8008622485411,2.84408960705912,3.84730258483588,3.32179811121096,1.93692388920645,2.01901547950638,61.6782966256149,14.2528486390393
72.0514112465135,-186727.13,-276875.54,-263520.22,-176710.64,-180049.47,73.4732925704355,73.2326043883613,78.0946828674032,81.9978662422229,80.7853113573745,60.5069742942767,58.886002670314,59.8483613538888,61.6387051503762,61.2463871306334,3.44108406169083,4.61147741944728,3.45098569361192,2.07399334604771,2.20189059425399,61.3479784881293,15.7794311150517,70.8196041656773,81.3091377596815,66.1128727289374,82.2340101285355,83.8404273938735,59.8427577952134,56.5766375781417,52.7437663139682,60.5063813112972,63.0609374946719,3.75626436275111,3.54748980036378,4.12253672114251,1.50011604260085,1.52249042340463,61.0462613614859,15.1183659914611,74.7698149513247,75.5876597070675,75.120991239738,82.4197188602528,81.9768446925859,60.2661467510507,58.6299527006413,58.6542568990877,62.2014405740949,61.3136615966801,3.08398575899732,4.11737013597552,3.42419649740917,1.95242200286322,2.06746090419464,61.4421995482539,15.1630213405804,74.7698149209969,75.5876597509944,75.1209911705779,82.419718858827,81.9768447068936,60.2661467478001,58.6299526848769,58.6542568537097,62.201440561081,61.3136616100949,3.08398576415877,4.11737013160024,3.4241965027707,1.95242199939063,2.0674609000106,61.442199545214,15.1630213402375
71.6845519810722,-186727.13,-276875.54,-263520.22,-176710.64,-180049.47,72.520827480687,72.4054334803243,76.2533956802412,81.6382783101593,80.1433199160273,60.1076803930958,58.4448751470389,59.131567340504,61.3473490404635,60.8403354071449,3.59443023143611,4.73899598348002,3.67763262513517,2.08096751382725,2.2288042274968,60.9740038832006,16.3208305813753,69.4540454174411,80.2414695036869,64.8856186091898,81.9489142735702,83.0722820964123,59.5022735226148,56.2702855487732,52.5474720271069,60.4834465296826,63.1073632987929,3.9072899742954,3.69875352245352,4.33806715879663,1.51177284449168,1.51039525412872,60.6937932397598,15.8702248214291,73.758883093601,73.8855649595174,75.2149472806522,81.6728575927498,80.5908808942322,59.7585457410296,58.1796645212851,57.8951292825789,61.8910747366202,60.6887709985967,3.29704875210138,4.32166042038693,3.5267708639636,1.97464337733495,2.12813743455708,61.1772488522385,15.9393114699629,73.7588830601432,73.8855650089164,75.2149472003712,81.6728575948953,80.5908809135181,59.7585457390379,58.1796645064451,57.8951292410161,61.8910747256799,60.6887710173943,3.29704875684427,4.3216604155456,3.52677087026911,1.97464337373745,2.1281374297559,61.177248848481,15.9393114694259
71.4452600691928,-186727.13,-276875.54,-263520.22,-176710.64,-180049.47,72.0258854772781,71.9709286566312,74.6434533452111,81.176207340449,79.2250247192818,59.8469824730908,58.1515829710434,58.4246709506205,61.0353044285885,60.341768491917,3.66356404542843,4.78742129864913,3.88239961374553,2.09646830732391,2.27834505652452,60.5820559757224,16.7081983216715,68.6694014791734,79.3158761176815,64.2496286612605,81.632699530903,82.1791333094968,59.3099105953589,56.0085772551253,52.4373780108333,60.456139733677,63.1369944652055,3.99022665133442,3.82912817974548,4.4490775785987,1.52414530337463,1.50313234641005,60.4181635047226,16.3210472930238,72.9571436845871,72.5150049022097,75.2761005666847,80.8084617746911,79.1097532396732,59.3419012870474,57.8222286988363,57.226732386739,61.5200212762939,59.9910291480333,3.47761889076403,4.48404443681219,3.61869157651186,2.0027892949253,2.19407945339006,60.8933214713208,16.4784267588305,72.9571436509852,72.5150049555062,75.2761004802734,80.8084617811504,79.1097532637271,59.3419012867967,57.8222286846232,57.2267323492062,61.5200212679566,59.9910291726873,3.47761889478119,4.48404443167979,3.61869158301936,2.0027892911743,2.1940794479753,60.8933214675971,16.4784267575972
71.28978962814,-186727.13,-276875.54,-263520.22,-176710.64,-180049.47,71.7012132593105,71.6711200570192,73.4190720506065,80.5577982075084,78.0933501537788,59.6476463702874,57.9195808042102,57.7938637817423,60.6803359983404,59.7262806383331,3.70165873468819,4.81102723501035,4.02988513309322,2.1242532970898,2.34237549112137,60.2298093517126,17.0091998910029,68.2477192248995,78.555175681744,63.9159396942963,81.2951148754758,81.2378070934018,59.2066629665863,55.7927886165251,52.3714375325504,60.4232909762182,63.1160809221558,4.03464389447403,3.93641471344359,4.50665571704968,1.53859891881696,1.50929735710508,60.2137799983977,16.6108396098692,72.3642497432194,71.4976225016365,75.3111356754593,79.8734429112785,77.6670670940574,59.0265792902502,57.5611922405518,56.6625573353926,61.1037791324532,59.2710406316134,3.6170893335811,4.60281991252293,3.69751375911927,2.03561958646885,2.25978539566665,60.5825771416748,16.847278022668,72.3642497107818,71.497622557249,75.3111355856668,79.8734429224811,77.6670671221943,59.0265792916692,57.561192226617,56.6625573015791,61.1037791270911,59.2710406619117,3.61708933687137,4.60281990727175,3.6975137654952,2.0356195825524,2.25978538975291,60.5825771387687,16.8472780208049
73.0298560811763,-186727.13,-276875.54,-263520.22,-176710.64,-180049.47,71.7320923700377,71.7380562168732,72.5885595865652,79.7560888960737,76.8529597883799,59.5998601098087,57.8683555205205,57.3348547635529,60.3218035943914,59.0704684194849,3.67765718639966,4.77004019891909,4.12803284413802,2.1726944922409,2.41937828531481,59.9165413439503,17.1678030070125,68.021033416657,77.9576165443527,63.7375053454331,80.9457215678396,80.3326026115322,59.151486705364,55.620372295604,52.3282758847543,60.3853153964958,63.0265271171097,4.05813812144106,4.02126226647966,4.53680066605514,1.55500247456058,1.53328510169916,60.0552162092246,16.8234905282773,71.9506707896954,70.7918734534174,75.3232027770834,78.9152234789688,76.3550348537302,58.8035592329361,57.3820035442728,56.2075913720135,60.6591882657016,58.5682120063348,3.71690165797778,4.68443665645621,3.76228306339191,2.07168532180766,2.32128103571992,60.2467640216446,17.1085930042433,71.9506707604094,70.7918735068207,75.32320269074,78.9152234941013,76.3550348833733,58.803559235529,57.3820035311441,56.2075913431026,60.6591882636606,58.5682120395607,3.71690166052088,4.68443665151384,3.76228306916407,2.07168531795704,2.32128102984731,60.2467640202171,17.1085930021186
70.9097972855165,-186727.13,-276875.54,-263520.22,-176710.64,-180049.47,71.9973983056291,72.0136944320116,72.1487709443223,78.8076104535907,75.6281839265816,59.6579060882333,57.9313210060086,57.0681447854332,59.9619778579889,58.4199701777871,3.6158855139922,4.6980028058634,4.1754098165921,2.24055968518976,2.50011849601277,59.6470560143391,17.2299763176502,68.7552151274301,78.3233290554303,63.6358623567259,80.5937123160932,79.516157047373,59.3021382306445,55.6483932370395,52.2964928983772,60.3433304054031,62.8692332594514,4.01492519878252,3.98453250020612,4.55338585058833,1.57267246609408,1.57453662696917,59.9207386036311,17.0026587753704,72.3408813511288,70.9759230263504,75.3167495647502,77.9723247074577,75.216225739151,58.9184824322784,57.5367551847306,55.8557846770089,60.2012391713094,57.9068741073118,3.70137124660495,4.61875708259271,3.81354158478436,2.10966808628124,2.37649939155066,59.8950702110921,17.3004751335864,72.3408813224826,70.9759230850495,75.3167494714305,77.9723247284002,75.2162257735036,58.9184824353435,57.5367551696443,55.8557846485734,60.2012391724446,57.9068741469566,3.70137124910996,4.61875707752583,3.81354159069504,2.10966808199114,2.3764993851437,59.8950702112971,17.3004751312071
70.9097971254166,-186727.13,-276875.54,-263520.22,-176710.64,-180049.47,71.6544037739263,71.6335158511619,71.9519570177831,77.7943569312233,74.560766933978,59.4809388774997,57.7072462111015,56.8009698200175,59.4594227078101,57.6330337533407,3.66520062599417,4.75066414614469,4.15601925354858,2.30296788202729,2.54154369150345,59.4218849330981,17.4163955992182,68.0189029219864,77.6340657850742,63.7928230993685,80.2970979267135,78.9042555457657,59.159532391521,55.4967545580152,52.3025788004974,60.3075244625672,62.6769274470513,4.04832065670333,4.07313779256751,4.52427028898946,1.58557085847701,1.6257646323153,59.8569865178322,17.010364491417,71.7935667511476,70.3665562963079,75.2533186827801,77.1541021992943,74.3348002513375,58.6873139020483,57.2949006009511,55.7158740297239,59.7737183786591,57.3591098733545,3.78078058343983,4.72503953336485,3.83845771463237,2.14678007415078,2.42047506975267,59.6205221033561,17.3224282306153,71.7935667209914,70.3665563543687,75.2533185912211,77.154102224404,74.3348002878433,58.6873139058209,57.2949005865856,55.7158740024548,59.7737183829237,57.359109915839,3.78078058557723,4.72503952815675,3.83845772011139,2.14678006966722,2.42047506340366,59.6205221052452,17.3224282281222
70.9097968173638,-186727.13,-276875.54,-263520.22,-176710.64,-180049.47,71.281952333163,71.2560801246621,71.7409730277074,76.8094499857734,73.6958445621264,59.2934444838556,57.4846659062986,56.5332123208322,58.9170731192536,56.8782326279793,3.72174683619853,4.80408393935013,4.14050403066342,2.35993043018306,2.55818564759173,59.1849623841566,17.5844508839869,67.7822405860952,77.1631475453221,63.6097758540247,79.9867831379961,78.3037483848016,59.0978122882136,55.3782656724269,52.2594198164043,60.2649706365305,62.452297966615,4.07767271936706,4.13659391563163,4.5552857053066,1.60221109095781,1.68373298159354,59.7479037305884,17.2065579516307,71.487009699766,69.9860600099002,75.239007007966,76.3416322914402,73.5615249831499,58.5480559855716,57.1726423792265,55.5286483659335,59.3381701083751,56.8353354526206,3.83331085089134,4.77958425346312,3.86654640878408,2.18476516412378,2.46063000609505,59.2869424037535,17.4561316448901,71.4870096701682,69.9860600672386,75.239006915059,76.3416323205616,73.561525021036,58.5480559899637,57.1726423648911,55.5286483398153,59.3381701157794,56.835335497495,3.83331085284357,4.77958424832621,3.86654641428648,2.18476515946971,2.46062999988834,59.2869424074362,17.4561316428962
70.9097960143177,-186727.13,-276875.54,-263520.22,-176710.64,-180049.47,71.0810319605446,71.0662105921244,71.4950577360608,75.8996040096964,73.0124850483172,59.1799261025869,57.3546792743361,56.2938987155001,58.3989387048029,56.2422553500828,3.74907942937645,4.82506500078136,4.14230220333942,2.41275196685217,2.56541348871518,58.9273802032433,17.6946120890646,67.6958824875305,76.8492862348243,63.5067676379503,79.6774941734628,77.7357411081568,59.075401128501,55.2902035474622,52.2281028334083,60.2200895980881,62.2183167056744,4.08825375936009,4.18066936085377,4.57216642811788,1.61918273915007,1.74318000471179,59.6190147084167,17.4031337810279,71.318842693898,69.7610778627441,75.2309652783671,75.5629833673326,72.9066229126362,58.4671325128553,57.1097128553758,55.3596565006881,58.9047103097574,56.3456051674164,3.86585873700419,4.80798896371723,3.8915365589219,2.22299146630018,2.49627913997659,58.9435605866354,17.5800486429607,71.3188426649538,69.7610779193725,75.2309651847014,75.5629834002038,72.9066229512164,58.4671325177148,57.1097128408396,55.3596564756698,58.9047103202661,56.3456052143341,3.86585873878093,4.80798895870552,3.89153656435951,2.22299146147629,2.49627913396001,58.9435605920316,17.5800486415473
70.9088798327061,-186727.13,-276875.54,-263520.22,-176710.64,-180049.47,71.0006112120667,70.9952217179679,71.2726903798274,75.0837705832251,72.4691367513133,59.1222507638373,57.2890198661889,56.1005543385443,57.923457310256,55.7248662757858,3.75625839553904,4.82694116021582,4.15022606789494,2.46060569897146,2.56939073813828,58.6737857741198,17.7634220607595,67.6650341240324,76.6437689014539,63.4535628115981,79.378704413544,77.2146671993588,59.0673828321398,55.2270099335156,52.2042416481183,60.1743206810316,61.9804484230674,4.09204835240996,4.21061459167597,4.58025910679302,1.63580363091102,1.802885161077,59.4954477424879,17.5629384974651,71.2278152935069,69.6323787703814,75.2186156051006,74.8341692273896,72.3648648617953,58.4211904562339,57.0767386403934,55.2276179258567,58.4816654829554,55.8960893399988,3.8852380196524,4.82299479001206,3.91151374919335,2.26091284876946,2.52733383099212,58.6082929571576,17.6769961748789,71.2278152650425,69.6323788263979,75.2186155111053,74.8341692636976,72.3648649005421,58.4211904613965,57.0767386256152,55.2276179017018,58.4816654964786,55.896089388609,3.88523802130468,4.82299478511954,3.9115137545362,2.26091284377524,2.52733382520424,58.6082929642454,17.6769961739676
65.9999998617884,-186727.13,-276875.54,-263520.22,-176710.64,-180049.47,70.3188326783174,70.2526724670274,71.0748112292767,74.3554368497154,72.02356257415,58.7985405184522,56.8943586160653,55.8024935602784,57.2952967801143,55.0384603175993,3.87300864767504,4.95264826135322,4.1230018828119,2.47505380749144,2.53295934442254,58.4348421756929,17.9566719437541,67.6536895900691,76.5103885913948,63.4216579067809,79.0964011456541,76.7443893432255,59.0644525379705,55.1827344962853,52.1836958196524,60.1286988219451,61.7462167696104,4.0934221981366,4.23068884670151,4.58460363638229,1.65166811411893,1.86104943966935,59.3818471241364,17.6953584911188,71.1786184580391,69.5598772090451,75.2022074827816,74.162224002747,71.9236720528181,58.3953654383988,57.0590891514235,55.1316631278176,58.075036975624,55.4885698296094,3.89653125551443,4.83106752023895,3.92658490754668,2.29812859101402,2.55407772685323,58.2891690029143,17.7507221725885,71.1786184235045,69.559877277141,75.2022073673648,74.1622240510883,71.9236721000478,58.395365444954,57.0590891330404,55.1316630989357,58.0750369957442,55.4885698909171,3.89653125744341,4.8310675143569,3.92658491399344,2.29812858468049,2.55407772006347,58.2891690136195,17.7507221720461
65.9999998924968,-186487.55,-276047.9,-262779.7,-176536.4,-179853.45,68.1744176169864,68.0235030909703,70.5758633154003,73.7290037265983,71.6628459998765,57.7221691429893,55.6632626388432,55.0507707803765,56.1502692372609,53.7130773673046,4.26328784260445,5.33656822318259,4.04447497662055,2.39966820436295,2.39422221237106,58.144259105827,18.4382214591416,65.9503321781091,74.2936499060084,63.3979117586216,78.8339495606881,76.3246443421396,58.7183660587804,54.7411226933815,52.1645552497924,60.0839666891749,61.5225428478574,4.18965147919429,4.50661717652044,4.5875234991866,1.66652956839851,1.91602185249964,59.2778086555039,17.808672621552,69.7419764538452,68.1620163448504,75.1843881090853,73.5486044729612,71.568290324406,57.8379405179299,56.4578646390775,55.0646711205358,57.6888665592716,55.1218824338478,4.06431715440136,5.09395291236715,3.93758077376365,2.33435791349705,2.57696434451069,57.9899060565447,17.8072780644686,69.7419764151922,68.1620164073578,75.1843879889309,73.5486045268413,71.5682903728935,57.8379405269051,56.4578646215766,55.0646710909713,57.6888665836879,55.1218824990977,4.06431715567905,5.0939529063797,3.93758078038933,2.33435790668903,2.57696433777288,57.9899060696739,17.8072780644828
66.0256803259336,-186487.55,-276047.9,-262779.7,-176536.4,-179853.45,66.7050712094609,66.6132426330055,69.5205297330671,73.1727255003843,71.3076651758041,56.8705708350082,54.7591234550332,54.0902932700312,54.9927119566408,52.4253398508997,4.53108364943779,5.56441735040839,4.0693380440437,2.32030246432452,2.27597682105092,57.6336206907185,18.7611183292653,65.5248856253934,72.6723755450387,63.0071564752332,78.4459457457406,75.7005598674941,58.6046664237072,54.3963852483612,52.0919317371358,60.01267862675,61.2418633531253,4.24563584780201,4.71269079057446,4.65532285737835,1.69440269106824,1.97950228970647,59.042033069285,18.206650706426,69.0339965467356,67.3511584280131,75.2681862714346,72.8095609670977,71.1735937044955,57.5535898147992,56.2146865140687,54.7788359970586,57.2682940156944,54.6868418203583,4.15494983251506,5.2030556864755,3.97259854002579,2.37282242109507,2.60351762781727,57.4914261299967,18.1133587667126,69.0339965109999,67.3511584822027,75.2681861465723,72.8095610244968,71.1735937505967,57.553589825503,56.2146864955518,54.778835969696,57.2682940436424,54.6868418871125,4.15494983343858,5.20305568148179,3.97259854697844,2.37282241418626,2.6035176214625,57.4914261457876,18.1133587676626
66.1299076648042,-186487.55,-276047.9,-262779.7,-176536.4,-179853.45,66.2421625392232,66.212002577793,68.3019170445556,72.6288231296713,70.8483176259608,56.5640504265799,54.456867113837,53.2475682631576,54.122635375473,51.4801980796378,4.60430126541516,5.61127233539509,4.17094416898395,2.2794068009729,2.21889041237274,56.9615892738988,18.8848149831398,65.4111456107722,71.5978047613411,62.8451754283572,77.9839965929551,75.0353357286223,58.5735790169728,54.144438486994,52.0527372136536,59.9246673021886,60.9049900252057,4.26141236991176,4.85387506733792,4.68268712089659,1.72828421000603,2.05345922842629,58.7796098892659,18.5388968880466,68.7128421750023,66.9297814424271,75.328950563955,72.0479409052806,70.814585290264,57.4233955823863,56.1151209619852,54.500786186453,56.8345789989752,54.2273570338752,4.19705656090927,5.24873596581092,4.00820735905417,2.41188472045587,2.62993530940442,56.961848545732,18.3758617791778,68.7128421415202,66.929781489765,75.3289504373583,72.0479409654775,70.8145853330662,57.4233955940502,56.1151209420007,54.5007861616276,56.8345790303114,54.2273571015924,4.1970565615619,5.24873596180667,4.008207365894,2.41188471352355,2.62993530355844,56.9618485641657,18.3758617808312
66.2114461875655,-186487.55,-276047.9,-262779.7,-176536.4,-179853.45,66.1789368744534,66.1746408517798,67.3475629929826,72.0427134347435,70.2510975213754,56.4989931970363,54.3970184877069,52.628983161148,53.4123660239644,50.6717834024392,4.60343007480832,5.60055878756392,4.26609421459353,2.26421597498473,2.19495609018607,56.3687578450949,18.9292551421366,65.4079150726631,70.974017355369,62.7820920249067,77.4889662778048,74.4069503516491,58.570640915834,53.9777593901602,52.0281263889966,59.8259674912683,60.5246702663378,4.26426931254981,4.9398376460231,4.69258235472663,1.76487236880152,2.13561021099791,58.5366638388407,18.7864270618123,68.5938034952111,66.7432512162965,75.3512225196254,71.3218768077822,70.5173220113107,57.3745686665356,56.0818644519699,54.2929511708935,56.4083457433426,53.7781839428933,4.2131326031936,5.26451116462991,4.03654725458921,2.45024784588344,2.65421420210482,56.4666017570806,18.5622694057205,68.5938034630095,66.7432512590593,75.3512223925819,71.3218768701165,70.5173220506254,57.374568678625,56.0818644307025,54.2929511480016,56.4083457778865,53.778184011084,4.21313260371047,5.26451116134825,4.03654726122014,2.45024783895595,2.65421419686299,56.4666017780039,18.5622694079862
66.2525722130816,-186487.55,-276047.9,-262779.7,-176536.4,-179853.45,66.2251442270401,66.2285298507047,66.7471098281559,71.3857225585153,69.5613740367984,56.507456768459,54.4072684271945,52.2372631033865,52.7633550507498,49.9127778027716,4.58555021830054,5.57988391124942,4.32746461480076,2.26518621810094,2.18721654489501,55.9085295886078,18.9453015073467,65.4273806113622,70.64078161172,62.7558255798175,76.9947830102442,73.8434165196121,58.5743115682816,53.8739776221533,52.0090879246061,59.7228110656798,60.1314011357803,4.26350290301391,4.98865047656394,4.6959860082263,1.80110247932358,2.21949512891314,58.3207823073992,18.9763310731889,68.5605792589407,66.672007054758,75.3453535138798,70.6591212222337,70.2853947623307,57.360387686787,56.074010230308,54.1557708202402,56.0035709082145,53.3594972945934,4.21807504096023,5.26854400352265,4.05678413354305,2.48708472375223,2.67553076415378,56.0309694350184,18.6876439925985,68.560579226477,66.6720070958793,75.3453533834371,70.6591212878788,70.2853947991961,57.3603876993647,56.074010207513,54.155770797998,56.0035709467503,53.3594973647585,4.21807504143092,5.26854400062261,4.05678414016596,2.48708471664463,2.6755307594287,56.0309694587436,18.6876439955897
66.2886781726607,-186487.55,-276047.9,-262779.7,-176536.4,-179853.45,66.2814150323621,66.2858048483615,66.4366323254179,70.6621089228228,68.8520772360909,56.5286112317876,54.4284131376701,52.0235226581621,52.1286922759024,49.2014162076885,4.56903929969843,5.56288162161691,4.3565094360083,2.27605794606742,2.18698672298653,55.5365509359271,18.9514750263776,65.442469127307,70.4669696115803,62.7397859306258,76.5237809599486,73.3518600028788,58.5775960506155,53.8111456570161,51.991758704093,59.6197193569925,59.7522249399232,4.26239402115916,5.01581689549155,4.69759962241155,1.83514101050718,2.29940978027349,58.129603346092,19.1281563033893,68.555775913667,66.6478627288061,75.3252591819279,70.0675558218673,70.1114257052019,57.3578597057694,56.073415911645,54.0706376627604,55.6283404530988,52.9799057028584,4.21918305204537,5.26906103163594,4.07056776600876,2.52197138727895,2.69379562810728,55.6586996464552,18.7720825321987,68.5557758814539,66.6478627683221,75.3252590517071,70.0675558886693,70.1114257387304,57.3578597183899,56.0734158882374,54.0706376412504,55.6283404943972,52.979905772931,4.21918305249247,5.26906102901564,4.0705677724966,2.52197138017238,2.6937956240266,55.6586996720214,18.772082535883
66.4851369415375,-186487.55,-276047.9,-262779.7,-176536.4,-179853.45,66.3557094652141,66.3615393447389,66.310539514893,69.9156877820136,68.1984492700677,56.5650138295788,54.466706393267,51.9319196792777,51.5239834851799,48.5899332517112,4.55135625755574,5.54537139754919,4.36695934557585,2.29359550078583,2.19168726112641,55.2113160936776,18.948969762593,65.4558153907895,70.3851761138453,62.7247122161106,76.0878153751091,72.9325503156629,58.5804923076575,53.7751319201856,51.9747907418118,59.5193210520928,59.4047134017087,4.26142369454658,5.02986508430543,4.69906045045654,1.86626400092031,2.37172421943045,57.9594488061298,19.2529163210815,68.5622409738281,66.6451461629168,75.3010211367281,69.5452734765654,69.9846835433837,57.3599357887911,56.0759673473814,54.0187857239044,55.2864659472678,52.6411201454952,4.21878408054004,5.26804312633644,4.07985622200851,2.5547294101336,2.70926229998895,55.3445396196822,18.830604684689,68.5622409419262,66.6451462013255,75.3010210075741,69.5452735437548,69.9846835736572,57.3599358013258,56.0759673237526,54.0187857029133,55.2864659907377,52.6411202149548,4.21878408097794,5.26804312389044,4.07985622836751,2.55472940306332,2.70926229652256,55.3445396465363,18.830604689026
66.685862898832,-186487.55,-276047.9,-262779.7,-176536.4,-179853.45,66.4888465219276,66.4977369666709,66.2896106437973,69.2080490919416,67.6436184378708,56.638783134797,54.5462806641215,51.9257547833978,51.0005724753591,48.1267600324277,4.52392457751012,5.51909865692669,4.3714479508761,2.31680265834216,2.20198014835418,54.9216738987769,18.9332539920092,65.5138026262693,70.440259516579,62.7096894558018,75.692596495056,72.5837167463799,58.5922034457266,53.7695644431553,51.9580488709133,59.4231417527691,59.0983986573426,4.25823058144348,5.02625230911405,4.70053009251597,1.89430537906917,2.43460105780103,57.8078666843016,19.3558320991509,68.6117704806006,66.6914784586979,75.2777896998227,69.0875928743191,69.8951378417878,57.3780876390734,56.0958930293093,53.9875389715611,54.9791890186457,52.3418817470712,4.21387727328434,5.25933057051426,4.08609568626069,2.58529560779554,2.72226780150752,55.0815008970828,18.8718254520714,68.6117704490276,66.6914784969037,75.2777895717346,69.0875929416341,69.8951378691885,57.3780876514471,56.0958930056005,53.9875389508775,54.9791890639364,52.3418818159304,4.21387727373637,5.25933056813883,4.08609569252271,2.58529560075329,2.72226779857576,55.0815009248686,18.8718254570042
66.6646977808323,-186487.55,-276047.9,-262779.7,-176536.4,-179853.45,66.6335198051548,66.6425837833399,66.3403181440618,68.580950975918,67.1982757634661,56.7207605598156,54.6335793189284,51.9716847528205,50.5620424755498,47.7881314530157,4.49531182430609,5.4926506708523,4.36999445652904,2.34104802886031,2.21408630866728,54.6715017767406,18.913091289215,65.5830932054142,70.5760303022937,62.7035516776677,75.3467457279753,72.3080834440162,58.6069019205154,53.7849988351793,51.9428188546591,59.333514383021,58.8413308476308,4.25358927990605,5.01162967221081,4.70044674880559,1.91876203952926,2.48675946375376,57.6765503455427,19.4342971460881,68.682174310974,66.763499283574,75.2553473331602,68.6946650306518,69.8366749240492,57.4040089191618,56.1231689774722,53.9748392474985,54.7075177262705,52.0822351984345,4.20680424267868,5.24730696297535,4.08959941813027,2.61357721108047,2.73298596051304,54.8677536836098,18.8948869333062,68.6821742793643,66.7634993224608,75.2553472051354,68.6946650985011,69.8366749492569,57.404008931431,56.1231689536235,53.9748392267725,54.7075177734544,52.0822352673754,4.20680424315587,5.24730696057151,4.08959942436074,2.61357720399355,2.7329859580016,54.8677537122587,18.894886938808
66.8302724679079,-186487.55,-276047.9,-262779.7,-176536.4,-179853.45,66.7284702641658,66.7355830388454,66.4333415205338,68.0768977368746,66.8785872588503,56.77502628243,54.690449182337,52.0366521879076,50.2088655008911,47.5499578409402,4.47693722181393,5.47617545919404,4.36147831052546,2.36081565501381,2.22342380506314,54.4638930423824,18.8988304516104,65.5922735642713,70.6403981674655,62.7012953343148,75.0529009965984,72.1011635193162,58.6098815736371,53.7958059479492,51.9283728153688,59.2515193966781,58.6355823813689,4.25176444714118,5.00401284049063,4.69969504489506,1.93967883093742,2.5280259562089,57.5650115552542,19.4910769366075,68.7083821028754,66.7933557143835,75.234693348431,68.3629974439492,69.8028608319552,57.4135753840797,56.1312938102009,53.97616468246,54.4710379991165,51.8603134025264,4.20423943101943,5.24363049043819,4.09094568944522,2.63957647671658,2.74166954247956,54.6970783782535,18.9037996321602,68.7083820712908,66.7933557533766,75.2346932213938,68.3629975117573,69.8028608552505,57.4135753962053,56.1312937865287,53.9761646617038,54.4710380475709,51.8603134711998,4.20423943150114,5.24363048800945,4.09094569561544,2.63957646962249,2.74166954031409,54.6970784073226,18.9037996381128
66.8986036206695,-186487.55,-276047.9,-262779.7,-176536.4,-179853.45,66.8304291612641,66.8377167706476,66.5347921461838,67.6904377324262,66.6617275720433,56.8339243661234,54.7536097305725,52.1128770138884,49.9591975513212,47.4169250465884,4.45765242554918,5.45851391492708,4.35384951940349,2.3790287535529,2.23310863856262,54.2836901096808,18.8821532519953,65.643245023157,70.7639857136728,62.6881631966656,74.7997969560455,71.9444482592347,58.6202338430547,53.8174274011474,51.9125590598232,59.1753572667157,58.4721400356957,4.24888963164519,4.98921745625337,4.70088365276114,1.95814440587125,2.56021364747512,57.4675336355285,19.5370926510434,68.760626681045,66.8490647510164,75.2198437728679,68.0792717390357,69.7845005718802,57.4328776284161,56.1514229375002,53.9790600627345,54.2662072905865,51.6695671023095,4.19893570488405,5.23472838723204,4.09163325516494,2.66349628967396,2.74882055440675,54.555442068735,18.9111350508499,68.7606266495291,66.8490647905952,75.219843646176,68.0792718069784,69.7845005937166,57.43287764042,56.1514229139041,53.9790600418427,54.2662073402166,51.6695671710817,4.19893570538907,5.23472838474999,4.0916332613243,2.66349628254304,2.74882055249998,54.5554420981754,18.9111350571782
70.2628370308248,-186487.55,-276047.9,-262779.7,-176536.4,-179853.45,67.4336071418216,67.4793042709097,66.6579190122716,67.4124286199203,66.5312107581146,57.1757394239849,55.1409098228824,52.3286522826284,50.0600139924318,47.6567217049586,4.344074721259,5.34601699642244,4.38200010177255,2.43096601438843,2.27692175645089,54.1285501405729,18.7799795902933,65.6741629082371,70.8696020646091,62.6818136976018,74.5881258841698,71.8344918292235,58.6272234952391,53.8386797252784,51.8979442322389,59.1059197900493,58.3484246066353,4.24631335432998,4.97602934434815,4.70089039036545,1.97398949206831,2.58420827644809,57.3850200813327,19.5688784827471,68.8009253258704,66.8935356623036,75.207403456902,67.8425824433875,69.7791411722376,57.4477767734706,56.1661478942451,53.9874119625034,54.0910390356153,51.508072702048,4.19483610232636,5.22817426886274,4.09135389622107,2.68536768756864,2.75457461932579,54.4419833245063,18.9118376802712,68.8009252978218,66.8935356979708,75.2074033445417,67.8425825038982,69.7791411906751,57.4477767840507,56.1661478733666,53.98741194376,54.0910390806011,51.5080727634091,4.19483610278813,5.22817426660088,4.09135390168889,2.68536768118725,2.75457461779752,54.4419833509067,18.9118376861652
70.9999885674726,-187974.64,-281185.12,-267376.16,-177617.92,-181070.16,69.0753505975861,69.1705712891318,67.0993482402786,67.2368214017473,66.4870347819457,57.9881660467398,55.9788268654584,52.7750325361155,50.552662501526,48.2980327379218,4.05118916830424,5.09324589156202,4.46018974928949,2.54382364726092,2.37871576709379,54.0481218767517,18.5271642235105,66.8212477909673,72.8690815671198,62.6728181467187,74.4113507514745,71.7596184407813,58.8618430032577,54.152728830402,51.883154852446,59.0423847448151,58.2569286856261,4.17968634226309,4.74367199460019,4.70138209500426,1.98772713069394,2.60161135293621,57.3152205972847,19.5906037448471,69.7680937126704,67.9003002935681,75.1980326873129,67.6456598952885,69.7823509182046,57.8137819900646,56.5637023522424,53.9973447322414,53.9424369405061,51.3717604633545,4.08950709012272,5.0534122083074,4.09061785072742,2.70533976892558,2.7592043098254,54.3499635542792,18.9103106824929,69.7680936894139,67.9003003327817,75.198032588464,67.6456599486833,69.7823509338092,57.8137819983359,56.563702333215,53.9973447155562,53.9424369807549,51.3717605176922,4.08950709083442,5.05341220586293,4.09061785554757,2.70533976326219,2.75920430858168,54.349963577681,18.9103106878618
70.5429758034352,-187974.64,-281185.12,-267376.16,-177617.92,-181070.16,70.2070276533884,70.2773958091657,68.0041817881988,67.173165740646,66.5739786868598,58.5437770809939,56.5863575151138,53.5417031463328,51.1882903819274,49.0913787875782,3.85109465672377,4.90750202032528,4.4175806686655,2.65510721807994,2.47483018538899,54.0996397692665,18.3061147491835,67.404254062788,74.4013472601255,62.8804665109381,74.4573136449583,71.9385688823826,58.9876219542365,54.4326726358843,51.9011481796626,59.020295022324,58.2957697826344,4.13816513389923,4.55790659716488,4.66367448879764,1.98758222723475,2.59404658095411,57.3220115452524,19.4806438291594,70.4639839908232,68.7354541682219,75.0949684654961,67.653331303452,69.8981588474775,58.0758424060654,56.793671284051,54.1319922027603,53.8198628455289,51.2635347707536,4.01477980463773,4.94946369801047,4.07885604993875,2.71990542267719,2.75941183954289,54.3904123407829,18.7580231217781,70.4639839662562,68.7354542137141,75.0949683674242,67.6533313580821,69.8981588638603,58.0758424133862,56.7936712650942,54.1319921848486,53.8198628872838,51.2635348272163,4.01477980562841,4.9494636948666,4.07885605463433,2.71990541679727,2.75941183821515,54.3904123643211,18.7580231275801
70.9096327940165,-187974.64,-281185.12,-267376.16,-177617.92,-181070.16,70.6133481389461,70.6469641851205,68.972489849365,67.2399661551302,66.8669831830474,58.7467940274036,56.8011330334862,54.1741862061438,51.6325252383449,49.7347095628816,3.78511584215416,4.85263740057092,4.31733039202514,2.71931562460039,2.52543631447104,54.2207084204441,18.1998355738216,67.3891424012376,74.9913627605157,63.0313571693215,74.625530321773,72.2355456547061,58.9935160348916,54.599439652153,51.9111104650271,59.02094896714,58.4330750342947,4.1285115018665,4.47481117117455,4.6360200162476,1.9799509737591,2.56634461483517,57.3792426309746,19.3256218363134,70.6523161401904,68.9994716121368,75.001838785,67.7772445077289,70.0402072363755,58.15178184352,56.8403561443421,54.3176149264216,53.7755532839874,51.2367011121062,3.99042461109364,4.92729425802413,4.05899714892693,2.73097428805646,2.75604311770093,54.4833985879317,18.5747968417814,70.6523161143509,68.9994716595837,75.0018386902117,67.7772445619571,70.0402072537593,58.1517818501853,56.8403561265974,54.3176149073657,53.7755533255231,51.2367011690908,3.99042461218708,4.92729425444114,4.05899715349609,2.73097428210947,2.7560431161988,54.4833986108624,18.5747968477268
69.4665424781711,-187974.64,-281185.12,-267376.16,-177617.92,-181070.16,70.5913451507095,70.5901137275037,69.7118043520568,67.4170729175148,67.3350316291688,58.7546074934406,56.797455046434,54.5838255781487,51.9496590950229,50.3001115996177,3.79465045690151,4.87134494095956,4.22324535380017,2.74393369390077,2.53986903811493,54.3427400221808,18.173043483677,67.5420677371047,75.5320643740193,63.0372715273036,74.8110345051135,72.5135596466809,59.0254880537159,54.746746181783,51.9001973555598,59.026306245766,58.5921663255526,4.11881631632436,4.39974378856214,4.63401480089141,1.97087465562648,2.53319537142805,57.4538365585603,19.1902645510987,70.8692763336716,69.2594761786242,74.9539662515767,67.9045740640649,70.1629966598834,58.2391599663953,56.9158610098452,54.4538132792911,53.7728058044509,51.2448040986,3.96245347946009,4.89332562954848,4.04290277608792,2.74063010401351,2.75207456756846,54.5648349635048,18.4529089608537,70.8692763057884,69.2594762311907,74.9539661517106,67.9045741219435,70.162996679582,58.239159972985,56.9158609916673,54.4538132578909,53.7728058484771,51.2448041601735,3.96245348077047,4.89332562541208,4.04290278104166,2.74063009756268,2.75207456573418,54.5648349877157,18.452908967033
65.9999995436866,-187974.64,-281185.12,-267376.16,-177617.92,-181070.16,69.6139445153713,69.5342809202527,70.0721659617387,67.6794550299899,67.8941875407386,58.314236237261,56.2702748092271,54.5942487855416,51.8864030743236,50.4453026855709,3.97499482764435,5.06549812522789,4.12776249814462,2.68735631746051,2.47961209607081,54.4468480430639,18.3352238645482,67.0230843152837,75.1261358830297,63.0623300127821,75.0044185785201,72.7809807112663,58.9203567168525,54.7236874760039,51.8922353760504,59.0359828608513,58.7599720412963,4.14776625369112,4.43893522086907,4.62863845464986,1.95993738387223,2.49822316301259,57.54046287073,19.0565418538424,70.5129033904585,68.9320809439711,74.9268831913498,68.0439651437754,70.2735309838883,58.1061783567941,56.7634624701629,54.5691425294497,53.7971053048562,51.2794815987223,3.99971549226188,4.95965758436204,4.02827288610896,2.74892200256156,2.74757127936224,54.6482853235284,18.3543041729555,70.5129033543821,68.9320810080029,74.9268830686985,68.04396521573,70.2735310098094,58.1061783652108,56.7634624490764,54.5691425017769,53.7971053590138,51.2794816760528,3.99971549379237,4.95965757897901,4.02827289231531,2.74892199440534,2.74757127678457,54.6482853534266,18.354304180215
65.9999997562517,-187974.64,-281185.12,-267376.16,-177617.92,-181070.16,67.7924435347332,67.675659057705,69.7191190696979,67.9879605997765,68.3905229267207,57.3806001243494,55.2194342865558,54.0228791241787,51.3022702798491,49.939945075623,4.31396057249417,5.39399371180525,4.07034845867871,2.54359017405199,2.34499246034435,54.4616434221134,18.6668853773745,65.7872123354212,73.2669211599985,62.9334121746451,75.1242469968965,72.9149960231653,58.6622043313535,54.4076315305713,51.8620568394326,59.0352322228056,58.8785118783859,4.22584784604619,4.65970636928968,4.65049996625906,1.95274073868808,2.47297007689518,57.6002520792946,19.0025523441178,69.3926624204349,67.8251495659643,74.9475537925736,68.0894646887411,70.3309686025608,57.6813764909508,56.3136802122912,54.5749981003578,53.8122847688112,51.2960983220331,4.12243080104512,5.15701601453156,4.02588890536302,2.75790470579756,2.74529615257367,54.6686731381693,18.3660503188335,69.3926623831631,67.8251496222193,74.9475536683759,68.0894647614641,70.3309686292736,57.6813765010902,56.3136801925872,54.5749980723124,53.812284822804,51.2960984004173,4.1224308021142,5.15701600939056,4.02588891182002,2.75790469747407,2.74529614975846,54.6686731684749,18.3660503254134
66.05969408021,-187974.64,-281185.12,-267376.16,-177617.92,-181070.16,66.6320542279851,66.5616671202281,68.8684794307632,68.2931456184979,68.7270489162682,56.7143947136899,54.5174824277938,53.2900624394135,50.8090798463632,49.4517606933524,4.52891953939705,5.57852605254519,4.10113338889123,2.42744213492284,2.24465986964505,54.3350209015219,18.8806809854014,65.4932485152832,71.9980923474686,62.6403008509744,75.0578877730622,72.7805871101827,58.5821521757127,54.1551342909083,51.8081198892118,59.0034341593439,58.8732464891018,4.26627804888094,4.81758980260596,4.70140119987872,1.95737410269596,2.47221312403504,57.5687782618869,19.110014882321,68.8635199560104,67.2178857548075,75.0331680412321,67.9294493373736,70.2949158212887,57.4749272618933,56.1354237502924,54.392795918605,53.7777592400425,51.2422239146658,4.18516757066454,5.23713697754646,4.04581358510486,2.77004678351168,2.74827970990239,54.547058940858,18.5616953795978,68.863519921251,67.2178858041082,75.0331679134181,67.9294494108928,70.2949158469247,57.4749272733127,56.1354237298687,54.3927958919479,53.7777592939376,51.2422239933684,4.18516757150108,5.23713697321945,4.04581359186627,2.77004677513017,2.74827970705517,54.5470589720226,18.5616953852529
66.6641550043083,-187974.64,-281185.12,-267376.16,-177617.92,-181070.16,66.3328267189926,66.3168255195951,67.8778933393842,68.5497598943231,68.8249695203997,56.521216698707,54.3361895902804,52.6530553414298,50.6166414379804,49.1656582469201,4.57787069262987,5.60811617052904,4.19637739842481,2.36665798245652,2.20081290478305,54.0935100284443,18.9498351488233,65.4264315746129,71.2194856589803,62.526486345345,74.8872931051969,72.5596080220176,58.5631377418733,53.9756141750917,51.7803371680102,58.9542651382242,58.7844177372826,4.27642748871827,4.91929334846534,4.72060864141977,1.96848284888579,2.48924008489299,57.4914824643945,19.24010947382,68.6400884282122,66.9214953549766,75.09699110791,67.7118417886877,70.2327686125111,57.3867052915695,56.0684255412325,54.2086704304164,53.7088586990655,51.151332582231,4.21252163495405,5.26802059042265,4.06763810236174,2.78302164188959,2.75332715497624,54.3953057252117,18.7434088440111,68.6400883978401,66.9214953955967,75.0969909891066,67.7118418565026,70.232768634502,57.3867053026879,56.0684255214534,54.2086704074664,53.7088587486396,51.151332654371,4.21252163555802,5.26802058712684,4.06763810853294,2.78302163419142,2.75332715248037,54.3953057544735,18.7434088487054
66.793344161179,-187974.64,-281185.12,-267376.16,-177617.92,-181070.16,66.5287727747979,66.538914933199,67.17036992898,68.683314746707,68.6730799460497,56.6225945763178,54.4569796486359,52.2809224048028,50.6284453725577,48.9871802217665,4.5341685824176,5.56109567763176,4.29090239685204,2.35069869881248,2.197840411452,53.8828237111995,18.9347057671659,65.572381051381,71.0557418248594,62.4849512384342,74.6723870588686,72.3362129966782,58.5907560216012,53.901530384366,51.7631957092552,58.8963058098304,58.6496392478536,4.27056817738722,4.94780636908805,4.72704742745766,1.98315952383129,2.5160287276307,57.4000862160021,19.3538462933758,68.6865073982354,66.9230987823855,75.127551223963,67.5014910491714,70.1738986842665,57.4008704171482,56.0974591525047,54.072368471412,53.6237608834566,51.0465264987778,4.21026733670157,5.25607016265669,4.08503624579031,2.79556463151839,2.75875164748036,54.2567568432063,18.8688293209795,68.6865073689708,66.9230988212215,75.1275511051556,67.5014911165591,70.1738987045866,57.40087042833,56.0974591318687,54.0723684497118,53.6237609330047,51.0465265702272,4.21026733726824,5.25607015975982,4.08503625182354,2.79556462388391,2.7587516451994,54.2567568727454,18.8688293255374
66.8901725369411,-187974.64,-281185.12,-267376.16,-177617.92,-181070.16,66.7428333727196,66.7560147762729,66.8144119667638,68.6607500773904,68.3644638034698,56.7386301901366,54.5821379927922,52.1117296316076,50.6077225187976,48.7469768208302,4.48974107578868,5.51909628160379,4.34540885893502,2.35093852304239,2.2055050164228,53.7560334398395,18.9106897557927,65.6370478750161,71.0271889459935,62.4955319106833,74.4736983949374,72.1657314610708,58.605820932656,53.8670504770589,51.7537850189033,58.8406145396141,58.5175422157632,4.26465744391821,4.95700659157119,4.72428433398272,1.99704519646975,2.54263826217175,57.3191719612416,19.4295243942953,68.7389329970359,66.9578734752782,75.1265213180569,67.3420847291619,70.1364524527408,57.4189100355739,56.1185485213113,54.0028436354606,53.5407333547271,50.9489300249102,4.20604010424795,5.24700992502199,4.09514780273742,2.80670140365716,2.76327233557687,54.1578849188789,18.9265877508261,68.7389329680102,66.9578735133567,75.1265211998629,67.3420847958957,70.1364524717297,57.4189100466803,56.118548500243,54.0028436144151,53.5407334043206,50.9489300957332,4.20604010479646,5.24700992230829,4.09514780862454,2.80670139608083,2.76327233351229,54.1578849484605,18.9265877555323
68.5271872767306,-187974.64,-281185.12,-267376.16,-177617.92,-181070.16,67.1544249892121,67.1829096514602,66.734690157511,68.4815876892633,67.9895153901231,56.9705280002267,54.8391928434795,52.1561053132366,50.6347402937548,48.6175390940721,4.41052006004762,5.44315777278449,4.38239834330607,2.37809832764765,2.23345647798675,53.6873705896222,18.8476309817726,65.680158484881,71.0609062309559,62.4983621485614,74.3010687552285,72.0397268906814,58.6155321015796,53.8555978578321,51.7434109293552,58.7888883078359,58.4034351566795,4.26110610946494,4.95637274326449,4.72290488716037,2.00964489886897,2.56543804939516,57.2495284902864,19.4824754852822,68.7861874726418,66.9999608745035,75.1135509144363,67.2225449247724,70.1151378569409,57.4357752450132,56.1354027025834,53.970298633291,53.4677704134418,50.8626654642836,4.20173163059678,5.23960766015366,4.10081077136443,2.81652344833036,2.76691133458075,54.0856141906575,18.9515883359265,68.7861874455691,66.9999609098994,75.1135508044801,67.2225449864701,70.115137873716,57.4357752552961,56.1354026827122,53.970298613881,53.4677704598216,50.8626655300103,4.20173163111429,5.23960765768494,4.10081077678671,2.81652344129747,2.76691133282467,54.0856142182348,18.9515883405538
68.8217709295321,-187974.64,-281185.12,-267376.16,-177617.92,-181070.16,67.9251100141538,67.9707862440287,66.9312459759734,68.1974370069932,67.6388619891831,57.3966383469004,55.309472806561,52.4502197096151,50.8168612399147,48.7545142742514,4.26617303811355,5.30662149864991,4.41192253188019,2.44189597133099,2.29112843096034,53.6712313468218,18.717741470935,66.1937344781922,71.98679382662,62.4960536381056,74.1562253839568,71.9500132294894,58.720034358542,53.9904194828481,51.7324489210592,58.7418613863822,58.3122909143789,4.23191123925535,4.85085567626919,4.72244697925282,2.02065897489018,2.58335759581473,57.1907798589488,19.5196366848736,69.2418523911735,67.4715365714399,75.0980098328864,67.1334187433347,70.105174069584,57.604615323154,56.3165709702762,53.9574527207644,53.4071107764929,50.7884882876433,4.15506988975643,5.15982294795808,4.103821839743,2.82518220297667,2.76978910816546,54.0320178959244,18.9608973250683,69.2418523649349,67.4715366103078,75.0980097244072,67.1334188037879,70.1051740854646,57.6046153327556,56.3165709502524,53.9574527016113,53.4071108224151,50.7884883524092,4.15506989041789,5.15982294529845,4.1038218450682,2.82518219605123,2.76978910656064,54.0320179231154,18.960897329878
68.6944138393394,-160138.59,-185024.22,-181337.46,-157373.52,-158295.21,68.5100435250142,68.5283211584681,67.3489933711531,67.8953411504932,67.3472001651045,58.8054012369049,58.2284565136583,56.3660966883802,54.7309197041666,53.30165076125,3.9429476039763,4.29241399559557,3.94525580719774,2.85650125478332,2.69298279842925,53.8385230939389,17.7301014599822,66.4113512650964,72.660607390006,62.5892807115055,74.1160952689654,71.9757531850178,58.7721458605976,54.1186448319276,51.7355369844369,58.7149649136989,58.2940750019343,4.21036182391574,4.76816131257288,4.70511082258014,2.02413049726757,2.58765748940599,57.1713823543669,19.4933071833583,69.5331936990384,67.791589429377,75.0582469407996,67.1423635627119,70.1317940244392,57.7142164989412,56.4216473730379,54.0188185738866,53.3741434652237,50.7507942358582,4.12387762958506,5.11302252559385,4.09792471669202,2.83133910538512,2.7702919847991,54.040646185634,18.8991782538845,69.5331936736643,67.791589468952,75.0582468394528,67.1423636193939,70.1317940394268,57.71421650754,56.4216473543192,54.0188185553283,53.3741435086334,50.7507942971694,4.12387763028799,5.11302252279085,4.09792472162718,2.8313390988242,2.77029198331466,54.0406462110804,18.8991782587135
66.3678866071186,-160138.59,-185024.22,-181337.46,-157373.52,-158295.21,68.4062775090827,68.4059689298385,67.8278716733494,67.6626920433015,67.2384270842756,58.7638167604586,58.1770875993928,56.5996520279358,54.6106484627103,53.2451429343739,3.96837457314076,4.32220119931684,3.85905675930216,2.88109568036126,2.70304115416207,54.2897963120055,17.7337693662831,66.2271717999245,72.0835645485739,62.9387313535195,74.0636642459413,71.3494346775125,59.0181467443641,54.773463754058,51.8474379069304,59.0835375401375,58.5914730125992,3.88856400392825,4.68903419612005,4.6483050041695,2.01304758635875,2.57517711255642,57.178567121748,19.4406128971494,69.8580146841736,67.4825072153284,75.4682908931991,67.1354031167718,69.5097419790947,57.9426221570637,57.3069579387622,54.3461212216462,53.6800286423021,52.2436180492262,4.0016354955733,4.75266706467949,4.0201578287581,2.85735078425492,2.73700828115958,54.0738314162595,18.826377407711,69.8580146508067,67.4825072576114,75.4682907780544,67.1354031804414,69.5097419960012,57.9426221669476,57.3069579154798,54.3461211986837,53.6800286919595,52.243618107562,4.00163549453419,4.75266706409472,4.02015783453067,2.85735077649591,2.73700827967238,54.0738314447915,18.8263774133557
66.4252846414715,-160138.59,-185024.22,-181337.46,-157373.52,-158295.21,67.4468759636437,67.4330054572881,68.0123793263527,67.5141551023268,67.29728862493,58.2745133564511,57.6666985051588,56.5344900909078,54.235633192655,52.9673581076594,4.17176006837564,4.52691927161705,3.77511370154664,2.83195574294591,2.63953987030724,54.7121862732203,17.9452886547925,65.2823180940401,70.7982778182312,63.0511161542182,73.9708970170806,70.9421775228336,58.8560112803021,54.7863251843362,51.9203034886252,59.3489624428746,58.7463759727003,3.90696781763177,4.79628592648171,4.63304161367778,2.00964325181085,2.57962122553006,57.3037366410299,19.1620882865678,69.4359087222839,66.9615807785234,75.8710231717213,67.0930241918707,69.0870789000451,57.7894254484188,57.3414039870532,54.697288096857,53.8895043078531,53.1054255227466,4.04221835673436,4.74439556231311,3.93949080599182,2.87357684608057,2.71983008788517,54.2118895973777,18.6669296807922,69.4359086842268,66.9615808136769,75.8710230542595,67.0930242548889,69.0870789170423,57.7894254581913,57.3414039636424,54.697288071413,53.8895043578751,53.1054255744316,4.04221835549514,4.74439556278856,3.93949081234645,2.87357683816482,2.71983008660051,54.2118896257066,18.6669296853291
66.5737263449602,-160138.59,-185024.22,-181337.46,-157373.52,-158295.21,66.8452461746234,66.8362319344398,67.7562777355818,67.4556523689234,67.4127599445531,57.9401625908335,57.3260162984061,56.2907770793319,53.944042935081,52.7786031837412,4.29697213926235,4.648820262982,3.77919274671561,2.78310193645335,2.58466706058227,54.9865925416298,18.0927541459956,65.0181735607009,69.9923223517614,62.9340320110761,73.7779800508876,70.6158156290107,58.7854758645558,54.6987681604246,51.9496629184392,59.5128177540873,58.7674829841179,3.94166014614485,4.88229114111072,4.65752307284307,2.01679051519613,2.59669596382061,57.396858167159,19.081120713826,69.1950950597544,66.6870197418808,76.3259166946889,66.9967015576263,68.7747286079196,57.7069471822635,57.3432938486645,54.9005311742452,54.013162912493,53.5779619225929,4.06131835187755,4.74672074792939,3.87629127980829,2.88411276979972,2.71293568089104,54.3009552504884,18.6380423127619,69.1950950217783,66.6870197719322,76.3259165729316,66.9967016192808,68.7747286246586,57.7069471920694,57.3432938246208,54.9005311474163,54.0131629624952,53.5779619697753,4.06131835078963,4.74672074916197,3.87629128691115,2.88411276191414,2.71293567983421,54.300955278636,18.6380423167904
66.7710083068045,-160138.59,-185024.22,-181337.46,-157373.52,-158295.21,66.7105129149256,66.7081179586996,67.3536063137754,67.4535958635792,67.466515319301,57.8546583278414,57.2419872723012,56.0456790142509,53.8169992661628,52.6931309393771,4.32085866824807,4.67047039796821,3.83185492529519,2.75759322432791,2.56030859052641,55.149241251816,18.1410858063658,64.9882821859736,69.5482773077616,62.8774457513506,73.5356013522466,70.3500998788001,58.7715544908193,54.6162699946229,51.9809445176229,59.6064822184498,58.7247955639916,3.95254765219613,4.93639422699974,4.67074790836606,2.02844428254811,2.61852882942399,57.4408907923109,19.1097733164607,69.0839696705014,66.5710820497114,76.7567639011989,66.9007998471118,68.5540319770594,57.6747309612573,57.3561069776358,55.0701068053266,54.0858765305116,53.8515675743362,4.06531953636256,4.74276459311512,3.81974127280389,2.89286671287303,2.7101589886173,54.3728312231491,18.6426632161392,69.0839696336458,66.5710820765021,76.7567637763041,66.9007999068159,68.5540319932215,57.6747309711272,57.356106952981,55.0701067775284,54.0858765801895,53.8515676181886,4.06531953534777,4.74276459485752,3.81974128046178,2.89286670509442,2.71015898779276,54.3728312507574,18.6426632203425
66.8773618793347,-160138.59,-185024.22,-181337.46,-157373.52,-158295.21,66.7786427636665,66.7795359341486,67.039024040947,67.4594191315045,67.422127851485,57.8845190541977,57.2743638566025,55.8807398355742,53.7790889917707,52.6228146411379,4.30226712684577,4.65128698285866,3.88324370665327,2.74877769730928,2.55582285484862,55.2747933295949,18.1413983685156,65.0530902947051,69.3613055739909,62.8810301209563,73.2787659053445,70.1339934555683,58.7826990160031,54.568367891928,52.0165917742174,59.652418686943,58.6561358974825,3.95125771753929,4.96175681905386,4.67297700704048,2.04171098477204,2.64115851387085,57.4509094047089,19.1714978334487,69.0601910976315,66.5557488775115,77.1436805701987,66.8279896463639,68.403723919995,57.6756539530627,57.3892164989074,55.238569740865,54.1293462071609,54.020076580228,4.05973859974403,4.72933037998287,3.76662225978573,2.90106584465049,2.70885715397486,54.4419046127192,18.6428759983634,69.0601910617734,66.5557489026174,77.1436804425674,66.8279897040896,68.4037239354786,57.6756539629692,57.3892164736646,55.2385697120326,54.1293462565849,54.0200766217144,4.05973859877328,4.72933038206277,3.76662226789637,2.90106583696043,2.70885715336905,54.4419046396457,18.6428760030939
66.9654204908754,-160138.59,-185024.22,-181337.46,-157373.52,-158295.21,66.889360544249,66.8910787633062,66.8762553438485,67.4351123965904,67.3019216762142,57.9411862274754,57.3328177135243,55.805290942419,53.760556839639,52.5325135872843,4.27627968597116,4.6254525717448,3.91387193982557,2.74993846954042,2.5609978891042,55.3967533104942,18.1265405561862,65.1134887210645,69.2950023212138,62.91892285805,73.0312897743977,69.9593651601829,58.7958021665014,54.5448788106749,52.0542578092725,59.6678016387102,58.5853195678461,3.94687101350931,4.97202590678078,4.66889816301787,2.05488817000336,2.66191964788255,57.4448150554329,19.228659912933,69.0667631801851,66.5775081522831,77.4853382553048,66.7857837547892,68.305237261031,57.6855046149133,57.4216084057774,55.4106060900462,54.1570693026946,54.1322551119496,4.05295882866553,4.71577203762759,3.71635676562294,2.9089348296049,2.70790296216443,54.5139935327127,18.6278388576491,69.0667631449717,66.5775081764889,77.485338125556,66.7857838104204,68.305237275765,57.6855046248032,57.4216083801532,55.4106060601499,54.1570693517809,54.1322551516148,4.05295882772056,4.71577203991015,3.7163567741076,2.90893482199757,2.70790296175484,54.5139935588187,18.6278388630008
66.2703302928289,-160138.59,-185024.22,-181337.46,-157373.52,-158295.21,66.8622038403201,66.8621353947992,66.8268641201557,67.364811068882,67.152600586566,57.923530456735,57.3137836496634,55.7671737316123,53.6803303106975,52.3804540704525,4.28082495190136,4.63025287863366,3.91786165754223,2.7479439698461,2.56052313709515,55.5124737102352,18.1374065950185,65.1668268569452,69.2941172050308,62.9650010898447,72.8036362774992,69.8186896324278,58.8077821438947,54.5387969817298,52.0906680895935,59.6635042146164,58.5222587596363,3.94251825920488,4.97329416113875,4.66317273086935,2.06735490341147,2.67973540099392,57.4321800463098,19.2727030244532,69.08806449772,66.6148072947754,77.7870504349629,66.7707087377827,68.2424531958955,57.6989626179379,57.4523886824356,55.5779828633385,54.1756421873419,54.2099699651404,4.04619453726117,4.70270048394668,3.66973754112703,2.91631947401953,2.70704218863573,54.5873230102169,18.6027120269306,69.0880644615014,66.6148073195229,77.7870502980588,66.770708793506,68.2424532104544,57.6989626281795,57.4523886555242,55.5779828311279,54.1756422380306,54.209970004971,4.04619453630356,4.70270048644602,3.66973755030291,2.91631946617806,2.70704218838351,54.5873230364935,18.602712033119
69.7896027750893,-160138.59,-185024.22,-181337.46,-157373.52,-158295.21,67.1299848518594,67.1360314498372,66.8049532576762,67.2609525636345,67.0109580581985,58.0691952776563,57.4658227898202,55.7974550954056,53.6834501441445,52.357531503867,4.223130417496,4.57190580973917,3.93643826042888,2.76959526267133,2.5812681285721,55.606094415037,18.0823378789075,64.9136824637041,68.9882846916953,63.0107057743271,72.6006800498217,69.7062238846173,58.7592518468015,54.4653758778007,52.1248501334009,59.6471559289641,58.4711201469802,3.95341633897395,5.01381274994906,4.65733616561794,2.07880134035515,2.69426625271292,57.4180841313253,19.3032163319431,68.9398198787876,66.4827802564272,78.0525580701744,66.77730522759,68.2038447983446,57.6329134879025,57.3550842530121,55.7349686107048,54.1888096636157,54.2653317121413,4.07053218969363,4.74418251532972,3.62731334221592,2.92305860677761,2.70621670243461,54.6600790918377,18.5720847243235,68.9398198490296,66.4827802749459,78.0525579589969,66.7773052706318,68.203844809449,57.6329134962276,57.3550842316536,55.7349685840216,54.1888097039595,54.2653317432272,4.070532188828,4.74418251732262,3.62731334982904,2.92305860053753,2.70621670234628,54.6600791122227,18.5720847297275
69.5727644828137,-160138.59,-185024.22,-181337.46,-157373.52,-158295.21,68.4446630798574,68.4616925449945,67.0245346335194,67.1390389550759,66.9022729202269,58.7558028564067,58.1764558443838,56.1393655637411,54.0551586102133,52.7925516409158,3.94937022259156,4.29851878386974,3.9806765186464,2.87408516348083,2.68073494793476,55.696702739215,17.7833856365233,66.3583839751878,70.5343341086006,62.9973130575724,72.391854487099,69.6067951591435,59.0446477457238,54.788035136685,52.1467487670089,59.6109491199999,58.4057052417026,3.88133716715332,4.81849352898281,4.66164755625095,2.09164425875927,2.70913616076465,57.3867539202762,19.3546070057711,69.7448886211276,67.2662175594394,78.2958438598145,66.7740473442239,68.1707432590159,58.0065961455976,57.8996929657027,55.8451747168522,54.1868251155755,54.2771826494293,3.92601680162956,4.51150676272906,3.59329539261195,2.92879078136004,2.70676376944486,54.7062459565529,18.575214599712,69.7448885957868,67.2662175838944,78.2958437453373,66.7740473862613,68.1707432697617,58.0065961533652,57.8996929424185,55.8451746891773,54.1868251561636,54.2771826803226,3.92601680129523,4.5115067650262,3.59329540060631,2.92879077509576,2.70676376946261,54.7062459766108,18.5752146055441
69.4202327833041,-160138.59,-185024.22,-181337.46,-157373.52,-158295.21,69.2296370924328,69.2414706909569,67.636901646027,67.0274852374427,66.8859774409108,59.144728705679,58.5759229585279,56.5954138575763,54.3144456542418,53.1490288661797,3.7942730454158,4.14524263200246,3.92432050351819,2.95792254352914,2.75348071176777,55.8540287622395,17.5752394362334,66.7400554345069,71.2818694651921,63.3001467221289,72.3541646983228,69.5808837882867,59.1509497871592,55.0161099437562,52.2206345211776,59.6303031986302,58.4775185106919,3.82607165562264,4.70992205841803,4.61053800648142,2.0921113369752,2.7049518312302,57.4326975381007,19.2401935484926,70.1556097986113,67.7415069758883,78.446966940938,66.9016861258293,68.1989414032257,58.1927309828625,58.1680120074096,56.1024605017865,54.2382991203032,54.412044529821,3.85600069793867,4.39586263122504,3.54490967691568,2.93532945757839,2.7010488707906,54.8584857958142,18.4011375913845,70.1556097728304,67.7415070026114,78.4469668266081,66.9016861669852,68.1989414136568,58.1927309900952,58.1680119836187,56.1024604724861,54.2382991610026,54.4120445605076,3.85600069771277,4.3958626335956,3.54490968495916,2.93532945121369,2.70104887082006,54.8584858152446,18.4011375977178
69.3114632534284,-160138.59,-185024.22,-181337.46,-157373.52,-158295.21,69.4398312680898,69.4444262742739,68.313607293044,66.969113531243,67.0356521193511,59.2584237351581,58.6905472517586,56.9866301154194,54.4567315583857,53.456721065222,3.75831101285162,4.11119402232043,3.82541045488799,3.00535792956945,2.78552286540747,56.040256535327,17.485796285037,66.8080114465938,71.6555859324081,63.5001791231465,72.3921768952334,69.6047130675081,59.1766625446352,55.1584712592672,52.281120702174,59.6674539578886,58.5879915624555,3.80827794400307,4.65008632371471,4.57773043565908,2.08896502582925,2.69234865240277,57.5142366944884,19.0989642902973,70.3637082815255,68.0196521542503,78.5908707806517,67.0829295721803,68.2471817078262,58.2852441415274,58.3002778974959,56.3565063175391,54.312909088985,54.5673198872154,3.82200416569093,4.338361256119,3.49752903682907,2.93979516122316,2.6940425002706,55.0319558543524,18.2204450266293,70.3637082545201,68.0196521818651,78.5908706660382,67.0829296125039,68.2471817181366,58.2852441482977,58.3002778736339,56.3565062865866,54.3129091296526,54.5673199177524,3.82200416558668,4.33836125848654,3.49752904503318,2.93979515476112,2.69404250025773,55.0319558732052,18.2204450333017
69.2331373561899,-154529.03,-165645.74,-163998.82,-153293.84,-153705.57,69.4288718940292,69.4298319776736,68.8030408395681,67.0029186154929,67.3460224043852,59.4933728860879,59.2383709436747,57.9248345229573,55.2161698334646,54.5462973973922,3.71642122586048,3.88372401672645,3.60236711563642,3.10767227898106,2.86941592471393,56.2219531701629,17.1796005619183,66.7823888438098,71.8378676677142,63.6007618035386,72.4606995640868,69.6553968736388,59.1744311720447,55.240149332319,52.3260552010898,59.7090223215049,58.7026245250183,3.80623889525393,4.6185007631314,4.56241715489631,2.08426139717119,2.67643277362359,57.6051828667277,18.9825754205446,70.4628848349094,68.1745931703347,78.7391143994849,67.2754239045784,68.2991261236028,58.3282658310831,58.3626927427807,56.5686656965784,54.3916695733599,54.7045110284656,3.80668200350119,4.31095936791087,3.45587101363408,2.94166498926672,2.68761168205552,55.2004669779324,18.0760779106151,70.4628848026449,68.1745932024483,78.7391142667767,67.2754239500344,68.2991261354924,58.3282658385009,58.3626927154074,56.5686656593861,54.3916696199738,54.7045110635145,3.8066820034973,4.31095937060689,3.45587102333446,2.94166498175042,2.68761168195753,55.200466999013,18.0760779185617
65.9999999289108,-154529.03,-165645.74,-163998.82,-153293.84,-153705.57,68.9128109386943,68.910259250256,69.0442003685308,67.1425136411016,67.7289407021495,59.2687039222872,59.0083743363912,57.9861220869601,55.2474731651542,54.7514019124662,3.82871108126554,3.99730175896625,3.54377060048274,3.07938022769157,2.83010017247819,56.4077191486011,17.2792638408843,66.7083112692306,71.7549806293747,63.8091210642578,72.6023190154922,69.5733793282744,59.2252880278024,55.424595024258,52.5094489244605,59.9185503638338,58.878529227842,3.73317238683759,4.5894098339088,4.53805584359692,2.08078441565654,2.65795737229509,57.6904995604889,18.8992557418388,70.5958863427882,68.3153139194659,79.0202988030753,67.4449250144776,68.3004269811531,58.4115826175047,58.6765420096144,56.8161914960696,54.5121182491307,54.9890044318946,3.76503377527637,4.18038292961524,3.39921164056012,2.94241058565455,2.67762023976285,55.3557862023977,17.9715040696693,70.5958863034013,68.3153139543148,79.0202986489637,67.4449250667296,68.30042699405,58.4115826257487,58.6765419766674,56.816191452436,54.5121183039058,54.9890044713012,3.76503377495357,4.18038293375929,3.39921165209829,2.94241057692501,2.67762023956363,55.3557862260518,17.9715040790688
66.2170005088108,-154529.03,-165645.74,-163998.82,-153293.84,-153705.57,67.6195991002685,67.614272257673,68.875128162147,67.3641283467114,68.0735422657468,58.6304271512124,58.359967460526,57.7309462987704,55.0486646587157,54.6091555404085,4.10766415548494,4.27701732878691,3.51639027364129,2.97425686739892,2.72776885544354,56.5496775540225,17.6030974807556,65.247120170466,70.426914651646,63.9576719354181,72.6942191094041,69.5509242261612,58.9414643047127,55.1472663741966,52.6649150019481,60.0636656429682,58.9974395046418,3.80041337892868,4.75722208723685,4.52270158888502,2.07791929327489,2.64453313274526,57.7899824782402,18.7913245326716,69.8386750187859,67.6982969063385,79.2779133974321,67.6105364914488,68.3188921058256,58.0511334978143,58.2857442452451,57.0364048350933,54.6165032257513,55.1804748577687,3.90835367237066,4.34796488550645,3.34824906466166,2.94138153095739,2.67041205076487,55.5249916189354,17.8531505113978,69.838674972717,67.6982969337159,79.2779132437178,67.6105365424554,68.3188921181871,58.0511335067474,58.2857442137555,57.0364047912323,54.6165032804049,55.1804748960658,3.90835367128765,4.3479648896127,3.34824907644542,2.94138152229392,2.67041205050521,55.524991641661,17.8531505208108
66.4901241554613,-154529.03,-165645.74,-163998.82,-153293.84,-153705.57,66.8099777426152,66.806790984075,68.3040571417459,67.6129152641689,68.2764951258157,58.1832277393657,57.9094870322248,57.3271934840466,54.900637173619,54.4123784917259,4.28023292534498,4.44863097826877,3.56998992918898,2.88141528908598,2.64912188323034,56.5943844913823,17.829391005119,64.7976458532692,69.5902107721478,63.7951470283229,72.6336819178191,69.5049322048669,58.820197634174,54.9347012773168,52.7421918984239,60.1135216973399,58.9770872133927,3.86090240652734,4.87036778699514,4.55966107095374,2.08416170397831,2.64775684325983,57.7926343609873,18.909918260116,69.4257174895361,67.3085298511173,79.572185457881,67.6490371863934,68.2978137584331,57.8626935424701,58.0840182922981,57.0545429477443,54.6451044018077,55.1845060536598,3.97981468470735,4.43527420843188,3.32372411951561,2.93719225938564,2.67105331938224,55.5877048635442,17.9432288848607,69.4257174436667,67.3085298737314,79.5721853015126,67.6490372357969,68.297813770397,57.86269355196,58.0840182610848,57.0545429050039,54.6451044560059,55.1845060912486,3.97981468352879,4.43527421274415,3.32372413176515,2.93719225093113,2.67105331915134,55.5877048853976,17.9432288944417
66.6589651257421,-154529.03,-165645.74,-163998.82,-153293.84,-153705.57,66.6048685978682,66.6040003090679,67.6446211879135,67.8286495543312,68.2854489294781,58.0524781474003,57.7795688177655,56.9540551953448,54.8768020332681,54.2446816009917,4.31744780789426,4.48536792679345,3.66559569804882,2.82811794916935,2.61579256373764,56.5633125295449,17.9123219456435,64.7505716500077,69.1499778680204,63.7099295361027,72.4924077874013,69.4432056518416,58.7961060639965,54.8021237255664,52.8091059166256,60.1077769509533,58.8939198575617,3.88058918480746,4.93396594858777,4.58119145981853,2.09431628487706,2.66000506059358,57.740332375151,19.0628143500548,69.2422181732161,67.108486975873,79.8142953006786,67.6362234987302,68.268926035389,57.7858383332929,58.0070061986511,57.0329180618755,54.6386718834615,55.1286107238681,4.00590383410444,4.46918485727833,3.30882157469037,2.93497562065132,2.67399659779331,55.6078542646745,18.0572019526233,69.2422181290352,67.1084869959536,79.8142951422725,67.6362235464967,68.2689260469395,57.7858383432301,58.0070061671272,57.0329180203291,54.6386719372568,55.1286107609046,4.00590383287182,4.46918486185002,3.30882158720568,2.93497561238241,2.67399659765569,55.60785428565,18.0572019625148
66.7611568680564,-154529.03,-165645.74,-163998.82,-153293.84,-153705.57,66.6595338879471,66.6594189396378,67.1483459897872,67.955578476636,68.115764758764,58.0694388878369,57.7977431814764,56.6938812448935,54.8876811905332,54.0479180871836,4.29849721128288,4.46651661191971,3.74837867536044,2.80300278210613,2.61075739766355,56.5268520021719,17.9271526783327,64.801988205786,68.9406930634282,63.7171540999565,72.3204738304594,69.3751626262051,58.8029264523472,54.7268535320464,52.8771256434176,60.0726281366346,58.7898240001814,3.88193498561546,4.96660119225234,4.5853722249336,2.10605578575836,2.67630359253349,57.6718481271391,19.1805249003595,69.1704218663884,67.0197149486288,79.9915734851514,67.612971230115,68.2447456220664,57.7605291216883,57.9869798007941,57.0239410663575,54.6214252848154,55.0700037667582,4.01219050707797,4.47841827354294,3.2969198622525,2.93522610737252,2.67683385793413,55.617370896586,18.1341849588898,69.1704218236165,67.0197149674374,79.9915733258065,67.6129712762067,68.2447456331344,57.7605291318946,57.9869797688737,57.0239410257555,54.6214253381888,55.0700038031794,4.01219050580262,4.4784182783228,3.2969198748679,2.93522609925401,2.67683385792893,55.6173709167017,18.1341849691346
66.8264232789839,-154529.03,-165645.74,-163998.82,-153293.84,-153705.57,66.7634152408623,66.7633784568313,66.8722800051912,67.9655644854934,67.8362378169078,58.1181014111025,57.8471746878623,56.5523538211674,54.8636110353058,53.8098697278244,4.27104210786693,4.43920114533794,3.7972454466518,2.79571688210348,2.61847789347622,56.5177051607,17.9216834754364,64.8598122401744,68.852963005651,63.7698834371564,72.1447720355485,69.3053072132295,58.8149056135885,54.6881037994185,52.9439095438244,60.0232797444324,58.6862959771195,3.87839807291275,4.98169294530922,4.58086752338343,2.11833226717295,2.69349528040728,57.6044539552364,19.2597027447935,69.1487624277228,66.9897967209574,80.117545740373,67.595368863062,68.2273080237365,57.7565065456213,57.9902966554476,57.0322794939713,54.6043583620732,55.0254556991291,4.0111119597865,4.47739310830918,3.28633837465036,2.93704189207696,2.67892918302521,55.6259460174578,18.1736083931216,69.1487623858523,66.9897967391464,80.1175455807801,67.5953689074752,68.2273080342604,57.7565065559539,57.9902966232101,57.0322794540588,54.604358414975,55.0254557348678,4.01111195849089,4.47739311323238,3.28633838728811,2.93704188408436,2.67892918316742,55.6259460367728,18.1736084037245
66.9850339603637,-154529.03,-165645.74,-163998.82,-153293.84,-153705.57,66.8674985038906,66.8673491661997,66.7698282596931,67.8613045954004,67.5265286936188,58.1701426660765,57.8996401320114,56.5025620220425,54.7870846160993,53.5687764798779,4.24548565002812,4.41370497552682,3.81672119968655,2.80164724987145,2.63135024928068,56.5276401087872,17.9089093243936,64.9052107418632,68.8258943185689,63.8360894984273,71.9784045787429,69.2364468141672,58.825187572682,54.671011948512,53.0067471808531,59.9682982672514,58.5935384613816,3.87459331462948,4.98735657472452,4.57349873101095,2.13057452570219,2.70976528895391,57.5436115284126,19.3116107853985,69.1485692660987,66.9887761624707,80.2077831864908,67.5878215837988,68.2153896157061,57.7604495508864,58.0020199111773,57.0515216881568,54.5915201042004,54.9960007286608,4.00782566692449,4.47258658253381,3.2768433537295,2.939490410588,2.68030252676378,55.6354305378436,18.188328123643,69.1485692249677,66.9887761802779,80.2077830277996,67.5878216263568,68.2153896256033,57.760449561207,58.0020198788897,57.0515216489507,54.5915201563177,54.9960007635318,4.00782566563307,4.47258658752349,3.27684336629801,2.93949040274716,2.68030252704936,55.6354305563397,18.188328134531
67.0019980830166,-154529.03,-165645.74,-163998.82,-153293.84,-153705.57,66.9716539501495,66.971494265761,66.7704366486686,67.6806775043953,67.2511220093997,58.2242370921481,57.9541040592215,56.5089738540761,54.6746253519814,53.3676060545286,4.22118895235374,4.38938773599589,3.81887977342937,2.81633135250999,2.64542028736884,56.5404281643658,17.8912081016578,64.9852644522775,68.8771273824448,63.901549832541,71.8269756347214,69.1709628302309,58.8422444272776,54.6782354709491,53.0644799335755,59.9124321094538,58.5153184497399,3.8691429008111,4.98156431017354,4.56585456784498,2.14244077428654,2.72422490286261,57.4901307728516,19.3461063959636,69.1835592899938,67.0270740347876,80.273969424464,67.5899330900601,68.2073601308154,57.7795694053001,58.0358453707336,57.0754097904993,54.5837207829464,54.9782238853268,3.99917397585128,4.45825222799939,3.26846824778077,2.94193869845498,2.6811375597985,55.6457566251572,18.1895060671367,69.1835592493307,67.0270740527066,80.2739692658868,67.5899331310986,68.2073601401485,57.7795694155928,58.035845338213,57.0754097516509,54.5837208345583,54.9782239195858,3.99917397459184,4.458252233068,3.26846826034678,2.94193869071134,2.68113756021583,55.6457566430212,18.1895060783391
67.0191167794751,-154529.03,-165645.74,-163998.82,-153293.84,-153705.57,67.0380126595321,67.0379669221581,66.8207939286409,67.4707514697868,67.0418739949699,58.2588685485881,57.9889321945356,56.537464646604,54.539332754444,53.2131857152194,4.20593385141027,4.37403802445928,3.81075930151532,2.83258575532503,2.65590879077127,56.549675650375,17.8792257234812,65.0187708289884,68.9147584920379,63.96993149765,71.6972284415333,69.1117451541694,58.8507425468175,54.6870295288,53.1187147488682,59.860605939053,58.4561477174106,3.86526874181389,4.97662577752723,4.55737419053317,2.15335923611871,2.73604491238452,57.4462097136217,19.3641930604232,69.2065479065997,67.0585966356651,80.3220813540905,67.6039957453178,68.20369049411,57.7915020759436,58.0581167674204,57.1047125479879,54.5826421192386,54.9731340514532,3.99400790230217,4.44874293821622,3.26065715138353,2.94411904381626,2.68139054712849,55.6605624234944,18.1781425961233,69.2065478660697,67.0585966536293,80.3220811958316,67.6039957849328,68.2036905028984,57.7915020861951,58.0581167347945,57.1047125094107,54.5826421703196,54.9731340851624,3.99400790105621,4.44874294332516,3.26065716393338,2.94411903616315,2.68139054765744,55.6605624407762,18.1781426076021
67.0229459219241,-154529.03,-165645.74,-163998.82,-153293.84,-153705.57,67.0710735501374,67.0710558594407,66.8809932107341,67.2723914523996,66.9079922379678,58.2760630801091,58.0061346499576,56.5677369176079,54.4057117981963,53.1113174457302,4.19834627013345,4.36637242272629,3.79970123870433,2.84683799034798,2.66207150056829,56.5518431180419,17.8733294224803,65.0370270034223,68.9448218502722,64.0287055484774,71.5854592467393,69.0599905553673,58.8553643564646,54.6956045803196,53.167681776544,59.812503960408,58.4111548525732,3.86316778211559,4.97237653961056,4.5502770129762,2.16349818458398,2.7455878350873,57.4088662401747,19.375405219201,69.2233903506232,67.0842796851247,80.3596384865533,67.6247007049939,68.2021133749469,57.7998102800109,58.0741498762105,57.1323671161881,54.5858024842969,54.9734242843108,3.99058057116013,4.44186345005959,3.25386969484141,2.94573666182335,2.68139540167085,55.6763909489849,18.164850832388,69.2233903101138,67.0842797031283,80.3596383285269,67.6247007433202,68.2021133832482,57.799810290225,58.074149843518,57.1323670778238,54.5858025348731,54.973424317576,3.99058056992722,4.4418634551931,3.2538697073861,2.94573665425401,2.68139540229201,55.6763909657492,18.1648508441019
67.0267543349576,-154529.03,-165645.74,-163998.82,-153293.84,-153705.57,67.0865931741403,67.0865862996818,66.9312421718766,67.1071308929717,66.8329388377638,58.2840475170423,58.0140760963353,56.5916678757507,54.2909963925667,53.0524366789147,4.19475238652744,4.36272002964225,3.79002960757774,2.85806554605571,2.66519567601101,56.5461821373196,17.8707632458142,65.0447168390893,68.9647384644579,64.078867230281,71.4889277515956,69.0159029746197,58.857432508285,54.7021139276917,53.2117157191128,59.7680936463515,58.3771227539294,3.86214057082905,4.96939900422713,4.54440255508343,2.17288521743177,2.75319321588128,57.376302951441,19.383199013828,69.2338954391678,67.1024746435955,80.3899398399447,67.6488307486878,68.2016690991167,57.8047638531468,58.0843527391522,57.1564612741508,54.591574403573,54.9758871799238,3.98863100803367,4.43746468986675,3.24813628488813,2.94677724933691,2.68129590765265,55.6922051920551,18.1526323422735,69.2338953986381,67.1024746616126,80.3899396821376,67.6488307858401,68.2016691069943,57.8047638633312,58.0843527064296,57.156461235986,54.591574453655,54.9758872128303,3.9886310068099,4.43746469501314,3.24813629742931,2.94677724184963,2.68129590834824,55.6922052083485,18.152632354179
67.0303748215422,-153841.75,-163271.5,-161874.5,-152794,-153143.25,67.0945219585043,67.0944853183676,66.9675108378214,66.9807050326381,66.7989900174406,58.3174687204888,58.0895756908857,56.6990708279179,54.2884627269152,53.1270706309003,4.18822511315099,4.33246997596811,3.76685156941862,2.87655368441228,2.67653488446197,56.5377820113227,17.840635227412,65.0488716912738,68.9785854731679,64.1217239941014,71.4048508525383,68.9790738874405,58.8585058162642,54.7069472038985,53.2512303150655,59.7270689526783,58.3510735299913,3.86163728184456,4.96726854299695,4.5395378788609,2.18158026142261,2.75924724582027,57.3471561598289,19.3893867188072,69.2408926713964,67.1154156511283,80.4148913620351,67.673952546132,68.2017337997986,57.8079323858902,58.0911805176657,57.1763393119559,54.5986623745496,54.9786233408272,3.98744027758617,4.43451238822804,3.24340967600851,2.94731744166621,2.6811776878,55.7072778597861,18.1426931084233,69.2408926304879,67.1154156693104,80.4148912030356,67.6739525825406,68.2017338073844,57.8079323961424,58.0911804846401,57.1763392736521,54.598662424596,54.9786233737378,3.9874402763585,4.43451239342702,3.24340968865699,2.94731743419364,2.68117768856186,55.7072778757891,18.1426931205894
66.8980730679971,-153841.75,-163271.5,-161874.5,-152794,-153143.25,67.0782086376369,67.078207126878,66.9895909775922,66.8923767804238,66.7913941354325,58.308441654311,58.0804406735973,56.7057221688914,54.2190876896954,53.1130289753945,4.19170484926371,4.33590945041107,3.76120019481976,2.88085564107355,2.67527359793963,56.529538587941,17.8449437335077,65.0370681937369,68.9686091192054,64.177371913159,71.3397736932826,68.9316950915798,58.8641967706904,54.7250010413678,53.3050999965202,59.7111306785897,58.3401883146345,3.85282268048525,4.96458021228223,4.53343003906651,2.19014337915845,2.76378311283571,57.3206742629242,19.3945231757811,69.2543821899151,67.1370108532993,80.4585888465333,67.6983424828484,68.1963597734729,57.8161899176351,58.1315220744329,57.2055172159953,54.6121690327045,55.0014578231824,3.98337490815762,4.41768873067677,3.23594523211826,2.94736081509441,2.68052974625672,55.7214119139039,18.1348349429583,69.2543821485179,67.1370108712783,80.4585886867166,67.6983425185928,68.196359780691,57.8161899279224,58.1315220409944,57.2055171777087,54.612169082756,55.0014578559554,3.98337490687611,4.41768873604507,3.2359452448544,2.94736080766155,2.68052974707394,55.7214119296023,18.1348349553234
66.9050290007845,-153841.75,-163271.5,-161874.5,-152794,-153143.25,67.0290349455554,67.0291530494833,66.991332988287,66.8362080951089,66.7973194654113,58.2813527922489,58.0531652590449,56.6970354757901,54.1606125834896,53.0967499565151,4.2022874341662,4.34642977555415,3.75738988695735,2.88033144750584,2.67093781407159,56.5153474651048,17.8573763582551,64.9779111636821,68.9078630224905,64.2242227353135,71.276389337776,68.8970264353125,58.853504664858,54.7183124045016,53.3528519644114,59.689403958236,58.328211733521,3.85460887426336,4.97108007469093,4.52848321973736,2.19817019240971,2.76779034599007,57.2990133414821,19.3947647128615,69.2303040451547,67.1260614633395,80.4936769955056,67.7246521265073,68.1944115320487,57.8054580642415,58.1302654769369,57.2307666709237,54.6255150172513,55.0177155164284,3.9873311988567,4.41832887258831,3.22968872082161,2.94729803967927,2.6800112265928,55.7390037240409,18.1234083554186,69.2303040034259,67.1260614808243,80.4936768358535,67.7246521613605,68.1944115389435,57.805458074526,58.1302654434554,57.2307666328698,54.6255150669432,55.0177155489143,3.9873311975543,4.41832887801245,3.22968873356667,2.94729803232808,2.68001122745418,55.7390037393493,18.1234083678944
66.9122687694642,-153841.75,-163271.5,-161874.5,-152794,-153143.25,66.9970487287198,66.9970598925016,66.9739452533,66.8024474483058,66.8054826221791,58.2632144713321,58.034853969404,56.6812343657509,54.1211505227873,53.0864561854318,4.20895035417298,4.35311361199869,3.75796908990968,2.87903647256395,2.66734446094584,56.4934775654706,17.8664139895911,64.9607706143373,68.8747962548872,64.2565117518939,71.2103944349438,68.8697740133598,58.8490543374545,54.7115800390909,53.3935668425179,59.6619617159588,58.311771476167,3.85671149611068,4.97522447379046,4.5257100365696,2.20607886987598,2.77178231392509,57.2762707892516,19.4026061919532,69.217614628092,67.1213113372192,80.5244926505729,67.7465977476478,68.192652361924,57.8001854057708,58.1303115221888,57.2457589795723,54.6358680537376,55.0243939944828,3.98910068620085,4.41836361390208,3.22523074174807,2.94698944211219,2.6798282785095,55.7525778198136,18.1203917397763,69.217614586333,67.1213113544207,80.5244924909864,67.7465977816271,68.1926523685665,57.80018541606,58.1303114886516,57.2457589417829,54.6358681030428,55.0243940267315,3.98910068490213,4.4183636193648,3.22523075450557,2.94698943484397,2.67982827941156,55.7525778347608,18.1203917523546
66.9189025124683,-153841.75,-163271.5,-161874.5,-152794,-153143.25,66.9870801736225,66.9870191887423,66.9507967420791,66.7824233392082,66.8091234085127,58.2569949710285,58.028591500441,56.6661555228061,54.098017278811,53.080241323036,4.21075784918994,4.3549495463717,3.76091771624487,2.87833077829091,2.66542963569759,56.4677035919253,17.870385525795,64.9580200245233,68.8580077359823,64.2878929100723,71.1461941737787,68.847449854579,58.8479816225704,54.7068711650242,53.4301420618796,59.6323381246238,58.2949472030074,3.85746918091573,4.97758176828309,4.52277073712934,2.21361880557156,2.77547945256456,57.2531127458483,19.4121519953076,69.2115968481842,67.1203425440188,80.5494039637494,67.7662332436302,68.1916023404339,57.7979583382759,58.1313845160144,57.2562607869524,54.6445638023771,55.0272134934837,3.98971467699615,4.4179335770261,3.22186044695769,2.94662384711345,2.67975964467351,55.7643029767863,18.1193292149797,69.2115968064695,67.12034256106,80.5494038042733,67.7662332767774,68.1916023468657,57.7979583485735,58.1313844824303,57.2562607494297,54.644563851292,55.0272135255302,3.98971467569923,4.41793358251455,3.22186045971568,2.94662383992489,2.67975964561224,55.764302991387,18.1193292276584
66.9243698641491,-153841.75,-163271.5,-161874.5,-152794,-153143.25,66.9878916032407,66.9878118571161,66.9325622565123,66.7689158876137,66.8064010223591,58.2568134872668,58.0284320443997,56.6556556690292,54.0840971929609,53.0739815332434,4.21027899448816,4.35448674047703,3.76374826778091,2.87823714684793,2.66474303414861,56.4424645965548,17.8714941837426,64.9598502605487,68.850637558244,64.319043645744,71.0859939224632,68.8288873683617,58.8482020209399,54.7042067072803,53.4633545155624,59.6025081763567,58.2793291405327,3.85754332036104,4.97873374632258,4.51960083721463,2.22072356052337,2.77878155685061,57.2303957410124,19.4207502264617,69.2093686676043,67.1215416678985,80.5688774500566,67.784446409153,68.1911994182778,57.7973665495073,58.1330675125764,57.2645523672103,54.6523092620159,55.0285462305616,3.98975028659321,4.41722834725745,3.21921398292564,2.94624428983025,2.67972304249443,55.7749502652081,18.1182320164996,69.2093686259395,67.1215416848516,80.5688772907336,67.7844464415233,68.1911994245301,57.7973665598103,58.1330674789578,57.2645523299411,54.6523093105506,55.0285462624342,3.98975028529697,4.41722835276278,3.2192139956754,2.94624428271682,2.67972304346566,55.7749502794782,18.1182320292702
66.928447466945,-153841.75,-163271.5,-161874.5,-152794,-153143.25,66.9919479964634,66.9918832656027,66.9222248705499,66.7572323170906,66.799129699049,58.258610726925,58.0302669688657,56.650061755518,54.0740014008252,53.0666868086516,4.20918987282661,4.35340002356237,3.76548628887948,2.87859746534767,2.66473849319378,56.4198489656928,17.8714121438099,64.9627274364061,68.8484433734077,64.3488776369854,71.0307166156972,68.8133631180542,58.8487884239796,54.7030378319379,53.4935222983923,59.573575347941,58.2655220969568,3.85737864276069,4.97915036614109,4.51643120314604,2.22737427528555,2.78165922116516,57.2087362518105,19.4276841852115,69.2091423497915,67.1237975919661,80.5839268611353,67.8015933815155,68.1912597578459,57.797574533637,58.1349669383886,57.2715098978328,54.6594665257796,55.0293625026938,3.98953312476275,4.41642222947813,3.21708941796809,2.9458522696929,2.6796901641682,55.7847897852535,18.1167014545221,69.2091423081647,67.1237976088725,80.583926701986,67.80159341317,68.1912597639443,57.7975745439419,58.134966904746,57.2715098607978,54.6594665739517,55.0293625344173,3.98953312346726,4.41642223499446,3.21708943070531,2.94585226264979,2.67969016516778,55.7847897992122,18.1167014673734
66.9630098924911,-153841.75,-163271.5,-161874.5,-152794,-153143.25,67.0009497214009,67.0008691997617,66.9179632279167,66.7455343099698,66.7901483636373,58.2632582186629,58.0349509523057,56.6486267904801,54.0665811397186,53.0608888690537,4.2070923171642,4.35131121214953,3.76652275465238,2.87956867398521,2.66535636463596,56.3998559986467,17.8698513225873,64.9653782659855,68.8488059422163,64.3766511269356,70.9805520427165,68.8003666181942,58.849377529185,54.7027810844149,53.5208866490779,59.5461239882346,58.2536470796347,3.857169681031,4.97916974851246,4.51342181041554,2.2335698486442,2.78412468511997,57.1884509680175,19.4330215200844,69.209821605891,67.1263630998225,80.5955566003375,67.8177837987659,68.1916114346283,57.7980936835013,58.1367849416561,57.2774629839431,54.6662039142684,55.0300279451246,3.98924330757655,4.41564607739875,3.21536440600087,2.94544304672066,2.67965373624752,55.7939122272678,18.1148410579368,69.2098215643471,67.1263631166814,80.5955564415897,67.8177838297225,68.1916114405867,57.7980936937911,58.1367849080446,57.2774629471744,54.6662039620322,55.0300279766768,3.98924330628384,4.41564608291442,3.21536441870603,2.94544303975297,2.67965373727006,55.7939122409173,18.1148410708389
66.9594113266895,-153841.75,-163271.5,-161874.5,-152794,-153143.25,67.0163723502922,67.0163024217422,66.9209667993044,66.7336352280966,66.7819479604138,58.2715992332497,58.0433608889285,56.6522947111923,54.062489919229,53.0594331694015,4.20368536712276,4.34790536132449,3.7667664362917,2.88134304185038,2.66666640429453,56.3833333905484,17.8663666108839,64.9805620220863,68.8638835814191,64.4020736428646,70.9352916327229,68.7895046541068,58.8524662347207,54.7064194084935,53.5456791982423,59.5204234671588,58.2435764474765,3.8563075724604,4.9771685138813,4.51064633670673,2.23932011141073,2.7862148862731,57.1696408088499,19.4370673966233,69.2182263638364,67.1361659558042,80.6045969542342,67.8330189326281,68.192122561209,57.8022469301144,58.1439532911273,57.2825439455704,54.6725836295409,55.0306481700355,3.98752700855519,4.41258926061962,3.21395803819716,2.94501545614066,2.67961431294016,55.8023451903485,18.1128588787101,69.2182263223523,67.1361659727175,80.6045967956215,67.8330189629975,68.192122567057,57.8022469403954,58.143953257476,57.2825439089888,54.6725836769983,55.0306482014881,3.98752700727063,4.4125892661465,3.21395805089095,2.94501544923233,2.67961431398371,55.8023452037335,18.1128588916732
66.9572148529454,-153841.75,-163271.5,-161874.5,-152794,-153143.25,67.0249725780079,67.0249127342782,66.9284276832466,66.7224630641513,66.7764357546041,58.2763612006331,58.0481532421457,56.6574053583907,54.0577592588271,53.0586120598833,4.20184109286041,4.34605612766655,3.76590451694191,2.88280854642904,2.66757832656138,56.3700862191159,17.8641886104593,64.984184493329,68.8714304237886,64.4274394158946,70.8960717285301,68.7806758682355,58.8535099865687,54.7087936664224,53.5686222975716,59.4972569844519,58.2362983167638,3.85574221703828,4.97605835599181,4.50773083461761,2.24453575731964,2.78783135214088,57.1530123005774,19.43876632039,69.2221911188352,67.142168347741,80.6111836183033,67.8484837331295,68.1931921570444,57.8041068807225,58.147529419106,57.2881589371285,54.6792514914487,55.0325606827115,3.98679911709763,4.41105172103653,3.21265725507962,2.94459394048879,2.67951224209615,55.8111962782097,18.1092014576669,69.2221910773436,67.142168364671,80.611183459859,67.8484837629665,68.1931921627961,57.8041068909965,58.1475293854396,57.288158900713,54.6792515386186,55.0325607140771,3.98679911581454,4.41105172656813,3.21265726775883,2.94459393363498,2.67951224315663,55.8111962913465,18.1092014706838
66.9556419143877,-153841.75,-163271.5,-161874.5,-152794,-153143.25,67.0274474914465,67.0273957924185,66.9362696029835,66.7130685966924,66.7742418879536,58.2778315453661,58.0496250278529,56.6618440097697,54.0526624078922,53.0585244043676,4.20135866733528,4.34556657999711,3.76465711059644,2.88378712527237,2.66798796486,56.359369806164,17.8633574480612,64.9844838769325,68.8750990419713,64.4496093840659,70.8613194140044,68.7736154111264,58.8536976979227,54.7101947357948,53.5893408694149,59.4760809702039,58.2304918996226,3.85557658266164,4.9754702739482,4.5052369373029,2.24931930941628,2.78912986260705,57.1379948510464,19.4398121483345,69.2239903694661,67.1456922779515,80.616519714224,67.8632180273678,68.1943387800232,57.8048909119731,58.1492966342177,57.2929707779134,54.6857184188292,55.0344462622602,3.98651823185955,4.41028561412113,3.21156549303366,2.9441370728424,2.67940967673563,55.819542132924,18.1059591132033,69.223990327957,67.1456922948842,80.6165195559334,67.8632180567223,68.1943387856949,57.804890922242,58.1492966005454,57.2929707416511,54.6857184657317,55.0344462935527,3.9865182305775,4.41028561965486,3.21156550570002,2.94413706603943,2.6794096778099,55.819542145833,18.1059591262631
66.9546593482965,-153841.75,-163271.5,-161874.5,-152794,-153143.25,67.0272906645843,67.0272442602298,66.9420438508718,66.7061660195843,66.7748716308888,58.2778492047535,58.049635342681,56.6648284258994,54.0483727047074,53.0596228614261,4.20144245317704,4.34564492123407,3.76363516452124,2.88438240850959,2.66807914247266,56.350381265988,17.8631840899146,64.9839287209243,68.8766915482529,64.4689173054294,70.8301017756532,68.7679613355419,58.8536146158186,54.710935156717,53.6080023893672,59.4566186126631,58.2255766934072,3.85557311749152,4.97518906307481,4.5031153288734,2.25371742679764,2.79020341792474,57.1242360722006,19.4407463436482,69.2246990936334,67.1476326284868,80.6209891298158,67.8768342496894,68.1953985770248,57.8051589577381,58.1501108450082,57.2967678843027,54.6917675598354,55.035931888853,3.98644117746411,4.40992906620488,3.21068471265046,2.94365406556514,2.67932470515305,55.8271410644599,18.1034826247193,69.2246990521102,67.1476326454168,80.6209889716636,67.8768342786062,68.195398582631,57.805158968004,58.1501108113337,57.2967678481844,54.6917676064902,55.0359319200842,3.98644117618272,4.40992907173959,3.21068472530523,2.94365405880967,2.67932470623871,55.8271410771603,18.103482637813
