84.9549901147047,-102956.195,-110212.31,-109137.33,-102149.96,-102418.705,0.800077823775155,-0.454122748534814,-1.42661134528794,-0.520679054359505,-0.40441989811967,-0.0143858083432704,-0.0537335962194803,-0.166264950351312,-0.177255330878872,-0.951381363838181,-0.201969244292733,-0.516448757318815,-0.0279113143094023,-0.010137513831793,-0.0505126287365092,0.432242435775812,-0.387668985506472
84.9331553806321,-103318.9552,-111465.4816,-110258.5888,-102413.7856,-102715.5088,0.836328387852603,-0.464392057555827,-1.39231556334093,-0.483194395989045,-0.415749555419666,-0.0132428758157346,-0.0677618665890094,-0.173549170864646,-0.194435437818754,-0.98054230892339,-0.197586991497148,-0.501907225788175,-0.0211729716708211,-0.00725378333479676,-0.042311997275704,0.390258882715877,-0.338188426643047
84.9533820384801,-103318.9552,-111465.4816,-110258.5888,-102413.7856,-102715.5088,0.873125925211127,-0.47084405653581,-1.35243383316897,-0.452544468774718,-0.432566218833898,-0.00704668309246159,-0.0645908299368401,-0.166467183717394,-0.206115132858962,-0.99928550857507,-0.198009589282057,-0.501898117956539,-0.02768526694845,-0.00793248262149082,-0.0382301618909409,0.353311846195815,-0.326433280455912
84.9411469326129,-103318.9552,-111465.4816,-110258.5888,-102413.7856,-102715.5088,0.902193543876905,-0.47900748346207,-1.31604254409289,-0.426741341952052,-0.448883282296308,-0.00219719936248453,-0.0641672101252482,-0.160485003216252,-0.217436144152188,-1.01707492391849,-0.198192931093771,-0.501236174250997,-0.0337802326909611,-0.00833707088806168,-0.0342563411012025,0.321145453963453,-0.319804987736654
84.9806016122668,-103318.9552,-111465.4816,-110258.5888,-102413.7856,-102715.5088,0.927590458413363,-0.484761821308311,-1.28304954923345,-0.407045003066628,-0.465564712120113,0.00209968638849034,-0.0640484951182145,-0.155200796636663,-0.228185208954812,-1.03391248895988,-0.198370187652019,-0.500741323244916,-0.0394048734640904,-0.00839570885093766,-0.0303837828260067,0.293142880959159,-0.313555217313978
84.994831924,-103318.9552,-111465.4816,-110258.5888,-102413.7856,-102715.5088,0.945942429637313,-0.494153364738168,-1.25298087322217,-0.390919715332402,-0.481093671627349,0.00507263389606294,-0.0651371334595723,-0.150418506969061,-0.238147148855774,-1.04955049170074,-0.198278711626263,-0.499709527173692,-0.0445905740347634,-0.00829865800263985,-0.0267322672875911,0.268662979429145,-0.307734203700999
84.9615298192425,-103318.9552,-111465.4816,-110258.5888,-102413.7856,-102715.5088,0.961144121342755,-0.503151514330014,-1.22625449986967,-0.379491551278463,-0.496288214547278,0.00743535950581986,-0.0662216324472453,-0.14615984717728,-0.24745540851535,-1.06419391808608,-0.198145509381289,-0.498699010674767,-0.0492462131924267,-0.00797468299469073,-0.0232622898032107,0.247371464349129,-0.301509006668306
85.0012660038049,-103318.9552,-111465.4816,-110258.5888,-102413.7856,-102715.5088,0.977487517238586,-0.506467483161714,-1.20265611836852,-0.372468932403748,-0.511127063548784,0.0100888944062092,-0.0661851670892517,-0.142387509289883,-0.256155982665149,-1.07783484113949,-0.19823791921721,-0.498381615394242,-0.053386929681781,-0.00745640075344878,-0.0199865878225416,0.22889777305155,-0.295347925938093
84.9470417662776,-103318.9552,-111465.4816,-110258.5888,-102413.7856,-102715.5088,0.987912462964957,-0.514112041556032,-1.18137066190327,-0.369260792663297,-0.525352061586503,0.011660886735136,-0.0672529421504251,-0.138981863341037,-0.264258769778735,-1.0902780403606,-0.198070301719516,-0.497502092617242,-0.0571393741231792,-0.00681104535845445,-0.016933060565028,0.212919875850694,-0.290101707030409
84.9701700437318,-103318.9552,-111465.4816,-110258.5888,-102413.7856,-102715.5088,1.00123632694923,-0.514597232811042,-1.16275248308548,-0.369287291456487,-0.538896873966024,0.0139673359822865,-0.0667013761832251,-0.135995900126396,-0.271818430910102,-1.10175870064604,-0.198218355911902,-0.497562378869399,-0.0604348783040085,-0.00605212682617995,-0.014091534660613,0.19912651867768,-0.28466564455988
84.968558378216,-103318.9552,-111465.4816,-110258.5888,-102413.7856,-102715.5088,1.01058799962641,-0.517655829452792,-1.14580513471928,-0.372208540390517,-0.551599937147785,0.0155059795326764,-0.0670317012521124,-0.133275236094882,-0.278843045591259,-1.11203565270452,-0.19819815775982,-0.497233408893641,-0.0634469504410833,-0.0052322498942019,-0.0114799083398378,0.187244995356352,-0.280462939593417
84.933563374929,-103318.9552,-111465.4816,-110258.5888,-102413.7856,-102715.5088,1.01855380044258,-0.520266308896424,-1.13080715931341,-0.377638659203967,-0.563442242433823,0.0168462509046989,-0.067239190392165,-0.130862105084006,-0.28538777920582,-1.1213428007603,-0.198174287904207,-0.496977128558075,-0.0661243616013316,-0.0043490301461715,-0.00907929393773532,0.177041527783992,-0.276283170471612
85.0235043564516,-103318.9552,-111465.4816,-110258.5888,-102413.7856,-102715.5088,1.02791388103473,-0.51883015908426,-1.11757673530748,-0.385367952932185,-0.574449399056832,0.0185752937810122,-0.0665980721989641,-0.128726504930022,-0.291493478653962,-1.12974061981923,-0.198324681880179,-0.497243762405252,-0.0684996026947937,-0.00341005711453279,-0.00687949414248701,0.168279991730884,-0.272339137427769
84.9767399660712,-103718.7931,-112846.7398,-111494.4514,-102704.5768,-103042.6489,1.02866415524373,-0.527517709198321,-1.10520955166322,-0.394144030584641,-0.584104033703269,0.0138328495780371,-0.0829728752839074,-0.140383144355589,-0.301211135399953,-1.14158038685359,-0.193658113012924,-0.4813762332619,-0.057330448821769,0.000752047805065326,-0.0013139311671575,0.160884094955222,-0.230077405118392
84.9842519310278,-103718.7931,-112846.7398,-111494.4514,-102704.5768,-103042.6489,1.03691869618318,-0.529733343963201,-1.08645143574935,-0.407050993937034,-0.597808182078012,0.0158455863667299,-0.0792006177605842,-0.136261505933192,-0.305923744279212,-1.1443068663592,-0.194454261003203,-0.481922384129704,-0.060564081610232,0.00115661174010584,-7.60429631143644e-05,0.154383480077577,-0.225920420189648
84.9678963900546,-103718.7931,-112846.7398,-111494.4514,-102704.5768,-103042.6489,1.04242955673271,-0.532145576948011,-1.07086089304698,-0.420869650119798,-0.609291212186335,0.0171915841766577,-0.0780797783629836,-0.133377203252124,-0.310784396430222,-1.14753754480321,-0.195029858443209,-0.481920995259326,-0.0633051702585996,0.00174290660635745,0.00113858583492465,0.148928806234458,-0.226552016873336
84.921434011109,-103718.7931,-112846.7398,-111494.4514,-102704.5768,-103042.6489,1.0476583222169,-0.532246564466348,-1.05779999159951,-0.435043794740764,-0.619056811983384,0.0184413371487082,-0.0773889490927218,-0.131157649471795,-0.315455549530782,-1.15101814482148,-0.195559422238256,-0.482032164939364,-0.0656209951660434,0.00245083266816071,0.00230664981113327,0.144225115694596,-0.227144786766021
84.9638050667342,-103718.7931,-112846.7398,-111494.4514,-102704.5768,-103042.6489,1.05495271164764,-0.527259639323418,-1.04662944533572,-0.449345490394222,-0.627404610059315,0.0201325481820334,-0.0760420963152271,-0.129335348778469,-0.319830577282787,-1.15447738527845,-0.196209208937989,-0.482714150105747,-0.0676067227861081,0.00322526078938679,0.00340598192270614,0.140097817040633,-0.227367217046464
84.9847720957946,-103718.7931,-112846.7398,-111494.4514,-102704.5768,-103042.6489,1.05697544353134,-0.527665700721499,-1.03655549324226,-0.463372975215748,-0.634348048806288,0.0206507332603962,-0.0762985610516722,-0.127725332572247,-0.323855217593533,-1.15761382228894,-0.196478401567598,-0.482614437452855,-0.0693967805961708,0.00399791634640367,0.00440875992388046,0.136503995811474,-0.227933185064109
84.9244873945325,-103718.7931,-112846.7398,-111494.4514,-102704.5768,-103042.6489,1.05663016725704,-0.530327206084095,-1.02818460471094,-0.47719435623803,-0.640252309552011,0.020649468752211,-0.0769071375109149,-0.126399413821176,-0.32758151434426,-1.16064042450955,-0.196569008813243,-0.48225468571146,-0.0708812889794617,0.00479045902078079,0.00533671770282207,0.133398542719306,-0.227480174931047
84.9262714992407,-103718.7931,-112846.7398,-111494.4514,-102704.5768,-103042.6489,1.06035197611101,-0.526525451274324,-1.02154504060907,-0.490856747043154,-0.645405707618778,0.0216213271272494,-0.07586826436102,-0.125353909746217,-0.331044623510095,-1.16358310314938,-0.196931820567058,-0.482801314613616,-0.072055935533001,0.00560034781641616,0.00619635931031426,0.130699813087425,-0.226275405303798
84.9450629765139,-103718.7931,-112846.7398,-111494.4514,-102704.5768,-103042.6489,1.06215032547684,-0.524234158696586,-1.01559707752735,-0.503982249761748,-0.649658629577999,0.0222615417566345,-0.0753686280355552,-0.124417307476854,-0.334209378253348,-1.16610074724542,-0.197159303281888,-0.483135923049493,-0.0731130842543726,0.00635941797781214,0.00695784483613671,0.128366860527912,-0.225934496618262
84.9536168526369,-103718.7931,-112846.7398,-111494.4514,-102704.5768,-103042.6489,1.06183778393053,-0.524334453060675,-1.01049731199437,-0.51647027479089,-0.653088921909259,0.0223974897616301,-0.0754879694912276,-0.12360339380789,-0.337099751688811,-1.1682766028013,-0.197227838634641,-0.483133840398386,-0.0740335059114023,0.00706975091790829,0.00763104824134464,0.126369990896634,-0.225649540792355
84.9920657330918,-103718.7931,-112846.7398,-111494.4514,-102704.5768,-103042.6489,1.06097396898468,-0.525106548231236,-1.00647941137109,-0.528435511680328,-0.655895458782766,0.0223428466900515,-0.0757034750061223,-0.12294693428084,-0.339756521594509,-1.17024451803576,-0.19724283243933,-0.483040001201502,-0.0747763289251302,0.00775122405178919,0.00823292266595987,0.124636700433584,-0.224989685382472
85.0068006317543,-103718.7931,-112846.7398,-111494.4514,-102704.5768,-103042.6489,1.0572589948148,-0.529862176330397,-1.00345190174036,-0.539893467113629,-0.658233190272867,0.0216301456736545,-0.0767097515302737,-0.122438391373805,-0.342203134716385,-1.17204344304137,-0.197050822262707,-0.482440933446206,-0.0753519246242411,0.00840603058200018,0.00877198685562774,0.123114273207293,-0.224133208438403
84.9547077488316,-108489.7912,-129328.3696,-126241.1728,-106174.3936,-106946.1928,1.05491993536117,-0.532855074302148,-0.997849553299019,-0.548788497913264,-0.658018124197994,-0.0350772107652872,-0.251948916106102,-0.28508944534142,-0.393617877231577,-1.22761890146801,-0.145856422483212,-0.30706715715592,0.0821380797137743,0.04733525977733,0.0517843375419662,0.122949022901501,0.241684930770349
84.9771005400186,-108489.7912,-129328.3696,-126241.1728,-106174.3936,-106946.1928,1.08758789151538,-0.534317178835622,-0.872808168146264,-0.583272129771501,-0.713629182348527,-0.0201683600062665,-0.202968618395452,-0.249931932820388,-0.388071881369967,-1.1788060728658,-0.157532788229632,-0.31649446161996,0.0617986418589771,0.0408944907760769,0.0447111432426588,0.12026067352955,0.242724757375197
84.9852108071581,-108489.7912,-129328.3696,-126241.1728,-106174.3936,-106946.1928,1.09542116798248,-0.537866193803325,-0.775669744484787,-0.615589354157166,-0.751835910852449,-0.0118468506001648,-0.184372330390133,-0.227856345822786,-0.387977663783317,-1.14468524190742,-0.166069922298574,-0.31977768609633,0.0456147465840562,0.0365844154267161,0.0395797129579631,0.119739809518919,0.191782881797478
84.9842734089898,-108489.7912,-129328.3696,-126241.1728,-106174.3936,-106946.1928,1.08862014596392,-0.540986843602525,-0.701014567211033,-0.644524500105447,-0.778513115601029,-0.00782611600958916,-0.177411403685525,-0.21311959049811,-0.390020991960668,-1.12111075679694,-0.172337448948638,-0.320798439905727,0.033035156080417,0.0338446535133898,0.0358840658785147,0.118565636007098,0.145155561122053
84.9932297986605,-108489.7912,-129328.3696,-126241.1728,-106174.3936,-106946.1928,1.07390091540104,-0.542624543178448,-0.645078249827733,-0.670095532062774,-0.797545662032633,-0.00651478423062457,-0.174773636672619,-0.203002494141167,-0.392809355388479,-1.10504135065597,-0.176964906918744,-0.321082904650974,0.0235845254554752,0.0322208251906586,0.0332461663960588,0.116276068668782,0.110867219982803
84.9654456381266,-108489.7912,-129328.3696,-126241.1728,-106174.3936,-106946.1928,1.05316957335903,-0.545303263473841,-0.604633660837209,-0.692665441661603,-0.811495060141979,-0.00718414206077966,-0.17410917354664,-0.196079407332711,-0.395760608151207,-1.09422737513485,-0.180257802613059,-0.320917045386014,0.0167841952186853,0.0313608122249325,0.0313775221372654,0.113489867784367,0.0867466877728331
84.9488462506744,-108489.7912,-129328.3696,-126241.1728,-106174.3936,-106946.1928,1.0326802908195,-0.544691463435669,-0.577069708587032,-0.712711836697622,-0.822117316831822,-0.00837855478970084,-0.173292844537684,-0.191532555107571,-0.398643055033261,-1.08707564495391,-0.182774497968159,-0.321087503468228,0.0122092543335635,0.0310140418784168,0.0300647414011268,0.110633097094926,0.0699690966631756
84.9760982007982,-108489.7912,-129328.3696,-126241.1728,-106174.3936,-106946.1928,1.01263366289568,-0.542588861283491,-0.559394368438049,-0.730481478162815,-0.830374824696165,-0.00997019363240526,-0.172542795159927,-0.188704849091124,-0.401334370278377,-1.08226870785731,-0.184657385860777,-0.321390489147633,0.00934082351684085,0.0309695465340281,0.0291305871981804,0.107947208283974,0.0575993876114023
84.9364898797058,-108489.7912,-129328.3696,-126241.1728,-106174.3936,-106946.1928,0.990443815180583,-0.543792677266637,-0.549316060350648,-0.746233230210905,-0.836901219177278,-0.0125041089285745,-0.17286390871007,-0.187145987305321,-0.403791005686969,-1.07893934299062,-0.185842265833451,-0.321196978487727,0.00777630304178856,0.0310919211769825,0.0284507661200617,0.105504082647606,0.0482673611051503
84.9588975962553,-108489.7912,-129328.3696,-126241.1728,-106174.3936,-106946.1928,0.973794376623133,-0.539851911788361,-0.545597739150992,-0.760418611175311,-0.842340406745464,-0.0142976425618784,-0.171987727937861,-0.186622078101664,-0.406039765593377,-1.0766794291454,-0.186919380358717,-0.321671333904687,0.00730288773053878,0.0313269605004804,0.027955220767006,0.103256050812334,0.0419324607985549
84.9561102242029,-108489.7912,-129328.3696,-126241.1728,-106174.3936,-106946.1928,0.956353549445481,-0.538889549274714,-0.545827021973054,-0.773028930809787,-0.846791165598034,-0.0166090485921018,-0.172048250263799,-0.186739298553668,-0.408047567515524,-1.07489744211142,-0.187560080828873,-0.321702383052088,0.00750285047693033,0.0315791273038992,0.0275620143439632,0.101172547077944,0.0366943606058365
84.9546267347233,-108489.7912,-129328.3696,-126241.1728,-106174.3936,-106946.1928,0.941097691084238,-0.53761543574231,-0.549281199780339,-0.784405557509842,-0.850589238334081,-0.0187300072189345,-0.171961020118516,-0.18737602237195,-0.409856852978663,-1.07349249243659,-0.188022694771204,-0.321790424094645,0.00825582395026436,0.0318428916054529,0.0272439387503918,0.099243283383295,0.0331566018042633
66.201746008467,-157325.1305,-298032.269,-277186.767,-141691.004,-146902.3795,0.30944614970339,-1.34527624860245,-0.530930859456902,-0.772196020100552,-0.831051545705947,-0.720365294933629,-2.15108080879674,-2.0116390316871,-1.03647473184711,-1.75582342546373,0.359259852003482,1.39941792267273,1.47229987006728,0.402595023125465,0.43809391835779,0.0814887379405249,4.5440924269152
66.2303390684011,-157325.1305,-298032.269,-277186.767,-141691.004,-146902.3795,-1.4916242777303,-3.46548847565623,2.54521024562933,-0.885904117581688,-1.22571024917144,-0.279062968131562,-0.395916093141423,-1.46488767138241,-0.999289035014485,-1.17531802323967,0.0459022614127687,1.32435757983371,0.912309140585137,0.308929216434847,0.284923660117042,-0.075196368246182,5.53791489107717
66.2165590055285,-157325.1305,-298032.269,-277186.767,-141691.004,-146902.3795,-3.4230150438179,-6.51580027285098,3.65664158903098,-0.80419883639054,-1.13078894505553,-0.421438927067861,-0.523956055778363,-1.40281353551868,-1.0685699437591,-0.989321974850725,0.366140445644542,1.89312692550232,0.609546266294844,0.217649701735599,0.187088055915821,-0.0935388824085095,4.74084479414895
66.2629687815037,-157325.1305,-298032.269,-277186.767,-141691.004,-146902.3795,-4.23158399353692,-7.46075367374652,3.50471854645677,-0.512416274349818,-0.822871961853878,-1.08418624644865,-1.43204515166403,-1.83455889989926,-1.24123492306747,-1.04061793569365,0.819563886113232,2.28178656127533,0.428154801952671,0.110909041721794,0.10474371728024,-0.260551663710096,3.55198353134816
66.1996393017759,-157325.1305,-298032.269,-277186.767,-141691.004,-146902.3795,-3.25303340824662,-6.09484101457055,2.20084545476411,-0.0309831764734412,-0.431236762865481,-1.51578519237638,-1.819587739675,-2.68912636712843,-1.3819522216455,-1.17155443047873,0.939158262287073,2.0968201394187,0.434119669619624,-0.00207671931724618,0.043533288275309,-0.619894113380447,2.04328382140625
66.2291645946722,-157325.1305,-298032.269,-277186.767,-141691.004,-146902.3795,-1.66602610090617,-3.93951348817578,0.538842608289968,0.548607764024922,-0.0653889425684326,-1.50811650800816,-1.6385020532822,-3.69027004203216,-1.40879426105561,-1.29752426749764,0.788479866570562,1.69839488367068,0.569614137977367,-0.111080245375388,0.00898509015793802,-0.982544494081523,0.888902457476394
66.1762772995897,-157325.1305,-298032.269,-277186.767,-141691.004,-146902.3795,-0.554796022708544,-2.11430086387824,-0.825648259482719,1.06640526249032,0.171014169361897,-1.40894214427017,-1.30215101179115,-4.5620351080433,-1.34742266366333,-1.44240327609139,0.613144290791706,1.33830779990512,0.706364468495711,-0.207848340583085,-0.00277825741279991,-1.13669327647293,0.22631291805337
66.2362389773783,-157325.1305,-298032.269,-277186.767,-141691.004,-146902.3795,0.0330471141489426,-0.876587916028598,-1.85713129676851,1.35950234803389,0.180509863328965,-1.36687827727663,-1.01011779355014,-5.26772331773009,-1.27543223832123,-1.67061313569023,0.489950036299313,1.06557553106515,0.798173438473481,-0.283060722872497,-0.00494176672081914,-1.13256342928813,-0.0929626696677843
66.1909595617433,-157325.1305,-298032.269,-277186.767,-141691.004,-146902.3795,0.264699473065235,-0.172868830049467,-2.54608800729352,1.31529438409505,-0.131880546285032,-1.38758028529584,-0.823767613780042,-5.80583987629835,-1.27418962340268,-2.03552920268731,0.412729992251013,0.877340967269051,0.827608813971996,-0.327555566474851,-0.0202095683079606,-1.09471488256305,-0.235072670219779
66.2425831166783,-157325.1305,-298032.269,-277186.767,-141691.004,-146902.3795,0.378499825694405,0.228090614230453,-2.96279143352477,0.893528330693727,-0.765806888998,-1.4295242277944,-0.718680918571131,-6.20386701288314,-1.43036404243355,-2.57774502759408,0.361734440250822,0.745289852864577,0.806725975426813,-0.336265885623301,-0.0739246948694467,-1.08695908074492,-0.296607202569334
66.1962599817526,-157325.1305,-298032.269,-277186.767,-141691.004,-146902.3795,0.402811768684657,0.424600141393285,-3.1753904701054,0.177459278418794,-1.54325259389636,-1.47951185310372,-0.672231423183874,-6.47650536840794,-1.8031450688989,-3.27427631006386,0.326968267230046,0.657355500461434,0.756255179838873,-0.315683763392906,-0.174241540830632,-1.10918224252091,-0.34434404896686
66.1763826824134,-157325.1305,-298032.269,-277186.767,-141691.004,-146902.3795,0.428607191867343,0.543525310781973,-3.20418773520747,-0.691991555074978,-2.24688350828626,-1.51942278214185,-0.652164050001602,-6.60759559316371,-2.40498076477527,-4.01500458735203,0.303391248851554,0.597042972333005,0.690039276535815,-0.28051496413556,-0.303287634623954,-1.14637957707517,-0.391824209771933
66.2112188755062,-137600.7962,-229893.6596,-216220.6428,-127346.0336,-130764.2878,0.447143363878325,0.617505508713236,-2.89756366522303,-1.39220578129951,-2.87890155668134,-0.699876498178263,1.26294290410791,-3.77549538291294,-0.874225643251059,-1.80899294159416,0.144935517469733,0.0524629373583849,0.418123482035225,-0.18072218005092,-0.249259233336507,-1.02797194293535,-1.04147638209972
66.2038878004272,-137600.7962,-229893.6596,-216220.6428,-127346.0336,-130764.2878,0.659751536147382,1.06745125022363,-2.22365019121821,-1.64775380333674,-2.88371450495787,-0.89704305995199,0.805668337673005,-3.30090827801477,-1.51717926256591,-2.48382668309692,0.370876548406725,0.0772705166690884,0.292389211400154,-0.154160582073386,-0.31860974393061,-0.634971070652639,-1.07423810989116
66.2700943733078,-137600.7962,-229893.6596,-216220.6428,-127346.0336,-130764.2878,0.816390281141111,1.20037722218349,-1.59178251362151,-1.43189073892104,-2.87216299501716,-0.920704055724293,0.550762332408176,-2.81660468244034,-1.83561437508541,-2.96097978559572,0.401565391350636,0.100096902257038,0.189741693602897,-0.159096756546599,-0.385302829003528,-0.387679840777416,-0.90418300079947
66.2084956261019,-137600.7962,-229893.6596,-216220.6428,-127346.0336,-130764.2878,0.877036172648303,1.19856970478818,-1.02158149379798,-0.985521688618491,-2.83191257433026,-0.923850145486384,0.39212232736898,-2.35505121814255,-1.94253121685263,-3.31652589035758,0.400943736581924,0.121809381569302,0.105652089058387,-0.179695058491304,-0.437220865068927,-0.264787134304079,-0.77230608683487
66.1929445607697,-137600.7962,-229893.6596,-216220.6428,-127346.0336,-130764.2878,0.935480123252276,1.19159758263888,-0.528953405162525,-0.473073233616603,-2.76732911938304,-0.918036266703311,0.299497188847866,-1.93855599597578,-1.93401556171258,-3.58443283012799,0.395170968787835,0.134702142989662,0.0377779476073998,-0.20663205510636,-0.473241878170754,-0.213483244848199,-0.679217845072305
66.1601368596823,-137600.7962,-229893.6596,-216220.6428,-127346.0336,-130764.2878,0.962826059987023,1.17256449273061,-0.11073643768917,-0.00182262390647736,-2.70494276047954,-0.917452834873203,0.238783281286366,-1.57842259738703,-1.88760095047218,-3.79705707853501,0.391345928010468,0.144204288155211,-0.0182169754060775,-0.234804425507468,-0.496827519809212,-0.202891237354848,-0.611024758811311
66.184921147288,-137600.7962,-229893.6596,-216220.6428,-127346.0336,-130764.2878,0.987912049840247,1.16467863517242,0.234022372982452,0.387061006865579,-2.64828822294851,-0.915688922397386,0.203389559189553,-1.27608514894924,-1.83788582246348,-3.96299512518512,0.388002047635591,0.148866318690834,-0.0633022556485745,-0.261469964222186,-0.511147684327731,-0.222738915179598,-0.556553710572167
66.1746870967585,-137600.7962,-229893.6596,-216220.6428,-127346.0336,-130764.2878,0.987640496928421,1.14848137776801,0.514292859031286,0.681556505314859,-2.60216077019278,-0.917802326055757,0.178187536816388,-1.0280299578535,-1.80365542736351,-4.09375825960725,0.386147480250928,0.152856964306674,-0.0996217709202201,-0.285465145142757,-0.519259928914938,-0.263750918288274,-0.509765115945022
66.2363597771011,-137600.7962,-229893.6596,-216220.6428,-127346.0336,-130764.2878,0.989971050116026,1.13858817112066,0.736373501843318,0.885320281889975,-2.56715664823139,-0.91999082922699,0.161046974040893,-0.830083442956642,-1.79317803493347,-4.20025923754803,0.385113021814201,0.155078920047902,-0.128621969108019,-0.306409491442651,-0.52346215779782,-0.31923221272384,-0.464578420209815
66.1710308475223,-137600.7962,-229893.6596,-216220.6428,-127346.0336,-130764.2878,0.959225970509493,1.10777522816333,0.910535237074839,1.01283791284197,-2.54272316669324,-0.929760882334378,0.140056509269584,-0.675627046479683,-1.8063436115568,-4.28860760574837,0.386552552762935,0.160011175162238,-0.151990607975702,-0.324530601403751,-0.525498239417431,-0.382915549159208,-0.419947838166497
66.2046539335631,-137600.7962,-229893.6596,-216220.6428,-127346.0336,-130764.2878,0.977747365591014,1.11501605486986,1.04127996301504,1.07662656810446,-2.52789913660999,-0.92797320399238,0.134776562010153,-0.557306281191401,-1.83889997378139,-4.36232296466597,0.385085290137209,0.158794148337115,-0.16957565164943,-0.339356027615227,-0.525585343447653,-0.451313302225358,-0.374887365221497
66.2181401364102,-137600.7962,-229893.6596,-216220.6428,-127346.0336,-130764.2878,0.97536395892304,1.11146281380336,1.14621681225128,1.09653427554296,-2.52034788901109,-0.928150101583661,0.129979450821935,-0.46481488446544,-1.88419687408515,-4.42084273994013,0.383442268463188,0.158593956817997,-0.18399717470202,-0.351600417022194,-0.524824326140713,-0.518190670793437,-0.332950452937741
66.2476785414682,-132412.9245,-211971.921,-200185.403,-123573.036,-126519.6655,0.969699965789758,1.10545464145834,1.22744196128305,1.11551414641629,-2.51688972250388,-0.708008870839031,0.635053480549011,0.29753440937408,-1.30607217000969,-3.71935992523497,0.339012127000756,-0.00209903949528911,-0.27178341336623,-0.314049616192372,-0.460788710730272,-0.545871909463735,-0.461481347006647
66.2117758930795,-132412.9245,-211971.921,-200185.403,-123573.036,-126519.6655,0.963889373825054,1.17032785829568,0.80542334834098,1.06639975511729,-2.35951387131998,-0.761975782360288,0.455956100722354,-0.0890808952537583,-1.53800605855793,-3.83840570209458,0.400219323406307,0.0264181647111972,-0.225320043073324,-0.335517770536144,-0.457380062174032,-0.507438366733695,-0.421156766283708
81.3175447705179,-132412.9245,-211971.921,-200185.403,-123573.036,-126519.6655,1.08384915296834,1.23856837656783,0.536006293362064,1.09079484263711,-2.29088075302144,-0.735025678780552,0.381812121467526,-0.335289746918818,-1.61265969835827,-3.87413850059785,0.402644204689167,0.0338058399292889,-0.193210251719285,-0.351147839576582,-0.454964467342661,-0.491385901945954,-0.359196235076411
81.304982440051,-132412.9245,-211971.921,-200185.403,-123573.036,-126519.6655,-5.03843755907185,-2.91532365651436,0.738640952096063,1.11538532552454,-2.25015188015456,-0.974765577399666,0.634993608269347,0.450149096261057,-0.573800828881382,-2.60380039810396,0.276349999940028,0.277009745950999,0.0513937513941398,-0.111441061820823,-0.172216242751807,-0.456756875539725,-1.26203732529919
81.3126760683541,-132412.9245,-211971.921,-200185.403,-123573.036,-126519.6655,-3.545127990415,-0.385058034689877,0.458078311416003,-0.145466101092879,-2.42340482692241,-0.306807536791993,1.15710871605873,1.37296532323474,-0.103878369423121,-2.03912110946261,-0.170902538120744,-0.130795823301727,0.285013927132379,0.268595915968527,0.264495354417996,-0.282857660732638,-1.5688013988224
81.316515393908,-132412.9245,-211971.921,-200185.403,-123573.036,-126519.6655,-2.12987735861029,0.945954163414584,1.00457198714645,-1.45409305160132,-2.50450776890915,-0.166831495801155,0.940617975305642,2.06396393704228,-0.0122756341127328,-1.54735584642972,-0.274612562614785,-0.190180318356263,0.177699401756331,0.548215896619427,0.53115779260039,-0.126788497876689,-0.990563807104646
81.2874023837942,-132412.9245,-211971.921,-200185.403,-123573.036,-126519.6655,-1.66091958774619,1.08037592703789,1.78356850477583,-2.474366908774,-2.09965818982478,-0.182732433986082,0.616436622510825,2.25268963592486,0.0542925841095823,-0.746731187956932,-0.251885428673301,-0.107350569176564,0.058249485787869,0.713941594868786,0.560708275736746,-0.111339139903905,-0.248552473830268
81.2867637482557,-132412.9245,-211971.921,-200185.403,-123573.036,-126519.6655,-1.61957540678908,0.792887371418018,2.26000450569828,-2.98127965762416,-1.441139620218,-0.212904226453489,0.376693469637338,2.13030292730284,0.267240453442376,0.0219836057828999,-0.206463703808567,-0.00757483037721718,0.0298988915513227,0.752796299912269,0.42249947301785,-0.155179853495838,0.312929128351207
81.2876312422481,-132412.9245,-211971.921,-200185.403,-123573.036,-126519.6655,-1.71473710533974,0.425162729833247,2.38432069621153,-2.92807729311714,-0.841087280894413,-0.231851689369741,0.226919005993679,1.89573707196077,0.600695836975547,0.514612306722952,-0.16512507788894,0.0775986678093852,0.0581011688262443,0.661026518380894,0.248565572723459,-0.181787537905251,0.627150793929358
81.3028445972758,-132412.9245,-211971.921,-200185.403,-123573.036,-126519.6655,-1.82272707037424,0.0990827999449664,2.27516858694655,-2.5057823686281,-0.429762464913708,-0.239848611713278,0.139045697234451,1.64046954571172,0.910341873813032,0.750529912271283,-0.133866813499031,0.142452887852667,0.107698152407679,0.491984304713392,0.114198292677964,-0.170913447443446,0.759936346388292
81.2511426275067,-132412.9245,-211971.921,-200185.403,-123573.036,-126519.6655,-1.91312525720711,-0.16571908944664,2.05412341335879,-1.95876951574755,-0.210632412406284,-0.242782388399249,0.0860279463520968,1.39978984897725,1.10510923390117,0.822808682965885,-0.111776392882569,0.190295795164914,0.160027587121037,0.318355487019483,0.0308294802206523,-0.132918967513334,0.801268028160466
81.2531176423174,-132412.9245,-211971.921,-200185.403,-123573.036,-126519.6655,-1.96798846137293,-0.360371538252949,1.81025831354088,-1.44579237063398,-0.136545141720688,-0.240837544124503,0.0565528894296179,1.1884026460185,1.18228611893267,0.807189079124193,-0.0972387319032242,0.223346082134945,0.206329533677543,0.179997387963772,-0.0137850702544355,-0.0844406413503052,0.808758782074792
81.2912058776511,-122040.1874,-176138.8292,-168124.2156,-116029.2272,-118032.8806,-2.0043576921201,-0.507742677806235,1.57855935450168,-1.06224299990279,-0.189540707745849,-0.0596929267391886,0.527165265035499,1.50467626690656,1.42019485456026,0.98180536934079,-0.208493691798307,-0.142880415128996,-0.104261188809736,-0.00914666276339515,-0.132536031658913,-0.0677835293157898,-0.247078820575204
81.3124540514204,-122040.1874,-176138.8292,-168124.2156,-116029.2272,-118032.8806,-2.06530453668063,-0.627086262679526,0.525674321689408,-0.906876744002219,-0.080611391890173,-0.113979758669501,0.1923306058967,0.848309245746222,0.927476942714257,0.719386900190834,-0.145696319761638,-0.0634766546984862,0.0464349872095227,-0.0585462210093768,-0.106555267724516,-0.0383950830856747,-0.252078578517372
81.2950317203661,-122040.1874,-176138.8292,-168124.2156,-116029.2272,-118032.8806,-2.06807539793733,-0.746157128579142,-0.162399511706511,-0.688859423680313,-0.0861661805261349,-0.140397674263475,0.0215093067634768,0.435148551032043,0.679483766235101,0.552359059179551,-0.106603017117533,-0.0172484192330233,0.145662367570881,-0.0881390457755613,-0.0891310556985012,-0.0114817037297996,-0.060008588181848
81.2814278523041,-122040.1874,-176138.8292,-168124.2156,-116029.2272,-118032.8806,-2.03703877290913,-0.846330318270887,-0.613612836408848,-0.494613253954228,-0.159458134823723,-0.149704057239028,-0.0652866368853182,0.167386285199157,0.537961465151596,0.438373936034871,-0.0827776757562075,0.0102304903317028,0.21061442562225,-0.103961050843243,-0.0751945015078801,-0.00410154467902402,0.125649256845049
81.258389307162,-122040.1874,-176138.8292,-168124.2156,-116029.2272,-118032.8806,-1.98914307587378,-0.925138825168816,-0.904775411641054,-0.352599227508264,-0.270705336506381,-0.149268508380054,-0.109743038138063,-0.00787960611483385,0.443484939938443,0.354017552194122,-0.0689210308823811,0.0271131503657593,0.251978467920321,-0.109728926206921,-0.062219749995936,-0.00257621048461942,0.262414869771652
81.3126741935205,-122040.1874,-176138.8292,-168124.2156,-116029.2272,-118032.8806,-1.93488276843763,-0.984579287967193,-1.08669067252778,-0.267764698743406,-0.401350795665053,-0.143419382593009,-0.13240084156979,-0.122438880393233,0.369883741207317,0.286397644114523,-0.061465909796693,0.0377155096460271,0.27709511482671,-0.108048240553656,-0.0491717297024465,-0.00186291980621434,0.35518265600577
81.3107378966152,-122040.1874,-176138.8292,-168124.2156,-116029.2272,-118032.8806,-1.89418933354833,-1.04269688824461,-1.19345982018318,-0.230954919868495,-0.53646711061127,-0.13769769099531,-0.147696954050261,-0.196350188937181,0.306364653469103,0.229102791236585,-0.0572770898329935,0.0465054777157459,0.291023399915001,-0.101345140663625,-0.0360610977390445,2.47246525404421e-05,0.41574451040232
81.3019022940426,-122040.1874,-176138.8292,-168124.2156,-116029.2272,-118032.8806,-1.85617862858267,-1.08711527833142,-1.25328229338825,-0.238522933104491,-0.672130220432692,-0.131154122626626,-0.156520677231072,-0.243599325305475,0.247467031798386,0.177584470615727,-0.0555367913198581,0.0526555123053001,0.298098832684862,-0.0907260637555529,-0.0227072617811197,0.00167983754074896,0.458440414217005
81.2660445310321,-122040.1874,-176138.8292,-168124.2156,-116029.2272,-118032.8806,-1.82109917318465,-1.11915442970937,-1.28193081684795,-0.276071557906462,-0.800598676198305,-0.124421583436394,-0.16140955447699,-0.272947537658169,0.192176634961442,0.130683012197821,-0.0553334950842335,0.0568350356136613,0.30071060744793,-0.0779729603820176,-0.00961718356183949,0.00473459627684036,0.488267349106644
81.318534189889,-122040.1874,-176138.8292,-168124.2156,-116029.2272,-118032.8806,-1.78679633079905,-1.1383218894493,-1.29018199560002,-0.338281844566339,-0.920599689184172,-0.117236456726019,-0.162914986057942,-0.290380271808552,0.13970732110409,0.0875723453817159,-0.0561516910411808,0.0591365917859266,0.300474293826352,-0.0637899453754553,0.00309149701144973,0.00773836740980727,0.510053924277363
81.286082655425,-122040.1874,-176138.8292,-168124.2156,-116029.2272,-118032.8806,-1.76934030446066,-1.16342221535099,-1.28443906278878,-0.416997279535877,-1.02950695328397,-0.113156454526568,-0.166723986198519,-0.299728207725401,0.0902715620612895,0.0483282759814472,-0.0566917054303027,0.0623097857841963,0.298306150230829,-0.0490308609303662,0.0151331796440266,0.0107594072415793,0.525259420016512
81.2776427402845,-122040.1874,-176138.8292,-168124.2156,-116029.2272,-118032.8806,-1.74956223508349,-1.17646116197037,-1.27405217497194,-0.508050290676564,-1.12809792288621,-0.108612792259002,-0.167621713984339,-0.30441392522269,0.04366173139978,0.0120856519782535,-0.0577137561701613,0.0638151324206557,0.295697496024833,-0.0340670465011148,0.0264591147276936,0.0134196695488598,0.539264721474225
81.3106170308182,-127043.6727,-193423.5966,-183589.5338,-119668.1256,-122126.6413,-1.7329945053929,-1.18480741773719,-1.25765099218403,-0.599950046057828,-1.2128213701349,-0.185565149698498,-0.394745534219901,-0.527725070980054,-0.0807761159734355,-0.108369311703214,0.000409713766649666,0.257371143371874,0.46520622309208,0.0234079971772632,0.0843767977074126,0.0199655070893812,1.06478504888601
81.3152966089324,-127043.6727,-193423.5966,-183589.5338,-119668.1256,-122126.6413,-1.72373964721174,-1.19114403266092,-0.944586716924988,-0.703720686127156,-1.35357721861514,-0.157147806242001,-0.267737373938488,-0.423329853880489,-0.0663761037350383,-0.0588168887874474,-0.0305609365164727,0.233178121362266,0.414652799842224,0.0291194384457922,0.0798995001250928,0.0133752951021435,1.07307331550143
81.2583181889566,-127043.6727,-193423.5966,-183589.5338,-119668.1256,-122126.6413,-1.74525618553108,-1.19239306969081,-0.721585849204473,-0.812448704471251,-1.45800520043086,-0.145053847040231,-0.202058328588599,-0.342182041519791,-0.072222974434176,-0.038752375138408,-0.0481878424259417,0.220535772458661,0.379184189728078,0.0368933452746765,0.0804698302000397,0.0125748337013931,0.942984596279008
81.3070975529514,-127043.6727,-193423.5966,-183589.5338,-119668.1256,-122126.6413,-1.7673756018783,-1.18108079010442,-0.57279220205092,-0.921630493154908,-1.53727215991042,-0.139591244215246,-0.164820245321081,-0.281025049465967,-0.0892312969739137,-0.0355033775700448,-0.0581010578826981,0.212369243684596,0.35607020394488,0.0457534332334217,0.0837186185905014,0.0113812324695388,0.824736616659786
81.2975791180062,-127043.6727,-193423.5966,-183589.5338,-119668.1256,-122126.6413,-1.80279132898026,-1.18036638596628,-0.476027590556782,-1.02584398835491,-1.59659672856735,-0.140932888281469,-0.147655899925574,-0.235437312460192,-0.111320305378776,-0.040348576984286,-0.0625761137158194,0.209018904012074,0.341484106986332,0.0547259143441667,0.0880341632731707,0.00947858757221809,0.742777769897026
86.0775359965308,-127043.6727,-193423.5966,-183589.5338,-119668.1256,-122126.6413,-1.79439896983286,-1.13202645460443,-0.419817322050392,-1.12477008326523,-1.642027800363,-0.140092311447731,-0.132294306416796,-0.202175003566545,-0.135014268386726,-0.0487063380354797,-0.0675711412232431,0.201771677751115,0.33357842320009,0.0635524381343655,0.0926557047421406,0.0065771243085635,0.688070927055604
86.0903582696407,-127043.6727,-193423.5966,-183589.5338,-119668.1256,-122126.6413,-2.16915665161653,-1.45480418138013,-0.361421345218844,-1.21770403992581,-1.6762705590005,-0.274529134294212,-0.293816216078213,-0.168490374511642,-0.153517407538033,-0.0525244071219007,-0.0628665087181588,0.260265192592928,0.327506520325231,0.0724109663722625,0.0974834125347068,0.00253346415439637,0.548197345204024
86.0803041650254,-127043.6727,-193423.5966,-183589.5338,-119668.1256,-122126.6413,-1.71088890443596,-1.00199551604121,-0.499119632712478,-1.37294406817315,-1.80800040323055,-0.307811986511005,-0.314460032244547,-0.173572448894518,-0.183764245217709,-0.0940022067545598,-0.103092126884988,0.230553162633382,0.364095643585606,0.0895221392748085,0.107691860487501,-0.00510736667779099,0.557855157261777
86.0943850251907,-127043.6727,-193423.5966,-183589.5338,-119668.1256,-122126.6413,-1.01432128374087,-0.404980651522948,-0.518732394903765,-1.5635709849093,-1.99274291914008,-0.305268830646888,-0.295915576414316,-0.179475009136958,-0.219343202842886,-0.145746995972566,-0.147527037872788,0.187755724060771,0.393358696825475,0.109163968758465,0.117906530201513,-0.0191823772867821,0.588008924421526
86.0621842383932,-127043.6727,-193423.5966,-183589.5338,-119668.1256,-122126.6413,-0.413130302811354,0.0387929767226751,-0.345745267362574,-1.76954054530727,-2.17941984302881,-0.298068730271936,-0.280134777842754,-0.174766476886134,-0.256791383855223,-0.19660985394227,-0.179243516539606,0.15985723258703,0.401499980900259,0.128688058334216,0.125116923679766,-0.0294182058723678,0.609096750591513
86.1038382887934,-127043.6727,-193423.5966,-183589.5338,-119668.1256,-122126.6413,0.00363450522324626,0.282599664173944,-0.0232202974984261,-1.97269711735358,-2.32018406097232,-0.293187316880406,-0.27330094938138,-0.161083750562085,-0.2935857736679,-0.241433541437111,-0.197462023391939,0.148017219943701,0.392245595257503,0.146582361432092,0.127152632887654,-0.0334109290050151,0.618998374820148
86.0353373832341,-127043.6727,-193423.5966,-183589.5338,-119668.1256,-122126.6413,0.253301095635578,0.370508242818531,0.362269544182624,-2.15495529533671,-2.38811432205401,-0.292445845066247,-0.275953923545622,-0.144415501360946,-0.327617887328316,-0.278255859999874,-0.206142008689946,0.147976420651806,0.374461465841454,0.161589868312821,0.123350164623744,-0.033314208935316,0.618567565621749
77.6819305973885,-142692.4663,-247483.0654,-231958.5322,-131049.0664,-134930.1997,0.195196094563428,0.115978084995461,0.830002641182588,-2.2873399966024,-2.34686414266201,-0.510146334078748,-0.893236607694391,-0.729231570448491,-0.597713590837593,-0.562741192669279,-0.0418327033379078,0.678059297238064,0.819578132638417,0.303372442223365,0.255111599940937,-0.0282938006502462,2.04263879593575
77.7119720606338,-142692.4663,-247483.0654,-231958.5322,-131049.0664,-134930.1997,-0.0269704626693112,-0.275298502813996,2.21623374428674,-2.38709232792252,-2.38561956488724,-0.2906688579194,-0.184623277490772,-0.399271334013385,-0.532435198708448,-0.35898143910412,-0.129205185652668,0.565499757976907,0.61858707296643,0.278294457641711,0.18925306248501,-0.0546228417634751,2.27937522017353
77.6935004566892,-142692.4663,-247483.0654,-231958.5322,-131049.0664,-134930.1997,-1.16269294194893,-1.46314288857715,3.18588595183456,-2.31269093290223,-2.16844105065421,-0.215623904330783,0.066971252381073,-0.125454119880956,-0.468507984688543,-0.224604588155614,-0.0995977202287903,0.630637201109351,0.455353123049337,0.244653460984378,0.137352442016863,-0.0393076466071491,1.81479203811783
77.7196395800643,-142692.4663,-247483.0654,-231958.5322,-131049.0664,-134930.1997,-2.2510385979725,-2.33587143129274,3.55146630294519,-2.087366209164,-1.83736556225207,-0.209530559363216,0.139371914199629,0.0784297335479422,-0.398730933542254,-0.124295502063823,-0.0306295409805546,0.724498075994443,0.354103997416568,0.204247636199565,0.0963063735233773,-0.0276355588894717,1.32821645992732
77.6789237821957,-142692.4663,-247483.0654,-231958.5322,-131049.0664,-134930.1997,-2.90628409702263,-2.62286619706668,3.44153900099485,-1.75135485152286,-1.50178491235737,-0.211508685097272,0.186465616433992,0.225553286706074,-0.318725971176917,-0.0443437645846103,0.0225607450525693,0.768936118470207,0.312320056510698,0.160554605046192,0.0679594614570007,-0.0355364829520894,0.918599036189958
77.636961036863,-142692.4663,-247483.0654,-231958.5322,-131049.0664,-134930.1997,-3.16394911101435,-2.50398092955477,3.06369437763816,-1.35187015805235,-1.22648418197487,-0.195929734880472,0.254979804796392,0.33265379217417,-0.230630171583748,0.0187919364366707,0.0451434986638621,0.760304429575135,0.317399956533167,0.117076398006673,0.0531204754351025,-0.0596007569387353,0.611735783627932
77.672191236821,-142692.4663,-247483.0654,-231958.5322,-131049.0664,-134930.1997,-3.15320041938912,-2.17945393306155,2.6267640152922,-0.94432012131648,-1.0617802972471,-0.161513550894838,0.341850901626501,0.422421735131806,-0.139530887185039,0.0649598170969909,0.0403333825211214,0.718442943200422,0.348003316493447,0.0774226618024114,0.0528780760110019,-0.0882266935573099,0.399414178488087
77.6635909447294,-142692.4663,-247483.0654,-231958.5322,-131049.0664,-134930.1997,-3.06313003705152,-1.84216053743064,2.26703287343993,-0.580536981749518,-1.00241556925279,-0.128324749098219,0.419604232338784,0.514073582907031,-0.0516421482646905,0.0959334286690847,0.0251193447074147,0.671512937175596,0.383734323566814,0.0446511024503287,0.0651961619171633,-0.111336947633092,0.273295729620163
77.6480015344221,-142692.4663,-247483.0654,-231958.5322,-131049.0664,-134930.1997,-2.94641782027281,-1.54107664927291,2.04490084655508,-0.315908703173108,-1.04132124650293,-0.0994773583001916,0.485621476400951,0.620766530276391,0.0266800852200646,0.112880453522735,0.00766705824587932,0.627719040782325,0.410802468216353,0.0222776109214207,0.0885526298549268,-0.127139854752976,0.218413762795741
77.671823049229,-142692.4663,-247483.0654,-231958.5322,-131049.0664,-134930.1997,-2.84165647300972,-1.29817842681047,1.94188644205373,-0.165131558911796,-1.13563982105445,-0.0779786601187809,0.53708476827925,0.741997568014654,0.0927311866145928,0.12124277256342,-0.00756563771187757,0.591222021360701,0.426191410022635,0.0107194478633696,0.118689040713398,-0.1412863343377,0.214391639574815
77.6736631140534,-142692.4663,-247483.0654,-231958.5322,-131049.0664,-134930.1997,-2.76749438150868,-1.11712270587431,1.94488549114749,-0.138884549352966,-1.25633589312764,-0.0655546622366643,0.572919867477822,0.877113883679776,0.144352660255734,0.125903622768753,-0.0196017326513314,0.562898648558651,0.428243162753828,0.0105384199160377,0.152228713178922,-0.15660776221555,0.238875156514272
77.6910445042744,-142692.4663,-247483.0654,-231958.5322,-131049.0664,-134930.1997,-2.70969575984435,-0.978401293338933,2.01876423685232,-0.224459283705968,-1.37015748076831,-0.0585459858499817,0.598360580662785,1.02000446577381,0.181139998267064,0.132139274383341,-0.0289628679032439,0.540258727184841,0.420483336715182,0.0208951170593985,0.185014946665616,-0.17452524792526,0.280420011541835
77.6474762070307,-131573.1647,-209070.9326,-197589.7818,-122962.3016,-125832.5893,-2.67084177603218,-0.877222029400926,2.130197351714,-0.353105703801376,-1.43206215808493,0.195354218758638,1.25290131559351,1.82085869353363,0.446093794520586,0.429837432838532,-0.176166167713506,0.0914617681142236,0.0309100518666363,-0.0484450916672357,0.11341240153347,-0.179919794097806,-0.808332850186712
77.6895825046439,-131573.1647,-209070.9326,-197589.7818,-122962.3016,-125832.5893,-2.73540252407706,-0.745207649406169,1.51727853233386,-0.629029535961038,-1.36402975571869,0.0874837100183186,0.818840127654852,1.51229285315012,0.250822463332682,0.29529718018221,-0.0699719917477841,0.161748688943242,0.118472247022044,-0.0133462208856003,0.16545213685957,-0.136459020631683,-0.766731802098686
77.6746465416676,-131573.1647,-209070.9326,-197589.7818,-122962.3016,-125832.5893,-2.73418238609135,-0.714057786494152,1.09390064237294,-0.87146835578595,-1.27786658128181,0.0415187316902106,0.566969822843106,1.26920412953869,0.117364560765068,0.239176540998983,-0.0229633870474797,0.20543677418307,0.17643824545535,0.0177796650208661,0.195813064179224,-0.117703529944919,-0.321360389604552
77.656386556986,-131573.1647,-209070.9326,-197589.7818,-122962.3016,-125832.5893,-2.69482215980084,-0.711240376694519,0.81442899057248,-1.08385025174084,-1.18737820728948,0.0256903731127096,0.422078227849163,1.08100480645977,0.0254746538131769,0.237170563938406,-0.00354022315826352,0.230884379382743,0.212224737392995,0.0459219051038195,0.209497979987282,-0.110805139825409,0.0296454825474139
77.6744685465284,-131573.1647,-209070.9326,-197589.7818,-122962.3016,-125832.5893,-2.64480952775705,-0.718581093495018,0.641143961047774,-1.26580327956879,-1.08799638082991,0.0234094664657292,0.338010580838734,0.937777726021565,-0.0376231837862804,0.269951108158331,0.00296359742549024,0.245671703039829,0.231991061371436,0.0712620327813269,0.210699427399818,-0.107367013209689,0.22923380424063
77.671821222431,-131573.1647,-209070.9326,-197589.7818,-122962.3016,-125832.5893,-2.60572230141796,-0.735914540993491,0.540432748269865,-1.41733555761662,-0.97718913554688,0.0247066694138454,0.28632900762176,0.830116869890183,-0.0803328911571484,0.322090777410104,0.00400019520330153,0.255273741629096,0.241215648810856,0.0938068816589392,0.203391498835031,-0.103386973681452,0.313442450019274
77.6947588473919,-131573.1647,-209070.9326,-197589.7818,-122962.3016,-125832.5893,-2.5729457387767,-0.752021954676863,0.48267447100352,-1.53938732482975,-0.85647827167611,0.0276133954681228,0.254822207494293,0.749170286791667,-0.108511210250221,0.38209054563012,0.00273771375295873,0.261141446632938,0.244707417891107,0.113546225419783,0.190812630462624,-0.0982539210040585,0.329027890592968
77.6751565976435,-131573.1647,-209070.9326,-197589.7818,-122962.3016,-125832.5893,-2.55415951801989,-0.771511631404593,0.451087364579692,-1.64099471396548,-0.738060276410408,0.0290038314912664,0.23324354287081,0.68823323536575,-0.12712822457582,0.44148589911245,0.00109081135466926,0.265544752347249,0.245024048795242,0.131158524373472,0.1763014694466,-0.0915988787731408,0.308349248391245
71.7785568682712,-131573.1647,-209070.9326,-197589.7818,-122962.3016,-125832.5893,-2.80451204184816,-1.10500449626139,0.427224415362232,-1.72377905844677,-0.624229345132619,-0.0107657699431556,0.154723271941762,0.631434643635707,-0.146103394801941,0.488204661593571,0.031741350758399,0.318194938886478,0.24324518545604,0.145798898730094,0.160192053156869,-0.0849089240493015,0.354246369370927
71.767930384469,-131573.1647,-209070.9326,-197589.7818,-122962.3016,-125832.5893,-2.34889046942781,-1.23748622400173,0.287554646678572,-1.7881110440795,-0.519573278735436,0.127280798650965,0.297338133297046,0.514458918953274,-0.197158969708774,0.487022113159284,0.108003994154504,0.361306843040745,0.250664340081636,0.153589782286299,0.139171292246695,-0.0829320787310976,0.77039624026783
71.7605245355633,-131573.1647,-209070.9326,-197589.7818,-122962.3016,-125832.5893,-2.4479341383672,-1.77181247448772,0.421477767113686,-1.70763022625536,-0.246026581193476,0.131771403822256,0.163891637764237,0.415938293692875,-0.232716135746585,0.53858765122466,0.232106082816473,0.520409198222517,0.195721054926922,0.139352045567412,0.103648284101941,-0.0621462222026707,0.84603116124396
71.7597543702779,-131573.1647,-209070.9326,-197589.7818,-122962.3016,-125832.5893,-2.26054374656981,-1.85346627552426,0.472155761738406,-1.51767999744487,0.119901481616139,0.146485780100548,0.0534177914565532,0.319197108381069,-0.2410503152703,0.62202741686675,0.30039035880211,0.605281707044657,0.154215275818425,0.114817320141122,0.066998103158022,-0.0449618073773976,0.730073657832335
71.7814218250425,-130944.848,-206900.384,-195647.712,-122505.344,-125318.512,-1.74268934958194,-1.51019170377856,0.433153555759745,-1.26662092892724,0.470099302217548,0.249950084613772,0.107285101196865,0.292078462218512,-0.198898200128767,0.743393356777617,0.276990830630175,0.561840773146925,0.121861106499566,0.0847726423381421,0.0343958128553912,-0.0426872361967696,0.443265261011021
71.7814267078296,-130944.848,-206900.384,-195647.712,-122505.344,-125318.512,-1.16544636319112,-1.02378267624867,0.376038162235218,-1.02526660944766,0.720737518605802,0.352928503230466,0.149295731414242,0.241444167035503,-0.17864783109377,0.819278837191661,0.224174915008856,0.50098906164586,0.130521914186014,0.0655392545506936,0.0224644742500635,-0.0296360871321113,0.221482798333334
71.7905476287093,-130944.848,-206900.384,-195647.712,-122505.344,-125318.512,-0.673031552526751,-0.575832746903274,0.390812400439955,-0.829071277809049,0.836293151300254,0.446073536064631,0.214169771032395,0.246612155087178,-0.154757857627772,0.87162949440647,0.161659860984528,0.430754435476719,0.13645743204527,0.055564333494009,0.0223576902462899,-0.0045333076193117,0.0850842451769864
71.7471124890907,-130944.848,-206900.384,-195647.712,-122505.344,-125318.512,-0.318054502570902,-0.217670070947605,0.505160419686092,-0.721047085611502,0.82425986657752,0.511735714094321,0.275011994486874,0.310758579011114,-0.140878667519139,0.889021978897162,0.107790238873096,0.367740473766849,0.125922898698495,0.0583024275245252,0.033161840243511,0.0293120702384826,-7.38455108528768e-05
71.7724138300534,-130944.848,-206900.384,-195647.712,-122505.344,-125318.512,-0.0639029364922266,0.0669240999754379,0.674080173793357,-0.702442298082872,0.737290969316376,0.554065421578549,0.327757436549923,0.410313096955079,-0.143619684218791,0.870554591253971,0.0661463925424011,0.313640134665129,0.102484270042032,0.0730629638832854,0.0497907676021065,0.058826542354133,-0.0464370982184619
71.7768353955067,-130944.848,-206900.384,-195647.712,-122505.344,-125318.512,0.0811842810919359,0.266462859185452,0.873454171398038,-0.754805940760306,0.628032199635115,0.571867235205481,0.363212680196348,0.527166308537794,-0.162765509592532,0.824624217874216,0.0372164742748335,0.271930559429915,0.0696912750716523,0.0975142140285303,0.0670189456191266,0.0790924181685568,-0.0728454588591703
71.8436016555653,-130944.848,-206900.384,-195647.712,-122505.344,-125318.512,0.160769170541741,0.406040508917144,1.07268333261594,-0.847207703159796,0.544919181630831,0.574694519731928,0.385831559532569,0.644278241281519,-0.194198699583247,0.765152933769372,0.0182438028036009,0.240186799535984,0.0338826822899096,0.1280251050271,0.0795040660115736,0.0886992911208822,-0.0796521972096009
71.783208034485,-130944.848,-206900.384,-195647.712,-122505.344,-125318.512,0.169339436152796,0.482504009104787,1.24846208839845,-0.944260483156924,0.507103243260545,0.562879110238121,0.392924357369168,0.749273781279236,-0.229862595991783,0.705141577914141,0.00781469920903977,0.21900102471247,0.00068703527826397,0.160123209523786,0.0851206180133404,0.0900078980663039,-0.0750861720756575
71.7860352148179,-130944.848,-206900.384,-195647.712,-122505.344,-125318.512,0.199687563287029,0.558067896620784,1.38746528392797,-1.02431714892373,0.51761520919915,0.556151168929659,0.402428927007932,0.835587968656931,-0.263590244737905,0.652622480891793,-0.000355557164107179,0.199732810772174,-0.0267440764374385,0.190561046624398,0.0838064033619892,0.0843964061867624,-0.0553174430875423
71.8139282781344,-130944.848,-206900.384,-195647.712,-122505.344,-125318.512,0.211477417719678,0.605807632805849,1.5013845110071,-1.07361706876664,0.564363654706213,0.547008233161229,0.405742848956855,0.904775998202403,-0.289186894506962,0.612573951990846,-0.00539108355552731,0.186194333900185,-0.0500009659907819,0.216924985437839,0.0771271681307666,0.0760338118818638,-0.0364931072818901
71.7991594149819,-130944.848,-206900.384,-195647.712,-122505.344,-125318.512,0.20886539152464,0.637121454457699,1.59088059536552,-1.08708356786843,0.636947590906217,0.537624843357939,0.406833869844256,0.959805526228152,-0.301806489609923,0.587016233138783,-0.00925457463680956,0.175812873995358,-0.0684482228501251,0.238231869545349,0.0671475870275273,0.0651814352425646,-0.0176249526777887
71.7606187672213,-130944.848,-206900.384,-195647.712,-122505.344,-125318.512,0.214027850323987,0.66474495491542,1.65802124080294,-1.06530986491728,0.721910666417827,0.531267987945427,0.408281982862846,1.00174626717153,-0.300834421815075,0.571574100723524,-0.0123368197431475,0.167278786665045,-0.0826933358564159,0.25386301683268,0.0556397462466127,0.0510525422793222,0.00811777031264782
71.7764867271292,-127200.0003,-193963.6374,-184072.7282,-119781.8184,-122254.5457,0.238649210130433,0.699229207714268,1.70958303731086,-1.00911298974953,0.805750033332345,0.670815877260004,0.733812350540397,1.41018468161491,-0.0656154319254298,0.832336299025712,-0.0620496567134903,0.00774849849832071,-0.205797898906044,0.25376271518032,0.0409996423585532,0.0495184696274507,-0.286415910060212
71.8555655943873,-127200.0003,-193963.6374,-184072.7282,-119781.8184,-122254.5457,0.0992242413644959,0.739423199554352,1.44106070052608,-1.0405165563345,0.984136726166057,0.605563736616318,0.55657186033423,1.17014672713854,-0.218664856028497,0.765293071839537,-0.0180898161860981,0.0354127679781469,-0.177747331262216,0.25682691140947,0.0360471304268688,0.0787643997775689,-0.259351579136846
71.7842579270517,-127200.0003,-193963.6374,-184072.7282,-119781.8184,-122254.5457,0.0240891123116853,0.70142437432402,1.23610466159899,-0.972050218877385,1.09380767479767,0.569848606485678,0.43360772264176,0.992399743157378,-0.262589507131366,0.741520378428952,0.00433179881650325,0.0599717296600311,-0.156119404638212,0.255315515993588,0.0272244116222375,0.0846836347738176,-0.13889166352635
71.7613322295413,-127200.0003,-193963.6374,-184072.7282,-119781.8184,-122254.5457,0.0404310484829153,0.678181156053228,1.08485850923955,-0.857165935355852,1.16394915180001,0.561654759885734,0.359489400095562,0.86004699184523,-0.251233383209225,0.733011663694683,0.0122287153235741,0.0743882650863306,-0.140488302248535,0.250076483590908,0.018552939522082,0.0638645390428891,-0.0256518187084716
71.791776390907,-127200.0003,-193963.6374,-184072.7282,-119781.8184,-122254.5457,0.0800934095184971,0.65666636098554,0.987366029774748,-0.717329150263652,1.21142664080384,0.563615450850534,0.312361510652103,0.76516050496754,-0.208562565688354,0.732072706567074,0.0133453008902289,0.0838439839360197,-0.131528770932062,0.241560047142091,0.0109903400622273,0.0335444852144775,0.0572396879258363
71.7347737241522,-127200.0003,-193963.6374,-184072.7282,-119781.8184,-122254.5457,0.104382923052853,0.628659409259299,0.929489984535266,-0.564841217299801,1.24524216706257,0.565906426528471,0.279264616995562,0.699942474022073,-0.147548450055567,0.734315526090292,0.0121035765292046,0.0912050189251086,-0.127131456291019,0.230569668097639,0.00503700199570201,0.00267769466927348,0.119319995965071
71.7558390763113,-127200.0003,-193963.6374,-184072.7282,-119781.8184,-122254.5457,0.151247117719663,0.622254989843285,0.893744172723984,-0.411089046775501,1.26881825262046,0.573963397461995,0.261873303388967,0.654683963168466,-0.0788669191947662,0.73457495607547,0.00881264303382956,0.0941313143748967,-0.125090106845883,0.218002758065497,0.000626679899172089,-0.0257298384382523,0.177280517101549
71.796126728507,-127200.0003,-193963.6374,-184072.7282,-119781.8184,-122254.5457,0.172979501362533,0.606993902118148,0.877927454377271,-0.259466322070779,1.28594534690691,0.57768557155164,0.24750355671739,0.62536172231983,-0.00612809651267554,0.734881372667139,0.00650721977607738,0.0974550475474665,-0.125308377324074,0.204515177475125,-0.0026990127949551,-0.0491340879831768,0.224537609564297
71.7661606879359,-127200.0003,-193963.6374,-184072.7282,-119781.8184,-122254.5457,0.166057738517637,0.58085167143112,0.869759325793041,-0.113109904118602,1.29804921204223,0.575674695118074,0.233108890875243,0.606229655624965,0.067307970674328,0.733854790913185,0.00613516399320124,0.101860052843381,-0.125926926330702,0.190557419361217,-0.00498457125790663,-0.0682157463526565,0.270110329275141
71.7906699605742,-127200.0003,-193963.6374,-184072.7282,-119781.8184,-122254.5457,0.175822587987994,0.572474799532429,0.861201489514897,0.0228591485022207,1.30501793477899,0.577086788249318,0.226162101507782,0.59246793690086,0.137924879259536,0.730288283282228,0.00508890550826679,0.103410967909528,-0.125894505142881,0.1768356383896,-0.00628386305874251,-0.0844325162378894,0.318080938850994
69.5969549104555,-127200.0003,-193963.6374,-184072.7282,-119781.8184,-122254.5457,0.16571614249618,0.55297348166475,0.856707681583529,0.150526958178531,1.30845320480599,0.574091891320556,0.216898314338557,0.582964653804488,0.20571156528684,0.726123627041311,0.00581194080140968,0.106681754449416,-0.126261270903822,0.16325296485485,-0.00711586131321429,-0.0969582786357179,0.36137301841458
69.6388078345416,-127200.0003,-193963.6374,-184072.7282,-119781.8184,-122254.5457,0.82255563706876,0.775083131963925,0.819334411960611,0.268192617687049,1.30798295361785,0.660437870491791,0.273994102645666,0.516636955399981,0.218565284045027,0.663253523089956,0.0144968198545663,0.0978481092159469,-0.134140922650948,0.138321631684935,-0.0202604254783525,-0.108517559766334,0.55065687564573
69.6248592778058,-133408.0098,-215409.4884,-203261.1212,-124296.7344,-127333.8262,0.803210912545765,0.452406146676566,0.820503307751679,0.479233814472451,1.33856940983122,0.302874675923519,-0.455987382700528,-0.259967136569607,-0.210161936433707,0.0945326957417478,0.169750623562694,0.429818796812587,0.0116695399085702,0.0909743243804018,-0.060296826385827,-0.116817843950827,1.11063338783164
69.6554517108128,-133408.0098,-215409.4884,-203261.1212,-124296.7344,-127333.8262,0.947193769544526,0.315314220409888,1.04646981995521,0.88990787314502,1.19416126482841,0.305817733946448,-0.25980376435578,-0.112749824374497,0.123077891858834,0.12772064984668,0.131922940276964,0.408228797526275,-0.0289847763742204,0.0517247302808488,-0.102468389151507,-0.200352074830569,1.10631923690463
69.6385522535799,-133408.0098,-215409.4884,-203261.1212,-124296.7344,-127333.8262,1.0001015656771,0.409594217023042,1.15174048878954,1.17611109712577,1.10073808900124,0.294803921350614,-0.0786456830091709,0.0184922849679481,0.315872809752527,0.103532434622551,0.108284969059287,0.356987584174743,-0.0398030754540608,0.0198172130893277,-0.125123699105338,-0.242363230407555,0.917125817118274
69.6814218547562,-133408.0098,-215409.4884,-203261.1212,-124296.7344,-127333.8262,1.04716002955148,0.596282887170162,1.23221464324081,1.36346703597233,0.978767056654306,0.291941768603287,0.0833580603946373,0.155254734116617,0.420347477245222,0.0318810975055897,0.088560670110684,0.297804083164767,-0.0430519022630347,-0.00196559071263902,-0.132957604029277,-0.231965371079653,0.76663285738012
69.6403306814882,-133408.0098,-215409.4884,-203261.1212,-124296.7344,-127333.8262,1.04844874113884,0.755536200718183,1.33899493586154,1.46454165157535,0.826676500989336,0.282333210120754,0.203110370500468,0.299353084194109,0.462189901038947,-0.0731421960143379,0.0769079803845378,0.249839272456149,-0.0524174342825381,-0.0140545688120208,-0.132714590639889,-0.190917130193334,0.67121785817314
86.4074212753853,-133408.0098,-215409.4884,-203261.1212,-124296.7344,-127333.8262,1.65612105344768,1.57864014664254,1.46143322171922,1.49666554909724,0.663178390065497,0.51988656314456,0.610897021724419,0.533208907598343,0.564799819310629,-0.0723289089298191,-0.0488618957313087,0.0694869875826463,-0.0357479940947965,0.00404620055352556,-0.101971449084359,-0.14498188185518,0.440004437452608
86.387247394453,-133408.0098,-215409.4884,-203261.1212,-124296.7344,-127333.8262,-4.35649788206581,-1.86718493344208,2.31234268250776,1.46926695008045,0.525047891253635,-0.32389308930523,0.758408172269512,1.6043971087491,1.2580893160695,0.667412050151363,-0.134598185485955,0.171085250232906,0.0222415528427202,0.178643647341961,0.10491279618329,-0.0419453702117139,-1.11829504851604
86.3314835531879,-133408.0098,-215409.4884,-203261.1212,-124296.7344,-127333.8262,-2.31924247036528,0.498403565535313,1.48375660803678,-0.00278787978795947,-0.280660703866531,-0.260974774069986,0.744038218847628,2.13040852226158,1.06994867554116,0.451978215670749,-0.336375311175786,-0.0463670047221516,0.196404473533836,0.406959252033011,0.353679679840091,-0.034176705816499,-0.514744520732034
86.3646510345363,-133408.0098,-215409.4884,-203261.1212,-124296.7344,-127333.8262,-0.565485735874489,1.75783510111579,1.72900714144853,-1.57021990880526,-1.11199071760564,-0.273996988781825,0.478173641107901,2.33445928778042,0.751731519607588,0.35669912987769,-0.365993593602654,-0.0492940701996516,0.167616644698946,0.580518135604861,0.445804515301743,-0.0195426294372254,0.0745463215407067
86.3754517042912,-133408.0098,-215409.4884,-203261.1212,-124296.7344,-127333.8262,0.185714250635783,1.96952827245472,2.55689966143672,-2.79134710598686,-1.53769849637045,-0.315516945198176,0.230054587781865,2.24498241050632,0.536980609433115,0.481807129353577,-0.338931437431748,0.0205382851006028,0.119119589434888,0.667468358901818,0.367115467328829,-0.0159295289719452,0.417593490726148
86.3332693437507,-133408.0098,-215409.4884,-203261.1212,-124296.7344,-127333.8262,0.442342601622528,1.78216476959723,3.26743755410058,-3.43061667747622,-1.64379486165932,-0.348100521847734,0.0584280654742741,2.01566759993197,0.486452086852452,0.596684623798218,-0.305433454407103,0.0940995368412967,0.111954109845088,0.646075012533479,0.228788925585237,-0.0163938411577931,0.559528238193408
86.3387180210146,-133408.0098,-215409.4884,-203261.1212,-124296.7344,-127333.8262,0.507369410384143,1.50397252736117,3.71127380409125,-3.52177472644016,-1.57880241057391,-0.366656869742215,-0.0480234108962776,1.7572494136185,0.5384749299646,0.610202758029821,-0.277964719178901,0.15390050316288,0.128908711277046,0.540172796340098,0.110893113103648,-0.0149476056379001,0.590353148126548
68.8668864350287,-134438.1686,-218968.2188,-206445.2484,-125045.9408,-128176.6834,-0.144926132349639,0.461039722823486,3.92165931668045,-3.24474681942726,-1.42521927474381,-0.433915236230632,-0.229961924235027,1.46473609702576,0.572316527952552,0.516938540388757,-0.209703478654808,0.299457566064902,0.184689492097232,0.409851267374169,0.0403614682351214,-0.00780168484699573,0.773971852502122
68.8488766177503,-134438.1686,-218968.2188,-206445.2484,-125045.9408,-128176.6834,-0.453031927269791,-1.01745819612759,3.76430848635114,-2.79476649695759,-1.2867205311381,-0.151410660715619,0.476861239750377,1.23140942032766,0.592816578201351,0.392982248497383,-0.0810760292609152,0.270767422219184,0.221588599185218,0.273896029549179,-0.0124154370496017,0.0071561697750866,1.36367737179699
68.8567361686806,-134438.1686,-218968.2188,-206445.2484,-125045.9408,-128176.6834,-2.29217100391953,-3.59818944262997,3.73422653019558,-2.03054300354528,-0.844609148517563,-0.0757723729101869,0.417496758758318,1.0632765070555,0.590725743337075,0.319504714278622,0.153590558837339,0.613684829493107,0.152231570239969,0.140030384094824,-0.0600022075217921,0.0219370944278126,1.67866127902858
68.8984036403268,-134438.1686,-218968.2188,-206445.2484,-125045.9408,-128176.6834,-3.73907434525276,-5.33934239225793,3.28996523221274,-1.06249585941821,-0.272163333998847,-0.217274739711506,-0.0727240758342163,0.868002330285449,0.562826041380376,0.27154623302475,0.491562451582158,1.09152821824173,0.0739784551690756,0.0140736286659289,-0.100288239975909,0.0121709982215776,2.11684029849515
68.8485848146762,-134438.1686,-218968.2188,-206445.2484,-125045.9408,-128176.6834,-3.91646938529057,-5.53250128834117,2.5190492288784,0.0249532640127512,0.321889292061684,-0.390634096891084,-0.506813912803622,0.625293164605935,0.545929798161097,0.249882870144589,0.757073486655598,1.35838361580128,0.0287814429251516,-0.100360316459515,-0.128911260129646,-0.091298279224965,2.27687632838783
68.8993506342576,-134438.1686,-218968.2188,-206445.2484,-125045.9408,-128176.6834,-2.89271164027336,-4.513532124703,1.63920652590635,1.12987681282046,0.817325622751866,-0.332695427693928,-0.570234644050231,0.357336872818607,0.577896832538734,0.258142369733626,0.786484872488883,1.31268982570521,0.0519754251995308,-0.197159448090822,-0.137119922725736,-0.300086859898194,1.94741412423441
68.8965826119851,-134438.1686,-218968.2188,-206445.2484,-125045.9408,-128176.6834,-1.52778670547211,-3.14351324449127,0.918836398890363,2.13228581315691,1.1412233899969,-0.124015060217296,-0.415751925588467,0.103685030576855,0.64480604675029,0.27174134675623,0.663973593511393,1.12688978889183,0.132392216165691,-0.27334328282106,-0.123053729063019,-0.469147482486264,1.40823086045149
68.8553107707563,-134438.1686,-218968.2188,-206445.2484,-125045.9408,-128176.6834,-0.403042495087789,-1.89761218431065,0.390237746934957,2.93393632303051,1.28638840985458,0.0699773634319953,-0.206524442646803,-0.105661274453446,0.719424898559204,0.27443376764942,0.515514177891469,0.920515471455852,0.238457226365243,-0.327811820849136,-0.0930027919890966,-0.508483977751837,0.958217664345876
68.8705918594421,-134438.1686,-218968.2188,-206445.2484,-125045.9408,-128176.6834,0.362513249985568,-0.899734441232155,0.253243915972476,3.35707281515531,1.15931620122396,0.20223317284978,0.00395750689195751,-0.152323752250702,0.776922454513894,0.264517736236236,0.39219966905719,0.736650409512193,0.289631034003594,-0.349896066950619,-0.0475951107224237,-0.443854900481512,0.664414286600348
68.8630358593689,-134438.1686,-218968.2188,-206445.2484,-125045.9408,-128176.6834,0.787695649448153,-0.180951633901529,0.218394927308083,3.39983426011565,0.782323981775136,0.254777992894198,0.167845062982352,-0.13688132069867,0.786599621761169,0.222958150399947,0.304805944875848,0.585773776360387,0.312481706774158,-0.341927341330711,0.00274352715070925,-0.34962033974039,0.531834916806091
68.8915313655859,-134438.1686,-218968.2188,-206445.2484,-125045.9408,-128176.6834,1.01182085657319,0.322593419378748,0.289261380283634,3.03557105839525,0.202976919080214,0.256301308367703,0.285460962344132,-0.0777920708432163,0.714280140526945,0.113096929676388,0.243843385571369,0.463185757594835,0.296809386298302,-0.299533226216384,0.0521661483655675,-0.266475613632778,0.494732548901325
68.9402814654509,-134438.1686,-218968.2188,-206445.2484,-125045.9408,-128176.6834,1.10524910462105,0.653153477269043,0.538770937514769,2.41387066141039,-0.427583346168475,0.229565505260496,0.362528173947354,0.0537539902728739,0.563041547997805,-0.0784275308330677,0.203540436330253,0.369634673356697,0.231534803809676,-0.230401120315544,0.0912121787633202,-0.204638870134012,0.477622136368797
68.8579999052721,-129330.4649,-201323.4242,-190657.8006,-121331.2472,-123997.6531,1.12665333325687,0.862786172489152,0.811058709159198,1.77956073665648,-0.973439617513336,0.413744472492191,0.898441946148075,0.790951670367939,0.675183980260243,0.0816907575986718,0.127256666334107,0.119834077303383,0.0454462867184739,-0.173158148716874,0.111025857351844,-0.129361763764017,0.105246485725235
68.0934601150028,-129330.4649,-201323.4242,-190657.8006,-121331.2472,-123997.6531,1.0253769986551,1.04254552997509,0.702101145911286,1.12503919763111,-1.26303319377149,0.29822672274593,0.690359687506898,0.601729631382248,0.23852481026568,-0.248085558070436,0.176821749336843,0.111913399523926,0.0175435589005666,-0.110483879587452,0.124551376532525,0.00329565229962014,0.108296997877918
68.0429684829773,-129330.4649,-201323.4242,-190657.8006,-121331.2472,-123997.6531,1.17451202216807,1.09338930598398,0.599072474083684,0.820830822510374,-1.38262785185752,0.21117123908995,0.5101264464708,0.403104399648015,-0.0509390647026393,-0.556288446143839,0.21922367213391,0.126357765380454,-0.0164782979572822,-0.0788047807667422,0.0965878290087256,0.0807645423286445,0.261678942296925
68.0904142643956,-129330.4649,-201323.4242,-190657.8006,-121331.2472,-123997.6531,1.20204297834829,1.03311009050397,0.503819959058916,0.787552036821822,-1.35826794648194,0.119408983617028,0.362256505211931,0.225282668390108,-0.205199710545465,-0.782528550211055,0.25117005196505,0.146722618061744,-0.0408953913734749,-0.0735083868758171,0.0453579632266576,0.11898605970363,0.298343930767707
68.0735830408802,-129330.4649,-201323.4242,-190657.8006,-121331.2472,-123997.6531,1.21181764617938,1.01215585282657,0.389348676502195,0.887700799782039,-1.25654701469499,0.0661770995886926,0.287505086736743,0.0802971585162666,-0.264314468821873,-0.933667292204881,0.259445187193444,0.148086418363818,-0.0471974076201898,-0.0793565273531476,-0.00803344979563825,0.12390705397322,0.272654577750281
68.047134265819,-129330.4649,-201323.4242,-190657.8006,-121331.2472,-123997.6531,1.24499071013955,1.03799478870256,0.282889779083021,1.02224350680338,-1.13712099321181,0.0443124588451553,0.262394241754762,-0.0302234615597925,-0.277782604044965,-1.0485299219955,0.254197352187095,0.136575345660557,-0.0462751001260537,-0.0877593306992348,-0.0551322569820596,0.111342944687905,0.241957351801801
68.076295709642,-129330.4649,-201323.4242,-190657.8006,-121331.2472,-123997.6531,1.28476245270355,1.07947830729042,0.212317029985115,1.14478457081979,-1.02999192320164,0.0363804638688379,0.259265659432323,-0.106107577622474,-0.274910728191465,-1.1476144296839,0.245084586419999,0.121540386944382,-0.0475128930853002,-0.0955257704050823,-0.0940753036336268,0.0944551775156839,0.220175284541078
68.0513855409158,-129330.4649,-201323.4242,-190657.8006,-121331.2472,-123997.6531,1.29587982440566,1.1046636592101,0.179660851416571,1.2383373912014,-0.944605925516242,0.0285011512909819,0.258375928061859,-0.153697207764154,-0.270117125391316,-1.23730605043862,0.237549233413036,0.10957577938078,-0.0532144508236216,-0.101861402076721,-0.125280548806204,0.0766929756981867,0.208855957712323
68.0962877851919,-129330.4649,-201323.4242,-190657.8006,-121331.2472,-123997.6531,1.30809066341857,1.12587661528742,0.167009861505633,1.29755421180964,-0.881235513435314,0.0211366628401422,0.257666115796873,-0.187119974061545,-0.273628376891743,-1.32343100674151,0.232321895371497,0.0997646032584329,-0.0616856116885041,-0.107271161087232,-0.150404912000284,0.0568124606954896,0.214192011636978
68.0573898122684,-129330.4649,-201323.4242,-190657.8006,-121331.2472,-123997.6531,1.29539865228571,1.13013878117309,0.167380528926259,1.32903130832244,-0.832077611250611,0.0115930123491879,0.253567127352447,-0.209856413816944,-0.282952306231422,-1.39732202265735,0.228747257534074,0.093268438656203,-0.071022491754281,-0.111992778670305,-0.170368004597433,0.0373861251050442,0.225654393702307
68.02751947488,-129330.4649,-201323.4242,-190657.8006,-121331.2472,-123997.6531,1.30681642029863,1.14638867482699,0.170154324764212,1.33727054439994,-0.792492234579896,0.00752342937572337,0.253720374316742,-0.228753722523479,-0.299614250234313,-1.46116393180116,0.224985084361435,0.0860634574761674,-0.079928268407401,-0.116644524512035,-0.186452318198636,0.0201121249144762,0.247238945486949
68.0196911780999,-129330.4649,-201323.4242,-190657.8006,-121331.2472,-123997.6531,1.32499761800796,1.16364660396717,0.176344593516703,1.33333116957233,-0.75966250636273,0.00504135871138089,0.254865703507519,-0.244727535662939,-0.319740259486622,-1.51336980652163,0.221624291673103,0.0795691077484939,-0.0886475477290078,-0.122013301204637,-0.199849783243418,0.00865324296836434,0.271122501385157
68.0810904281795,-129751.3469,-202777.3802,-191958.7086,-121637.3432,-124342.0111,1.33846472612569,1.17766659246483,0.184030845551561,1.32260457539516,-0.732457376959573,-0.0152397181427304,0.215217582330439,-0.310825642706185,-0.380556430983241,-1.60454826238079,0.222695517567351,0.0890177928883444,-0.0880216233986788,-0.130537341080899,-0.215210332963795,0.00108697317664763,0.314875665706317
68.0518946641302,-129751.3469,-202777.3802,-191958.7086,-121637.3432,-124342.0111,1.32808514213575,1.16898344564895,0.230683169407769,1.32293781348348,-0.721804485561947,-0.0158378976759934,0.230962603661226,-0.286511801118614,-0.375184260307712,-1.62693346492576,0.215835154384255,0.0830878274242925,-0.0991577275440179,-0.136263961990349,-0.224314848534189,-0.00461168526904743,0.33535393273074
82.6601482960148,-129751.3469,-202777.3802,-191958.7086,-121637.3432,-124342.0111,1.37593124015019,1.23072832205048,0.26244340632141,1.31044086168119,-0.707790454245725,0.00573209103734484,0.271356631924178,-0.262605591676589,-0.373739753137542,-1.63706189834193,0.202403272768626,0.0657206974868911,-0.104627383785386,-0.139980027964709,-0.228183868831756,-0.00255196479837139,0.34178069545947
82.6768231321863,-129751.3469,-202777.3802,-191958.7086,-121637.3432,-124342.0111,-5.02631825926203,-2.96830223487468,0.541205464076199,1.29704216862129,-0.689135137477493,-0.683306905636982,0.205319990854093,0.427966845696673,0.327646887831889,-0.798738172038917,0.201888903462723,0.325003831242601,0.0461393972306219,0.0350568413807948,-0.0243277632428742,0.0236381855294781,-0.620823762956302
82.6392122961222,-129751.3469,-202777.3802,-191958.7086,-121637.3432,-124342.0111,-3.38336116127506,-0.400358711692391,0.0224044727377759,-0.0188833324284445,-1.02811228974741,-0.232409828130294,0.662237221148708,1.08401706235571,0.455398908353487,-0.620544808795863,-0.196757497766138,-0.0817173214759648,0.249656239559844,0.336296938504054,0.316217212157332,0.0583889101485937,-0.550652106639138
82.6694298047612,-129751.3469,-202777.3802,-191958.7086,-121637.3432,-124342.0111,-1.86403587891925,0.964092318257613,0.400695527919396,-1.42221013956366,-1.41042271371884,-0.152904313576023,0.53076383496095,1.56350135874585,0.311648028762356,-0.465819699263832,-0.287998616412176,-0.153707233489028,0.159876220082118,0.564075067576925,0.499926788248646,0.105505726726861,0.0053818714348175
82.656825964496,-129751.3469,-202777.3802,-191958.7086,-121637.3432,-124342.0111,-1.29053439491564,1.16191861042368,1.09325939147602,-2.52089321654761,-1.42330850557438,-0.182398535542205,0.311114829669499,1.65372022651158,0.211801941887472,-0.0568133256431977,-0.268441165002762,-0.0962502119562729,0.0701293658368778,0.693141245945997,0.478178524612837,0.0907942556956058,0.465775979962118
82.6624093942952,-129751.3469,-202777.3802,-191958.7086,-121637.3432,-124342.0111,-1.17098795336514,0.91744620733364,1.55989396625709,-3.07965560575657,-1.18582719973621,-0.218224028842492,0.145996994249501,1.5070592177937,0.282188265902917,0.358725393143715,-0.227557193369945,-0.0183256881029759,0.0590775736160998,0.698489931610244,0.336150686180824,0.0502923305907643,0.708181268127092
82.6590536845185,-129751.3469,-202777.3802,-191958.7086,-121637.3432,-124342.0111,-1.20329746714268,0.578314138000749,1.74898810195101,-3.11115548286315,-0.917408625758512,-0.241485284455258,0.041705661370159,1.28516139076238,0.467093504136962,0.611052193674048,-0.19048810818498,0.0501261889812104,0.0903228628633128,0.593862232073101,0.185258613745211,0.0165087058003266,0.772180252740499
82.6668798792237,-129751.3469,-202777.3802,-191958.7086,-121637.3432,-124342.0111,-1.26838492230226,0.265130996621622,1.71678797543244,-2.79606941587873,-0.726586143994965,-0.253754568579268,-0.0210256668329478,1.05564406533942,0.650561955024379,0.703525183933955,-0.162193526970638,0.103571296036379,0.138074765921351,0.435279585085526,0.075484027184106,-0.00234186911133349,0.75370646072348
82.6969584259534,-129751.3469,-202777.3802,-191958.7086,-121637.3432,-124342.0111,-1.32496655472221,0.00792143263558387,1.59224781293975,-2.34989711312369,-0.616187044240561,-0.259192358047059,-0.059347983598748,0.850504190632435,0.763534346533412,0.696917915851898,-0.142383219485266,0.143653535271915,0.184142123821957,0.282787152580996,0.00767477373161896,-0.0105795124211454,0.716586575101868
82.6744438527453,-129751.3469,-202777.3802,-191958.7086,-121637.3432,-124342.0111,-1.37339046750138,-0.202924644078152,1.4309035206354,-1.9022483094283,-0.582191520742739,-0.262064228599449,-0.0855146338539114,0.676070481301913,0.801109023555902,0.636964823482138,-0.128586611133171,0.17438429750819,0.224235775352898,0.162866612255639,-0.0280602256095952,-0.0134278942232839,0.690950362883815
82.6704725395663,-130110.0987,-204016.7046,-193067.5778,-121898.2536,-124635.5353,-1.40380116496478,-0.364047408862291,1.2746386751747,-1.50264955037936,-0.593677636342974,-0.267446003098307,-0.117314911811135,0.517473200544806,0.776751981950412,0.547972377267698,-0.11545912734387,0.209572616160483,0.268154607925893,0.0806550259972845,-0.0405256639671734,-0.0129876898854064,0.712355670579864
82.668500502146,-130110.0987,-204016.7046,-193067.5778,-121898.2536,-124635.5353,-1.42764428555199,-0.489169245055351,1.16425722689416,-1.16628786014635,-0.643251696625711,-0.264426556274096,-0.11790969351469,0.415852424690364,0.737601817088809,0.467080973344039,-0.111582355505497,0.22444900656282,0.289338255917741,0.0229821186499812,-0.0452229826644588,-0.0122459946986027,0.705297199821837
82.6760587004765,-130110.0987,-204016.7046,-193067.5778,-121898.2536,-124635.5353,-1.44605824073039,-0.587023817210749,1.06515695818563,-0.900762637899277,-0.715452940067308,-0.261985199386061,-0.120117831017787,0.333870072682679,0.674264565959867,0.385037150859084,-0.108633775931938,0.236245958382326,0.306298234001934,-0.0129589744580207,-0.0416637244083309,-0.0115827049585064,0.694629088330039
82.68684155147,-130110.0987,-204016.7046,-193067.5778,-121898.2536,-124635.5353,-1.46247282658886,-0.665903633638322,0.979522245457332,-0.704514132629171,-0.806257991956571,-0.260362565553159,-0.123393993504116,0.26815684900933,0.59850154116905,0.306887448691874,-0.106294499899843,0.24585548923321,0.319753746923272,-0.0329325990733729,-0.033099584344533,-0.0120379026012287,0.688337566439646
91.6103536829535,-130110.0987,-204016.7046,-193067.5778,-121898.2536,-124635.5353,-1.1791425994418,-0.376786416199138,0.916048577646549,-0.566521672987193,-0.906054781713721,-0.234250929069155,-0.0856481765244723,0.220383188787842,0.521648710317471,0.238403948462427,-0.126898545269517,0.216774458081096,0.329938906009665,-0.0416882303290307,-0.0217836757654393,-0.0136615914655991,0.626811231876751
91.6490134320391,-130110.0987,-204016.7046,-193067.5778,-121898.2536,-124635.5353,-1.27311046521717,-0.503411074950122,0.955871237574371,-0.471841703166163,-1.00364243488674,-0.407130753555329,-0.324005030728777,0.204316220291993,0.455035208863009,0.186819708484876,-0.15022890621357,0.289067137832161,0.329824743559896,-0.0427042394561055,-0.00910424313152336,-0.0164806848545069,0.37949075478609
91.6768022731767,-130110.0987,-204016.7046,-193067.5778,-121898.2536,-124635.5353,-0.0348010445431441,0.601861784345374,0.81561883139689,-0.562422233824307,-1.2822785157104,-0.427073717780559,-0.367445435795062,0.150237176357066,0.358688725757212,0.0794795321393025,-0.226212196817415,0.242657618344497,0.383115962895396,-0.02463982773332,0.0131675811201164,-0.0111112960827526,0.365649170244669
91.6357833793238,-130110.0987,-204016.7046,-193067.5778,-121898.2536,-124635.5353,1.37188017516924,1.74495403123677,1.0036132518334,-0.752048768113781,-1.61159011070342,-0.41140132368578,-0.369570142747889,0.116755239219586,0.254727654365752,-0.0349673288703727,-0.291041675019644,0.195148851034075,0.409103732616589,0.000761266813820383,0.0343029634831329,-0.0142298318514449,0.394788594073644
91.6410695883299,-130110.0987,-204016.7046,-193067.5778,-121898.2536,-124635.5353,2.48196926279529,2.53979060467006,1.55508984108209,-0.987013087147432,-1.88156972683866,-0.394337760585117,-0.370185682266602,0.111100445256085,0.152903407970861,-0.139639672397514,-0.332596863872807,0.169591492795538,0.398445850602402,0.0283925649444177,0.0487517746107771,-0.0141304848149417,0.410037064892105
91.667588132719,-130110.0987,-204016.7046,-193067.5778,-121898.2536,-124635.5353,3.24660149958009,3.00086486916491,2.32003666824644,-1.22403061084789,-2.02530697375508,-0.381939325503907,-0.375198470834,0.121711845804541,0.0584566910685425,-0.22820311133146,-0.356962119444452,0.161115185270418,0.366206668006131,0.0548285399489821,0.0539447537566473,-0.00794343748987814,0.400878077130817
64.4622104871772,-130110.0987,-204016.7046,-193067.5778,-121898.2536,-124635.5353,3.72329920703342,3.21358526132667,3.14485155294049,-1.42926155183871,-2.01588586397916,-0.374365558108465,-0.384268666937636,0.137776510501133,-0.02586197665876,-0.299320802781708,-0.37004588453833,0.163489458281236,0.326861261741169,0.0775407246482887,0.0494911641429694,0.00275750395945806,0.375338218533301
64.4620561722652,-130110.0987,-204016.7046,-193067.5778,-121898.2536,-124635.5353,6.35719035369479,4.58591965263764,3.91124846341907,-1.57688949631596,-1.86360044839232,0.149667873119419,1.02289624920577,0.149193982976719,-0.101457540548722,-0.357588491101403,-0.416642751913257,-0.25489972905317,0.289594666881152,0.0944248869542943,0.0369707871953178,0.0164663226126507,0.433034474603138
64.433572744871,-128983.7383,-200125.6414,-189586.1002,-121079.0824,-123713.9677,6.21864064384411,3.26317023988054,5.26410639364131,-1.50318086205722,-1.41862772752063,0.650159246417566,1.70325013142906,0.317665185704747,-0.130994687859499,-0.320818364666749,-0.472599703613533,-0.411565572449655,0.0830680279451335,0.0764383594388425,-0.00279241319771506,0.0647505848446883,-0.307293647710356
64.4676895361766,-128983.7383,-200125.6414,-189586.1002,-121079.0824,-123713.9677,4.12652773876754,-0.0559893983161857,6.44308477130525,-1.18599876840817,-0.744995506069117,1.00987009701026,1.71360266906307,0.482799221331838,-0.16357720927023,-0.25630415747861,-0.390165438442251,-0.167353269903954,-0.146104853143334,0.0449139172836719,-0.042077087512786,0.167158470200931,-0.682761114655177
64.4766263337368,-128983.7383,-200125.6414,-189586.1002,-121079.0824,-123713.9677,1.53859307253975,-3.66134354566684,7.14235888395788,-0.630421889541338,0.070922202179915,1.05931929486363,1.08427487079724,0.663031034071892,-0.194521696540818,-0.170720122902786,-0.0527900176491403,0.527100433916167,-0.408230634998071,-0.0116034186003278,-0.0886353122891852,0.317090985052594,-0.334631488011963
64.4596376142206,-128983.7383,-200125.6414,-189586.1002,-121079.0824,-123713.9677,-0.36742704030587,-5.95573250463431,7.04743618567987,0.133477374175214,0.940944466475742,0.532955507542354,-0.129046219771134,0.760787107029643,-0.257904400016336,-0.116695405300597,0.606316128970463,1.42822701272987,-0.643279587457273,-0.0899539367881173,-0.136816867843773,0.447748883842394,0.560892740727047
64.4726352637131,-128983.7383,-200125.6414,-189586.1002,-121079.0824,-123713.9677,-0.848601285798281,-6.15158292752893,6.01091403840026,1.05606572754955,1.77726327768033,-0.248380349003753,-1.11024238962221,0.708984957276044,-0.320310457932223,-0.0825023225813624,1.18128438213992,1.84406597435497,-0.755367225910197,-0.18093988410099,-0.1791377037421,0.336993381733706,1.0115341104007
64.4827380351744,-128983.7383,-200125.6414,-189586.1002,-121079.0824,-123713.9677,-0.379887593039001,-4.99978503117036,4.20731316680127,2.07787907476202,2.5110568438309,-0.688211595907212,-1.40900042322028,0.496616925920051,-0.313508888322147,-0.0100789078183681,1.35476801996064,1.75996053730073,-0.662369780670161,-0.274815739197175,-0.210923970911017,-0.0726863273778591,0.841734286472359
64.4882186458073,-128983.7383,-200125.6414,-189586.1002,-121079.0824,-123713.9677,0.216514903970534,-3.49123939286527,2.25532652688611,3.09852888968757,3.03033311445002,-0.817812144589055,-1.27951415898121,0.138302085202255,-0.240967107849897,0.103665593803143,1.28441236523451,1.48428279299534,-0.403272729647974,-0.365999535954434,-0.231421464175092,-0.528474229348745,0.551101292449516
64.4617754222388,-128983.7383,-200125.6414,-189586.1002,-121079.0824,-123713.9677,0.560894450373141,-2.20300774808911,1.0755832713067,3.95545941016334,3.24153123712277,-0.864590110833419,-1.01610449213122,-0.10846861237264,-0.121038168137844,0.254791830039096,1.17832888427036,1.21039843569851,-0.184372715318109,-0.445750885024075,-0.241188700777593,-0.777934105501181,0.34019627175843
64.4308699228189,-128983.7383,-200125.6414,-189586.1002,-121079.0824,-123713.9677,0.715337456631715,-1.26533981096701,0.255438805250975,4.51194183942917,3.07965271165901,-0.914719382879454,-0.761111040321552,-0.319698422452745,0.00267821354965037,0.408083745764159,1.08657043848908,0.977311273677799,-0.0132559267124543,-0.507016065999522,-0.241969856473339,-0.834839404953243,0.245030098150934
64.4752201194562,-128983.7383,-200125.6414,-189586.1002,-121079.0824,-123713.9677,0.78254545471075,-0.634307752586267,-0.296021084805375,4.60858652213307,2.45022895219731,-0.976568234656291,-0.561351773618163,-0.513238975605518,0.0829712931440127,0.498349473155073,1.01052651503008,0.786621463846084,0.0909885880984413,-0.539008743594308,-0.228844739041437,-0.779459960481489,0.210640582396859
64.4615598848708,-128983.7383,-200125.6414,-189586.1002,-121079.0824,-123713.9677,0.789120562577104,-0.241072854650724,-0.819570376569175,4.19029583707312,1.40593649461583,-1.05921060129999,-0.443647241632782,-0.80574770291242,0.0550477064352677,0.404931236416722,0.940350522496884,0.62649146450768,0.156688796109142,-0.535277646067607,-0.201439093809244,-0.696773989289028,0.213696559852774
64.4648589899277,-128983.7383,-200125.6414,-189586.1002,-121079.0824,-123713.9677,0.794288898187204,0.00932700277235199,-1.46667323598595,3.26016313174394,0.120400427733074,-1.15489073416489,-0.396921664787662,-1.28531829982432,-0.166519457521375,-0.0312729321694576,0.86945096794281,0.484161542541146,0.204127458107856,-0.491477819592514,-0.173052204050443,-0.622936610260176,0.244480146041465
79.5918896511399,-128926.6186,-199928.3188,-189409.5484,-121037.5408,-123667.2334,2.97334857439336,2.52522090758467,-2.01255636668094,1.94241908525018,-1.19041284507055,0.0655004750293315,1.09829615155693,-1.28771531169841,-0.206710276882539,-0.252780538467732,0.310365381696359,-0.129151814619809,0.428273500866307,-0.363891354536,-0.0705423588348721,-0.554242762316619,-0.369889720485649
79.6156383329531,-128926.6186,-199928.3188,-189409.5484,-121037.5408,-123667.2334,-0.781398990558074,1.02109220381706,-1.14407430939137,0.281345831211723,-2.40349610993478,0.425328208389267,1.98078296056567,-0.0280025488431974,0.0913945493292943,0.0798193247487404,-0.236048739222023,-0.384197796943699,0.611409397799187,-0.0723616532642981,0.221631367684151,-0.219081043718795,-2.06476621448838
79.5990464898512,-128926.6186,-199928.3188,-189409.5484,-121037.5408,-123667.2334,-1.07079064108508,1.8618279603354,0.297998082418161,-1.65524516878013,-3.09293490353157,0.384550628229306,1.71607547768367,1.22703157769075,-0.268068874463673,-0.423508083288567,-0.387412358629233,-0.47607873870794,0.283413318369391,0.294717451295969,0.53202893198199,-0.0283012102888165,-1.52857055361772
79.6027151078382,-128926.6186,-199928.3188,-189409.5484,-121037.5408,-123667.2334,-1.15784676258117,1.91201340246494,1.36548574694029,-2.02858720836701,-2.99289589343994,0.237488842787108,1.20734941389838,1.88083453634797,-0.239758707153953,-0.519120690360658,-0.343816805004471,-0.371494827355876,0.000472144655928375,0.425603338137706,0.696580816955885,0.112551235943165,-0.938594132866617
79.6383348523217,-128926.6186,-199928.3188,-189409.5484,-121037.5408,-123667.2334,-1.42033176392167,1.47351130516537,1.86249049353214,-1.20179513307383,-2.12431174006154,0.119024678941855,0.800185615081851,1.98931816765411,0.149134020603135,-0.0358253628569756,-0.261813011595604,-0.227895091082878,-0.0940489952515304,0.325817993617612,0.650568028092757,0.178236431735257,-0.667865497462088
79.6435758271473,-128926.6186,-199928.3188,-189409.5484,-121037.5408,-123667.2334,-1.71550545612361,0.936141346538207,1.87533737715182,-0.402935417863318,-1.05965318131805,0.0359388805234317,0.521727258114424,1.806809219783,0.448037906629423,0.513653487786677,-0.188881622342446,-0.103666840235066,-0.0743830088891975,0.200523243713659,0.463776559271726,0.202558829282751,-0.571858902155757
86.0916855788611,-128926.6186,-199928.3188,-189409.5484,-121037.5408,-123667.2334,-1.94014884244106,0.475742754539894,1.65781646155845,-0.0410373294565716,-0.207438439807433,-0.018501371097301,0.341462595998763,1.53111228018685,0.58464822609826,0.869407707095519,-0.135783646064233,-0.0121176605567901,-0.0173088386219642,0.126559322113835,0.265247228540629,0.210622809279194,-0.50244417373219
86.0685639880842,-128926.6186,-199928.3188,-189409.5484,-121037.5408,-123667.2334,-3.01149759906951,-0.901877794119585,1.38266316118232,-0.0407256376787615,0.339832336613028,-0.304447226204786,-0.0668055049777578,1.27248330046582,0.633331833749644,1.0611270028267,-0.0712497737166824,0.189331256865822,0.0447810918185456,0.10062126881994,0.119508825344731,0.203119629372281,-0.567436136903726
86.0640238231741,-128926.6186,-199928.3188,-189409.5484,-121037.5408,-123667.2334,-2.32056586764625,-0.440921501262437,0.714037144163655,-0.41545480439548,0.282767985288146,-0.345632386414074,-0.148859530765485,0.986271186936925,0.575291346649884,1.02487893467767,-0.121353004599343,0.171411540704789,0.181779374075453,0.113430320215387,0.0462835213441535,0.188362776343411,-0.400494168946585
86.0681656862864,-128926.6186,-199928.3188,-189409.5484,-121037.5408,-123667.2334,-1.29567734255045,0.264787858860785,0.389245691523129,-0.868084531533967,-0.116435674016927,-0.333487550339463,-0.16240647650573,0.755870606766543,0.490811881461966,0.894569848580524,-0.175754150785451,0.132266542095498,0.27379239962515,0.130481919945071,0.0154059645731635,0.161255404405196,-0.24391440650259
86.0826541783143,-128926.6186,-199928.3188,-189409.5484,-121037.5408,-123667.2334,-0.507341650506362,0.701280903581534,0.462633353030455,-1.26750020457672,-0.601238136953839,-0.322896253701337,-0.175626489522124,0.588350677611608,0.408530935009587,0.732293251016188,-0.206964253632821,0.117554012068743,0.312563963325539,0.140479695831947,0.00481387036736258,0.132797165867899,-0.103473966931869
86.0555994920835,-128926.6186,-199928.3188,-189409.5484,-121037.5408,-123667.2334,-0.0286083496672802,0.852164345281466,0.771393696328147,-1.56804971597106,-1.01791228116797,-0.319751671765687,-0.195080029321367,0.465983230524806,0.33556913499001,0.56822491597277,-0.219603386727617,0.123323910139275,0.319949733528338,0.142111129343196,0.00159856673373526,0.106035338493051,0.0254470270019755
86.0332096087994,-105501.529,-119005.282,-117004.726,-104001.112,-104501.251,0.176285711928728,0.774146922618911,0.950153811924849,-1.80900512866201,-1.41914433708422,-0.0298714895477303,0.64697744592052,1.27089018189668,0.670306510695873,0.809965245716441,-0.457620625351733,-0.65436242817214,-0.450380288275892,-0.0927000724812397,-0.235298068980139,0.0483308659709181,-2.11649765687419
86.0783751794727,-105501.529,-119005.282,-117004.726,-104001.112,-104501.251,0.228753767090993,0.696481399417664,-0.0900032766182051,-1.98652006975185,-1.25389559608433,-0.0891876528654336,0.196823352280987,0.416612526895022,0.147029053919361,0.302094032948801,-0.406247515789582,-0.552779013251476,-0.253275783477917,-0.0534181995772747,-0.174494495347934,0.0104787358859753,-1.96322191435386
86.0604870691181,-105501.529,-119005.282,-117004.726,-104001.112,-104501.251,0.301833338649203,0.59826333429632,-0.49956599474794,-1.88357857934596,-1.12707150575982,-0.124020433633817,0.0179729804830657,0.07862124370142,0.010792616008203,-0.0248996166631628,-0.366548360167773,-0.50541701529765,-0.144068972736962,-0.0266397989749383,-0.14043203659311,-0.0049131950900474,-1.55924306998304
86.0996730552459,-105501.529,-119005.282,-117004.726,-104001.112,-104501.251,0.389681821260226,0.49933805124013,-0.665613278331676,-1.73296035518032,-1.01669852971666,-0.142141114509798,-0.0551777621208345,-0.0721368914658598,-0.0283601758735301,-0.246478408958531,-0.335757118161545,-0.480461398983546,-0.0763330445723178,-0.00969972227488669,-0.120481268400919,-0.0421772920690842,-1.19265970610161
86.0507694320892,-105501.529,-119005.282,-117004.726,-104001.112,-104501.251,0.482083977228555,0.399870768419746,-0.729405354942472,-1.58012217771702,-0.912301614892115,-0.149973064943595,-0.0886571518332602,-0.145029040327898,-0.0440082230082766,-0.403719651297706,-0.311569456620532,-0.464280980020664,-0.0318879645916215,-8.9029109542782e-05,-0.108177331739495,-0.0735691574564612,-0.927424921522912
86.0683293691503,-105501.529,-119005.282,-117004.726,-104001.112,-104501.251,0.58261781028358,0.31549553140556,-0.746641176664852,-1.43096693784858,-0.810136541049189,-0.149851737572419,-0.10447236481393,-0.182713036100637,-0.0556204803742091,-0.520217341334146,-0.292875650496927,-0.453419920224769,-0.00209907353387728,0.00436451516316949,-0.10013846017602,-0.0931519881618073,-0.746165916716187
86.0570708998359,-105501.529,-119005.282,-117004.726,-104001.112,-104501.251,0.683148038098054,0.239637004670172,-0.739975652735808,-1.28332877820344,-0.708914139841482,-0.145343364973613,-0.114182824378631,-0.202920259621493,-0.0677684013907793,-0.609407829488177,-0.278250084682929,-0.444777900507732,0.0175565134673177,0.00522142810820037,-0.0946194094390063,-0.102461633271133,-0.623860495955117
86.0577002066023,-105501.529,-119005.282,-117004.726,-104001.112,-104501.251,0.783741367735971,0.17657855470847,-0.723227214794406,-1.13748189177963,-0.613537816801951,-0.137748903625678,-0.120393551190553,-0.213791226609068,-0.0812868219090745,-0.680185902071116,-0.266941018614371,-0.438038911529087,0.0301346753271421,0.00380419537585586,-0.0903470592212869,-0.104514181814977,-0.539084837124308
86.0780320523448,-105501.529,-119005.282,-117004.726,-104001.112,-104501.251,0.88100864130142,0.123644579869861,-0.700382881523879,-0.994369113667659,-0.525962871211519,-0.128521161304704,-0.124994024815891,-0.219035515717835,-0.0959035912182102,-0.737927550847402,-0.258169785382953,-0.432540186484261,0.0374532990186383,0.0010254048239775,-0.0867222943987609,-0.101534531056352,-0.479150999341529
86.0650259962566,-105501.529,-119005.282,-117004.726,-104001.112,-104501.251,0.971719036837598,0.077252816006947,-0.674371689038622,-0.857223421345793,-0.449899291278882,-0.118811609443213,-0.129045062907558,-0.220674072816465,-0.111306439037534,-0.786366349023993,-0.25128447396184,-0.427744040653643,0.0408897181542183,-0.0023534916406911,-0.0832653750334511,-0.0954294232543447,-0.435470549907759
86.1034604930972,-105501.529,-119005.282,-117004.726,-104001.112,-104501.251,1.05788847431782,0.0406915207244651,-0.645154723965462,-0.727135341269886,-0.384163324757779,-0.108671316250536,-0.131852065739849,-0.219811697761983,-0.127032118117626,-0.827857136353927,-0.246020466293678,-0.424022035672041,0.04139793316947,-0.00594723769511307,-0.079907192558808,-0.0869778089369007,-0.402928497690266
86.0883577044386,-105501.529,-119005.282,-117004.726,-104001.112,-104501.251,1.13534451632354,0.0072217156314025,-0.612751679375606,-0.604038397910315,-0.326917923931475,-0.0992558258995473,-0.134974026622906,-0.21713872117121,-0.142626202608689,-0.863835935189883,-0.241819531033277,-0.420476184101783,0.0396794859090326,-0.00959052594064524,-0.0766704018511772,-0.0766184464657513,-0.37895858325916
86.1119313399526,-103836.0388,-113251.7704,-111856.8472,-102789.8464,-103138.5772,1.20739829920021,-0.0188163891351536,-0.580917893716077,-0.495403759021244,-0.283826198655419,-0.0715343073623131,-0.0789340658160782,-0.15914307273701,-0.140321418762461,-0.877601864369666,-0.255738600066903,-0.476560549913052,-0.0166466950546877,-0.0269026043762473,-0.0880157222973328,-0.0674012331199378,-0.517753945162303
86.0591693651036,-103836.0388,-113251.7704,-111856.8472,-102789.8464,-103138.5772,1.26005066245708,-0.0404322494919285,-0.583221919090718,-0.385977721098243,-0.231996768782906,-0.0672570082072212,-0.0962139340194881,-0.165035183269339,-0.158798486904224,-0.923769956375708,-0.250497899259059,-0.471265951867444,-0.0150171321216803,-0.0269668174127724,-0.0819519386525784,-0.0570344876704922,-0.502509174237121
86.0744289866369,-103836.0388,-113251.7704,-111856.8472,-102789.8464,-103138.5772,1.31542132045921,-0.052951378631704,-0.576378476100516,-0.287180086018196,-0.192766154431212,-0.0614433737948445,-0.102152192765871,-0.166008881665775,-0.173717517842057,-0.961809477033768,-0.246614269278439,-0.468991893265978,-0.0153051678430571,-0.0275501889604828,-0.0766150227548785,-0.0465879068167467,-0.475494752062003
86.0761661660309,-103836.0388,-113251.7704,-111856.8472,-102789.8464,-103138.5772,1.36602510890103,-0.065766528489263,-0.56343778236203,-0.20093920798206,-0.164214903062827,-0.0556932209302801,-0.105075163777407,-0.16466899167041,-0.187163956221944,-0.993544020775332,-0.243454444839691,-0.467329525788413,-0.0169888081619691,-0.0283743164309369,-0.0718063731200542,-0.0358209143745754,-0.452954364195445
86.1058756465741,-103836.0388,-113251.7704,-111856.8472,-102789.8464,-103138.5772,1.41249922262266,-0.0774208845731721,-0.546598528403422,-0.127362089818035,-0.144338506850701,-0.0500188542728495,-0.106625846561045,-0.16216068806547,-0.199794199413702,-1.0205244307511,-0.240911513993018,-0.466071022596708,-0.0196232131663097,-0.029223047972841,-0.0674004431294808,-0.0246698991416423,-0.435422862133138
86.0709905494144,-103836.0388,-113251.7704,-111856.8472,-102789.8464,-103138.5772,1.45344582785567,-0.0901998513035949,-0.527157616065878,-0.0652278778846949,-0.13099743844559,-0.0449496068003015,-0.108201375005287,-0.158999537152852,-0.211750617138364,-1.04376692242305,-0.238761103776326,-0.464707309464383,-0.0229148059937276,-0.0300052311648009,-0.0633453086394287,-0.0133560088333979,-0.421912292035674
86.0411754102513,-103836.0388,-113251.7704,-111856.8472,-102789.8464,-103138.5772,1.49340619078122,-0.0974736778537988,-0.506375006956119,-0.0138736210213182,-0.12295883246162,-0.0395866576090214,-0.108468579283276,-0.155513391573436,-0.223105369408586,-1.06414260112631,-0.237192309148468,-0.464073927698415,-0.02658787395005,-0.0306222625822063,-0.0595764029969577,-0.00217363727168873,-0.410813044665397
86.0872973900468,-103836.0388,-113251.7704,-111856.8472,-102789.8464,-103138.5772,1.53135278832335,-0.100740953151458,-0.484546179111888,0.0276835020272301,-0.119016471257666,-0.0342121507273347,-0.108128036103146,-0.151810595796064,-0.233846393037012,-1.08202581878351,-0.236050647610309,-0.463906007103777,-0.0305472741364272,-0.0310592352433932,-0.0560735199844413,0.00864013862133817,-0.402243603865129
86.1097760097536,-103836.0388,-113251.7704,-111856.8472,-102789.8464,-103138.5772,1.5619354993554,-0.108243201533384,-0.462052113704658,0.060299408332682,-0.118183452844931,-0.0300391635717858,-0.109038121105336,-0.147982825222229,-0.243976867817338,-1.09775490769381,-0.23491199114158,-0.463126532936219,-0.0346927569657205,-0.0313046861027755,-0.0528169498022144,0.0189152687958085,-0.395657247635982
82.3132681267732,-103836.0388,-113251.7704,-111856.8472,-102789.8464,-103138.5772,1.58398716294538,-0.120929534350054,-0.439988206129016,0.0858800150707992,-0.119266439257657,-0.0267182362336342,-0.110316899974038,-0.144224535557811,-0.253488864612606,-1.11186630531463,-0.233698662101968,-0.462003652323079,-0.0388033178088178,-0.0313854179773747,-0.0497964312794781,0.0288160111443574,-0.389162051375394
82.3021037118177,-103836.0388,-113251.7704,-111856.8472,-102789.8464,-103138.5772,1.78341749508401,0.153966480788469,-0.420365515856247,0.104190985994947,-0.122296011625906,0.0306699722173391,-0.0276251899874893,-0.140861591196703,-0.262632271439386,-1.12483812393883,-0.246077159335929,-0.506360018392674,-0.0426994748498055,-0.0312527496273627,-0.0469729665973977,0.038135005050151,-0.372592459894451
82.355739675168,-103836.0388,-113251.7704,-111856.8472,-102789.8464,-103138.5772,1.70911568507016,0.157346337020826,-0.374325756778958,0.135053077612326,-0.11138515187784,0.0664739351332173,0.00783774475576848,-0.1323897477833,-0.268753135617928,-1.12237069411346,-0.244493584263256,-0.527629144789662,-0.0529936105539923,-0.0337016314024137,-0.0458752711839097,0.0474333718660276,-0.394033476284068
82.3740997360032,-102800.8695,-109675.731,-108657.233,-102036.996,-102291.6205,1.41744694768008,-0.0541751263518648,-0.339999452709151,0.176121439299706,-0.086043507024911,0.0947761997748344,0.0540694502109176,-0.0886538069161986,-0.26245447159441,-1.09946003095122,-0.241931316395318,-0.569552026647518,-0.0990579368686091,-0.0459351239993038,-0.0549084381897567,0.0568142301142132,-0.49684991741316
82.3837901584052,-102800.8695,-109675.731,-108657.233,-102036.996,-102291.6205,1.00381355438545,-0.374399697841412,-0.372572686319842,0.232204586288034,-0.0383657490255729,0.094555166348961,0.0391761339948502,-0.086047638311797,-0.265684460811144,-1.09224470147076,-0.219084228997414,-0.56165938316319,-0.107363411194863,-0.0493958067875837,-0.054322652864669,0.0663414203630239,-0.479902747784434
82.3257307647792,-102800.8695,-109675.731,-108657.233,-102036.996,-102291.6205,0.581416775771117,-0.709182655046263,-0.462623597880679,0.29442145962409,0.013012188008787,0.0884060802346411,0.0260984897955225,-0.0836926630524317,-0.265898141428366,-1.07997633918708,-0.194435446622708,-0.550822308768536,-0.113552767500986,-0.0537503549013378,-0.0542667983067775,0.074658837821282,-0.440024050854764
82.3134106279701,-102800.8695,-109675.731,-108657.233,-102036.996,-102291.6205,0.21693370296822,-0.99045695402863,-0.615212301488242,0.359588011852537,0.0615979477179849,0.0819154295052442,0.0167193908258696,-0.0838411772830625,-0.264323531902548,-1.06549669077947,-0.172061023296044,-0.54141729388222,-0.116474635074368,-0.0584992383087872,-0.0541734183589762,0.0819960992972781,-0.397492038118155
83.6543971966386,-102800.8695,-109675.731,-108657.233,-102036.996,-102291.6205,-0.0636285109988108,-1.19405517949204,-0.819309234856419,0.425456869841085,0.101073998097092,0.0768328616584171,0.010391303006152,-0.0867785699125605,-0.261478934073835,-1.05039231789121,-0.153969961188094,-0.534937989733741,-0.116183151656908,-0.0633422997395974,-0.0536133235732406,0.0883478901313453,-0.360987519443727
83.6459351644639,-102800.8695,-109675.731,-108657.233,-102036.996,-102291.6205,-0.327450562390183,-1.42898818330075,-1.05865070171102,0.488136182512093,0.122769904961075,0.0499628285363301,-0.0245248989239713,-0.0920656156534463,-0.257697675286451,-1.03602932532982,-0.135490476961528,-0.514463214892267,-0.11308333110042,-0.0679238262839281,-0.0520642708612113,0.093293764848255,-0.339214953278669
83.5779950907751,-102800.8695,-109675.731,-108657.233,-102036.996,-102291.6205,-0.413728649367812,-1.49578954538515,-1.32596111751488,0.535954211550902,0.116146766711054,0.0367404724007869,-0.0368162585261942,-0.101627380340815,-0.254656662951973,-1.03073148952468,-0.128402119497061,-0.507642725282602,-0.104806800109701,-0.0706339313032707,-0.0484950189427589,0.096673197368041,-0.306416393364491
83.6214227212864,-102800.8695,-109675.731,-108657.233,-102036.996,-102291.6205,-0.370177655263376,-1.43874495917765,-1.58579931635145,0.566628961454541,0.0768352698648442,0.0345057761497216,-0.0355691308065076,-0.112809519679246,-0.25240228705016,-1.03165797663493,-0.129815796084032,-0.510593644144731,-0.0943192570720479,-0.0718069418235354,-0.0430429565099031,0.0983711925209434,-0.283671507952571
83.6256502799212,-102800.8695,-109675.731,-108657.233,-102036.996,-102291.6205,-0.272147153348385,-1.33568319764396,-1.8062937076796,0.577264333372128,0.00441780796826663,0.0362329590076698,-0.0311459590297645,-0.123125668065072,-0.251098508109109,-1.03655415119614,-0.134779674105845,-0.516498918390077,-0.0844286693926526,-0.0716215982465851,-0.0359098717723327,0.0994101812668404,-0.270651168965151
83.6696441850692,-102800.8695,-109675.731,-108657.233,-102036.996,-102291.6205,-0.161771349257862,-1.22553541543971,-1.98093407024726,0.568021961037729,-0.0939591148092944,0.039681486971098,-0.0256010336884458,-0.131815490857882,-0.250851128114491,-1.04422519223773,-0.140603326805005,-0.5230055426353,-0.0760619928937483,-0.0702129153791839,-0.0275437043917364,0.100552778969693,-0.260350680700351
73.5855562848606,-102800.8695,-109675.731,-108657.233,-102036.996,-102291.6205,-0.0652636310939414,-1.13424648370054,-2.10518575984274,0.537697399088827,-0.212454123585644,0.0424505188262003,-0.0217090447591488,-0.138216963904974,-0.251764212486435,-1.05360578502965,-0.14561292092782,-0.528029373660521,-0.0699890709398869,-0.0676164018368091,-0.0182929111774242,0.102045829147023,-0.250627300148304
73.599118804771,-102800.8695,-109675.731,-108657.233,-102036.996,-102291.6205,0.817898114244286,-0.133944334651488,-2.18509486091328,0.485266399361933,-0.343328256318614,0.250991671322986,0.272240994495775,-0.142964189746813,-0.254411142462288,-1.0645018728296,-0.208006133425266,-0.675607799831595,-0.0661380261470859,-0.0638274565322612,-0.00859906240611741,0.104059892395327,-0.212389182060347
73.5980844519285,-102877.0291,-109938.8278,-108892.6354,-102092.3848,-102353.9329,1.04764315930663,0.209347103376388,-2.09268272706517,0.471830900451195,-0.429113212600839,0.413877405637699,0.403817167167915,-0.12641805900661,-0.250969189195217,-1.02592032577667,-0.230707164632064,-0.751752445874552,-0.0889892390212508,-0.0678274583957026,-0.00376729501738549,0.113003488819444,-0.317637942704953
73.6514753550669,-102877.0291,-109938.8278,-108892.6354,-102092.3848,-102353.9329,0.609856601809952,-0.134169603092388,-1.93660861327297,0.498322435070094,-0.450572486055066,0.521846685630841,0.442499510151677,-0.0927424369841603,-0.241109994436741,-0.948341022341111,-0.20534394919287,-0.765061867340538,-0.133741935082712,-0.0791131294665066,-0.00500178396793038,0.129003363288994,-0.358678567472564
73.6177428763794,-102877.0291,-109938.8278,-108892.6354,-102092.3848,-102353.9329,-0.212183411140074,-0.873638749720001,-1.82873653897605,0.565651266905476,-0.399287262437042,0.574638217511954,0.411200350345929,-0.0548091103485717,-0.226471359174667,-0.844344052972971,-0.136100834975685,-0.722560803668267,-0.187447937257513,-0.0953575130726927,-0.0108844764425289,0.148277364577012,-0.307604213808858
73.6163128645,-102877.0291,-109938.8278,-108892.6354,-102092.3848,-102353.9329,-1.07553526464037,-1.66322102875469,-1.85084660786508,0.671349813731368,-0.282157689201199,0.588949671669205,0.340342855526508,-0.0205698919634827,-0.20746688289799,-0.723663642314349,-0.0403603339470231,-0.646369168466043,-0.241331793559334,-0.11504715257161,-0.0201957225336102,0.167125741044437,-0.192663266640294
73.627472092869,-102877.0291,-109938.8278,-108892.6354,-102092.3848,-102353.9329,-1.77395144545608,-2.29282088234474,-2.01113557870391,0.811638840008484,-0.114766852177354,0.582818212695472,0.253570065237078,0.00619778540072247,-0.184265956403905,-0.594047157929694,0.0610888600077508,-0.559986821613989,-0.290710184675668,-0.136932380754014,-0.0314343877581145,0.181896531527876,-0.0625830433578018
73.6210578206484,-102877.0291,-109938.8278,-108892.6354,-102092.3848,-102353.9329,-2.20323849277528,-2.65706815938992,-2.29763318169545,0.978346223713316,0.0778314904316773,0.57859484185726,0.177431642380057,0.022247639928004,-0.157129888221704,-0.462642774127147,0.145264644064689,-0.488644461021495,-0.331031848161583,-0.159674929794905,-0.0426421238258283,0.187981406064686,0.03702872868881
73.6340030459528,-102877.0291,-109938.8278,-108892.6354,-102092.3848,-102353.9329,-2.35290183920017,-2.74793141174362,-2.66329662711173,1.15903639548355,0.262812306355428,0.593790473741322,0.131132063339749,0.0266026116239715,-0.126737181183145,-0.335990965191854,0.19659091169423,-0.448832491829017,-0.359950385853482,-0.181887217358559,-0.0515252636192962,0.183039692636058,0.0787183585172109
73.6173433108197,-102877.0291,-109938.8278,-108892.6354,-102092.3848,-102353.9329,-2.30553334313932,-2.64652893236139,-3.03517592412949,1.33675741173775,0.407759718403582,0.628022984583268,0.114057471310225,0.0214158741991284,-0.0946366737937652,-0.219511112452651,0.216190225490997,-0.438986241728426,-0.378798979153998,-0.202178096909929,-0.0559744973026131,0.171309991639362,0.0645042898675268
73.5761578628166,-102877.0291,-109938.8278,-108892.6354,-102092.3848,-102353.9329,-2.15599244946029,-2.44711864090259,-3.36053791310599,1.49518418679015,0.496774585252055,0.672628836134834,0.116749979373537,0.00925417925941474,-0.0629108421075415,-0.116890285051717,0.214761609817026,-0.448450638318658,-0.389927844534279,-0.219354828656643,-0.0550017581339446,0.161068647340521,0.0172365920192306
73.5730503160659,-102877.0291,-109938.8278,-108892.6354,-102092.3848,-102353.9329,-1.96134861957376,-2.20561096904643,-3.61161994749621,1.61803393969123,0.516050072780516,0.720820443119997,0.131094317961193,-0.00673687802753875,-0.0334957144368389,-0.0298247108228509,0.200931415798526,-0.468891018833244,-0.396300513881792,-0.232403766774657,-0.0477717376612454,0.15845546915439,-0.0474821697923886
73.6137046724632,-102877.0291,-109938.8278,-108892.6354,-102092.3848,-102353.9329,-1.77268180098785,-1.96690248563998,-3.77301398888279,1.68903494038388,0.456629584551024,0.764188857001272,0.148120185078142,-0.0222393746880911,-0.00814794480567826,0.0413963917429783,0.18231205657979,-0.492807807998499,-0.402009601586967,-0.240378465762521,-0.0335580916631386,0.167188600836376,-0.120554013196923
73.635227160471,-102877.0291,-109938.8278,-108892.6354,-102092.3848,-102353.9329,-1.62215534839416,-1.7574665455939,-3.84448593382295,1.69341109972714,0.319655636322324,0.797007602536162,0.162441689504632,-0.0334120902823969,0.0114643394024938,0.0964695882251334,0.163870570573084,-0.515582231249128,-0.410569097876575,-0.242274974513033,-0.0118912922347512,0.18762678528843,-0.194569442707264
73.5883406949471,-103028.3462,-110461.5596,-109360.3428,-102202.4336,-102477.7378,-1.50982365292826,-1.57929938525731,-3.84638046391937,1.62381010090661,0.119558223379968,0.816105844933432,0.163555146738815,-0.0491931914289054,0.0215025726882558,0.132040768221074,0.149810935945257,-0.527164773366143,-0.415025479279083,-0.236116954584687,0.0185710733321403,0.216466755925254,-0.239843448356536
73.6289964329753,-103028.3462,-110461.5596,-109360.3428,-102202.4336,-102477.7378,-1.40543965776295,-1.41798501778372,-3.79171671300227,1.48109244635184,-0.120341288409563,0.836624643758199,0.178913289757709,-0.0477509843208708,0.0271474737245114,0.158762645599779,0.133298969165256,-0.547579111438452,-0.431683353278732,-0.224425586281925,0.0529407099949151,0.249129186463001,-0.298869053024923
73.5901333828639,-103028.3462,-110461.5596,-109360.3428,-102202.4336,-102477.7378,-1.34850889910379,-1.2946263725302,-3.70757624991525,1.27734286520193,-0.366710614461169,0.845945689150618,0.186395545049507,-0.0433736189862159,0.0245661557952488,0.174123197108941,0.121002262737258,-0.563326884065893,-0.450939666893688,-0.20630446386345,0.0906572981281601,0.282543194537766,-0.356207413561842
73.6104202831915,-103028.3462,-110461.5596,-109360.3428,-102202.4336,-102477.7378,-1.30344638225517,-1.18453102734458,-3.61507433056832,1.02734840372005,-0.592472403535098,0.852057646119,0.19324969527068,-0.0380987478852362,0.0146940252432941,0.181229924935081,0.110293976825577,-0.577845321099887,-0.470437670912583,-0.182359129174639,0.128754217989915,0.313702417903237,-0.402749429853593
73.6172105316003,-103028.3462,-110461.5596,-109360.3428,-102202.4336,-102477.7378,-1.28813839185396,-1.10133894838565,-3.5233145024641,0.747537849112263,-0.775818503152792,0.85126794034575,0.195726696540348,-0.0328666249091967,-0.00132135409035072,0.18579273021524,0.102768761306051,-0.589041893769708,-0.489258145821345,-0.15362393424561,0.163796686875351,0.341058758605854,-0.441992909223824
73.6067550437126,-103028.3462,-110461.5596,-109360.3428,-102202.4336,-102477.7378,-1.29395495730682,-1.03984566852202,-3.44153130879327,0.451643128924886,-0.900326233240719,0.845731408963204,0.195494922329061,-0.0289966419402887,-0.0226281128468955,0.192104813365681,0.0980109384374175,-0.597488554585379,-0.506068028038722,-0.120952691934562,0.192537876854865,0.363677952811635,-0.471143169226611
73.6617939032567,-103028.3462,-110461.5596,-109360.3428,-102202.4336,-102477.7378,-1.30781899175453,-0.990156992794482,-3.37407435161819,0.152874212355741,-0.954465510761025,0.838489073465659,0.194671793269059,-0.0269891712020467,-0.0479168704455333,0.205199293458321,0.094777892523676,-0.60448421650787,-0.520168919827288,-0.0853871483935522,0.212007829220705,0.381255434317012,-0.493470481625669
73.5812493031568,-103028.3462,-110461.5596,-109360.3428,-102202.4336,-102477.7378,-1.34388640904966,-0.960869292665663,-3.3239447881768,-0.142048662066998,-0.95902031181943,0.826219560118155,0.190474702657291,-0.0275646882278906,-0.0765920896632082,0.224018545936197,0.0936440320910594,-0.609029067854818,-0.531102598127401,-0.0476040002958342,0.223889266444022,0.393893981165739,-0.50982423678238
73.603290206883,-103028.3462,-110461.5596,-109360.3428,-102202.4336,-102477.7378,-1.35292163217353,-0.917510709893335,-3.29164548001863,-0.424201105761938,-0.913376819665842,0.820029483028442,0.191611208544387,-0.0306597485455313,-0.107539338174462,0.249498578028174,0.0909926330692881,-0.615600697319862,-0.538755262426668,-0.00856937452281836,0.227455907273292,0.401502692085913,-0.517109398727676
73.6526525683269,-103028.3462,-110461.5596,-109360.3428,-102202.4336,-102477.7378,-1.37606076212185,-0.890818982439285,-3.26808909334574,-0.684147304309789,-0.831108649540582,0.811005519871074,0.189504377044621,-0.0348278204692818,-0.139008305855342,0.282362228885958,0.0901778026157842,-0.619739390391648,-0.544741488839046,0.0302657997239419,0.224110440510057,0.404985459546694,-0.5236665597333
73.625887713685,-103028.3462,-110461.5596,-109360.3428,-102202.4336,-102477.7378,-1.41632550467301,-0.881503670575299,-3.25451219539725,-0.916348081445065,-0.725963600180236,0.798363649442223,0.184397559870668,-0.0402286560239418,-0.169843605008332,0.319236952601713,0.0911279321528395,-0.621604491716733,-0.548841851409158,0.0678574066664221,0.215972522380233,0.404466666898138,-0.524301286055495
73.6107796569289,-103028.3462,-110461.5596,-109360.3428,-102202.4336,-102477.7378,-1.44133997682729,-0.86489910030916,-3.25211614341335,-1.11301095088741,-0.607097462610554,0.789236240276082,0.182400010221066,-0.04691311347473,-0.198054863850345,0.357596621869469,0.0910740681596636,-0.624615960285415,-0.550817409959926,0.102708235711303,0.204566380597184,0.399897024645576,-0.5179215172945
73.6107559503191,-103321.9615,-111475.867,-110267.881,-102415.972,-102717.9685,-1.45999272379086,-0.848454661356413,-3.25489247805289,-1.26856287307433,-0.483128236137901,0.773628052246799,0.159425161013743,-0.075547796341958,-0.230040890091175,0.386595584254913,0.0956537154234494,-0.610369700701725,-0.536817900687988,0.136137441596795,0.194360069794488,0.39164872740551,-0.467241908187383
88.8587298452743,-103321.9615,-111475.867,-110267.881,-102415.972,-102717.9685,-1.3003608206528,-0.669270618597849,-3.24846637693967,-1.38099040828779,-0.365958378980622,0.802598699890297,0.198395498196568,-0.0724810600704942,-0.240282049858521,0.435695940769598,0.067530531876054,-0.642022295449237,-0.538021329014932,0.161965502409691,0.180532753357304,0.379584136085761,-0.510992804604609
88.8705353293399,-103321.9615,-111475.867,-110267.881,-102415.972,-102717.9685,-3.95680803623149,-3.02184528936009,-3.11789082472211,-1.45074556167705,-0.24615072793668,0.0828311043345735,-0.163340784645101,-0.00172682460832618,-0.198635598994144,0.533486014640857,0.130562179389649,-0.436591271998231,-0.550882169899491,0.190371639457553,0.177009721863131,0.367880418823461,-1.17618906240437
88.8653309049054,-103321.9615,-111475.867,-110267.881,-102415.972,-102717.9685,-2.13827461232914,-1.45860143491306,-3.65663280269048,-1.83810271449822,-0.52124380415998,0.0659641777044229,-0.0673864869951188,-0.0271036941817044,-0.237203528745198,0.247406777416323,-0.0975429977708016,-0.577665651238803,-0.437288129640272,0.262978957071764,0.224936582022516,0.322881820142804,-1.01710705440377
88.8806033049825,-103321.9615,-111475.867,-110267.881,-102415.972,-102717.9685,0.0502637467682661,0.369138541678154,-3.61432351187132,-2.33330628586482,-1.12794900654973,0.0726701003784527,-0.00389780889958757,-0.00586103637022717,-0.289143099846711,-0.0469767095561053,-0.238330621036428,-0.656022271536467,-0.390912093953541,0.337554507914814,0.264764006048844,0.281068745449957,-0.862076744014225
88.9052643415451,-103321.9615,-111475.867,-110267.881,-102415.972,-102717.9685,1.62485371142219,1.57110582692424,-2.96426095472376,-2.84854979349717,-1.73527332285539,0.0576333990490241,0.0107987611373872,0.0371447048589459,-0.336638047250773,-0.261965744884677,-0.303758181404753,-0.672265350064163,-0.386834968441316,0.400832591651931,0.267666290954271,0.244910526277408,-0.76264733056391
88.8239056420244,-103321.9615,-111475.867,-110267.881,-102415.972,-102717.9685,2.60515493423752,2.19539593004579,-2.03673261972945,-3.29743395248812,-2.13439120059827,0.0362411659993924,0.00217884762530218,0.0661537532537793,-0.367351080835284,-0.401335522869331,-0.3316267291211,-0.659731926621355,-0.382109229574177,0.442140208165555,0.231988480406617,0.20785343374601,-0.689722498359069
88.8915063541835,-103321.9615,-111475.867,-110267.881,-102415.972,-102717.9685,3.17893830955583,2.44724659160742,-1.09030352495193,-3.59932613862914,-2.27495505274021,0.0177166244524187,-0.0136743942696,0.076367589438135,-0.37145755437848,-0.494652133556016,-0.342009893314181,-0.637378789082599,-0.366216957725256,0.452946756156316,0.173696144498549,0.167645585250192,-0.632092932584253
88.8959098695649,-103321.9615,-111475.867,-110267.881,-102415.972,-102717.9685,3.48741726666216,2.46598222456478,-0.264368236441499,-3.70736643575319,-2.19768158433496,0.00173533645656221,-0.0343438782787473,0.0735160150973684,-0.347541713654351,-0.567016837891792,-0.343435796163734,-0.610763069964939,-0.342098385376619,0.431679179416042,0.110509903124143,0.125771205771962,-0.591214226619472
88.9055353001771,-103321.9615,-111475.867,-110267.881,-102415.972,-102717.9685,3.64368694829059,2.36968834542876,0.376964789251417,-3.62168340063648,-1.97981016756995,-0.0102521065747396,-0.0545183638462845,0.0624541957574323,-0.303836204905608,-0.633348482077579,-0.340976520296606,-0.584913158287625,-0.313398323365228,0.385150684948616,0.054178562380838,0.0850957183297609,-0.563714849151348
88.9038084233542,-103321.9615,-111475.867,-110267.881,-102415.972,-102717.9685,3.7251151150117,2.23320146597052,0.858849157039288,-3.39507565379763,-1.68693339137485,-0.0184676771170871,-0.0726693492980104,0.048539382932546,-0.254992991551298,-0.698206077684077,-0.337382619154275,-0.561791872714834,-0.284934863694074,0.327009145044138,0.00886364499754055,0.0480304811484018,-0.54798921671845
88.9238334797022,-103321.9615,-111475.867,-110267.881,-102415.972,-102717.9685,3.77078182171053,2.09225121031467,1.22041774978869,-3.07872646264025,-1.35568617774888,-0.0235218092502407,-0.088159673812271,0.0347721771943554,-0.210743468146681,-0.760799733717533,-0.333805711930781,-0.542013385417091,-0.259272199718161,0.267465267969961,-0.0263070959327196,0.0157935351140281,-0.542082261145122
88.8713004886461,-103408.1421,-111773.5818,-110534.2574,-102478.6488,-102788.4799,3.79663052083981,1.95811867484397,1.48796977221821,-2.70893418988078,-1.01070132512002,-0.027409406897263,-0.104338034083725,0.0194972853275388,-0.176355926164355,-0.820853109167842,-0.329706057532759,-0.522348034671638,-0.234404786665213,0.212757280657724,-0.0523390834925075,-0.0112354665713781,-0.535898258448972
88.88602410127,-103408.1421,-111773.5818,-110534.2574,-102478.6488,-102788.4799,3.81438579519065,1.84106206874803,1.67295276726037,-2.3176336395673,-0.681256149184549,-0.0281445788630634,-0.114033462391788,0.00843894230776954,-0.150592983721843,-0.875106193790558,-0.327095205497949,-0.50885078971487,-0.215290074061625,0.163661501269952,-0.0722221691087432,-0.0332921272634152,-0.541240139882037
88.907723144637,-103408.1421,-111773.5818,-110534.2574,-102478.6488,-102788.4799,3.82487627146737,1.73670830805494,1.79985199588317,-1.92676678635526,-0.374895082270044,-0.0282128057817346,-0.122939900756052,-0.00132453790767073,-0.134571206057544,-0.925046294546902,-0.324777465303164,-0.497309098955197,-0.199180011191503,0.122061401406616,-0.0866643688976247,-0.0507614556418048,-0.550225133167422
88.8495532072509,-103408.1421,-111773.5818,-110534.2574,-102478.6488,-102788.4799,3.83179088932063,1.64550747963847,1.8898967123165,-1.54591116170219,-0.0903523771725645,-0.0278949575440919,-0.130843045235324,-0.00944039315989187,-0.12624209710021,-0.969994962875433,-0.322764080274285,-0.487475293832394,-0.18599799021801,0.087132441398635,-0.0974335062396467,-0.0641509849355018,-0.56130128128385
88.8764087313117,-103408.1421,-111773.5818,-110534.2574,-102478.6488,-102788.4799,3.84030688744409,1.57255501237475,1.95015010031598,-1.18530946457412,0.164553155925674,-0.0265066008535513,-0.13632890205713,-0.0162126147788442,-0.124124551855431,-1.01041320208402,-0.321261974650916,-0.47993971222686,-0.17516170099507,0.0581798161464999,-0.105197512230526,-0.0739815286097283,-0.572593196789711
88.8605953886298,-103408.1421,-111773.5818,-110534.2574,-102478.6488,-102788.4799,3.84558412141918,1.50813464287002,1.99065006221345,-0.847834370731462,0.391243651087095,-0.0253558759049639,-0.141607637700488,-0.0216557081738245,-0.126516444648772,-1.04623524785863,-0.319879346496527,-0.473339490586193,-0.166456253571728,0.0340968959570149,-0.110820223534022,-0.0806997154286648,-0.584789102892852
88.8538189512979,-103408.1421,-111773.5818,-110534.2574,-102478.6488,-102788.4799,3.85077862385752,1.45475000407508,2.01609762445668,-0.537516406861585,0.588118333271822,-0.0239618792675884,-0.145688499366173,-0.0260457213660743,-0.132290119318569,-1.07806805218178,-0.31875060179264,-0.468023436607607,-0.159439555655916,0.0141446208137326,-0.114717513898817,-0.0846690733187998,-0.596276409337036
88.8759674171018,-103408.1421,-111773.5818,-110534.2574,-102478.6488,-102788.4799,3.85572707197936,1.41034338680056,2.03244507101741,-0.251604148674403,0.760629106382765,-0.0225261678087918,-0.149003642524036,-0.0294634806948295,-0.140174592953741,-1.10604617102018,-0.317808594067201,-0.463671162447409,-0.15390034934479,-0.00266068083661319,-0.117495943277945,-0.086221425372095,-0.607732819039462
88.8401780055323,-103408.1421,-111773.5818,-110534.2574,-102478.6488,-102788.4799,3.85917769680879,1.37147573801487,2.04184292890864,0.00841705601142451,0.908568307697152,-0.0214183923196174,-0.152175424637321,-0.0321102355925973,-0.149515499460335,-1.13068391029186,-0.316935312061275,-0.459829954116498,-0.149540695601313,-0.0168005259481951,-0.119337953776393,-0.0856495873602512,-0.618686368509333
85.1587002815368,-103408.1421,-111773.5818,-110534.2574,-102478.6488,-102788.4799,3.86133273137457,1.33858105903046,2.04663943717833,0.244672810321433,1.03541517249384,-0.0200572121162281,-0.154219053505514,-0.0341443738475533,-0.159659156284391,-1.15237149869762,-0.316193890758382,-0.45689591807113,-0.146119099324144,-0.0288266734134708,-0.120522594033095,-0.0832062423211326,-0.628581052899236
85.1219338733092,-103408.1421,-111773.5818,-110534.2574,-102478.6488,-102788.4799,3.99426490360642,1.53270653197103,2.04708257022304,0.456330990120364,1.14145437529564,0.0223784092310098,-0.0895493558635536,-0.0357880648648035,-0.170373959920425,-1.17153304927055,-0.325581329746299,-0.490772985892924,-0.14344320157941,-0.0390172115367049,-0.121133053838995,-0.0791332952632828,-0.631253416301954
85.1208810830328,-103408.1421,-111773.5818,-110534.2574,-102478.6488,-102788.4799,3.90182788192271,1.50629626992827,2.06516556256378,0.659421699861355,1.2402572938238,0.048515882037492,-0.0605169477217231,-0.033056659675097,-0.179337805362792,-1.17871874968857,-0.325024852920509,-0.508207360498277,-0.146208407368268,-0.0495879742736827,-0.122322506268275,-0.0733257060816186,-0.662684407571316
85.1250849898434,-107874.5018,-127202.8244,-124339.3692,-105726.9104,-106442.7742,3.5890457563611,1.24964824012118,2.07511882782399,0.866062328416376,1.34324735318538,0.014587906229707,-0.195314872391577,-0.157381701099069,-0.227465912078031,-1.21993741665615,-0.271783284211394,-0.364845263638296,-0.0225821608592447,-0.0261454633636538,-0.0882535154277484,-0.0624710700292965,-0.287754917497098
85.1304172552741,-107874.5018,-127202.8244,-124339.3692,-105726.9104,-106442.7742,3.17884951501468,0.86792014645799,2.14625952208905,1.02990058407545,1.39619903326528,0.0263527438726427,-0.158540775338359,-0.124404847510569,-0.227290389960544,-1.17601145466821,-0.263324816464931,-0.364442505511288,-0.0449905211082398,-0.0431725325537116,-0.0959244527996803,-0.0518863337718045,-0.276880469044666
85.1316551952956,-107874.5018,-127202.8244,-124339.3692,-105726.9104,-106442.7742,2.72611435857715,0.466991171944912,2.13220405301249,1.1843703772103,1.45047140742598,0.0270512902215074,-0.153355332101413,-0.104643130144041,-0.230819653006719,-1.14042397748653,-0.250123426040723,-0.354789777278435,-0.0617667149924759,-0.0576293513299531,-0.101865695886826,-0.0379729820639554,-0.295955058161104
85.1204231112134,-107874.5018,-127202.8244,-124339.3692,-105726.9104,-106442.7742,2.30664359990774,0.116026384178113,2.03335421188095,1.32867730890683,1.49688466336129,0.0221807175797508,-0.158694368061511,-0.0938241378882765,-0.235206464872903,-1.11177119913442,-0.23609679998224,-0.3433464959687,-0.072519692454212,-0.0698388017554255,-0.106132655982145,-0.0241485799772718,-0.306894511332515
85.1390727952955,-107874.5018,-127202.8244,-124339.3692,-105726.9104,-106442.7742,1.955729619113,-0.157417120642961,1.86389146955372,1.46197609604576,1.52848332859358,0.0154577890419247,-0.165668376396191,-0.0896272036728263,-0.239383907453941,-1.08901531305004,-0.223570604194638,-0.333672354550448,-0.0776071155283351,-0.0801299038512631,-0.108756348330539,-0.011603023151558,-0.3082804346441
85.1245491522803,-107874.5018,-127202.8244,-124339.3692,-105726.9104,-106442.7742,1.67786529919584,-0.356143404562758,1.64298580468116,1.58257781682542,1.5395894451181,0.00822641784688471,-0.171957464866836,-0.09047907994524,-0.243065083714029,-1.07131679804476,-0.213319112611417,-0.326464770291921,-0.0778152527943234,-0.0887503362067974,-0.109745589015181,-0.000392347770656443,-0.304156098794064
85.1789467206364,-107874.5018,-127202.8244,-124339.3692,-105726.9104,-106442.7742,1.47365966065617,-0.48384454361954,1.39033551406278,1.68672865196018,1.5240119344774,0.00226155875269285,-0.175451976077049,-0.0951593958289081,-0.24637876383818,-1.05818680240004,-0.205890875624066,-0.322498271328705,-0.0740704665423424,-0.0957749125145411,-0.109016664490133,0.00957267039434839,-0.297004010130151
85.1516019544471,-107874.5018,-127202.8244,-124339.3692,-105726.9104,-106442.7742,1.32094676861205,-0.56709126425676,1.12570619004904,1.77368335650995,1.48142880611745,-0.00369161187014555,-0.178469830113634,-0.102436907943293,-0.249407453642078,-1.04889222030809,-0.20038153519484,-0.320004855477921,-0.0675462116552599,-0.101396283247335,-0.10670603598739,0.0185732512784114,-0.28844498416876
85.1542752227756,-107874.5018,-127202.8244,-124339.3692,-105726.9104,-106442.7742,1.21799576235216,-0.607657699676622,0.865056913072536,1.83912699437275,1.40910106367319,-0.00777951025703771,-0.17867591866343,-0.111351554512645,-0.252479163588603,-1.04321830643458,-0.1970160665811,-0.319881270033797,-0.0592022324351849,-0.10554819980929,-0.1027801486627,0.0267100849974753,-0.277993526411117
85.1545651068747,-107874.5018,-127202.8244,-124339.3692,-105726.9104,-106442.7742,1.14730704184488,-0.623846769104205,0.620892077435585,1.8821369653721,1.30989943024861,-0.0110321592019886,-0.178026115283615,-0.120907124581208,-0.255716476828795,-1.04042466741137,-0.194966268265969,-0.320801741466659,-0.0500978617414289,-0.10834724455821,-0.0974475034377051,0.0341898318938831,-0.267030456644362
78.848483288586,-107874.5018,-127202.8244,-124339.3692,-105726.9104,-106442.7742,1.09909708006123,-0.625141638789415,0.401137548321515,1.90105896565744,1.18704534817294,-0.0136335593149823,-0.176859909527295,-0.130400757102421,-0.259299938924755,-1.04003750400015,-0.19380369662767,-0.322306244289423,-0.0409829784021634,-0.109811818399371,-0.0908911493567282,0.0411685665076789,-0.255217215678743
78.8537295954284,-107874.5018,-127202.8244,-124339.3692,-105726.9104,-106442.7742,1.54326316161847,-0.0532363013951596,0.206800866286258,1.89597756171871,1.04559438690295,0.104350930539056,-0.0029612486552324,-0.139784155645657,-0.263560335490681,-1.04180515219623,-0.225651866771127,-0.41077593126402,-0.03223144133245,-0.110026357633618,-0.0833736429136873,0.0477747375257209,-0.227356796320453
78.8352447778013,-158402.388,-301753.704,-280516.472,-142474.464,-147783.772,1.09425097740917,-0.558905033877622,0.0184114161205287,1.90886421203574,0.872820468296155,-0.522722519784281,-1.95676564721015,-1.94936340016929,-0.819786102175087,-1.64208496826849,0.329464676748545,1.33372488508874,1.45281729721281,0.236084590659691,0.320218634053999,0.0450655299997393,4.31177937269229
78.830197993165,-158402.388,-301753.704,-280516.472,-142474.464,-147783.772,-0.854326795414508,-1.43303601952628,3.42501267801859,1.78537578806488,0.508491421330433,-0.203665019716475,-0.880868757677817,-1.27781806063112,-0.723405614018318,-1.01906045222462,-0.170839579373518,1.2195214647515,0.828382740206622,0.135783594649531,0.186555428054358,-0.0926184985932679,4.58963547288018
78.829005687877,-158402.388,-301753.704,-280516.472,-142474.464,-147783.772,-2.03237057514495,-2.12702960093132,4.28220220241471,1.69382813617901,0.320158073429155,-0.208754826197271,-0.272425817486976,-1.00029914324625,-0.649027485638875,-0.696470348893179,-0.18107800121964,1.18918823601602,0.637387189015876,0.0754085346655902,0.121205690479749,-0.0641648719924603,3.1095746784793
78.8833913293107,-158402.388,-301753.704,-280516.472,-142474.464,-147783.772,-2.67224682140927,-2.34580482739344,4.11709180146194,1.62565112721343,0.148580593503056,-0.249987715292335,0.118773036100464,-0.877336726899571,-0.569472661880695,-0.481803495924019,-0.128660222301747,1.14985587551322,0.617554402707138,0.029260076585548,0.0852918250635679,-0.0848978980492632,1.68035191291617
78.8405367931626,-158402.388,-301753.704,-280516.472,-142474.464,-147783.772,-2.96418039827743,-2.23711196781616,3.64509054945039,1.55821012747444,-0.0679330723718294,-0.272694461120651,0.398362713876573,-0.803395134810707,-0.479123328161556,-0.319129884098317,-0.103033580637438,1.0894883139255,0.657287675532189,-0.00823359885214292,0.0681555679504764,-0.114736450729964,0.636743224428564
78.8282396193377,-158402.388,-301753.704,-280516.472,-142474.464,-147783.772,-3.04423969374717,-2.00739344266493,3.12512223724117,1.47431841113084,-0.343373632736643,-0.277426752187885,0.602657254977352,-0.742157536759187,-0.381304102262519,-0.192326946984487,-0.0965303999038447,1.0253172992707,0.718193534136562,-0.037570714479642,0.0653109264685874,-0.134239928855663,-0.00269526023147293
78.8470218651648,-158402.388,-301753.704,-280516.472,-142474.464,-147783.772,-3.01696541672041,-1.75870167857829,2.72424846685179,1.34156455231941,-0.689045542792783,-0.272321339791645,0.750788459931343,-0.663428075663035,-0.280303624071507,-0.0939022664873619,-0.102562833092805,0.966589430862901,0.772059992346928,-0.0573679052633709,0.0750959462358649,-0.141189479586693,-0.344227169606153
78.8337708928961,-158402.388,-301753.704,-280516.472,-142474.464,-147783.772,-2.96483409539019,-1.55270953574754,2.49654671396945,1.13781875600736,-1.0889380869537,-0.267673775341791,0.852310451553016,-0.553263578924515,-0.180960823107839,-0.0197595982444128,-0.112003005285411,0.919669308209878,0.806453838232814,-0.0661993265735197,0.095334396828584,-0.141900775762764,-0.493975284293484
78.882581238995,-158402.388,-301753.704,-280516.472,-142474.464,-147783.772,-2.90443786645641,-1.38960331536376,2.41415978245061,0.866572786815382,-1.51005500636141,-0.264118366505024,0.920984290832209,-0.413508139117951,-0.0866539930933783,0.0340777725421901,-0.121159950331108,0.883026295032358,0.822121373688169,-0.0641039491998454,0.122855905300144,-0.146368933319962,-0.525047029511764
78.8339130773024,-158402.388,-301753.704,-280516.472,-142474.464,-147783.772,-2.87554438139391,-1.28599951905602,2.45667354472697,0.543407225970441,-1.9157825747388,-0.267527884965261,0.960676462452021,-0.246148567605509,0.0011718570937731,0.0730431613730644,-0.128058310427035,0.857696868122279,0.820130565218786,-0.0520991399497901,0.154058185727224,-0.157457178363906,-0.490455665979781
78.8569283063376,-158402.388,-301753.704,-280516.472,-142474.464,-147783.772,-2.8293158343386,-1.19508053028359,2.5724929754347,0.201859296777158,-2.27360902820445,-0.26829106793938,0.988185726158278,-0.0599215148669288,0.0829806057905884,0.10224203611245,-0.133928554321116,0.836573323428868,0.80788271035287,-0.0325477980746276,0.185186889030709,-0.175854901027414,-0.414186866035088
78.854335140695,-158402.388,-301753.704,-280516.472,-142474.464,-147783.772,-2.80971269148415,-1.1416916526201,2.74613356840615,-0.12443832249167,-2.56605396220766,-0.273087965319434,1.00087168814954,0.14123174488121,0.160938062490011,0.126618926634372,-0.138489715512376,0.82232375719695,0.787071496178929,-0.00861723887325594,0.213639000549578,-0.199357760049786,-0.321332023809621
69.5275517974941,-136647.7991,-226601.4878,-213275.0154,-126652.9448,-129984.5629,-3.16550666513282,-1.55869066517451,2.93800943408431,-0.324576853139575,-2.74533827454042,0.147015342728075,2.1261857477714,1.60810179096298,0.710917640825393,0.723124372443223,-0.356249454627863,0.111952250564557,0.0939920982405993,-0.147082953127977,0.0518515396911816,-0.196839375111985,-2.15297933176633
69.5489278154845,-136647.7991,-226601.4878,-213275.0154,-126652.9448,-129984.5629,-1.9538383348394,-1.31069604167857,2.10523103518875,-0.512058984640518,-2.7593269467865,0.243055450957748,1.61581205419394,1.37316818923737,0.499632908518031,0.414761590632942,-0.00912523203436333,0.279744774792757,0.217366246991894,-0.097025416368592,0.123945525664056,-0.102902687107758,-1.38746013092854
69.520483633476,-136647.7991,-226601.4878,-213275.0154,-126652.9448,-129984.5629,-2.20711534420795,-2.01616833086423,2.28362201602779,-0.444599850331514,-2.3730306122153,0.151429254162821,0.946127576863354,1.22589796391195,0.334122748346608,0.258416861927671,0.265996106545589,0.62834575868877,0.134418934652987,-0.0951941318375906,0.141866056609561,-0.0174571028575272,-0.238267885839813
69.5003821271506,-136647.7991,-226601.4878,-213275.0154,-126652.9448,-129984.5629,-2.04016110614064,-2.1012337040481,2.28063876073868,-0.207654793215298,-1.75811156034275,0.0351989712183922,0.446175640327283,1.0354058381895,0.217248384708007,0.18159201374111,0.443430444856659,0.83097999589409,0.0714177323751568,-0.117678978012169,0.136052908065991,0.0253421672605683,0.404642529266345
69.4794593930685,-136647.7991,-226601.4878,-213275.0154,-126652.9448,-129984.5629,-1.31725332779011,-1.55797964343327,2.0319059730566,0.0975608633769269,-1.09472781452953,0.0422662544141659,0.259372587535907,0.824993138872074,0.159752486729644,0.165821108804877,0.462671405195342,0.827232078206094,0.0730243049553287,-0.145192148019477,0.125333651013907,-0.0142845506956633,0.54685520250947
69.5280609421051,-136647.7991,-226601.4878,-213275.0154,-126652.9448,-129984.5629,-0.467014567232383,-0.818438395236754,1.67321748985292,0.379996512975694,-0.547704385482334,0.133127527460118,0.275568845080542,0.627353750512341,0.144331957823212,0.18550841000463,0.386378929701274,0.719968205768888,0.126035765123312,-0.165864054126317,0.116299860624462,-0.0752918522251136,0.463750852144534
69.5450232217455,-136647.7991,-226601.4878,-213275.0154,-126652.9448,-129984.5629,0.195783769024189,-0.164614686102979,1.41417873455413,0.542548979158994,-0.260330624340995,0.22346125743131,0.363546596884937,0.503458833540776,0.142147164203962,0.208948353792138,0.289120308336724,0.593198414423581,0.178944234675507,-0.170613673987349,0.112424946915787,-0.0984305031083679,0.340178544999215
69.5109807464722,-136647.7991,-226601.4878,-213275.0154,-126652.9448,-129984.5629,0.609065626574747,0.319979877471582,1.34588209844418,0.536225578584961,-0.239091632551833,0.271953192133822,0.452251961709933,0.483426665662506,0.12537870715569,0.202733503622262,0.211770470735288,0.483287729363471,0.195981586351645,-0.155075266215666,0.111967837949708,-0.0845285563314064,0.253297596378321
69.5626780684283,-136647.7991,-226601.4878,-213275.0154,-126652.9448,-129984.5629,0.854263448476289,0.665580506738223,1.40477658917798,0.400792439081471,-0.389744842178089,0.284817388845362,0.522195323523107,0.533164441146454,0.0793300875635339,0.135837179385781,0.157764492021002,0.394238101466336,0.181325079899273,-0.122901640214947,0.110879425570167,-0.0644473789086462,0.204180135194434
69.5253531354469,-136647.7991,-226601.4878,-213275.0154,-126652.9448,-129984.5629,0.956716580347347,0.881403823666943,1.57694006583377,0.190539458605514,-0.600416754576599,0.27048756352373,0.565309092468723,0.63991777203853,0.00448302791348709,0.0024166003649313,0.122881785090788,0.328118040217555,0.139071635017204,-0.0789937066949895,0.105722342690021,-0.0488591375922738,0.163945642251537
69.5663561366061,-136647.7991,-226601.4878,-213275.0154,-126652.9448,-129984.5629,1.0277572947893,1.04196527420143,1.78844179015864,-0.0148232974015485,-0.784642208038633,0.252741362637913,0.597434260302215,0.767978091755865,-0.0878363439230938,-0.182807596954127,0.0985209412413264,0.275512392589201,0.0868785437998074,-0.0319703907368569,0.092977446432422,-0.043064012290273,0.134444034512569
69.5897018850275,-136647.7991,-226601.4878,-213275.0154,-126652.9448,-129984.5629,1.04145272224106,1.13333545146966,2.01187071784543,-0.151094284979337,-0.886550677305834,0.22879322313343,0.613205272864178,0.903243040212139,-0.174904723643074,-0.377477483293724,0.0833289331109559,0.238992052683553,0.0336984645935701,0.0101087151162713,0.0709907543136485,-0.0394133127210665,0.101622726118464
69.4820171093901,-132093.2546,-210867.6068,-199197.3324,-123340.5488,-126258.1174,1.0373960087795,1.19020727333174,2.21526085589416,-0.170372698492812,-0.902869639206344,0.399039866115849,1.04813796450628,1.56602049955768,0.0809734578139043,-0.107552891120015,0.0273027720166206,0.0545818373182057,-0.109976722827437,0.0327402688978236,0.0638204842088905,-0.00845637356960083,-0.217544905532531
69.4952411810439,-132093.2546,-210867.6068,-199197.3324,-123340.5488,-126258.1174,0.988947291562226,1.3248835026003,2.05125812302454,-0.248660030388052,-0.739438951238938,0.326533487403594,0.871915655494668,1.37882535199756,-0.153282853547978,-0.29786462058668,0.0772971833265061,0.0632543875675768,-0.108522280186915,0.0522375389852545,0.0435730306216442,0.0722340617825665,-0.231192424108954
69.5003629604249,-132093.2546,-210867.6068,-199197.3324,-123340.5488,-126258.1174,1.02441689695547,1.36807746640514,1.93621289460103,-0.201619936103043,-0.588035121705772,0.305716150992026,0.758956725464365,1.23856555826067,-0.263765122028296,-0.412171535900619,0.0882043166513,0.0704987961244603,-0.109725498393185,0.0647371843459408,0.017323787760648,0.116577401738894,-0.169515882786961
69.5646931944048,-132093.2546,-210867.6068,-199197.3324,-123340.5488,-126258.1174,1.06341008710194,1.36615563159143,1.86629709986975,-0.0997730953317131,-0.439800216368141,0.298002380798792,0.680126346323057,1.13493197871686,-0.30869543040717,-0.481828360773306,0.0877857891083291,0.0773866771082865,-0.11472803751317,0.0729570302737557,-0.0100388763459356,0.126990556841776,-0.120652676996063
69.5846099757962,-132093.2546,-210867.6068,-199197.3324,-123340.5488,-126258.1174,1.06074774689667,1.32946445140618,1.82460881673929,0.0195731525981415,-0.29994402878981,0.287553801205505,0.617972275532416,1.05839175029173,-0.318625289753889,-0.524845442539565,0.0859594805098425,0.0854397672734031,-0.121259537272963,0.078515784428236,-0.0353972784220331,0.117713371612567,-0.0815723433398148
69.5193346034645,-132093.2546,-210867.6068,-199197.3324,-123340.5488,-126258.1174,1.05503445763051,1.2964439438793,1.79399584368787,0.132716390821955,-0.180318494077241,0.279374028733542,0.572627822195663,0.999257624999267,-0.313048975728456,-0.557803381957164,0.0833546689107214,0.0907960045312333,-0.127217844391864,0.0825400213447427,-0.0567318083478847,0.0968570848293027,-0.037316862995759
69.5199567028923,-132093.2546,-210867.6068,-199197.3324,-123340.5488,-126258.1174,1.08174010595836,1.28839515827576,1.7706584613582,0.235950047869153,-0.0806199287176526,0.277492483901554,0.543633611445443,0.951016469131439,-0.300630270172185,-0.586429862438138,0.0800243389691491,0.0919772929639011,-0.133071047478357,0.0843383608894621,-0.0747391834978877,0.0705087280544419,0.0146684991441326
69.5280937525966,-132093.2546,-210867.6068,-199197.3324,-123340.5488,-126258.1174,1.09541996735231,1.2776140307577,1.75796391432138,0.333676828441313,-0.000149423496978329,0.274149778767281,0.521316656883258,0.913442148745773,-0.281035220849631,-0.609193368130846,0.0772364741950802,0.0928019412763863,-0.139251434977349,0.0835531645952332,-0.0897140775851661,0.0453266444541427,0.062897268593769
69.5556599993562,-132093.2546,-210867.6068,-199197.3324,-123340.5488,-126258.1174,1.10267781821057,1.27039263507828,1.7500041527444,0.424839803245689,0.0624209108087399,0.271476478718469,0.505930460748942,0.884539064402617,-0.255795806605505,-0.627810846741227,0.0742798118699142,0.0923895887070429,-0.144650603759223,0.0806976837514441,-0.10156278452917,0.0233588099503095,0.109562497086458
69.4704456092767,-132093.2546,-210867.6068,-199197.3324,-123340.5488,-126258.1174,1.0871357942991,1.24915794067464,1.74431513076122,0.512898239467404,0.110010606079641,0.26349480715345,0.488179699393882,0.860900460719328,-0.226437771662745,-0.645489956225099,0.0739741573502646,0.0944243950940544,-0.149572376861229,0.0753223811167798,-0.111162762730208,0.0062923120334446,0.158280096856668
69.5087536074861,-132093.2546,-210867.6068,-199197.3324,-123340.5488,-126258.1174,1.12160425897736,1.26505094717244,1.7365253093582,0.594849320385549,0.144448538391728,0.266202131222776,0.484512924203372,0.840309004951244,-0.194957830809301,-0.663001622484295,0.0711245334706057,0.091008677496851,-0.153264601134488,0.0682760976920247,-0.118606330177153,-0.00680334488531287,0.208727907709573
69.5218348216753,-132093.2546,-210867.6068,-199197.3324,-123340.5488,-126258.1174,1.12194372212403,1.26073404558555,1.73646021720822,0.679035518352322,0.169691019670594,0.263371049010821,0.477605942286104,0.825785076584182,-0.157483692942563,-0.675839872732787,0.0696188133974367,0.0903461701161525,-0.157286978195678,0.0594041781033514,-0.124619124364827,-0.0133111209608003,0.249164695414635
69.5008081665149,-123793.8624,-182196.9792,-173544.6656,-117304.6272,-119467.7056,1.12073473627825,1.2597644833034,1.73533566633084,0.767956955728238,0.188489190436727,0.606691480344445,1.25661001408434,1.78868454422766,0.571768276125759,0.148746722796673,-0.0235421547874251,-0.230639633213037,-0.365529284334373,0.0827628742947719,-0.0761503232376071,0.0267431966165717,-0.243712730352026
69.552467728959,-123793.8624,-182196.9792,-173544.6656,-117304.6272,-119467.7056,0.829529798267856,1.33464588637871,0.748009897864037,0.558131406123067,0.441685293283541,0.475848470325488,0.856341449604642,0.912284870956512,0.103277673866678,-0.00876523417650787,0.0737789840703855,-0.160220798843133,-0.252477609269645,0.0583874783052729,-0.0716200517561938,0.151439088014094,-0.204403863136509
74.3093084297793,-123793.8624,-182196.9792,-173544.6656,-117304.6272,-119467.7056,0.781991898887,1.28670910343858,0.162574936771776,0.614816742384122,0.539201164545716,0.432628166103925,0.587782481469809,0.398577760428388,-0.0226009896226245,-0.0494741874898565,0.114157040658768,-0.105498003849791,-0.185067674689673,0.0337321031898798,-0.0762921586754541,0.223862248000252,-0.0445233322104812
74.3072069830514,-123793.8624,-182196.9792,-173544.6656,-117304.6272,-119467.7056,-0.894261013230391,0.370987387788858,-0.115398675888045,0.758438458388781,0.577667206461726,0.24324847722081,0.334623383880057,0.254375102083586,0.160883734804834,0.145402715328764,0.106630844335448,-0.0285908285478023,-0.111558041527017,0.0548337790540865,-0.0323194730005718,0.241826557745767,-0.218683306921779
74.3126997205016,-123793.8624,-182196.9792,-173544.6656,-117304.6272,-119467.7056,-0.741299733569477,0.976353860721972,-0.294574956183709,0.60511158301054,0.559654751833534,0.451379752642424,0.486547910821976,0.310196717888822,0.325166740738958,0.263141297234696,-0.0646473163512722,-0.177163140324319,-0.0462714645746511,0.128773827672884,0.0642534685663967,0.198869996605552,-0.166071087370829
74.3223978646331,-123793.8624,-182196.9792,-173544.6656,-117304.6272,-119467.7056,-0.641032569361116,1.21580307334199,-0.0910436104106225,0.349867985311306,0.552250182661297,0.522888473638254,0.473804142390698,0.446875010906915,0.39907197986826,0.327640442970498,-0.128686986783603,-0.219082779579341,-0.0871196071951998,0.192979427750477,0.131585158043461,0.167326983322205,0.057574291402549
74.3276362517357,-123793.8624,-182196.9792,-173544.6656,-117304.6272,-119467.7056,-0.76314138066455,1.08335006405616,0.210960329604816,0.110650734179956,0.660952775576007,0.50817438591767,0.377713216765933,0.544803192793466,0.44134439420715,0.440856589597722,-0.121211016525075,-0.187953747268979,-0.153195059188407,0.235929792889503,0.151637418498357,0.139924624760958,0.305078130889758
74.3522043622316,-123793.8624,-182196.9792,-173544.6656,-117304.6272,-119467.7056,-0.961961056853383,0.813863600648602,0.390450804053813,-0.0213249499686725,0.896563906024596,0.471722703740419,0.275848119971101,0.564892257721517,0.503557383208936,0.611648313795634,-0.0895442873680592,-0.134461673840464,-0.190996990175336,0.250216865823392,0.13046485074112,0.104874473194556,0.504867394256888
74.3089197309008,-123793.8624,-182196.9792,-173544.6656,-117304.6272,-119467.7056,-1.13744380377616,0.54724211339196,0.427968458605747,-0.013653842933806,1.17882210277513,0.442157755582087,0.19793913320958,0.534298584627834,0.603271141973693,0.793493987459456,-0.0578402047201148,-0.0837124031197458,-0.198212916812979,0.23557104639222,0.0895334037133559,0.0663993180245299,0.632175613113924
84.0692740107276,-123793.8624,-182196.9792,-173544.6656,-117304.6272,-119467.7056,-1.0279815400374,0.586704066521904,0.375081563301691,0.115999923980993,1.44337563312091,0.478019134357766,0.21661220480771,0.496209439100951,0.743415477055237,0.967059295574757,-0.0659139472080303,-0.0875868660595391,-0.183911677368876,0.202085568019955,0.0491608267282491,0.0308484264939608,0.633145117322977
84.0363126991886,-123793.8624,-182196.9792,-173544.6656,-117304.6272,-119467.7056,-3.00081607443377,-0.789380702095812,0.549730270974052,0.335756457578952,1.65851517274677,0.00789816344938998,-0.0268760366121228,0.632618096021332,1.01701684349601,1.23182197284491,-0.0661726021530784,0.0140247473608959,-0.182970913791503,0.188008508471764,0.0426460189418418,0.0031302672660658,-0.0401461485868975
84.0295377858911,-123793.8624,-182196.9792,-173544.6656,-117304.6272,-119467.7056,-2.15690246895841,0.156744936867739,0.0197856475822675,-0.0296482334968005,1.37148356734633,-0.0438876596375906,0.00544177493992493,0.630657419932803,0.990404419841816,1.12700385623689,-0.185355927185874,-0.0927262219133436,-0.062644701678519,0.199516140396339,0.0758545058062428,-0.0143478862585056,0.0355456236971072
84.039950479105,-125525.4912,-188178.9696,-178896.9728,-118563.9936,-120884.4928,-1.2369685753205,0.8465686508993,-0.145855926275487,-0.542638672302431,0.809657677328602,-0.110622654773444,-0.0957872712792351,0.478228563213591,0.816455464239226,0.906081026963214,-0.215552791112631,-0.0660649015512895,0.0696048696083467,0.217753100596411,0.107550285705309,-0.0278834296296111,0.341013752770303
84.0637837793644,-125525.4912,-188178.9696,-178896.9728,-118563.9936,-120884.4928,-0.715779101783298,1.03080147244196,0.0980482597342416,-1.02278808622739,0.169162261754167,-0.142269014196117,-0.0926836696322439,0.465678539091357,0.777747164897058,0.814888666683437,-0.228221838552378,-0.0616989772155683,0.0932004936967323,0.213647214794134,0.0915222444112573,-0.0437352532719899,0.423223340230832
84.0383114302506,-125525.4912,-188178.9696,-178896.9728,-118563.9936,-120884.4928,-0.523623862078523,0.897574302820232,0.386509739222305,-1.41645330300179,-0.304836175504079,-0.176560866991942,-0.11818730665302,0.39771172831351,0.708978482804199,0.725371856080976,-0.217291333274601,-0.0306633632911431,0.11809932641124,0.194706297389081,0.058510227515566,-0.061683546367604,0.459800485519732
84.0574874609076,-125525.4912,-188178.9696,-178896.9728,-118563.9936,-120884.4928,-0.476180353076785,0.662361700134255,0.599287766040746,-1.65918816443784,-0.614059657386818,-0.202601421317496,-0.145867094970718,0.305042575155134,0.641675540009061,0.631662816931858,-0.200819706688186,0.00454019931863403,0.148457390583979,0.162494082648749,0.0230595348228686,-0.0763360281026806,0.487802156325667
83.9935917542804,-125525.4912,-188178.9696,-178896.9728,-118563.9936,-120884.4928,-0.482953727322581,0.417304450909072,0.740379950471123,-1.75483528399278,-0.792426357030962,-0.220507161160938,-0.170551840903002,0.212693695709632,0.5801035909654,0.533251309768772,-0.185481978128629,0.0370356813042614,0.177811661912071,0.123790275923035,-0.0063970624097518,-0.0868186175827717,0.510502645818498
84.0599234731245,-125525.4912,-188178.9696,-178896.9728,-118563.9936,-120884.4928,-0.497882128988991,0.207016991972282,0.808145960097846,-1.73055786837165,-0.882878675640242,-0.229814590708322,-0.187466989219502,0.129155807717581,0.52146417567652,0.432921239882674,-0.173331533661536,0.0631253383748565,0.20503979606238,0.0846283328280482,-0.0271897256495652,-0.0929058717317162,0.531863126075258
84.0369937906882,-125525.4912,-188178.9696,-178896.9728,-118563.9936,-120884.4928,-0.527559207253731,0.016600055464707,0.816256011353858,-1.62633323856194,-0.931131239339791,-0.236831522846607,-0.204322399238983,0.0574759628564507,0.462331435708599,0.33395668398213,-0.163552183445493,0.0862160771439981,0.229206805225183,0.0501163812038383,-0.0388050869223007,-0.0959797513055278,0.550239940267337
84.0281787620347,-125525.4912,-188178.9696,-178896.9728,-118563.9936,-120884.4928,-0.548001322083067,-0.135015877766449,0.797123908269498,-1.48131323542044,-0.956783112511303,-0.239766442973114,-0.216103676459227,-0.000794558941983325,0.401059183858933,0.239980000779227,-0.156530945483641,0.104143390387994,0.249191295130238,0.0230320749635284,-0.0436463773764391,-0.0962183557606693,0.566807712327867
84.0103988887212,-125525.4912,-188178.9696,-178896.9728,-118563.9936,-120884.4928,-0.561486608463653,-0.254924596604354,0.767323745057325,-1.31974666068943,-0.972417524081237,-0.240388912013287,-0.224761746670062,-0.0466005872562789,0.338760426172882,0.153510653507645,-0.151635675875958,0.118150066252724,0.264907534850402,0.00340696176998301,-0.0437636591439312,-0.0943797297551825,0.578388611685941
84.0332815820321,-125525.4912,-188178.9696,-178896.9728,-118563.9936,-120884.4928,-0.568463586004469,-0.347653459807916,0.734502402250314,-1.15904533425015,-0.987601036496102,-0.239395087562094,-0.23071091927563,-0.0819109946001149,0.276761397647824,0.0752518410919834,-0.148364705745146,0.12885179463881,0.277000742793818,-0.00962243212160763,-0.0405812001615693,-0.0911617331613712,0.585717500031976
76.1647240050681,-125525.4912,-188178.9696,-178896.9728,-118563.9936,-120884.4928,-0.579478257927803,-0.428445557909953,0.704005963760466,-1.00885145334665,-1.00547228859902,-0.238802279285224,-0.236794064502966,-0.108575531252328,0.216521218845457,0.005422893162077,-0.145791654867412,0.138172820271581,0.286020208029901,-0.0174224030821446,-0.0353384435261861,-0.0869057378575206,0.589705193522908
76.1203496720295,-125525.4912,-188178.9696,-178896.9728,-118563.9936,-120884.4928,0.262577545134263,0.267879779194885,0.667997235129761,-0.878273650584447,-1.03107456207276,-0.024730456892307,0.12190538318022,-0.132380886448715,0.156023840406199,-0.0593348068686623,-0.179435474591209,0.00404471520112759,0.293314533723647,-0.0212215304988408,-0.028819307850412,-0.0819893129601539,0.657018269334314
76.1497002054915,-141402.7636,-243027.7288,-227972.1784,-130111.1008,-133874.9884,-0.222362056147887,-0.476404433656299,0.884856382752432,-0.621890710847239,-0.918726532638885,-0.167410161335731,-0.510514247709857,-0.756897649498924,-0.141674474797142,-0.331313039093494,0.0400822044765932,0.621976285131502,0.730228798842195,0.0957247657507496,0.108267857164566,-0.0640126475195757,2.14306491469242
76.1605277177947,-141402.7636,-243027.7288,-227972.1784,-130111.1008,-133874.9884,-1.35780485069618,-1.62432345789803,2.16328929168273,-0.336984479555198,-0.806054962399614,-0.0382229056674106,-0.102655933585375,-0.415227674364807,-0.0112162288125361,-0.103661060865697,-0.0164854181857099,0.680909371217564,0.479636302381801,0.04374098529133,0.0546962632447321,-0.0838802027097998,2.26869573244312
76.1424414291735,-141402.7636,-243027.7288,-227972.1784,-130111.1008,-133874.9884,-2.24890266966004,-2.29539704925334,2.69499089338942,0.015417826541551,-0.61654606731625,-0.0151114370458529,0.0675435557603663,-0.172435414173037,0.097985278864968,0.0356562156202287,0.0173339330403226,0.754482524622953,0.334495845729863,0.00128441602584251,0.0236976297900684,-0.0722747460059097,1.71919491780681
76.1628496297651,-141402.7636,-243027.7288,-227972.1784,-130111.1008,-133874.9884,-2.69236901701242,-2.40040272865811,2.70241488878619,0.397861427332629,-0.420981263917326,-0.00852817867840372,0.184123472752042,-0.00244552529972708,0.197809746141886,0.127516812094015,0.0526959736030084,0.773153006351021,0.274923827401058,-0.034571681929805,0.00990645671693846,-0.0710388464479976,1.11961973061901
76.175537032851,-141402.7636,-243027.7288,-227972.1784,-130111.1008,-133874.9884,-2.78030860469552,-2.14930227859159,2.43755983463446,0.765124216891351,-0.277365198516037,0.0145234084096089,0.300798747239241,0.122730108930149,0.291214088741867,0.189135207433907,0.0591568180846158,0.739613866706078,0.275079575144392,-0.0638817957564541,0.0118995712879086,-0.0782740990797279,0.649775990468701
77.4635490681947,-141402.7636,-243027.7288,-227972.1784,-130111.1008,-133874.9884,-2.67163004176714,-1.75305600561268,2.11652449102621,1.07377456492965,-0.20818530443772,0.0518266564599159,0.417509578332549,0.232145324522669,0.376190571173836,0.229145080615176,0.0424176236571663,0.679420442107098,0.305326646569683,-0.0855848480869754,0.0276854117502894,-0.0821217382200174,0.346664314172603
77.4625652664428,-141402.7636,-243027.7288,-227972.1784,-130111.1008,-133874.9884,-2.82213392764321,-1.51938395510329,1.89903780454497,1.27440145781782,-0.222327851377059,0.0203522168606511,0.46268148766093,0.365840403989033,0.455016224289544,0.26068758558818,0.0179151876251491,0.629915327973355,0.337792602168852,-0.0967292572195824,0.0559047562309853,-0.0766614982474252,0.108902498490291
77.4878903658703,-141402.7636,-243027.7288,-227972.1784,-130111.1008,-133874.9884,-2.68187598312527,-1.12291145945677,1.65994122177965,1.3051203407957,-0.353126203489609,0.0260189810823874,0.545829857044382,0.50065142470784,0.509297733147029,0.269320521739232,-0.0167435975707702,0.554912248174564,0.386622953341423,-0.0918975304938612,0.0953844070247425,-0.0788186852817532,0.0684721674185003
77.5076620278727,-141402.7636,-243027.7288,-227972.1784,-130111.1008,-133874.9884,-2.53628195184373,-0.833452979503505,1.58571316136685,1.17029249400734,-0.558109691901521,0.030530265785039,0.602076886819958,0.658523318145605,0.537647895923044,0.271561958260925,-0.0418387402345517,0.501222732544258,0.410658851585588,-0.0738915218293665,0.13836822859048,-0.0865609497810027,0.123644640347866
77.4807362109001,-141402.7636,-243027.7288,-227972.1784,-130111.1008,-133874.9884,-2.46734261692282,-0.683726318030608,1.66520112188654,0.904815676633476,-0.779726088793495,0.0240453341338451,0.625373338509057,0.831762568658398,0.542782724183311,0.276716575574547,-0.0532839204763378,0.472643209146603,0.407771546312465,-0.0454364880288365,0.178355895828008,-0.0942907355732956,0.208758135252413
77.4999446875078,-141402.7636,-243027.7288,-227972.1784,-130111.1008,-133874.9884,-2.443295304757,-0.612034517217936,1.82768468655291,0.56246050634293,-0.960549252232852,0.0135925184320556,0.631561095852462,1.00487689686758,0.530553060922522,0.291425693605248,-0.0565932881779347,0.458121923881467,0.389477242608025,-0.0101298404831689,0.209761589590138,-0.103514284864787,0.289288201814109
77.4671099193479,-141402.7636,-243027.7288,-227972.1784,-130111.1008,-133874.9884,-2.45693004224461,-0.591434317114192,2.01429847150158,0.204866501940032,-1.06425414706678,-0.000341760620273135,0.626317224153162,1.16692664517541,0.509125048191237,0.319560524481076,-0.055836386567925,0.452264449052144,0.366043761578712,0.0273774585003026,0.22934522215783,-0.11437722750734,0.346371818774898
77.5001214826696,-130509.9366,-205397.9628,-194303.4404,-122189.0448,-124962.6754,-2.46142520373206,-0.57309607175641,2.17686969310157,-0.0945249354250137,-1.08011432520365,0.245285948722731,1.26486891085534,1.98749522211629,0.753152411438677,0.682664095326231,-0.192426815499682,0.0229227919240302,-0.0246361976232143,-0.0242074315715686,0.139896745781942,-0.1122831738858,-0.735145887418751
77.4890443336876,-130509.9366,-205397.9628,-194303.4404,-122189.0448,-124962.6754,-2.61715943194123,-0.525999657299778,1.56587136922484,-0.488934857702233,-0.863850870109431,0.122127080998268,0.813273613393925,1.61568323584791,0.454122720476747,0.55431422078216,-0.0825346127546065,0.105109568907862,0.0605597907651809,0.0156271692807228,0.16959391650676,-0.0585255989335138,-0.725041083000228
77.4714790211483,-130509.9366,-205397.9628,-194303.4404,-122189.0448,-124962.6754,-2.6506176891953,-0.543343538486852,1.1059371220142,-0.76072123632747,-0.670096003687902,0.0694674972182767,0.553616963865338,1.32221161353543,0.267387988039218,0.517015455399118,-0.0311092973909255,0.155798007644739,0.123509541058962,0.0467294412494625,0.174816760907101,-0.0245686226627129,-0.351367277905689
77.4839943032336,-130509.9366,-205397.9628,-194303.4404,-122189.0448,-124962.6754,-2.63016276320732,-0.578112615846493,0.787424124817619,-0.956939682549347,-0.507596246622029,0.0501899429773829,0.403839017039203,1.0959175077904,0.150262736308377,0.531639069058826,-0.00794998493087595,0.186794763362224,0.165131288359833,0.0717193787706927,0.166297695539139,-0.00732954938872155,-0.0710549993016638
77.4341482909745,-130509.9366,-205397.9628,-194303.4404,-122189.0448,-124962.6754,-2.59794751900074,-0.620855692379607,0.578427679727739,-1.10062029853533,-0.366922256780299,0.0448715920644958,0.314804740368864,0.924232563377821,0.0774091233663441,0.571407426178382,0.00160073818152107,0.206804043518463,0.190442154526835,0.0919335253258537,0.150934547800068,0.00148797657897859,0.0763195040496978
77.4515608740566,-130509.9366,-205397.9628,-194303.4404,-122189.0448,-124962.6754,-2.54801334604836,-0.646114640176791,0.444465355107042,-1.20710838700202,-0.244759985386992,0.0492087594478932,0.265474116995826,0.79485366869919,0.0326045266502888,0.618578968881842,0.00363836111042426,0.217769155258116,0.204978121942057,0.108427785783929,0.133437796679534,0.00543988196525191,0.134400099282994
77.5019339286299,-130509.9366,-205397.9628,-194303.4404,-122189.0448,-124962.6754,-2.51191215173642,-0.674196841118757,0.367264551613289,-1.28692431088648,-0.139425877801386,0.0540036536938544,0.23421495530377,0.699039955036397,0.00584813023841946,0.664375627374511,0.00298701765945708,0.225583314575748,0.21151061293796,0.121973597172415,0.116564157281619,0.00707176818768573,0.138733128659288
77.5090875425269,-130509.9366,-205397.9628,-194303.4404,-122189.0448,-124962.6754,-2.49806028961797,-0.709923060504664,0.323207264287561,-1.34698923271394,-0.0510130409317355,0.0555942266814498,0.211049006628635,0.628113016688488,-0.00955293925305511,0.703677753262717,0.002077588408949,0.232515961073399,0.213823493640926,0.133173926187425,0.101718324774934,0.00676189247267445,0.121199178252917
77.4959548445581,-130509.9366,-205397.9628,-194303.4404,-122189.0448,-124962.6754,-2.4878192746512,-0.73779403451816,0.293608678110559,-1.3959854036156,0.018490956833233,0.0567667459066783,0.195855350110136,0.574604950269574,-0.0186464079082498,0.733975969404973,0.00098769889870276,0.237251906518567,0.214854904917487,0.142857318122782,0.0895678352257221,0.00502937068497289,0.102033679524041
77.5056970746605,-130509.9366,-205397.9628,-194303.4404,-122189.0448,-124962.6754,-2.4763582903762,-0.756298966961296,0.273072178062634,-1.43452602700967,0.0710183938004008,0.0584527081172226,0.186685726759947,0.534005549077825,-0.0235640389347367,0.756053796974719,-0.000148185837392401,0.240143184022915,0.215263390985597,0.150978572230309,0.0799940476185836,0.00151569899853854,0.0859083663293827
77.4823245410362,-130509.9366,-205397.9628,-194303.4404,-122189.0448,-124962.6754,-2.47262054817008,-0.774930314043218,0.260144064322972,-1.46542596999409,0.109328489670574,0.0588133297912918,0.179308068564765,0.503322651595418,-0.0258704257764464,0.771484693278268,-0.000753437532643897,0.242819717769452,0.215066356987823,0.157797814430275,0.072688255409324,-0.00296826771729286,0.0732454655028629
77.4587899191962,-130509.9366,-205397.9628,-194303.4404,-122189.0448,-124962.6754,-2.4640748790038,-0.784208302931503,0.250274578101767,-1.48956546861774,0.135558557734882,0.0603008441080704,0.175667874529971,0.479751456667948,-0.0264946458188362,0.781353147112895,-0.00146864829231408,0.244073894484052,0.21488079231895,0.163421368131505,0.067324843702731,-0.00827726843219523,0.0662180744027498
77.4918958529507,-129499.8198,-201908.4684,-191181.2612,-121454.4144,-124136.2162,-2.45398166153376,-0.788617346126586,0.244395085427328,-1.50779845170702,0.152789958998028,0.0856067078984992,0.233276811665284,0.5231977049487,0.000397256855265482,0.81692779902842,-0.0151886414905298,0.203514369540545,0.178426705573923,0.15955197681277,0.0541169782816784,-0.0127626418349749,-0.0453796946476714
80.8258868993518,-129499.8198,-201908.4684,-191181.2612,-121454.4144,-124136.2162,-2.4261926633925,-0.74571349376842,0.176007253323505,-1.52968139260196,0.185478002554518,0.0819202987287966,0.201859773337866,0.474200156865578,-0.0195725538058511,0.803019958351577,-0.0114554294632159,0.204262410684967,0.187350632915215,0.164342587123888,0.0544955437641845,-0.0132973845020672,-0.0615817157882272
80.8570531662262,-129499.8198,-201908.4684,-191181.2612,-121454.4144,-124136.2162,-2.89757347646164,-1.06753011344166,0.166278584531469,-1.5420160733419,0.201878869292301,-0.0568642384330644,0.0523470010864315,0.461751963366368,-0.014836630190544,0.812403832690741,-0.0103206754881473,0.242991118209815,0.191079217806621,0.170049203228921,0.056244430408761,-0.0150665667933083,-0.196357084583566
80.8664157788555,-129499.8198,-201908.4684,-191181.2612,-121454.4144,-124136.2162,-2.64909553004294,-0.754975783895489,-0.0734156867114422,-1.64056407424563,0.0629276922616384,-0.0890742642189153,0.045308624075389,0.421183891830943,-0.0267472590182152,0.768146494879133,-0.0516364141994732,0.19837956287257,0.240844338421469,0.18587543118825,0.0676986823012582,-0.0314697688322596,-0.138140046839926
80.8772884237091,-129499.8198,-201908.4684,-191181.2612,-121454.4144,-124136.2162,-2.31298005806826,-0.475082923618857,-0.199535165529383,-1.78745430215686,-0.16973521005103,-0.10070636760608,0.0506303114017328,0.385962046269107,-0.0488450414591526,0.706325530545527,-0.0822115131598551,0.164756686440957,0.276299010288934,0.203853020036005,0.0800616937860426,-0.0501627477390016,-0.0474272860073732
80.8651661191985,-129499.8198,-201908.4684,-191181.2612,-121454.4144,-124136.2162,-2.12560841442078,-0.399285482738051,-0.181852383888923,-1.95272143012664,-0.415054284952802,-0.117327240477955,0.0387982192784762,0.356566586592912,-0.0750712393095512,0.645677899486955,-0.091563978790554,0.158817146363673,0.291094092405812,0.220192841529756,0.087304114623844,-0.0619069125658598,0.0408402766935829
80.8510856097153,-129499.8198,-201908.4684,-191181.2612,-121454.4144,-124136.2162,-2.04653115133608,-0.440050287561576,-0.0958596944501267,-2.11188640067506,-0.625323954293407,-0.133935568427219,0.0209832157572976,0.3262562490794,-0.100285174104869,0.592976813507228,-0.0899310448743562,0.16660167232039,0.295785518885258,0.232966751158931,0.0880961863201128,-0.0696526686343972,0.115133338448079
80.8320512387398,-129499.8198,-201908.4684,-191181.2612,-121454.4144,-124136.2162,-2.03190395354351,-0.533811276777726,-0.00351544742169096,-2.24151848702914,-0.776768327986844,-0.148156415024303,0.00275923152911162,0.292479132929103,-0.120839740962261,0.549365658328369,-0.0836325908384545,0.179907154567327,0.298041335648217,0.240496168087696,0.0830169356214592,-0.0767815708750277,0.176307900103126
79.6707625274917,-129499.8198,-201908.4684,-191181.2612,-121454.4144,-124136.2162,-2.09682755609207,-0.699761575798078,0.063152881879688,-2.32708798929325,-0.873864953233991,-0.164062044533068,-0.0213550937446598,0.255165524341905,-0.135901348658898,0.511351503688161,-0.0718084715969554,0.201213596220093,0.301175398117549,0.241936444377419,0.0745458116892732,-0.0845908340342874,0.239211134799518
79.6918210494981,-129499.8198,-201908.4684,-191181.2612,-121454.4144,-124136.2162,-2.08322346623881,-0.789150687484053,0.0788752504370933,-2.36299324650894,-0.930877401897632,-0.142722908190414,0.00449046049536861,0.212002699069437,-0.147274938165388,0.47423926731954,-0.0594147002582903,0.20773254414305,0.307680949935211,0.237192135010705,0.0649949902286746,-0.0931362692663171,0.333687729358147
79.6464492208578,-129499.8198,-201908.4684,-191181.2612,-121454.4144,-124136.2162,-2.22234053370103,-0.993902283250904,0.103678889552214,-2.32809265815844,-0.928878379090392,-0.139225979328536,-0.00406643799783524,0.177653311330545,-0.148117202953102,0.451254653141895,-0.0408293450494852,0.231802651452854,0.305553035858577,0.224793994368199,0.0547525374293623,-0.100702346068289,0.371154351204858
79.674152807005,-129499.8198,-201908.4684,-191181.2612,-121454.4144,-124136.2162,-2.34807983330168,-1.14613221453118,0.0816260317758122,-2.24038399817178,-0.899569454958581,-0.136557219745882,-0.0130774166803391,0.14691964793812,-0.141853446048124,0.433689356446486,-0.026531076448632,0.250920540442275,0.305561920761124,0.207999561153287,0.0467607842371667,-0.107032770612058,0.391775959045479
79.6814045273751,-125862.1968,-189342.1344,-179937.6992,-118808.8704,-121159.9792,-2.42977804020902,-1.22884522188487,0.0269425824689762,-2.12559756902203,-0.868036700517422,-0.0659491966980852,0.163414325553809,0.299725263078969,-0.0577960174788927,0.495662910010346,-0.0632878800767771,0.118688904704106,0.18243959948448,0.157753631512868,0.00739448217332228,-0.112292662497225,0.0204032271856658
79.6100708631591,-125862.1968,-189342.1344,-179937.6992,-118808.8704,-121159.9792,-2.48859392611621,-1.26211512219155,-0.295986596741159,-2.01182642605106,-0.792681082113774,-0.0852869210239859,0.0459313510879085,0.165842989320211,-0.109238920294473,0.416828951453731,-0.0355795562360468,0.146105619061736,0.224510052983918,0.145631361189221,0.0174759956375601,-0.108127168411677,0.0274886801656979
81.7343825704911,-125862.1968,-189342.1344,-179937.6992,-118808.8704,-121159.9792,-2.47701277103489,-1.25501799642308,-0.54687798289531,-1.88661245918738,-0.759630648983716,-0.0873865354135361,-0.00869702458997779,0.0660442171718287,-0.134750270863144,0.365407218844716,-0.0225242664162724,0.157081172870363,0.25602424343107,0.133290593170894,0.0256677057181589,-0.10819522059063,0.151537642408961
81.7318175329718,-125862.1968,-189342.1344,-179937.6992,-118808.8704,-121159.9792,-2.74115167928828,-1.52180978251009,-0.710398678632487,-1.77197969438552,-0.764302386003152,-0.160828832646203,-0.133081603472583,-0.000551183035454983,-0.144661161040915,0.333057155420796,-0.00635716341555104,0.202194306653372,0.275814307804803,0.122750131780422,0.0340509408525551,-0.110350547143113,0.214761266102089
81.6982691464364,-125862.1968,-189342.1344,-179937.6992,-118808.8704,-121159.9792,-2.60117639363386,-1.39184903752444,-0.929472623931332,-1.7159023988237,-0.853764442381902,-0.179899749689355,-0.160276020830629,-0.062632317878311,-0.155942444470853,0.28690266289771,-0.0207955442082164,0.192054541124964,0.310696239025239,0.119461230977328,0.0464193719294412,-0.115859718904709,0.313059815749552
81.7639009898151,-125862.1968,-189342.1344,-179937.6992,-118808.8704,-121159.9792,-2.2882496009301,-1.12324018513696,-1.06903602909073,-1.71230445014152,-1.00370229626404,-0.172836956122566,-0.147468488714388,-0.108392377965863,-0.169590912480501,0.237696420117544,-0.046149403074881,0.163731834544405,0.338542107677822,0.121083226366837,0.0603679897860654,-0.124298128159772,0.379464680998941
81.7118637057797,-125862.1968,-189342.1344,-179937.6992,-118808.8704,-121159.9792,-2.03324544107906,-0.943978066763023,-1.08238022362255,-1.75207891354984,-1.17646427950403,-0.167173224576757,-0.138439228834358,-0.135107209519639,-0.186349358892407,0.190630456018376,-0.0645432590943105,0.146018811250275,0.350844438057902,0.126014304823712,0.0733975699514815,-0.129512259242098,0.423140693987353
81.7109230955503,-125862.1968,-189342.1344,-179937.6992,-118808.8704,-121159.9792,-1.85501953111357,-0.850509930545954,-1.0110451166441,-1.8213431560507,-1.34243575039667,-0.162662655419936,-0.132390141795732,-0.149331515197417,-0.205483489351352,0.147575531085899,-0.0753103276208869,0.137289285154636,0.352245751140904,0.132876863663458,0.0839451565083928,-0.130602142861001,0.457597389654669
81.7390860395132,-125862.1968,-189342.1344,-179937.6992,-118808.8704,-121159.9792,-1.75464524834457,-0.829959685832378,-0.893173188502985,-1.90554443779791,-1.47842916764617,-0.161442454186222,-0.132365450027557,-0.155755715965668,-0.225417904210602,0.110744133863548,-0.0799855707400243,0.136295253671014,0.346921665992886,0.140386599200321,0.0909643327332019,-0.128935433353853,0.482263144946707
82.0185519898232,-125862.1968,-189342.1344,-179937.6992,-118808.8704,-121159.9792,-1.70838267875278,-0.85191625784428,-0.767974981293406,-1.99140136700227,-1.57345074413958,-0.162831921093812,-0.136683970104244,-0.158881648525593,-0.244839680455684,0.0802892948731824,-0.0810097779862957,0.139815278733849,0.339525482468106,0.147505545369025,0.0942392769295091,-0.126094099852089,0.500673880998463
82.0246527615645,-125862.1968,-189342.1344,-179937.6992,-118808.8704,-121159.9792,-1.70823299790082,-0.906695015588625,-0.660364584370399,-2.06701254807282,-1.62882216640017,-0.171961861197715,-0.151941049634971,-0.161150829798189,-0.2623225692058,0.0554164997569799,-0.0801548014612468,0.148255600157486,0.33309519818626,0.15335003918777,0.0944268016061911,-0.123302191579043,0.510120888053958
82.0413503424424,-125862.1968,-189342.1344,-179937.6992,-118808.8704,-121159.9792,-1.67425660007393,-0.918831778230953,-0.586451758810682,-2.12850401836155,-1.65999381107594,-0.175532108320873,-0.157687200289288,-0.165216080146607,-0.278073004283726,0.032161042367342,-0.0815598962063728,0.151191371599796,0.330513369944914,0.157826377279438,0.0929958821066785,-0.121081552908727,0.523990220867979
82.0791290617586,-132044.1517,-210697.9786,-199045.5598,-123304.8376,-126217.9423,-1.6302011095981,-0.916414625464071,-0.517766470422046,-2.1659265591386,-1.66699649073465,-0.27574636950316,-0.435767958260556,-0.444830273632839,-0.399585302515135,-0.104881371177314,-0.0130379218157031,0.380007799992632,0.534645593686094,0.213801584183642,0.148981741688183,-0.120013235594733,1.15052329322048
82.0723262965115,-132044.1517,-210697.9786,-199045.5598,-123304.8376,-126217.9423,-1.65139816009612,-0.922812451415908,-0.0649042702860214,-2.18222352588867,-1.74886932062549,-0.248164880596313,-0.268518525332169,-0.302316972680167,-0.347076452206601,-0.0215125601507111,-0.0560295790715262,0.348458435194268,0.469010319081546,0.203468395397451,0.12689730911116,-0.133761116042052,1.15755943700397
82.1022314221968,-132044.1517,-210697.9786,-199045.5598,-123304.8376,-126217.9423,-1.69000111389741,-0.929608132811467,0.232289866652152,-2.18082894604798,-1.79248240471766,-0.239678251343911,-0.177619063735015,-0.192682470075113,-0.31239320080833,0.0181267411581274,-0.0769870077981356,0.331919647194263,0.428642279881124,0.19491737902104,0.113860969823232,-0.13679077561423,0.973816845532761
82.0323059564822,-132044.1517,-210697.9786,-199045.5598,-123304.8376,-126217.9423,-1.73607025737057,-0.944606656898657,0.422161080338853,-2.16473724962569,-1.81380674100505,-0.240994144637781,-0.130329162820289,-0.10900445613521,-0.289574331784074,0.0337431868758955,-0.0857214837986278,0.324607411996078,0.405130577956628,0.187180444233863,0.106075596824999,-0.138874828385397,0.813889003952823
85.8633936906504,-132044.1517,-210697.9786,-199045.5598,-123304.8376,-126217.9423,-1.63768809311694,-0.797251561010611,0.540800359155028,-2.13750668248828,-1.82320306612949,-0.230943163606277,-0.0818357200491207,-0.0436541595307887,-0.273278287822329,0.0377105803258573,-0.0991485562363654,0.302827948163918,0.392599944096911,0.179995975644213,0.101589753038091,-0.141335528717214,0.688084478354888
85.8668589583025,-132044.1517,-210697.9786,-199045.5598,-123304.8376,-126217.9423,-1.76437344814565,-0.840772386763305,0.666702132503062,-2.1017282314258,-1.82349910382088,-0.322924949357798,-0.186139862858901,0.0201253079997556,-0.256432273517191,0.0414102577620099,-0.112614048685334,0.328065030513348,0.381111933038578,0.173528683921437,0.0993859199961442,-0.143217146104256,0.500792038357494
85.8716065538373,-132044.1517,-210697.9786,-199045.5598,-123304.8376,-126217.9423,-1.33180675540989,-0.426082628962092,0.642922548206599,-2.11489176556408,-1.906038402872,-0.347333877590586,-0.200846038411292,0.0467911139513291,-0.254406633634844,0.0131148391837215,-0.145781992913039,0.301573351527189,0.404234236856674,0.17429120447551,0.102598308423424,-0.14734546229306,0.491001964561516
85.8689281438893,-132044.1517,-210697.9786,-199045.5598,-123304.8376,-126217.9423,-0.807596118760515,-0.00930775905260361,0.714114455964705,-2.1588368770594,-2.02570811207075,-0.349721064574297,-0.19560374670867,0.0673008269736854,-0.261589311102483,-0.0249806152501648,-0.175114304029424,0.274234621360128,0.420748265860239,0.177712963640284,0.106308632199557,-0.156302881316286,0.528049935862118
85.829889989133,-132044.1517,-210697.9786,-199045.5598,-123304.8376,-126217.9423,-0.413529805415735,0.233246883805151,0.934705696937058,-2.21909488601879,-2.13376929030612,-0.349712981851106,-0.195179718295023,0.0916357549124385,-0.274291657814139,-0.0633725512655019,-0.19257012065459,0.261814735156987,0.419907800479171,0.181793466952325,0.107536029864593,-0.160409384659097,0.567391761846705
85.8654301118141,-132044.1517,-210697.9786,-199045.5598,-123304.8376,-126217.9423,-0.152273634938126,0.341744423085544,1.24032869226325,-2.28069652543469,-2.20029396512913,-0.349173834934632,-0.1979736348204,0.116682195544897,-0.289489437319929,-0.0983257742612125,-0.201623219649845,0.259242374033995,0.407617288570154,0.185290084230189,0.105214672002762,-0.159138782204636,0.594376251549662
85.9184900727947,-132044.1517,-210697.9786,-199045.5598,-123304.8376,-126217.9423,-0.010431851985075,0.349045688884459,1.56699060662753,-2.32875700005543,-2.20784736888982,-0.350915468908163,-0.206296818487907,0.139246973318606,-0.304818961231064,-0.128193372611214,-0.204824149757969,0.264248842709267,0.390325744000201,0.187159776604494,0.0990021374817138,-0.154243721848239,0.607989932896214
85.8828524506609,-132044.1517,-210697.9786,-199045.5598,-123304.8376,-126217.9423,0.0565546683650808,0.304810632553057,1.86570098454931,-2.35209649643213,-2.15936625437118,-0.354018892090863,-0.217285242458821,0.156990267215996,-0.318720373055385,-0.153543674996712,-0.204965909059089,0.272764764967619,0.3732724001674,0.186755275383143,0.0897695206088556,-0.147745494520457,0.612947518059203
85.866114824259,-132789.7141,-213273.5578,-201350.0254,-123847.0648,-126827.9479,0.0924616202692761,0.251927859711543,2.11247961727382,-2.34136011965063,-2.06459691589778,-0.364863105215306,-0.252431111116756,0.141767081495551,-0.340757346258805,-0.186440039191567,-0.196669572773728,0.304624778917419,0.38138811731135,0.18980379483326,0.0852648392675057,-0.140946008555346,0.679779267875812
85.8780014910477,-132789.7141,-213273.5578,-201350.0254,-123847.0648,-126827.9479,0.0966283880113679,0.202793777240856,2.35569213196078,-2.29364571429514,-1.94653697451027,-0.363709124369421,-0.23974701690863,0.16963469431829,-0.342654008480849,-0.195123523289347,-0.199919618084217,0.307603649611208,0.361930330674457,0.182341627034188,0.0714303343157614,-0.13544028536505,0.673810472184888
85.8510492311097,-132789.7141,-213273.5578,-201350.0254,-123847.0648,-126827.9479,0.0920946893161272,0.156139259949938,2.52763236594549,-2.2111569938079,-1.81252073962946,-0.363742921264127,-0.234848626234779,0.18912336500032,-0.34333095719532,-0.205852539049872,-0.200949162141677,0.311600145147226,0.349067079749694,0.172817697970233,0.0588045823820464,-0.129075914183666,0.644529845439958
85.882015926898,-132789.7141,-213273.5578,-201350.0254,-123847.0648,-126827.9479,0.0885253846920477,0.118857764052436,2.64712689200165,-2.09998479305224,-1.67468025137856,-0.363253176181139,-0.232127257902278,0.202664412227172,-0.34280411864821,-0.217555728596039,-0.201065151365212,0.315014527744564,0.340706014092649,0.161686401291933,0.047630318204688,-0.123245539110357,0.617034961969519
85.8396634903268,-132789.7141,-213273.5578,-201350.0254,-123847.0648,-126827.9479,0.0795253642939002,0.0836731770322956,2.72651846553259,-1.96622061869812,-1.54388745669044,-0.363648188335475,-0.2326286871101,0.211945844136153,-0.341208121996743,-0.229654000814293,-0.200651386060125,0.318755248580499,0.33543103462641,0.14939633925541,0.038179781984897,-0.118049319272174,0.594446602856564
85.8429866372548,-132789.7141,-213273.5578,-201350.0254,-123847.0648,-126827.9479,0.0790072023272899,0.0622806684059753,2.77784389767615,-1.819082858063,-1.42517314928085,-0.362637734857316,-0.231422206442197,0.218193351548237,-0.33907711738361,-0.241882749727587,-0.200381107009119,0.320905849308525,0.332350894658757,0.136671468519792,0.030406635188017,-0.113248700189175,0.577563417085488
85.8012622652297,-132789.7141,-213273.5578,-201350.0254,-123847.0648,-126827.9479,0.0762044878949553,0.0432120614072176,2.81181105317052,-1.66588399018914,-1.32156076639015,-0.36190057951395,-0.231159499778443,0.222688015958454,-0.336738519997347,-0.253784863750745,-0.200056492726679,0.322940409362662,0.330331377811909,0.123991491414247,0.0242105112378785,-0.108819798047456,0.56320130145612
85.8370986632173,-132789.7141,-213273.5578,-201350.0254,-123847.0648,-126827.9479,0.0781144231828819,0.0325348462548902,2.83334335289433,-1.51337048937064,-1.23402078374657,-0.360230206852989,-0.22936016372411,0.225892406919556,-0.334554786878279,-0.265266934531496,-0.199914602447992,0.323871917867404,0.329112087022858,0.111812663037465,0.0194325789804941,-0.104660758878943,0.551471693413784
85.8698285392865,-132789.7141,-213273.5578,-201350.0254,-123847.0648,-126827.9479,0.0737751295956031,0.0194050615427841,2.84796199377155,-1.3666169632302,-1.1620836541442,-0.359830972529899,-0.229809379093616,0.228483709908254,-0.332699868979702,-0.276040236047443,-0.199684575867003,0.325410969558122,0.328137131210187,0.100409785350392,0.0158764951972443,-0.100773318867155,0.540235992311683
85.8610841483069,-132789.7141,-213273.5578,-201350.0254,-123847.0648,-126827.9479,0.0665554724246533,0.00533280074887443,2.85569170058407,-1.2297282721682,-1.10490656845734,-0.360261888718341,-0.23144393939176,0.230273802108606,-0.331404969364989,-0.286280799287368,-0.199336802214481,0.327231261983159,0.327734339726073,0.0900363480804383,0.0133721010927847,-0.0971463122399925,0.531656140736139
85.8160516658013,-132789.7141,-213273.5578,-201350.0254,-123847.0648,-126827.9479,0.0634886411767468,-0.00367696138762597,2.85778399841951,-1.10554669435591,-1.06135455090694,-0.360216843571003,-0.231980295302044,0.231280745449901,-0.330794472044801,-0.296042144153574,-0.199079718920128,0.328372544375346,0.327912028962863,0.0808229356983503,0.0117540873775479,-0.0938981730024366,0.525974520097472
85.8203289051228,-132789.7141,-213273.5578,-201350.0254,-123847.0648,-126827.9479,0.06803300766002,-0.00405004171371104,2.85760106866998,-0.995061157760887,-1.02913874706474,-0.358905423979905,-0.230238007236736,0.231918560771085,-0.330815796114301,-0.305118950981509,-0.199120120392984,0.328294619457836,0.328243574277742,0.0727412307703488,0.0108136462795621,-0.090981889491033,0.521361318087738
79.8891432243896,-128015.7097,-196781.5426,-186594.0118,-120375.0616,-122921.9443,-0.027844411819089,-0.123700380276915,2.85470328716333,-0.905508728684083,-1.00953406195177,-0.305510239141384,-0.067369319500159,0.397074266858134,-0.275830846288791,-0.253994337214159,-0.241140679096231,0.182342414629809,0.187850086566554,0.0294010523773673,-0.0292153465370122,-0.0885434864379917,0.111645030226887
79.9039868501116,-128015.7097,-196781.5426,-186594.0118,-120375.0616,-122921.9443,0.220313556899299,-0.0421415935022793,2.49769378958419,-0.835985641619914,-0.976270327489331,-0.202514622418882,0.0264126489086607,0.262405138379613,-0.315407454228691,-0.318173492741693,-0.210493776587527,0.144255356602347,0.240832336530651,0.0329333102254865,-0.018994444263861,-0.0804124561595856,0.210107222700151
79.8403166134221,-128015.7097,-196781.5426,-186594.0118,-120375.0616,-122921.9443,-0.221290375061812,-0.56526686608575,2.37474613684547,-0.734826028615998,-0.897764082827663,-0.150646665728651,0.0264247838670144,0.188972150776657,-0.339153144531842,-0.338202825431026,-0.164565009481694,0.173360960678297,0.241269370463337,0.0275424491208438,-0.016191480210701,-0.0723997765892292,0.300195789310116
79.8582070836136,-128015.7097,-196781.5426,-186594.0118,-120375.0616,-122921.9443,-0.888674993557643,-1.21201389956846,2.25823189198273,-0.604870080482058,-0.790423453346463,-0.129928725846256,-0.0127431318561833,0.146314334401531,-0.350815550960903,-0.332055013503812,-0.112096621888535,0.228877691580923,0.225231743833488,0.0167183964120783,-0.0170667576904417,-0.0557377570158195,0.381424596650717
79.8771127290875,-128015.7097,-196781.5426,-186594.0118,-120375.0616,-122921.9443,-1.52669955926211,-1.73360655852201,2.0425918399491,-0.453578458477338,-0.67564082332612,-0.127190785474276,-0.0612127738256802,0.11616007590888,-0.353048610499691,-0.31133756306739,-0.0628884234525735,0.283842652120371,0.211321547155096,0.00300649448064449,-0.0187927291588057,-0.0402958921054264,0.444771225290324
79.8536988856559,-128015.7097,-196781.5426,-186594.0118,-120375.0616,-122921.9443,-1.99442040784574,-2.02425374829326,1.70642742711789,-0.291354647218938,-0.57821945467326,-0.127863637267204,-0.0952969325228281,0.0882395377259471,-0.348066726858647,-0.284509378358969,-0.026509570455951,0.319550176174729,0.20869648987391,-0.0115829156330145,-0.0189771977181366,-0.0326831985373488,0.483290463394031
88.6445592512464,-128015.7097,-196781.5426,-186594.0118,-120375.0616,-122921.9443,-2.25694081174923,-2.09205624753436,1.28743739831532,-0.131453894747082,-0.522143926392204,-0.12223616992074,-0.105217788654677,0.0589378820975881,-0.338105371276711,-0.257514519043553,-0.00709439443463533,0.330566797012756,0.218969000604343,-0.0254918441873433,-0.0157276836843803,-0.0345582859197293,0.498159794020573
88.6581082446535,-128015.7097,-196781.5426,-186594.0118,-120375.0616,-122921.9443,-3.64195825422027,-3.23359021436698,0.863536985991828,0.0113916518508859,-0.522078629258587,-0.418216267129047,-0.471235377671945,0.0372250653923345,-0.321240269175391,-0.229472230438951,0.0551707415716549,0.49403129036001,0.237673206077573,-0.0372818965821409,-0.00769978463428078,-0.0424994434088575,0.384250926624928
88.6045603983326,-128015.7097,-196781.5426,-186594.0118,-120375.0616,-122921.9443,-3.10981040193171,-2.54979954587647,0.00640033315393396,0.0169962120919962,-0.733387557312426,-0.472861646610284,-0.513985525497354,-0.0561533707394446,-0.319504826186495,-0.267344178290315,-0.00980537179101693,0.435216284125746,0.352299038379392,-0.0296240846672571,0.0156435927391816,-0.0650946604187226,0.468974883223451
88.6533202896805,-128015.7097,-196781.5426,-186594.0118,-120375.0616,-122921.9443,-1.74556087848111,-1.21419524265123,-0.629346100333933,-0.0880985908067657,-1.10258960162098,-0.436585376035559,-0.450976259479773,-0.14182465234142,-0.328130251006854,-0.32513574520906,-0.108371598007112,0.322063133487641,0.456583446412502,-0.0132556400568677,0.0449911980516566,-0.10142477116603,0.544071017307575
88.663388754099,-128015.7097,-196781.5426,-186594.0118,-120375.0616,-122921.9443,-0.407096346370892,-0.0523910645853789,-0.759478548166442,-0.289315218856672,-1.55471668624479,-0.395467321767796,-0.395668553455053,-0.181537784278305,-0.345635808944614,-0.386429790968997,-0.184832704942064,0.239376126752112,0.50386094557242,0.0080124385663245,0.0753649371559664,-0.124018594486621,0.587557021805969
88.6336382625807,-128015.7097,-196781.5426,-186594.0118,-120375.0616,-122921.9443,0.587071320456346,0.7053024802576,-0.43716812689469,-0.564795766138772,-1.99409984525107,-0.368116544125513,-0.365748895087876,-0.178905296366317,-0.36985821218834,-0.443181951049255,-0.23196378423434,0.194746778608804,0.499209355074077,0.0323197116902929,0.101952769900487,-0.127598471168007,0.605055475090515
88.6443083702799,-128095.8777,-197058.4866,-186841.8038,-120433.3656,-122987.5363,1.24529107376672,1.13019523754065,0.144851894247793,-0.880506024375265,-2.33663277769685,-0.35249862445491,-0.355495466271975,-0.157227221451031,-0.398979526298163,-0.491236470266671,-0.257907534213547,0.177243370190707,0.46894591215515,0.058326324764912,0.121022743307478,-0.119276631030047,0.609996158196925
74.3167587640732,-128095.8777,-197058.4866,-186841.8038,-120433.3656,-122987.5363,1.62867498582371,1.29841234625738,0.834102543601247,-1.20519816569549,-2.55990555938011,-0.344407828678285,-0.35438382550749,-0.123394547690332,-0.428287448804291,-0.526809509595623,-0.271523067079438,0.173744176582358,0.424888021621863,0.0829496257072144,0.130202918081601,-0.105898613442442,0.598686262608179
74.3475807085389,-128095.8777,-197058.4866,-186841.8038,-120433.3656,-122987.5363,2.66682959044149,1.87214487992028,1.48122404614374,-1.50964248894574,-2.62708815378009,-0.0619352755381755,0.23086284632155,-0.098782354404868,-0.460845916559038,-0.554553876551807,-0.292299570280562,-0.0147399855907542,0.383642558062626,0.105099314560986,0.128234897985382,-0.0913736601565134,0.708204324323407
74.3455640983981,-128095.8777,-197058.4866,-186841.8038,-120433.3656,-122987.5363,1.98397154023326,0.806759469640582,2.32865866078502,-1.67725100933225,-2.42589231172083,0.12943871484336,0.432558263180205,-0.0222130853101987,-0.4797700262653,-0.523542426896171,-0.26143165262754,-0.0138528097604071,0.276569060322925,0.109524845746655,0.108921535191315,-0.0600964118385363,0.540647171221972
74.4141183378004,-128095.8777,-197058.4866,-186841.8038,-120433.3656,-122987.5363,0.51693788767443,-0.873004119039123,2.95987889703105,-1.69555690664518,-2.03346756180376,0.231363026661235,0.400319422276155,0.066468221754846,-0.486391764942674,-0.454669981748445,-0.173728555401415,0.121394577007134,0.154339313866958,0.0986307119496985,0.079284884014035,-0.00887935354008818,0.4631657608907
74.338053299205,-128095.8777,-197058.4866,-186841.8038,-120433.3656,-122987.5363,-1.00470989654254,-2.37923942955474,3.22594801638735,-1.57005257924462,-1.52684991446912,0.249958770819305,0.233397387488765,0.148656944440454,-0.481633360386006,-0.364927821662555,-0.0413662539289925,0.326876139484292,0.0403468839618191,0.0754153904427732,0.0459200270669349,0.0441240102003064,0.501035854451219
74.3527180904926,-128095.8777,-197058.4866,-186841.8038,-120433.3656,-122987.5363,-2.01445344415251,-3.1628077853441,3.03718720099423,-1.31075648895458,-0.995869190250545,0.240552695211186,0.0731016639654669,0.206749225069181,-0.463416774974988,-0.268206637809122,0.0855213858888608,0.494352577943729,-0.0414917646278798,0.0430842027869667,0.0160857777352987,0.0746888160484573,0.545945341748968
74.3289081109718,-128095.8777,-197058.4866,-186841.8038,-120433.3656,-122987.5363,-2.45275802372431,-3.27909478461801,2.5527965211583,-0.951252904233087,-0.511477952412662,0.246916079991479,-0.0133006951931804,0.241739856199743,-0.430697119238673,-0.173784637969412,0.166007430531913,0.57455791683466,-0.084964787235482,0.00578669146297184,-0.00481446595937474,0.0720248826241132,0.509881631410357
66.7575217342937,-128095.8777,-197058.4866,-186841.8038,-120433.3656,-122987.5363,-2.79897231111394,-3.37646040425886,1.93100890113708,-0.536587444739254,-0.124826622388952,0.221046523250834,-0.119066401510239,0.243451508948027,-0.393869193567596,-0.0984028825063064,0.243080899116727,0.654774432721508,-0.088631294795166,-0.0327992202352734,-0.0137219546264418,0.0430971312444157,0.539265362698947
66.7747439490317,-128095.8777,-197058.4866,-186841.8038,-120433.3656,-122987.5363,-1.78115277111053,-3.29992284591491,1.2087212814461,-0.118493871291463,0.143717224684011,0.392859726606197,0.0649731929487558,0.149468493391893,-0.390417952780062,-0.0807148431762954,0.374609288075315,0.75317479960482,-0.0546701674538954,-0.071265305650805,-0.0121183675180896,-0.00410790731466903,1.11969680565399
66.7867444509673,-128095.8777,-197058.4866,-186841.8038,-120433.3656,-122987.5363,-1.36248190913682,-3.62947991671217,0.866994147179511,0.321476447617243,0.351057946976496,0.266382655237351,-0.267044943641807,0.0238048795548522,-0.412049497109997,-0.0619854897146865,0.625748626532977,1.02844704655252,-0.0749888686364604,-0.12221537723511,-0.0111531603569608,-0.0281044688032708,1.36983637404876
66.7652799066302,-128095.8777,-197058.4866,-186841.8038,-120433.3656,-122987.5363,-0.795804433208303,-3.44587754519219,0.465706935009393,0.736110679068503,0.526543161892974,0.0494738282323013,-0.625118710483193,-0.171493332721035,-0.441676385018098,-0.0406679621431465,0.807890721394723,1.16931571948989,-0.059696258973899,-0.176399624519477,-0.00983303062729157,-0.0781348344842527,1.32493515958309
66.7777500120176,-128606.9487,-198824.0046,-188421.4778,-120805.0536,-123405.6853,-0.041879698203573,-2.69887661514196,-0.100383185388267,1.04076340731345,0.604216482461652,-0.0775709839219516,-0.775965532189417,-0.455987913861634,-0.474809340685255,-0.0183747528460287,0.830739403106967,1.12029894882951,0.0438109945265479,-0.219920674029134,-0.00051473843076999,-0.210895049236257,1.10402091117716
66.7732840688325,-128606.9487,-198824.0046,-188421.4778,-120805.0536,-123405.6853,0.616189486076067,-1.76409389419048,-0.498208788536616,1.14356975878306,0.490198623648951,-0.0732644581024502,-0.645107263329621,-0.601976775234121,-0.470891249885497,0.04639645712804,0.745972412648615,0.94561257306465,0.132454206548184,-0.250183589291501,0.0117129996756467,-0.36461680667896,0.794700437163923
66.7745939795608,-128606.9487,-198824.0046,-188421.4778,-120805.0536,-123405.6853,1.01203089110935,-0.939049020454078,-0.878397633600358,0.985565770849277,0.130163630244709,-0.0729103371048225,-0.468020303889411,-0.738599594913211,-0.496127178922947,0.0772033708503912,0.650360698266531,0.758246824145635,0.22083597674304,-0.258204598626247,0.0311590529857728,-0.448542817407848,0.581637233983862
66.7574805421374,-128606.9487,-198824.0046,-188421.4778,-120805.0536,-123405.6853,1.19970538273405,-0.317480927205935,-1.21567773375155,0.538810242905569,-0.452065284068979,-0.106426057242139,-0.318362407233117,-0.892864776827473,-0.589221590253793,0.00457801862235385,0.570924875904712,0.591505758781901,0.282896803219991,-0.239162310838096,0.0552875808874025,-0.461540605990173,0.47926604793599
66.7681351089862,-128606.9487,-198824.0046,-188421.4778,-120805.0536,-123405.6853,1.27439497218113,0.115261575169299,-1.52465656126115,-0.177969364605616,-1.14441967577696,-0.16798877327453,-0.217327270037202,-1.09072627360462,-0.790626950222212,-0.240732703753125,0.50963584235646,0.452473528779396,0.312377332278455,-0.19079293141137,0.0736429415597786,-0.441765667448209,0.442098806144021
66.7637984799192,-128606.9487,-198824.0046,-188421.4778,-120805.0536,-123405.6853,1.29365701581816,0.407597396874436,-1.4909133560146,-1.06042280132309,-1.80794964403358,-0.226661927621379,-0.140300848896374,-1.14126470135137,-1.08631659278937,-0.635170884327323,0.467232399421287,0.347433375864603,0.258449666282278,-0.114490406885302,0.0774381920126044,-0.420855755772223,0.386272708860005
66.7669817162665,-128606.9487,-198824.0046,-188421.4778,-120805.0536,-123405.6853,1.30208454341371,0.609985170437881,-1.36515550106179,-1.82455626994792,-2.30222414807827,-0.274235711827842,-0.0805869653534685,-1.14752366421745,-1.43070854777565,-1.11569379901844,0.43617864240047,0.267830728855617,0.18575380867639,-0.0364017191609531,0.053174365554165,-0.412694724064217,0.317258413360392
66.8103202638911,-128606.9487,-198824.0046,-188421.4778,-120805.0536,-123405.6853,1.30276034139271,0.745647157777057,-1.23390920108449,-2.27403812446138,-2.59473815063083,-0.310660170923398,-0.0347336133450327,-1.13799963355657,-1.73512545860552,-1.58963296490338,0.414975903796305,0.210683818238993,0.120977733019124,0.019480734932626,0.00598486492443362,-0.411779012994202,0.237429468451364
66.7675775000858,-128606.9487,-198824.0046,-188421.4778,-120805.0536,-123405.6853,1.28006258875513,0.822409580041835,-1.11675966823188,-2.35538283267722,-2.68303451055036,-0.340565533157275,-0.00344390562330688,-1.11506103134407,-1.92178372222249,-1.96699078527502,0.403183794179944,0.173926289813115,0.071290531989824,0.0437652653917326,-0.0523758825872855,-0.408041969686181,0.154888147288968
66.7341418977506,-128606.9487,-198824.0046,-188421.4778,-120805.0536,-123405.6853,1.28977599324226,0.891397822395845,-1.02657597511043,-2.17728247445585,-2.64088065265891,-0.354975987423316,0.0284068833125701,-1.09136966011905,-1.99458447773603,-2.24380288475086,0.39405515453361,0.14589125998518,0.0358724213279356,0.044427376486238,-0.109868999713721,-0.403458580161789,0.0848998608037483
66.7427994477727,-128606.9487,-198824.0046,-188421.4778,-120805.0536,-123405.6853,1.31096157017313,0.948740609074719,-0.956398407138025,-1.84120336344927,-2.51916686363619,-0.361521920649395,0.057251526306267,-1.07036404783253,-1.97901310451219,-2.42793250119976,0.386847787202241,0.124686324077778,0.0101398718746335,0.0296140270715859,-0.161609195835672,-0.399642023993422,0.0268534742172868
66.7831830187438,-128606.9487,-198824.0046,-188421.4778,-120805.0536,-123405.6853,1.31537639613296,0.982037716502418,-0.902327017142753,-1.43974903278234,-2.36605495387944,-0.369198437351194,0.0759944532975751,-1.05540608356871,-1.91318031754724,-2.54682880793291,0.382483687903012,0.110561191525138,-0.00953049037173592,0.00658965244227927,-0.205815971623202,-0.401293271862798,-0.0146236826024975
66.7766277463972,-128315.3376,-197816.6208,-187520.1344,-120592.9728,-123167.0944,1.29682519416482,0.991513731283888,-0.864001757470689,-1.02914640469443,-2.20894007346502,-0.367279234179975,0.112949526114633,-1.00950675227818,-1.7944914025074,-2.58334501380712,0.378172400389831,0.0923932431564891,-0.0297908618750995,-0.0188865744009181,-0.238710405054586,-0.409477082630382,-0.0490060658796416
66.7583150693852,-128315.3376,-197816.6208,-187520.1344,-120592.9728,-123167.0944,1.28843266079795,1.00643157393196,-0.869218033436439,-0.660571096299378,-2.06256442668423,-0.377109658948029,0.106535992951308,-1.03469052090288,-1.71757197297027,-2.64135906028663,0.379279334254863,0.0874345776973726,-0.0378720021058667,-0.0470945983890663,-0.267287288517454,-0.422562987206788,-0.0508991884123553
66.7505603738685,-128315.3376,-197816.6208,-187520.1344,-120592.9728,-123167.0944,1.29802489781503,1.02054762350217,-0.873096213941523,-0.329708535502078,-1.94311507782488,-0.380672453903756,0.104104084486217,-1.05703412229958,-1.63644359825894,-2.68065366341844,0.377590735564552,0.0824454523589173,-0.0451325241030096,-0.0752355990892557,-0.290184533434782,-0.440513592327314,-0.0362262829550311
66.7376587296092,-128315.3376,-197816.6208,-187520.1344,-120592.9728,-123167.0944,1.30590478727929,1.02823279900412,-0.874218545380359,-0.0471845221510847,-1.85017259362255,-0.384306069195766,0.10105637378382,-1.07708626082803,-1.56246382655627,-2.71158841427806,0.37576049794077,0.0786123044422897,-0.0523205979450001,-0.102938158644902,-0.308594112347075,-0.45694165078357,-0.0135146146343246
66.796076672852,-128315.3376,-197816.6208,-187520.1344,-120592.9728,-123167.0944,1.31778211627407,1.03839168897382,-0.874021292747386,0.185666014453702,-1.77825875284994,-0.385618401586697,0.100858738616537,-1.09440294886885,-1.49869604836252,-2.7355604669706,0.373120193572841,0.0743466164514404,-0.0588737376505319,-0.129632908182048,-0.32314821547341,-0.466561933448752,0.0131503946184992
66.731820925342,-128315.3376,-197816.6208,-187520.1344,-120592.9728,-123167.0944,1.30015690629304,1.03004783445007,-0.872016748821778,0.372454356568312,-1.72369719880022,-0.391430053050186,0.0948391554112789,-1.10844002995357,-1.445918789674,-2.75436907663047,0.371800653367928,0.0731186081429938,-0.0648342153497881,-0.155023720687071,-0.334535186615084,-0.46563777242504,0.0409903330638173
66.7520256035669,-128315.3376,-197816.6208,-187520.1344,-120592.9728,-123167.0944,1.32166929530561,1.04572048817612,-0.872350919352598,0.515920066344307,-1.68285935079129,-0.389293665957062,0.0974996005977857,-1.12184561780553,-1.40637836096308,-2.77264973690612,0.368777113434527,0.0685186150494292,-0.0698971969410893,-0.178893013896375,-0.343390222012888,-0.454484095829663,0.0737939587772729
66.7414953645622,-128315.3376,-197816.6208,-187520.1344,-120592.9728,-123167.0944,1.32280813485546,1.0475215865786,-0.868870529828826,0.628512591539348,-1.6528587592272,-0.391428146549643,0.0957114596652673,-1.13246980521837,-1.37591505190207,-2.78769140234648,0.367140076960781,0.0663397759686291,-0.0751190672602418,-0.201586227786459,-0.35069138638955,-0.431718122323964,0.103520565872739
66.7662241442949,-128315.3376,-197816.6208,-187520.1344,-120592.9728,-123167.0944,1.3297023381631,1.0537755043586,-0.866087894717154,0.71515711157096,-1.63052455489186,-0.391631674627391,0.0962134350921175,-1.1414745130492,-1.35300091187992,-2.80039997817952,0.365186460381567,0.0636131564063467,-0.0795297224097604,-0.222631475249061,-0.356432283467914,-0.400647124112666,0.131922552143642
66.7950484728178,-128315.3376,-197816.6208,-187520.1344,-120592.9728,-123167.0944,1.32103668373324,1.04912783708362,-0.863173423896782,0.782569792141885,-1.61396238735249,-0.395248234403013,0.0925222875234795,-1.14925133123528,-1.33628150073437,-2.81150148949437,0.36458132955822,0.0629437094749346,-0.0835183838905396,-0.242157602254376,-0.361164728995842,-0.363928871124827,0.15855458175826
73.8875470045483,-128315.3376,-197816.6208,-187520.1344,-120592.9728,-123167.0944,1.33099971287839,1.06906188466108,-0.862131447213272,0.833275959527271,-1.60165320633953,-0.385626777140295,0.103745332759303,-1.15114342861461,-1.31762069291917,-2.81272198019732,0.358734326869154,0.0570236153196575,-0.0846901843465027,-0.258042411940882,-0.362931621447443,-0.32541018668423,0.177660698648836
73.8222767057661,-128315.3376,-197816.6208,-187520.1344,-120592.9728,-123167.0944,-0.97482945645578,0.0124140006971487,-0.72220209850687,0.87115676383111,-1.58931289728227,-0.340269840735189,0.267547579109106,-0.741905220880341,-0.824531266252897,-2.24888215304769,0.237272943595135,0.0751620155022019,0.0186353746903256,-0.152592452178381,-0.235214026515813,-0.274487484458199,-0.275279724662902
73.8154218316564,-127635.9138,-195469.5204,-185420.0972,-120098.8464,-122611.2022,-0.41881101004553,1.26464253190785,-0.418474232637678,0.421086447761894,-1.55396275025495,0.27614516788649,0.88466959807193,-0.0206454964116674,-0.347052122436793,-1.71109633681887,-0.0948528410853076,-0.231295653488267,0.0823486712415109,0.0541168790315512,-0.00645631979391448,-0.198410589304096,-0.562696230857458
73.8456600383796,-127635.9138,-195469.5204,-185420.0972,-120098.8464,-122611.2022,-0.187744173386534,1.7393885044396,0.316157449475341,-0.109213116581088,-1.37151223402833,0.452881720971554,0.898376729994673,0.535320240974585,-0.209190885967693,-1.38878303943289,-0.18985116263025,-0.291008633630822,-0.0254055749765612,0.210120412527269,0.144024981653475,-0.0677750046598007,-0.409596445667749
73.8222961673661,-127635.9138,-195469.5204,-185420.0972,-120098.8464,-122611.2022,-0.334951443881423,1.59403418900777,1.0031209743115,-0.490975443666343,-0.925705867032093,0.455392807057876,0.7276048086947,0.873993022990504,-0.103845612813103,-0.941816795861136,-0.175149370683165,-0.234300337470109,-0.151197836630388,0.310759065767118,0.203159527532418,0.0135696827021761,-0.0654174488101802
73.8409553398825,-127635.9138,-195469.5204,-185420.0972,-120098.8464,-122611.2022,-0.537206175504394,1.29858797439366,1.40669129989648,-0.642322933027728,-0.299475692377356,0.430735651474954,0.559938863802955,1.01012511655946,0.065583227574102,-0.414068957151358,-0.137142156927352,-0.1571174964761,-0.221295238519581,0.358310440274742,0.192713535616963,0.033282600947544,0.280692147983631
73.8327366415187,-127635.9138,-195469.5204,-185420.0972,-120098.8464,-122611.2022,-0.720074470725706,0.996207801012844,1.52770908469199,-0.52240465678257,0.357301284935559,0.410343093936461,0.432133287795153,1.02065844294142,0.331001613011821,0.0816032899494061,-0.0998286790500575,-0.0851166334257729,-0.236088435109663,0.351564357864203,0.143733152585825,0.0195897957607301,0.549784129967875
73.8622786496915,-127635.9138,-195469.5204,-185420.0972,-120098.8464,-122611.2022,-0.838161538281256,0.754661087058082,1.49465915182304,-0.205562836052565,0.926378332514517,0.406051338539783,0.350566152334551,0.982372539762395,0.643055546729947,0.476691185074252,-0.0716235068092455,-0.0279651763276099,-0.221912024597227,0.303503273647902,0.085835929753415,-0.00321342845501249,0.722922214483791
73.8791616252473,-127635.9138,-195469.5204,-185420.0972,-120098.8464,-122611.2022,-0.921607928865043,0.560769495281079,1.3891428510549,0.214002686331156,1.35485555533154,0.409483219847758,0.298862443136471,0.927831011701464,0.941668436562253,0.757920337482567,-0.0510510328461913,0.0170467075687983,-0.195206032085667,0.230759498641217,0.0360600613914022,-0.0234496242524003,0.813201613312028
73.8457196213187,-127635.9138,-195469.5204,-185420.0972,-120098.8464,-122611.2022,-0.97596592108917,0.412280082394389,1.26552071603163,0.637368141858332,1.64037249675805,0.417115072035458,0.267181628980509,0.872883811936198,1.18180013920331,0.941652904203934,-0.0366839156399177,0.0512044002323631,-0.166474594545978,0.152982044533347,0.000495692494158373,-0.0360925111638366,0.847152935908138
73.830928501526,-127635.9138,-195469.5204,-185420.0972,-120098.8464,-122611.2022,-0.9929119619555,0.311926372685235,1.15150129831972,1.0040150087073,1.80797693863556,0.429466337548341,0.251049316765744,0.823539350455896,1.35008466160404,1.05332573170672,-0.0276845520748403,0.0752017378308252,-0.140945097598024,0.0834675334843431,-0.0215782607433295,-0.0395629528004307,0.847754384601199
73.8585133605322,-127635.9138,-195469.5204,-185420.0972,-120098.8464,-122611.2022,-0.995132172739829,0.239333372025825,1.06163789989104,1.29245079612838,1.89007085922552,0.441860206981531,0.242135548201198,0.782760684463469,1.45448484237613,1.11708593952662,-0.0219988372559032,0.0927290897996205,-0.12105611556527,0.0278377259838232,-0.0332485148665782,-0.0340040804343786,0.826572553624382
73.8294541060259,-127635.9138,-195469.5204,-185420.0972,-120098.8464,-122611.2022,-1.00742905674271,0.174659231463309,0.994897696694125,1.49325739750344,1.90945250410411,0.449178028425756,0.233374259033098,0.749994583618125,1.50557401775244,1.14767888778371,-0.0174993050430698,0.107096564235956,-0.106449282422109,-0.012029663129117,-0.0369588738506716,-0.021785897729373,0.795317748175574
73.8649111984554,-127635.9138,-195469.5204,-185420.0972,-120098.8464,-122611.2022,-1.00195795862592,0.136124211720542,0.9431289221057,1.62493010895241,1.89538256814548,0.457872917207496,0.230392258680119,0.724270590194223,1.52057057991002,1.15924446412498,-0.0151655044531638,0.116346682701841,-0.0952226845067252,-0.0393975421837625,-0.0362013750072392,-0.00317673935642659,0.762129558307716
67.3975110967037,-106422.4589,-122186.6762,-119851.2366,-104670.8792,-105254.7391,-1.3571960176176,-0.265835700663345,0.889793462084242,1.67019589007391,1.84903638868845,1.03248609118604,1.72458476880704,2.37565851758783,2.3637683830604,2.0858416614872,-0.260431968417032,-0.839469428429121,-0.952042863944348,-0.195860929598211,-0.200784078923434,0.0181584812893547,-1.65744121056329
67.401512945186,-106422.4589,-122186.6762,-119851.2366,-104670.8792,-105254.7391,-1.62678343605789,-0.407906244880152,-1.17743190849487,0.978599985905859,2.33146888704815,0.876194510304209,0.934558220868396,0.809599007228542,0.961834523368921,1.58646603233249,0.0140689564620438,-0.579412929147084,-0.697102997279964,-0.230092249615801,-0.171562150485117,0.138726671291217,-1.10592548965676
67.402890435134,-106422.4589,-122186.6762,-119851.2366,-104670.8792,-105254.7391,-2.22734708086581,-1.26480257911494,-2.24925709297888,1.20460438823665,2.48827901205561,0.535360854102777,0.181553774946757,0.0823334603991128,0.601604293131459,1.4330954252123,0.387121894836791,-0.20903189390209,-0.566798650688577,-0.28168427978782,-0.191857189634153,0.285820471942564,-0.40739781098643
67.3636673884513,-106422.4589,-122186.6762,-119851.2366,-104670.8792,-105254.7391,-2.28932267063065,-1.78561447678376,-3.19265555481931,1.64956713062715,2.49538336277772,0.257030149734092,-0.384484580753053,-0.433868203964977,0.522261414885307,1.40474008755398,0.65901889792355,0.0593719746618602,-0.434205729394977,-0.340915752514082,-0.219251858549969,0.293770164486496,0.233766151866881
67.3620728098001,-106422.4589,-122186.6762,-119851.2366,-104670.8792,-105254.7391,-1.78674177759709,-1.85254513189584,-4.07025760012569,2.09815582597567,2.39105470653762,0.160595306646471,-0.7004680348264,-0.877274636408089,0.522028016743775,1.40238344185885,0.767742115758915,0.171619608562333,-0.284082740957215,-0.396688210586439,-0.232828844701294,0.203762506460414,0.642818114820669
67.3898020966948,-106422.4589,-122186.6762,-119851.2366,-104670.8792,-105254.7391,-0.987538313451594,-1.63693329984098,-4.79353177765987,2.45562878878555,2.13987412520243,0.216925945792504,-0.823633580689936,-1.26523193438147,0.534902135145927,1.35870064646476,0.753381035903647,0.172233152076365,-0.136613441102108,-0.439725616803274,-0.220142969615021,0.0749271960926166,0.845099940817677
88.2228640312572,-106422.4589,-122186.6762,-119851.2366,-104670.8792,-105254.7391,-0.145965028972682,-1.30729395207558,-5.27159397253686,2.66623594002836,1.74114441955875,0.347665933386217,-0.836834711864697,-1.56787194253155,0.529982818876142,1.23697897751802,0.677994899751184,0.117607917444554,-0.0249705681335635,-0.463402495627447,-0.179573056285915,-0.0227670014481873,0.923414444387399
88.2539838200827,-106422.4589,-122186.6762,-119851.2366,-104670.8792,-105254.7391,-7.2804671450682,-5.90601732562054,-5.30492751236845,2.69305654664009,1.22523745339464,-0.661871569433856,-0.871538341936194,-1.35131821189907,0.82410537545227,1.42561835348879,0.622590029919599,0.192248886189752,0.128884696058845,-0.393236398954026,-0.0162591454545722,-0.0548387885142461,-0.61651926171429
88.2278288526819,-106422.4589,-122186.6762,-119851.2366,-104670.8792,-105254.7391,-3.70249120348871,-2.23142618508844,-5.85604032328274,1.44145567584384,0.241480707492641,-0.0885680488041771,-0.176674432273927,-0.971647032912529,0.612864134147166,0.673003505488211,-0.0673077301482001,-0.42797974442667,0.203676115527091,-0.188451995609466,0.299636429302893,-0.134414101939562,-0.351718932478795
88.2692515416684,-106422.4589,-122186.6762,-119851.2366,-104670.8792,-105254.7391,-0.398595611020184,0.789841965360665,-4.98909348019757,-0.0319816081681239,-1.1603108174139,0.0362447073145518,-0.00930981283879362,-0.444651371684756,0.323707137529418,0.0426031366391868,-0.307696022004563,-0.620880067313631,-0.0588168436013228,0.0308639156869259,0.522499652295092,-0.0840144435992016,-0.219084657649953
88.2162907657144,-106422.4589,-122186.6762,-119851.2366,-104670.8792,-105254.7391,1.4196831418065,2.22930224975298,-3.33807112185593,-1.45692384712397,-2.10244118559352,0.0258578485731036,0.0032469496359937,-0.111156319439573,0.0653444599867967,-0.176794855575075,-0.372342285970124,-0.644975087162973,-0.270499819765047,0.234556662717344,0.534387003816111,-0.0258494364076896,-0.186494642014186
88.252420514065,-106422.4589,-122186.6762,-119851.2366,-104670.8792,-105254.7391,2.29515308412684,2.70580487586415,-1.74370855231308,-2.58491847424962,-2.39165816261109,-0.00624713278217115,-0.0174181558882864,0.0167195844589116,-0.0995687960482812,-0.155040608132119,-0.38180782929196,-0.620657917582845,-0.341689881188986,0.374717495209687,0.388894138368386,-0.0112053177307274,-0.18563611458271
88.2740484129575,-103980.3412,-113750.2696,-112302.8728,-102894.7936,-103256.6428,2.67323358401295,2.6987910423412,-0.569048745003556,-3.20843911324025,-2.29791450392746,-0.00772544750653736,0.0394974181447481,0.143571999943013,-0.0668374116980672,-0.0648828613038646,-0.396246929524858,-0.662953121590649,-0.420009125964351,0.380175788411436,0.188823005584673,-0.0347646745794705,-0.452575297720443
88.2641329352497,-103980.3412,-113750.2696,-112302.8728,-102894.7936,-103256.6428,2.82889974637924,2.52928132683982,0.208594447530857,-3.2990797040588,-1.9597864040532,-0.0343600591150448,-0.0091456924813258,0.10307595596926,-0.0254491590826404,-0.134454304169502,-0.379987801373805,-0.621717149620009,-0.371445893501628,0.323919560829405,0.0623511053059282,-0.0716739967047246,-0.482436956206981
88.2657165415811,-103980.3412,-113750.2696,-112302.8728,-102894.7936,-103256.6428,2.90097420391658,2.31078971919155,0.717769255259256,-3.06011495996134,-1.58371397636087,-0.0511769310109145,-0.0403008781392913,0.0673510064317142,0.0691222951822255,-0.226710959483718,-0.364880622593951,-0.587791060526413,-0.320099352530209,0.228194985079202,-0.0234091053537888,-0.110053234065361,-0.499041563355052
88.2696211687533,-103980.3412,-113750.2696,-112302.8728,-102894.7936,-103256.6428,2.93875425768144,2.09137075485259,1.03281102425734,-2.67099424081307,-1.2138911552849,-0.0611153168426597,-0.0632359444709323,0.0361529201411486,0.147655197611691,-0.330716582611458,-0.351901164082521,-0.559717503115505,-0.273116620397103,0.134368859284105,-0.0773124615901142,-0.144776255271644,-0.510114204212641
88.2490039162845,-103980.3412,-113750.2696,-112302.8728,-102894.7936,-103256.6428,2.96563083945297,1.89189380179317,1.22246711218071,-2.23834104414803,-0.868384003071256,-0.0662003267090086,-0.0814163442219069,0.00968908176778882,0.193006887247435,-0.435486918347877,-0.34118957602244,-0.536554012489941,-0.23305979131398,0.0599538986662911,-0.10981424371672,-0.172158169447414,-0.518528795611997
88.2554894717292,-103980.3412,-113750.2696,-112302.8728,-102894.7936,-103256.6428,2.99233428006873,1.72116819556749,1.33412966514184,-1.81324110283302,-0.554401317385611,-0.0676202941727126,-0.0957933431049156,-0.0121450750155887,0.208600461116724,-0.53453050481707,-0.33260003867133,-0.51779200555949,-0.200201754787577,0.00675589014670019,-0.128638308406674,-0.191951704397653,-0.526190118690214
88.2585459856754,-103980.3412,-113750.2696,-112302.8728,-102894.7936,-103256.6428,3.01982318043571,1.57593994852749,1.40360803194656,-1.40970618560506,-0.265231588270765,-0.0668378862609273,-0.107828342632899,-0.0294134537003146,0.203422276336646,-0.624134211802115,-0.32568482182039,-0.502305678621062,-0.174189465069427,-0.0298042319961693,-0.139468599328939,-0.204862883458141,-0.535942919939945
88.2524857849505,-103980.3412,-113750.2696,-112302.8728,-102894.7936,-103256.6428,3.04748768703423,1.45309473401434,1.44212253811958,-1.03961029882524,-0.0102225868049999,-0.0646611581092316,-0.117877615827922,-0.0430503848392902,0.184232528421234,-0.704278809351536,-0.320089989889866,-0.489523534226123,-0.153710400792963,-0.0538003435986913,-0.144805405522684,-0.21226928484019,-0.54579340416298
65.6073756837354,-103980.3412,-113750.2696,-112302.8728,-102894.7936,-103256.6428,2.96467103741655,1.23355179481646,1.46190361021156,-0.703301336607183,0.212792656976148,-0.065958165848059,-0.131126714994835,-0.0537290369010606,0.15656828173406,-0.775258019708204,-0.311017991839339,-0.473857265317773,-0.137849912825123,-0.0692483845317071,-0.146758558349656,-0.215133135111607,-0.545914087063532
65.5621580426941,-103980.3412,-113750.2696,-112302.8728,-102894.7936,-103256.6428,3.62114480629702,1.72031653439277,1.44771025250718,-0.401337223561271,0.403446140399936,0.23653150841583,0.468523912033483,-0.0640681301008925,0.12281471106737,-0.8390921375114,-0.363533987064111,-0.684012003704409,-0.124778343774171,-0.0790165528701898,-0.146548250725868,-0.213626270696942,-0.460592069431011
65.5683853635128,-103980.3412,-113750.2696,-112302.8728,-102894.7936,-103256.6428,3.032491738001,0.894778147791442,1.54768754913637,-0.0214459185425113,0.643459955449813,0.505764966462515,0.709774357963269,-0.0427258942007853,0.100952385421266,-0.832655188382716,-0.362768497728892,-0.7651335885071,-0.152052978617986,-0.0968803975140666,-0.152499152562562,-0.201786730197782,-0.647707912534265
65.5802881815198,-103980.3412,-113750.2696,-112302.8728,-102894.7936,-103256.6428,1.51100906274957,-0.966648761082453,1.59550555192287,0.43501921429845,0.932683002627471,0.713518695015942,0.740455400196339,-0.000645700307870811,0.0893128273647719,-0.767751685836132,-0.278965959659649,-0.714981757726585,-0.209578317275216,-0.124170995281066,-0.164382331783356,-0.18200547894795,-0.64250601702165
65.6182769798146,-103062.4176,-110579.2608,-109465.6544,-102227.2128,-102505.6144,-0.302888933259069,-3.2117380030362,1.46539596614431,0.96152493829932,1.25821229474742,0.833197224716805,0.626259066718582,0.0832632009795446,0.0962647369846508,-0.645296735817695,-0.0881034937104295,-0.5528952920457,-0.319782093050127,-0.16869192393241,-0.189110263111202,-0.151946446317758,-0.440998833724414
65.6174016871826,-103062.4176,-110579.2608,-109465.6544,-102227.2128,-102505.6144,-1.8899244253831,-5.30561658267443,1.04462295079026,1.56082492116917,1.60453688297679,0.760108479249453,0.208970840012491,0.128893002631607,0.0934771161616581,-0.508023496352365,0.281888151198492,-0.149882643038836,-0.414536306327325,-0.213211543305652,-0.208744908715669,-0.107764718582679,0.206871919489467
82.7516526063182,-103062.4176,-110579.2608,-109465.6544,-102227.2128,-102505.6144,-2.79493826252116,-6.82143793337666,0.435785240170091,2.22229867189786,1.95819739049621,0.488095558553255,-0.420205096158497,0.161493402800687,0.0910925040479427,-0.349504471916205,0.795632675549542,0.402456704135579,-0.522578765587318,-0.266775588813779,-0.231960724418141,-0.0691637855693727,1.14701620402265
82.7684857331158,-103062.4176,-110579.2608,-109465.6544,-102227.2128,-102505.6144,-7.58823021822049,-9.45471459994435,-0.348609132126654,2.91984052837141,2.27942290290483,-0.662333731106763,-1.36506248527734,0.205133929710172,0.128842698847492,-0.143244130049787,1.320469353439,0.899914731015603,-0.621634360146447,-0.324005510659541,-0.253790951191558,-0.10570276505986,1.03477499394001
82.6936258288961,-103062.4176,-110579.2608,-109465.6544,-102227.2128,-102505.6144,-7.16666377281322,-8.01433948051071,-2.03535860048687,3.39515348834493,2.44033176582374,-0.39043142066761,-0.895874136024034,0.136168761764779,0.185646036593226,-0.127922417308397,0.840547542919075,0.383065441699769,-0.522072680662388,-0.338410851324204,-0.236666344261426,-0.28760147613972,0.348938256908141
82.715501144972,-103062.4176,-110579.2608,-109465.6544,-102227.2128,-102505.6144,-5.19946936728167,-5.5750570796086,-3.85466802451919,3.6824991037719,2.31446635407278,-0.052026204785804,-0.409897290823267,-0.0311316887147086,0.211619974180202,-0.231114858099616,0.359917271504044,-0.115108095455255,-0.318324768727918,-0.334458062616785,-0.196123329614744,-0.452283613672549,-0.0559588023455078
82.6901681122888,-103062.4176,-110579.2608,-109465.6544,-102227.2128,-102505.6144,-3.36009713713177,-3.527661787011,-5.17962814095681,3.78048009514023,1.8622661644786,0.102845165132564,-0.147835879883459,-0.195624227513797,0.211696052213078,-0.38559877294918,0.0914974540702616,-0.389900353261088,-0.129429319902301,-0.319881786527828,-0.139132257151267,-0.508707760230045,-0.140595571841242
82.7224780342123,-103062.4176,-110579.2608,-109465.6544,-102227.2128,-102505.6144,-2.06428573133368,-2.14831508880572,-5.75190309405254,3.66953059487598,1.11684306496748,0.15489252831987,-0.0196398048609012,-0.275493917083715,0.19621318687544,-0.550334730328331,-0.0419674260325482,-0.52444663003461,-0.0319267010434294,-0.296041249821474,-0.0691194025814488,-0.463234322468658,-0.126456998757548
82.743428889507,-103062.4176,-110579.2608,-109465.6544,-102227.2128,-102505.6144,-1.24146892694363,-1.30500424690914,-5.75001420798537,3.3706711587985,0.192599029593154,0.163013899630975,0.0413869667388482,-0.281474407128741,0.16997160853564,-0.705517285776011,-0.10808657103262,-0.588264927981822,-0.0124354830696229,-0.264669369458123,0.00885933954970231,-0.368515007618107,-0.101029806886783
78.9668809284307,-103062.4176,-110579.2608,-109465.6544,-102227.2128,-102505.6144,-0.766328521394612,-0.845281158798642,-5.39900933911765,2.92648201960213,-0.784417306862579,0.152593989509988,0.0669021416065902,-0.250303695951871,0.135166980623111,-0.843830260708557,-0.139017294002933,-0.61493933981581,-0.0335887658319665,-0.227651123653758,0.0890308247295253,-0.262499466702288,-0.0677207201976824
79.0063980131105,-103062.4176,-110579.2608,-109465.6544,-102227.2128,-102505.6144,-0.277884441468643,-0.277835599956489,-4.88949518551934,2.38656904150857,-1.67146522373108,0.219602561659698,0.179038772653975,-0.211548322164056,0.0932567034440552,-0.959358279587349,-0.169487017049327,-0.679194098830762,-0.0659538101532908,-0.186972749438121,0.161946057620464,-0.168256348609724,0.00501777035132456
78.9909749037881,-103062.4176,-110579.2608,-109465.6544,-102227.2128,-102505.6144,-0.332565450258883,-0.267709395644047,-4.29891418148038,1.8407079531722,-2.3271399827978,0.242957489467763,0.209831268174618,-0.168523310078854,0.0530186031556781,-1.01801119127899,-0.162698073450438,-0.692959385239422,-0.107685878642341,-0.149878749551725,0.215237037940687,-0.09334147958225,0.0269348195957457
78.9948833003207,-102894.0648,-109997.6784,-108945.2912,-102104.7744,-102367.8712,-0.681470869447949,-0.562505823119793,-3.78007168243253,1.31504942661559,-2.72339158307646,0.242812797864339,0.209528627274459,-0.126148486229205,0.0165138799236644,-1.02917680440618,-0.136654734589888,-0.686048437885652,-0.150658986072008,-0.117486600577735,0.243973489259582,-0.0344591973605475,0.047674030910847
78.9714467868858,-102894.0648,-109997.6784,-108945.2912,-102104.7744,-102367.8712,-1.12150735773076,-0.950676640016553,-3.4404176500599,0.823859878936929,-2.85206314503333,0.226662997651843,0.183302491285275,-0.107389053001157,-0.0203491625256902,-1.00821985726084,-0.0999384294181254,-0.659739411571091,-0.172413366560189,-0.0862536205496633,0.250821235799404,0.00774099002617845,0.100118898387488
78.9748671323964,-102894.0648,-109997.6784,-108945.2912,-102104.7744,-102367.8712,-1.50137746201521,-1.28235384075943,-3.27512830936261,0.372190102528791,-2.79432837659637,0.210499307499788,0.158517455172543,-0.100490774919749,-0.0541018534255215,-0.962649245165352,-0.0663507299538657,-0.635072997545267,-0.182156264981854,-0.0574784566941686,0.240733337705114,0.0373739473908401,0.150847876270339
78.9803253967163,-102894.0648,-109997.6784,-108945.2912,-102104.7744,-102367.8712,-1.77639452425403,-1.51298788127424,-3.25777874041599,-0.0320232250980865,-2.61982771815913,0.198894540548771,0.139755357829053,-0.103179713786005,-0.0844259504424585,-0.903695592863286,-0.0405323786066156,-0.616965142096213,-0.182195478718655,-0.0313158301417957,0.220745492029179,0.0574366270979851,0.188002196895591
78.9511980179951,-102894.0648,-109997.6784,-108945.2912,-102104.7744,-102367.8712,-1.95054723035238,-1.64765038755539,-3.34139350363502,-0.381599188235015,-2.39058565897918,0.193003878018878,0.128176916625748,-0.112233269728009,-0.110789304244086,-0.840537966302691,-0.0231562499349838,-0.606283131301494,-0.175770321430597,-0.00816415333662612,0.196973674697354,0.0709027465218952,0.210559330856984
79.0241877990196,-102894.0648,-109997.6784,-108945.2912,-102104.7744,-102367.8712,-2.03661453358396,-1.69910507032336,-3.48351639970905,-0.666181031083397,-2.15403376226332,0.193480484711507,0.124354200529737,-0.124924949267466,-0.132190091744107,-0.779417636802862,-0.0136652322128923,-0.602907915941743,-0.165588955399488,0.011062514165691,0.17376777512843,0.0796455562833458,0.21993763858727
78.9476579343513,-102894.0648,-109997.6784,-108945.2912,-102104.7744,-102367.8712,-2.08569860559874,-1.72064396864334,-3.64122387334457,-0.890139329797719,-1.93563581911737,0.194282883377277,0.121244298715681,-0.138230421808082,-0.148763424992602,-0.723111154967128,-0.00799467740969972,-0.601559212100595,-0.154738190296666,0.0264344013738151,0.153168829225941,0.0860967490469093,0.219319742917767
79.0180894967652,-102894.0648,-109997.6784,-108945.2912,-102104.7744,-102367.8712,-2.08730989823529,-1.69792328073264,-3.79198540464635,-1.05141221271417,-1.75585830790278,0.199907236785762,0.124511542192309,-0.150712776233618,-0.160159666562322,-0.674432213802248,-0.00672806898092149,-0.604822564314021,-0.144534512247485,0.0375680384584665,0.136727903294555,0.0910415098528574,0.213149392319484
78.9983442751376,-102894.0648,-109997.6784,-108945.2912,-102104.7744,-102367.8712,-2.08546393912528,-1.67720977595617,-3.92175943537349,-1.16724851563467,-1.61012002858739,0.203400725855523,0.125472892478165,-0.161162747391714,-0.167626561097805,-0.631664294406548,-0.00626293862510918,-0.607250564694684,-0.136272848739529,0.045566722063118,0.123685931621045,0.0956617862126663,0.200044035232355
78.9619873963194,-102894.0648,-109997.6784,-108945.2912,-102104.7744,-102367.8712,-2.06976606115938,-1.64548794956303,-4.02425433500936,-1.24265906734057,-1.50390090920595,0.207922725448057,0.128441491683176,-0.169211584442259,-0.171590622705558,-0.595975464780992,-0.0072063568512617,-0.610862874395282,-0.130214056464031,0.0507375763788442,0.114379612970179,0.100029993243382,0.184881817363282
78.9482871237466,-102894.0648,-109997.6784,-108945.2912,-102104.7744,-102367.8712,-2.04642964960962,-1.60788768363183,-4.09899707759298,-1.2913031598584,-1.42988193008584,0.213257054672589,0.132673709501319,-0.174779949233738,-0.17320462154315,-0.565927955923407,-0.00891708848346062,-0.615150156604636,-0.126481288351665,0.0540696023672835,0.107990189325827,0.104260942210715,0.167290834593724
78.9736860665031,-102894.0648,-109997.6784,-108945.2912,-102104.7744,-102367.8712,-2.02332492887061,-1.5722525453171,-4.1483365645616,-1.32352213236008,-1.38040977286678,0.21820051017049,0.136541787284742,-0.178012524805602,-0.173366679997152,-0.540111668679188,-0.0107228984031351,-0.619157394782509,-0.124965883936876,0.0563228797564723,0.103753000206963,0.108377707470638,0.147372498598986
78.9844523798323,-102790.8485,-109641.113,-108626.259,-102029.708,-102283.4215,-2.00761268457343,-1.54624457031656,-4.17670858310889,-1.34732159257742,-1.3483482659758,0.223131474338253,0.143815748611729,-0.174411536267037,-0.171239772797882,-0.515889436881096,-0.013456841195888,-0.626870057977947,-0.129636073782168,0.0571393412597596,0.0998993098963425,0.112301939155742,0.113751277404454
78.9932834918797,-102790.8485,-109641.113,-108626.259,-102029.708,-102283.4215,-1.99941915701754,-1.52683236585281,-4.19295594053405,-1.36820641904239,-1.32596842811783,0.2245526642998,0.143717446901547,-0.17532225834875,-0.171003114023875,-0.498111801461008,-0.0140467691727404,-0.628674663593034,-0.1306262136552,0.0591625360778354,0.0983405395217085,0.116035375598102,0.0943205880904516
78.9694472418739,-102790.8485,-109641.113,-108626.259,-102029.708,-102283.4215,-1.994321005478,-1.51274284512105,-4.19885163824131,-1.39031905541222,-1.31089693984927,0.225344372386026,0.14401113579904,-0.175116692305679,-0.170701715658282,-0.482145997852641,-0.0144272058671016,-0.630090655054938,-0.132302165982971,0.0614747373651303,0.0972072178208445,0.119290117339844,0.0780356681470451
79.0058829475852,-102790.8485,-109641.113,-108626.259,-102029.708,-102283.4215,-1.98654029823163,-1.49700311203691,-4.19852464905266,-1.41524899918959,-1.2994106115745,0.226752387999149,0.145445848447444,-0.174382617053226,-0.17073427173753,-0.467700317430484,-0.015023108248873,-0.631860472705931,-0.134273675371114,0.064166526964593,0.0961998896212262,0.122037188025473,0.0631545710220234
78.9893508139637,-102790.8485,-109641.113,-108626.259,-102029.708,-102283.4215,-1.98529765143577,-1.48989892870809,-4.19370768707496,-1.44266979784786,-1.28894538636622,0.226660623127806,0.145226608480819,-0.173278920095584,-0.171088368817422,-0.454160077348121,-0.0151606668198103,-0.632551121431904,-0.136472985216735,0.0671551063495675,0.0951044327982358,0.124300987785055,0.0480703992908911
88.038433015342,-102790.8485,-109641.113,-108626.259,-102029.708,-102283.4215,-1.94799758858601,-1.44641026387539,-4.18743593246219,-1.47234749706031,-1.27881919304532,0.230341245472587,0.149377618838102,-0.171986653167359,-0.171610287099185,-0.441720775997553,-0.0185897408435642,-0.636912206580133,-0.1384984406747,0.0704522032056731,0.0939323756028125,0.126093059780239,0.0286102774842067
87.995125445826,-102790.8485,-109641.113,-108626.259,-102029.708,-102283.4215,-2.6094604791669,-2.50662880364195,-4.16022941203408,-1.50285417754944,-1.26728179076926,0.00319040452545494,-0.0902055112534228,-0.165102468493373,-0.168656127332298,-0.426241775981211,0.0219360552776524,-0.492301520786453,-0.141980792344782,0.0742436393091177,0.0929006092070284,0.127317368176449,-0.104233588829072
87.9881117930132,-102790.8485,-109641.113,-108626.259,-102029.708,-102283.4215,-1.92104787697203,-2.15583654695298,-4.27472501495085,-1.6473256065869,-1.38487579496513,-0.0480842666445653,-0.128971432430923,-0.183985796882901,-0.183457160947121,-0.515564138569651,-0.0372482773707787,-0.487236323024468,-0.109036209804992,0.0947736698914809,0.104319788621139,0.127745773172947,-0.0844486977564509
87.9871236546884,-102790.8485,-109641.113,-108626.259,-102029.708,-102283.4215,-0.727038389266426,-1.26446350205293,-4.25972491113994,-1.86137070745367,-1.62558031089171,-0.0401340365543774,-0.107207939995341,-0.197671276388078,-0.206969765753854,-0.632999650808358,-0.115892591962834,-0.519993128345871,-0.0791274410567235,0.121929318301402,0.120301776643644,0.119781336939397,-0.0808822163026015
88.0397421089888,-102790.8485,-109641.113,-108626.259,-102029.708,-102283.4215,0.446627958668898,-0.364975891752493,-3.99063315367994,-2.11569293011462,-1.92024152128289,-0.0232329426777511,-0.0822321859786896,-0.193259321963573,-0.23562580483302,-0.748479615453462,-0.179795711413576,-0.54773252004288,-0.0687312344176576,0.150920654949443,0.135151048728426,0.111916913701791,-0.0989803145708654
88.0239260892588,-102790.8485,-109641.113,-108626.259,-102029.708,-102283.4215,1.39685830100451,0.337200103561159,-3.50312238589514,-2.38615536032997,-2.19690364708184,-0.0110261328047656,-0.0681915667195412,-0.174842652618196,-0.266795084420771,-0.850404043940131,-0.224242038771419,-0.561887607625916,-0.0746520113456988,0.17900330555527,0.144903685592577,0.106226301746609,-0.125181072030728
87.9800316103733,-102790.8485,-109641.113,-108626.259,-102029.708,-102283.4215,2.08708614971593,0.808330868354972,-2.87584752005434,-2.64850291644794,-2.39614478798099,-0.00393872515996918,-0.0633330928428464,-0.149719180026104,-0.297919870567341,-0.934559795085093,-0.252925400357381,-0.565317683871933,-0.0894634321729919,0.204029113316145,0.146666441304066,0.102147168918563,-0.150399099426793
88.0098622560647,-102793.8548,-109651.4984,-108635.5512,-102031.8944,-102285.8812,2.55538435410817,1.08635478827736,-2.1993514197903,-2.87831312994226,-2.48667152463844,-0.000334948468918128,-0.064488260293345,-0.124378871232722,-0.326478565566312,-1.00055409942651,-0.270607557041677,-0.561955336245284,-0.106296466969704,0.224051459063855,0.139756247432202,0.0983861598926268,-0.173242670991002
88.0167240901059,-102793.8548,-109651.4984,-108635.5512,-102031.8944,-102285.8812,2.85057799153492,1.21540679629021,-1.54672271583188,-3.05208089232919,-2.46184449326427,0.000207318977984983,-0.0704914148276146,-0.10218402509804,-0.349997257213715,-1.05015125305457,-0.280721005467145,-0.55402306727998,-0.121370930654152,0.23720710383453,0.125173175639637,0.0941182476420153,-0.195745148672112
87.9714247610439,-102793.8548,-109651.4984,-108635.5512,-102031.8944,-102285.8812,3.03531439008708,1.25721873576296,-0.955964984161128,-3.15807185829867,-2.34089805963301,-0.000318783794554633,-0.0780962404653849,-0.0841842965121913,-0.367486741893501,-1.08747629515376,-0.28645891630407,-0.544495474628702,-0.133337652829992,0.24296097932467,0.105739746694463,0.0891558377549231,-0.218516066131318
88.0276395029296,-102793.8548,-109651.4984,-108635.5512,-102031.8944,-102285.8812,3.14775002751894,1.2494399046179,-0.450206342169778,-3.18667364081753,-2.14412266663567,-0.000689441703627836,-0.0851779450682812,-0.0704913701896501,-0.378262667155759,-1.11567605017467,-0.289607673956329,-0.535171647342602,-0.141851836823075,0.241018459217144,0.0837004536497041,0.0835989515429958,-0.242741848402104
87.9896341651026,-102793.8548,-109651.4984,-108635.5512,-102031.8944,-102285.8812,3.20829592949329,1.20642017193603,-0.0357121373327374,-3.13685133914265,-1.89645815461202,-0.00197452788076191,-0.0933850426256413,-0.0605554305739204,-0.382601599553986,-1.13742823172498,-0.290836357974468,-0.525456577533681,-0.147314727162339,0.231951712856852,0.0611286751184112,0.0777420553745216,-0.269479198083102
88.0233205831511,-102793.8548,-109651.4984,-108635.5512,-102031.8944,-102285.8812,3.24334633067321,1.15526300450324,0.296142245595178,-3.01859390701014,-1.62146725676583,-0.0025080229396508,-0.0998538991993883,-0.0535459567085326,-0.381868664056782,-1.15513217182422,-0.291345533215195,-0.517132164967457,-0.1504402051273,0.217341508718851,0.0395379171679273,0.0719500283020835,-0.297065670063749
69.6558064342821,-102793.8548,-109651.4984,-108635.5512,-102031.8944,-102285.8812,3.25787765825247,1.09620802604111,0.556887106271958,-2.84382533721922,-1.33639721600443,-0.00334962204071587,-0.106355530515415,-0.0486705024539518,-0.377456406683784,-1.16996071761123,-0.291162496255826,-0.509286070484169,-0.151955013866293,0.198781388197769,0.0197070440340301,0.0664594580121332,-0.325811294974656
69.6462800472373,-102793.8548,-109651.4984,-108635.5512,-102031.8944,-102285.8812,4.40131506746647,2.26725585961097,0.755864297676709,-2.62616520003451,-1.05403871510086,0.278566803308919,0.361340612256605,-0.0458320490127946,-0.371172769985868,-1.18326395775225,-0.371095390014992,-0.713012083396353,-0.152217907014558,0.177805668018812,0.00197111778876735,0.061505975816452,-0.332164695834164
69.7263618655227,-102793.8548,-109651.4984,-108635.5512,-102031.8944,-102285.8812,4.57369832227475,2.44106915098946,1.06086056920377,-2.30113766928848,-0.718050852453032,0.5319338966803,0.581110626987787,-0.0163721216293879,-0.353933020005087,-1.14145151624793,-0.415203774933856,-0.83188728414942,-0.185541339699014,0.145227815474019,-0.0191881075771982,0.067951055156712,-0.58141918154322
69.6932912521666,-102793.8548,-109651.4984,-108635.5512,-102031.8944,-102285.8812,3.78388051468468,1.60810690676429,1.36762595475179,-1.88052082626912,-0.327738633167471,0.739504645563514,0.666947941447155,0.0319712443867743,-0.32790758721525,-1.0545342485588,-0.408033877618837,-0.872235024719446,-0.243998403444509,0.103212767461418,-0.0437105543757725,0.082681367334196,-0.733137316081255
69.6887022311222,-102793.8548,-109651.4984,-108635.5512,-102031.8944,-102285.8812,2.37242565904634,0.106757044956254,1.51723215063299,-1.37689573995627,0.100279782763792,0.887495658568113,0.652394753074454,0.0899237045104471,-0.29482894662317,-0.932100957190059,-0.336500887948448,-0.82839725647438,-0.318623400117026,0.0537277049636986,-0.070571274385332,0.103341484160538,-0.720847477996273
69.6426675643467,-102793.8548,-109651.4984,-108635.5512,-102031.8944,-102285.8812,0.848102481665634,-1.5461422545261,1.48620934613886,-0.800857513591936,0.561211503002241,0.96475649201664,0.542019140607778,0.154011161403965,-0.255925215959806,-0.781946631137643,-0.195926416742487,-0.698456738144537,-0.406715196768251,-0.00163328678091812,-0.0993986127836606,0.130952473674881,-0.555526463982375
69.6443207734753,-102795.859,-109658.422,-108641.746,-102033.352,-102287.521,-0.393869585185783,-2.94672111837954,1.21303171642603,-0.170095951870763,1.02344869959583,0.972342995556978,0.350040068866022,0.216074194723248,-0.213027610141076,-0.613805911487802,0.00384639494134209,-0.497887283901055,-0.500988633334522,-0.0608916051271486,-0.128274932185588,0.160634018647414,-0.268656017078284
69.6753351196053,-102795.859,-109658.422,-108641.746,-102033.352,-102287.521,-1.15219918429268,-3.88080562514148,0.761432668147606,0.499899546163007,1.47371097953997,0.93187374876004,0.111616390021517,0.271583063956484,-0.166647104079246,-0.435667143788791,0.228424044214939,-0.2685892387881,-0.596764229581135,-0.122306544619548,-0.156218609983401,0.182434600032863,0.0535645001597533
69.6642077880183,-102795.859,-109658.422,-108641.746,-102033.352,-102287.521,-1.34434599609867,-4.24707362942735,0.173335644887032,1.1850507532604,1.88078277257277,0.902247488132794,-0.0992639756174611,0.312788743119235,-0.115916275483954,-0.255291890308044,0.412373829681129,-0.0824148331461076,-0.682966459700341,-0.18344783544883,-0.181043037685157,0.178127374659944,0.280452504973656
69.6477958604412,-102795.859,-109658.422,-108641.746,-102033.352,-102287.521,-1.06225962691195,-4.12460700742398,-0.484217187007275,1.85578519778028,2.21066814221508,0.934154857393892,-0.223737543440947,0.331735792936001,-0.0603333686096903,-0.0799556361485614,0.50965619833631,0.014595352477385,-0.746374895067285,-0.241766056448425,-0.20041898861479,0.137267194814044,0.33733617495156
69.6693364972801,-102795.859,-109658.422,-108641.746,-102033.352,-102287.521,-0.545016237790648,-3.72575321429059,-1.15169397135233,2.48645908115991,2.44664323951281,1.01709748067146,-0.269158476524026,0.318665877651789,-0.00211079619958099,0.0840270491752761,0.531775835375193,0.035855359576487,-0.774332097022562,-0.295526629697242,-0.213270976657884,0.0755879562468849,0.263643745594186
69.654342038794,-102795.859,-109658.422,-108641.746,-102033.352,-102287.521,0.0100571163133907,-3.21559543335221,-1.79874224720261,3.04584654426955,2.56192235393935,1.11847502808374,-0.264464430216684,0.264862928362703,0.0549756278217686,0.231700613726957,0.507159772887311,0.00920193779455758,-0.757810105477865,-0.343120271186345,-0.218263785913214,0.0176378743544632,0.1300468807108
69.6795361539823,-102795.859,-109658.422,-108641.746,-102033.352,-102287.521,0.51008578962238,-2.68558596876527,-2.38228762341082,3.48475625088932,2.51133378027899,1.216002539297,-0.231946749841839,0.172807922700862,0.106193755334701,0.358804128570377,0.459264934478647,-0.0431776438792015,-0.70078665105685,-0.382132616510817,-0.212709613546673,-0.0124744532139331,-0.00370275974120204
69.6690738068689,-102795.859,-109658.422,-108641.746,-102033.352,-102287.521,0.871321223521008,-2.21562867770301,-2.87431884242903,3.75863045959576,2.28086057877455,1.28506842414619,-0.198156220203856,0.0547629841828297,0.147328394326188,0.464182212291178,0.410938479100161,-0.099353393613439,-0.618595178008831,-0.410486756747816,-0.194840760408911,-0.00436895555986183,-0.101855033457397
69.6701533275953,-102795.859,-109658.422,-108641.746,-102033.352,-102287.521,1.10782606203156,-1.81831388095787,-3.26507852932897,3.82721758135455,1.87188538609473,1.32589521021367,-0.169095975778802,-0.072048772513881,0.174539808502288,0.545070513698185,0.368835694058837,-0.152397293191124,-0.530860334363792,-0.425751295812807,-0.162040463796659,0.0335676278587655,-0.156279712104078
69.6904035979052,-102795.859,-109658.422,-108641.746,-102033.352,-102287.521,1.23499381608789,-1.49641030415239,-3.54464021200366,3.65960577904499,1.30448875221965,1.34075492815283,-0.148854163811038,-0.189135528363771,0.183545419031027,0.59617960371083,0.335312639508758,-0.199043653472373,-0.457013948861311,-0.425101590284316,-0.111010995772308,0.0866624789925439,-0.177253718728847
69.7181947700129,-102795.859,-109658.422,-108641.746,-102033.352,-102287.521,1.2729915158917,-1.24524577438598,-3.75178077442544,3.29562027371408,0.635389796684052,1.33322574262128,-0.139270291097375,-0.29569276317163,0.172881999414912,0.609954331369579,0.309948863474069,-0.238747031279941,-0.400342699105695,-0.408968649220566,-0.0404064680577028,0.139298569133111,-0.167917308236063
69.7119263223163,-102795.859,-109658.422,-108641.746,-102033.352,-102287.521,1.24543323964568,-1.05630937354869,-3.87995938928759,2.77013333388717,-0.0745217582522884,1.30839217370888,-0.139953454320803,-0.383790463618084,0.139929738412633,0.57786427250803,0.2916446733879,-0.271716084570117,-0.36802543225178,-0.376806651436239,0.0494339771401373,0.183347205431808,-0.133940826581332
69.6972062639369,-107512.7437,-125953.1146,-123221.2078,-105463.8136,-106146.7903,1.1895257493758,-0.911604275653673,-3.96972245567018,2.12987158299279,-0.773032487880812,1.09134464067971,-0.592762914057829,-0.914854186985743,-0.0563573997139315,0.290774884389585,0.346959905306913,-0.0146833400889337,-0.116920856971709,-0.290888812537442,0.19751935313065,0.201690930056181,0.600382611798882
69.6920435474578,-107512.7437,-125953.1146,-123221.2078,-105463.8136,-106146.7903,1.4040265526382,-0.803537274492029,-3.79440824833274,1.53864435396098,-1.40638092669157,1.1290429364242,-0.463118528318113,-0.828827256539853,-0.0764261549296563,0.237120813011252,0.293453977893942,-0.069924021857755,-0.149154109000075,-0.23922843988764,0.285219433528911,0.164749736568233,0.653201667253574
88.9751279823258,-107512.7437,-125953.1146,-123221.2078,-105463.8136,-106146.7903,1.51363257909479,-0.659076835517837,-3.67274464743247,1.03634466916506,-1.79318018658827,1.14777040475693,-0.389815116465222,-0.796714001686226,-0.140946608845809,0.149784873134877,0.248455030851733,-0.118400077320524,-0.178643162495056,-0.190438380293234,0.355724500065199,0.134511609664138,0.537781073085936
89.0338034044846,-107512.7437,-125953.1146,-123221.2078,-105463.8136,-106146.7903,-6.21492301074602,-5.20641589383213,-3.42295869245451,0.682759448220537,-1.9529908635549,-0.357500514895726,-0.728232193769145,-0.547004057364809,-0.0499309339199456,0.294645303126536,0.454935225362938,0.109561316243622,-0.175400284798899,-0.129506001068928,0.457535055224042,0.133676045739456,-0.768436185320995
89.0135417306142,-107512.7437,-125953.1146,-123221.2078,-105463.8136,-106146.7903,-3.62137740948991,-2.42916471936927,-4.38287258324202,-0.116523379246658,-2.35485172212782,-0.0948894440865047,-0.264375149290515,-0.440956601492168,-0.112762460307721,-0.160498548545263,-0.0420106754704985,-0.33962721795327,-0.0354783387031126,0.00855783521893105,0.638829418888426,-0.000684782719865495,-0.4202070991245
89.0573800191915,-107512.7437,-125953.1146,-123221.2078,-105463.8136,-106146.7903,-0.62655597821788,0.29395187459977,-4.22791648458153,-0.906418204237156,-2.98898690777739,-0.00605404783615882,-0.101020498037528,-0.219026549447605,-0.183438359916728,-0.504481545743104,-0.263791472004371,-0.51952065825196,-0.119093352414258,0.133720376842018,0.728262527652099,-0.0188654404957376,-0.38972955320776
89.0046830080532,-107512.7437,-125953.1146,-123221.2078,-105463.8136,-106146.7903,1.31280435119207,1.84812069391533,-3.23208788944849,-1.6849919821871,-3.40006027672804,-0.0073546107203768,-0.0670329763068906,-0.0569014291668282,-0.249272553826813,-0.593479056472269,-0.341796194498848,-0.559001735850841,-0.222186593003745,0.241240434258145,0.671627849730526,-0.00740243591490497,-0.473375813414085
89.0195342404271,-107512.7437,-125953.1146,-123221.2078,-105463.8136,-106146.7903,2.39013842483592,2.52452314419332,-2.00651019920508,-2.48969403896049,-3.43418549378698,-0.0294445369157472,-0.0736338747057346,0.00573753490569828,-0.321823982137204,-0.540692553608594,-0.364749756042204,-0.548602661199093,-0.2620148325163,0.33860342335089,0.513710989498773,-0.00791642883321941,-0.531264545891725
88.99052103448,-107512.7437,-125953.1146,-123221.2078,-105463.8136,-106146.7903,2.97011967764516,2.72411455472657,-0.859279366847119,-3.23316273586124,-3.19928409823086,-0.051833947105294,-0.0933235591486294,0.0146828254973386,-0.389135360607341,-0.483608807849102,-0.367400218337219,-0.522343895681389,-0.258879856146079,0.417143906740982,0.340694348354685,-0.024926591627306,-0.527852324065215
88.9998375314808,-107512.7437,-125953.1146,-123221.2078,-105463.8136,-106146.7903,3.26949076180382,2.68361491797825,0.0741754220352391,-3.75697899373826,-2.81482312724371,-0.0690942718158283,-0.115461048498354,0.00177633083595197,-0.423530348862379,-0.468580246650184,-0.362226905941737,-0.492844686486389,-0.235395565967736,0.455975405264452,0.197559026347637,-0.0514852760343416,-0.482070110054432
89.0573777662881,-107512.7437,-125953.1146,-123221.2078,-105463.8136,-106146.7903,3.4230780697968,2.540922116129,0.780381133862207,-3.97080981540313,-2.36773319141344,-0.0808172115909969,-0.136717406077821,-0.0168377197406002,-0.412181514989371,-0.492021695231877,-0.354665852155412,-0.464668093404806,-0.205646502294908,0.445925794769308,0.0930594173073584,-0.079339768441578,-0.432742352284476
89.0319234496766,-107512.7437,-125953.1146,-123221.2078,-105463.8136,-106146.7903,3.50215744138943,2.36352816287709,1.28646061473803,-3.89084538742776,-1.9090556011456,-0.0882745717388218,-0.156395076898335,-0.0353040629986765,-0.366552572977923,-0.539106854296421,-0.346906250389447,-0.439127692278695,-0.176002939414006,0.397335606561577,0.0206981490102021,-0.103278408548725,-0.399439121397023
89.0201288797262,-163619.3206,-319775.8348,-296641.5364,-146268.5968,-152052.1714,3.56055857110751,2.20113643709624,2.02346816072665,-3.41681207879294,-1.02920009134829,-0.739018885393591,-2.07119668296319,-2.00458438055821,-1.36859667698471,-1.52474777507238,0.158471712164537,1.21529797306643,1.36506579535993,0.84436074208614,0.462450480297256,-0.0937596379996961,4.26836517617871
89.0114529946099,-163619.3206,-319775.8348,-296641.5364,-146268.5968,-152052.1714,1.00557174341874,1.99592573506234,5.97113161546262,-3.34888963490801,-1.05085423162083,-0.689331441928886,-1.23567724962499,-1.22856487945392,-1.0734734738979,-0.672511657680943,-0.343755854050039,1.07852712813145,0.739948375751719,0.663244999540332,0.21328839339193,-0.176201759204915,4.16871281287982
89.0012705179286,-163619.3206,-319775.8348,-296641.5364,-146268.5968,-152052.1714,0.380009064795701,1.85247220837532,6.33305202277967,-2.87935999805914,-0.804628868439551,-0.746675192680797,-0.663499765382994,-1.00078969082838,-0.827109655491867,-0.378696085034363,-0.377620255589722,0.986337265831069,0.723088824134641,0.515081040147251,0.111023213221151,-0.0832950321259602,2.64643308034566
89.0408790640423,-163619.3206,-319775.8348,-296641.5364,-146268.5968,-152052.1714,0.269423250925286,1.7509395160933,6.36811381214336,-2.2731320265232,-0.520422214328065,-0.772893250449584,-0.2761113773023,-0.824985933003013,-0.610344475786277,-0.213501751097915,-0.358787945959019,0.925184588048242,0.751328988777176,0.382212563318364,0.0497051727778532,-0.103196142069223,1.59868349073244
89.0386090378429,-163619.3206,-319775.8348,-296641.5364,-146268.5968,-152052.1714,0.200287000401872,1.66825039612917,6.51853838624285,-1.6381389810513,-0.255235165008131,-0.78744522799856,-0.0191883521845213,-0.63368858425342,-0.422851540149708,-0.10411221858535,-0.34806977866852,0.886520068925075,0.751075714959986,0.268711643618867,0.0093666624505595,-0.151027903856566,0.940381369856581
89.0008267702527,-163619.3206,-319775.8348,-296641.5364,-146268.5968,-152052.1714,0.161538265656191,1.60445207496392,6.695358281664,-1.02178297431668,-0.0192586417871183,-0.794563408510868,0.151540013813047,-0.439873121343766,-0.261271513530161,-0.0272969011126278,-0.341350487340833,0.862002635587528,0.741517787322857,0.175370548169728,-0.0182299604712319,-0.192317321806826,0.518632908610204
89.0292856812533,-163619.3206,-319775.8348,-296641.5364,-146268.5968,-152052.1714,0.141794921414061,1.55862428374036,6.88019835086321,-0.454336058552386,0.179437364489146,-0.796820055962243,0.266199219027762,-0.245762380296043,-0.121509954570726,0.0298661147487991,-0.337209862122213,0.846054778751111,0.72755523203446,0.100416159774945,-0.0374713048480864,-0.224310149877688,0.255850281666563
88.9887655749019,-163619.3206,-319775.8348,-296641.5364,-146268.5968,-152052.1714,0.118898190260609,1.51797154985817,7.0688663062591,0.0495907241528357,0.340858733675375,-0.798531563197258,0.340345515279637,-0.0514675158347657,0.000415311447781619,0.0747544593499043,-0.334682269908622,0.83694834762409,0.710949767640935,0.0412001106107101,-0.0510758293412126,-0.247949325887483,0.0979817793797899
89.0292756270475,-163619.3206,-319775.8348,-296641.5364,-146268.5968,-152052.1714,0.110937493926599,1.49254354917278,7.2532344535814,0.494042323507784,0.473043480631674,-0.797833630724725,0.39127614028731,0.142258762861069,0.10848732199689,0.111627187705473,-0.332828140857849,0.83063726049146,0.69386716528347,-0.00550152386990233,-0.0610149159756088,-0.265194746250579,0.0106555813565841
89.0052835161831,-163619.3206,-319775.8348,-296641.5364,-146268.5968,-152052.1714,0.096353494651467,1.47011007826652,7.43998774555271,0.874046699070647,0.57552270117813,-0.798218517225521,0.423207388587493,0.33670351093977,0.204792717818002,0.142684097192401,-0.331882957464186,0.827472862083989,0.675506694365822,-0.0416482058700907,-0.0681297463651755,-0.277287414712511,-0.031689305495691
89.0006233252842,-163619.3206,-319775.8348,-296641.5364,-146268.5968,-152052.1714,0.0949433932632786,1.45961353898286,7.62228576908517,1.20291937763736,0.657017374220501,-0.79719847721978,0.445832677376721,0.531064984637105,0.291965703961381,0.169285493393218,-0.331087818968049,0.824893302684647,0.657482366506361,-0.0697579792130625,-0.0733589699011348,-0.285392586971319,-0.0436497788228802
89.0493131289446,-163619.3206,-319775.8348,-296641.5364,-146268.5968,-152052.1714,0.0939642053240561,1.45318854803598,7.80820456609203,1.47981992695129,0.717676095226182,-0.796145489993805,0.461228036028636,0.726608543564552,0.371058787542594,0.192106255994382,-0.330799621990942,0.82317796907616,0.638578162946135,-0.0910805119466558,-0.0769964661881464,-0.290293890841163,-0.0363567289112297
88.9962999216479,-134462.219,-219051.302,-206519.586,-125063.432,-128196.361,0.0813425945271149,1.43885203858304,7.98338417555075,1.65107306450126,0.73595044987097,-0.473401972755553,1.41790412440346,1.84148528075576,0.758747552016281,0.545477483646827,-0.587153275247558,-0.000453592666131097,-0.122852878604103,-0.304375525007479,-0.293132579502676,-0.293677963185246,-2.25063651572799
89.017887759542,-134462.219,-219051.302,-206519.586,-125063.432,-128196.361,1.08854013668611,1.45573349476739,6.5229178890627,1.7408898141947,0.640139135445679,-0.462025478476789,0.628287917839174,1.4417392751634,0.587466566128526,0.305006519760269,-0.417951947814222,0.153250221640639,0.118850501632753,-0.242477207770755,-0.237414117544968,-0.267469602735247,-2.21516026863423
88.9911707210111,-134462.219,-219051.302,-206519.586,-125063.432,-128196.361,1.52425171489286,1.45282686306814,5.99372373875767,1.77574545305096,0.611233730717942,-0.454201652954083,0.199065349997333,1.19966753624075,0.447035745242644,0.141500394345456,-0.347742746307436,0.237771950973282,0.198001537220552,-0.198999279695994,-0.200275041989066,-0.279148116763032,-1.37779147409173
89.0345932658544,-134462.219,-219051.302,-206519.586,-125063.432,-128196.361,1.75421555125702,1.4455648052635,5.77273325089095,1.78166082812371,0.612580274031529,-0.44368549308976,-0.0343239103001949,1.03359160822827,0.328749185619472,0.0213285477722422,-0.317043547268294,0.284044993982552,0.225425088854619,-0.167296807079005,-0.173487373499641,-0.260881416685507,-0.698854625521932
89.0154723730137,-134462.219,-219051.302,-206519.586,-125063.432,-128196.361,1.87789896532377,1.43200396365988,5.67551928540408,1.77279657355619,0.628821734404951,-0.434355716865269,-0.163542387099028,0.913172755834921,0.228508035548629,-0.0708171053813729,-0.303874016816689,0.31035548050484,0.233304423332208,-0.143548896928786,-0.153339638083986,-0.226389550578943,-0.275032188037862
89.0201497387493,-134462.219,-219051.302,-206519.586,-125063.432,-128196.361,1.95129628700411,1.42370770041028,5.62674353413692,1.7534134583133,0.650341553617849,-0.426132737026307,-0.233705920529637,0.822143492071106,0.143227177301249,-0.143579026008901,-0.298716960395383,0.324666672791877,0.234434002423802,-0.125214889890981,-0.137698413817747,-0.188184737824912,-0.035688718158795
89.0080865613189,-134462.219,-219051.302,-206519.586,-125063.432,-128196.361,1.99406111184467,1.41800581275986,5.59689381986297,1.73105491058823,0.674750933413051,-0.419928432354723,-0.272253677340622,0.751424973728405,0.0708366774108171,-0.201781841921246,-0.297136275231547,0.332617748650645,0.23362344063824,-0.110997145911143,-0.125440378366796,-0.150755491666814,0.0911158159831116
89.0365234243026,-134462.219,-219051.302,-206519.586,-125063.432,-128196.361,2.02060821049423,1.41570412570759,5.57304093085543,1.70655666869824,0.698931830793342,-0.415227543803525,-0.292906521655496,0.695218670202117,0.00933239803365637,-0.248786994959914,-0.297049287357369,0.336809072152155,0.232862840920534,-0.0998097472027586,-0.115724078321736,-0.117513157123831,0.155516396165563
89.0082841397338,-134462.219,-219051.302,-206519.586,-125063.432,-128196.361,2.03291572284149,1.4112461518063,5.55119901802951,1.68104614700621,0.721582856048343,-0.412531057975514,-0.30520323239621,0.64990348124531,-0.0429180067474562,-0.286878138509692,-0.297397073596095,0.339565178448206,0.232645147255645,-0.0909424514062629,-0.107990535342779,-0.0894104922459107,0.186320805740551
88.9964755870605,-134462.219,-219051.302,-206519.586,-125063.432,-128196.361,2.04347430216816,1.41158757017952,5.52908311462335,1.65537394458431,0.741942097589273,-0.4101672420867,-0.310921872209974,0.612794012442308,-0.0873267813237533,-0.317882225373395,-0.297906269758185,0.340650909012034,0.233209981954865,-0.0838614538398783,-0.101812824312762,-0.0661351659580305,0.200461448395962
89.0251031821679,-134462.219,-219051.302,-206519.586,-125063.432,-128196.361,2.05113380692075,1.41348683337046,5.50850608146578,1.63035982107596,0.760005500389923,-0.408368892442965,-0.313542817665834,0.582396769379862,-0.125038492207231,-0.34302120378257,-0.298415766717582,0.341008683443845,0.234108264136528,-0.0782184839012323,-0.0968957915505317,-0.0470245283485013,0.205211587734437
89.0230844588081,-134462.219,-219051.302,-206519.586,-125063.432,-128196.361,2.0529680497385,1.41259777704084,5.48992748551494,1.60623111383836,0.775760460672743,-0.407719935373407,-0.315882276455959,0.557433095537228,-0.157068484398195,-0.363373857011211,-0.298782889587588,0.341566958375681,0.235160698352702,-0.0737097511806084,-0.092987404851026,-0.031469403285314,0.205163783939892
88.9969774139561,-127730.1112,-195794.9296,-185711.2528,-120167.3536,-122688.2728,2.05308472792038,1.4105395420966,5.46866547935986,1.57747701563343,0.786191349902694,-0.337926011512408,-0.106518408862073,0.73593861142772,-0.122456273184469,-0.312561438811471,-0.359521363159417,0.142270529089175,0.056126295519378,-0.115628171907121,-0.140209036198036,-0.020889380817529,-0.332438052003022
88.9947609319782,-127730.1112,-195794.9296,-185711.2528,-120167.3536,-122688.2728,2.18480568925439,1.39964894020837,4.98092633643192,1.53556931277463,0.804309076911466,-0.341732463871026,-0.241986473483806,0.523975880330134,-0.192131456234279,-0.386744260851145,-0.331009353897705,0.169743985027485,0.130202482301533,-0.0994767554876943,-0.126022063375335,-0.00747403057476248,-0.333566592374098
88.9837065138586,-127730.1112,-195794.9296,-185711.2528,-120167.3536,-122688.2728,2.28304513485132,1.39035273918823,4.68908717232661,1.49699710107717,0.82313187229957,-0.339901769923856,-0.311493262992279,0.375100377245985,-0.244756359034,-0.439104619934511,-0.314913521915709,0.184084946270276,0.17257785817132,-0.0881008147014313,-0.116238716368425,-0.00136083349050864,-0.205201933595289
89.0128248980256,-127730.1112,-195794.9296,-185711.2528,-120167.3536,-122688.2728,2.35572324736553,1.38317391583229,4.51513125653874,1.46224630098767,0.840499263789596,-0.335733167799177,-0.346978905937036,0.270369818545241,-0.284975818007254,-0.476952152348233,-0.306018163883286,0.191539579391891,0.196392894301038,-0.0799429600219972,-0.109316352175436,0.00645156426015348,-0.0968908619020734
88.984106223759,-127730.1112,-195794.9296,-185711.2528,-120167.3536,-122688.2728,2.40574836035135,1.37505312377031,4.41274566342662,1.43120105748211,0.855667152525882,-0.331662944431841,-0.366164243982901,0.196597396480215,-0.316036245799438,-0.505014722229021,-0.301212778624968,0.195904487848098,0.209275516910534,-0.0739700435723052,-0.104282491071435,0.0160970355454211,-0.0280332468864852
89.0249913567161,-127730.1112,-195794.9296,-185711.2528,-120167.3536,-122688.2728,2.44503918166529,1.37270404997673,4.35262857806421,1.40350281322777,0.868293623061959,-0.327348178955845,-0.375216821327363,0.144388497452297,-0.340279089901955,-0.526483257965523,-0.298882899493949,0.197841688657892,0.215974213911198,-0.069477737486078,-0.100500314261247,0.0261204057950906,0.0117369966319796
73.7509546792691,-127730.1112,-195794.9296,-185711.2528,-120167.3536,-122688.2728,2.46664300192944,1.36430168201058,4.31856198113439,1.37887891316207,0.878665701828908,-0.324589863512358,-0.381340967468105,0.107442892757618,-0.359362448662878,-0.543260875618344,-0.297635391972315,0.199644505456065,0.219042665170839,-0.0660428861033782,-0.0975889497268279,0.0353912531566678,0.0330674073041521
73.7407074295141,-127730.1112,-195794.9296,-185711.2528,-120167.3536,-122688.2728,3.81258324972832,2.36236155066362,4.28724486975604,1.35660002079157,0.886721381453526,-0.0135266944346029,0.267223957466634,0.0785865215566304,-0.375811723111951,-0.558079255468215,-0.336186451137695,-0.0303433756258717,0.220962030880647,-0.0633872088093463,-0.0953318175911939,0.0432865233160058,0.105275722758717
73.7620236635877,-127730.1112,-195794.9296,-185711.2528,-120167.3536,-122688.2728,3.91624448521694,2.16498423284145,4.67187159286023,1.41008403240255,0.975524175286921,0.252504955881861,0.579050661155719,0.128801972251878,-0.378451135845594,-0.526012444637075,-0.361787515050171,-0.122711964582197,0.14148362326737,-0.0735526388022087,-0.100504592324977,0.0712167154092143,-0.177855476514505
73.7353362729015,-127730.1112,-195794.9296,-185711.2528,-120167.3536,-122688.2728,2.86698092031052,0.860926098298421,5.13286316726085,1.54245690487741,1.1376207914393,0.439934882781202,0.650989102029129,0.223068304424537,-0.370142803997481,-0.461458343253653,-0.334094409089088,-0.0719466051091695,0.0213901782506574,-0.0937990837602694,-0.110827736391615,0.123674693962975,-0.374547816908944
73.8114785588292,-127730.1112,-195794.9296,-185711.2528,-120167.3536,-122688.2728,1.35855819279281,-0.745586525144589,5.43384364989092,1.75045444393122,1.35529173736968,0.542201956391509,0.563123995762716,0.337360578408592,-0.352757460083737,-0.376941987766259,-0.248908335700323,0.0856151677462331,-0.112222562781618,-0.121494164170947,-0.123800717023996,0.185638663691428,-0.417365853122963
73.7482913813642,-127730.1112,-195794.9296,-185711.2528,-120167.3536,-122688.2728,-0.124838609791539,-2.11219956868133,5.4751193244435,2.0255390078195,1.60921584892971,0.55601657571242,0.373802020482309,0.454846071039171,-0.327839563003295,-0.283941655102922,-0.11501279719317,0.300711241094146,-0.239908893701398,-0.154097297346429,-0.136868554077711,0.244512391544546,-0.347019020274159
73.7448086491798,-120535.0332,-170939.2056,-163471.9208,-114934.5696,-116801.3908,-1.03194972245041,-2.69050120411606,5.28971819614105,2.34826680034297,1.86640093843718,0.691437099732525,0.625437734232356,0.841154398657586,-0.213409849056077,-0.102497286351067,-0.0964561279036698,0.12066806646211,-0.566834519308644,-0.236813642025726,-0.200724077742287,0.28642345561596,-1.07370490159555
73.7648143708399,-120535.0332,-170939.2056,-163471.9208,-114934.5696,-116801.3908,-1.73086849518117,-2.8008130694342,4.33552585426848,2.67424956194158,2.05784315017992,0.603960444852902,0.273081550054833,0.750598527137768,-0.225378380351586,-0.0723642508843128,0.0541827202755827,0.253558153306458,-0.566270062756801,-0.256111275963293,-0.193158980255729,0.315822425557393,-1.12259490075527
73.7601887844904,-120535.0332,-170939.2056,-163471.9208,-114934.5696,-116801.3908,-1.99811704539297,-2.63577375768594,3.29384547301385,3.01076474138611,2.19121539976018,0.567116835813451,0.105357225795544,0.668410016363069,-0.212488970412252,-0.0306322903099172,0.139597115663923,0.305130520361176,-0.532364248315871,-0.278332590765426,-0.181962553511689,0.292246296629536,-0.884432648532815
73.7503362240518,-120535.0332,-170939.2056,-163471.9208,-114934.5696,-116801.3908,-1.98295206145838,-2.3174924520829,2.26449985747826,3.31868237942653,2.24365695281936,0.572922531900858,0.0451239613395131,0.581991174976864,-0.185271162876887,0.0119446875439948,0.171070898534751,0.302787125527156,-0.46693090976552,-0.299902852052534,-0.164577389038361,0.240960444955874,-0.649913292475741
73.7695178873245,-120535.0332,-170939.2056,-163471.9208,-114934.5696,-116801.3908,-1.83312904551839,-1.9562839043992,1.34051044946933,3.55485772594925,2.20306690838717,0.600966896459276,0.0381166213151047,0.490881172008471,-0.15223069748486,0.0498070830715207,0.169676571655849,0.273869529035148,-0.380377183178671,-0.31793292707973,-0.139727713242841,0.186826100817335,-0.467893700249551
73.7619309483553,-120535.0332,-170939.2056,-163471.9208,-114934.5696,-116801.3908,-1.65683220855922,-1.62338140250404,0.589442526334238,3.66893581659187,2.05946933125821,0.631947018406841,0.0500757540211367,0.403763914150893,-0.120258272641443,0.081752446771894,0.153658820444391,0.237216808422948,-0.288942270780729,-0.32951946051262,-0.106927060555186,0.145686424992746,-0.327133646987425
73.7114371758132,-120535.0332,-170939.2056,-163471.9208,-114934.5696,-116801.3908,-1.49351802816216,-1.33852818387416,0.0349987993490259,3.61225880519792,1.80937240939937,0.658563703567175,0.0673176891016354,0.330724587268811,-0.0952228916708009,0.109600255976289,0.133389332270263,0.200940879883989,-0.207801720826281,-0.331667643515955,-0.0665974523803734,0.121246813585572,-0.21016564284459
73.771650279243,-120535.0332,-170939.2056,-163471.9208,-114934.5696,-116801.3908,-1.34468575165629,-1.09502504002181,-0.344721295121715,3.36502822408676,1.46359090653485,0.680823045687625,0.0859058506028916,0.275618849365458,-0.0812580183380902,0.13767421356345,0.112901188932719,0.166967044616389,-0.14482489704234,-0.322449895098485,-0.0204245320632985,0.108610623297338,-0.111252081806819
73.7650025675079,-120535.0332,-170939.2056,-163471.9208,-114934.5696,-116801.3908,-1.25886254870666,-0.918759281416456,-0.585170426903829,2.93987430319274,1.03902860098469,0.688365315545269,0.0933792280933972,0.237338631786407,-0.0808053336514618,0.169350621384808,0.0968175257922024,0.140344791131099,-0.101915897017026,-0.301150093208111,0.0298046833619998,0.102557186182025,-0.0345012728122693
73.7607973490797,-120535.0332,-170939.2056,-163471.9208,-114934.5696,-116801.3908,-1.19963210285702,-0.781432814996222,-0.719791812126829,2.36273608453224,0.563220827493623,0.68870094518023,0.0960727791824851,0.212539908407798,-0.0963944372259675,0.201894590278194,0.0838421255260871,0.117856361539226,-0.0778177126659103,-0.26709352505528,0.082852137978225,0.0988329716017518,0.0290762498039072
73.8029123115267,-120535.0332,-170939.2056,-163471.9208,-114934.5696,-116801.3908,-1.16474474381931,-0.679513681978449,-0.781770510362861,1.70597210670795,0.089068260880353,0.68256592746701,0.0929670908771385,0.195878327014022,-0.126441762287328,0.233327155398314,0.0741766500286301,0.0997198664679719,-0.0685271852676501,-0.22274957096313,0.135948703896736,0.0960747612975439,0.0740719644405221
73.7389503267437,-120535.0332,-170939.2056,-163471.9208,-114934.5696,-116801.3908,-1.1621284052807,-0.613391078204558,-0.8025268797047,1.06250283396005,-0.32680086035532,0.668843947926042,0.0827956212503267,0.182429484974683,-0.165258678046364,0.26272223956493,0.0677316661680889,0.0860521926103597,-0.0684468852666993,-0.173185956424648,0.185313493405797,0.0951851993414223,0.0957346434406574
73.7409247554047,-122175.4709,-176606.1722,-168542.3646,-116127.6152,-118143.5671,-1.1345368132603,-0.540394834912831,-0.807436857891602,0.489205789671743,-0.652345931390272,0.612650070027058,-0.0392249020836175,0.0477943192532635,-0.246662721842753,0.234638563180667,0.0838737204547431,0.14830177845225,-0.00612213867390876,-0.109944564724895,0.243241423567184,0.0935158101318621,0.295077052840472
73.7324422211372,-122175.4709,-176606.1722,-168542.3646,-116127.6152,-118143.5671,-1.04727760637705,-0.485148299531261,-0.696829535190545,0.0623117204539341,-0.869296299430374,0.627748666147141,0.0181140469164518,0.100094230870923,-0.256969855523096,0.291828348209961,0.0612624506093238,0.12306250542854,-0.0272433268794137,-0.0666406090111449,0.269125604320175,0.0860225894544584,0.268829273707286
86.2333499509101,-122175.4709,-176606.1722,-168542.3646,-116127.6152,-118143.5671,-0.989044827048247,-0.415281090281752,-0.595787175024185,-0.23606905872893,-0.942424803363465,0.635323591539922,0.0528293879849784,0.141406173205439,-0.268402494707601,0.347069255289561,0.0442537765168871,0.101513929867921,-0.0470821158045802,-0.0311100907183257,0.282945188558404,0.0878128069235373,0.157636413126177
86.2253233921273,-122175.4709,-176606.1722,-168542.3646,-116127.6152,-118143.5671,-4.94470285137237,-3.25492266646684,-0.437018056091503,-0.423466478846493,-0.892288166991577,-0.241862562066302,-0.460709302257975,0.270079360868934,-0.217891391397352,0.482941923043967,0.190706025436756,0.354753947221053,-0.058353511864274,0.00287267318650763,0.297263737112872,0.100317714784751,-0.509642708034534
86.2169487011342,-122175.4709,-176606.1722,-168542.3646,-116127.6152,-118143.5671,-3.77322492108541,-1.80619433363499,-1.53708645724896,-0.886566121332805,-1.22366739315773,-0.240602027442215,-0.306957484278904,0.199939078182467,-0.245167094704364,0.328661655371533,-0.0318781123838385,0.117467294806788,0.148358476103191,0.0801523767235031,0.356433480936626,0.0270301686674799,-0.325067981615247
86.2125160381166,-122175.4709,-176606.1722,-168542.3646,-116127.6152,-118143.5671,-1.93552637701869,-0.170377344013673,-2.05876052866618,-1.40519055936082,-1.794241294155,-0.19931317480529,-0.210862296529683,0.145345979720695,-0.293339439749978,0.151008348602268,-0.176550696759096,-0.032913219793826,0.247828968501313,0.15522988008069,0.396943967263662,-0.0189457830122279,-0.194241644620023
86.2231159193266,-122175.4709,-176606.1722,-168542.3646,-116127.6152,-118143.5671,-0.611203008313169,0.784917811221547,-1.84757780309607,-1.91483218860481,-2.34323272904966,-0.193279349265644,-0.188781703914721,0.112677018139948,-0.339908884974342,0.0363609812586603,-0.23698251881698,-0.0857806422746157,0.255330388877678,0.218442000570795,0.393577930222051,-0.0312503260161989,-0.147242209419666
86.2332738846751,-122175.4709,-176606.1722,-168542.3646,-116127.6152,-118143.5671,0.143273889597424,1.14878926858206,-1.25380782255442,-2.4063301995062,-2.67695619483916,-0.204356632936914,-0.200493299201952,0.0730238833984487,-0.382333032364485,-0.0128545192874725,-0.253896342215545,-0.0880336747984665,0.236897756991474,0.270250269576027,0.344582221974657,-0.031359732703649,-0.126623443590264
86.2494730998094,-122175.4709,-176606.1722,-168542.3646,-116127.6152,-118143.5671,0.522135629917614,1.17441727007805,-0.609736413072895,-2.86403527967438,-2.76474714825768,-0.219093164748699,-0.22347803947337,0.0199283855815438,-0.4210644470676,-0.0325718564701276,-0.252251067759972,-0.0694887617160624,0.224513421077603,0.311546358702132,0.270676426673649,-0.0337221440473527,-0.0914443748444409
72.2718191231223,-122175.4709,-176606.1722,-168542.3646,-116127.6152,-118143.5671,0.656661395348095,0.991737301736606,-0.00250809454554712,-3.26082431649661,-2.68209420903149,-0.234191511868985,-0.252401148073027,-0.0308505770706162,-0.454472368971309,-0.0543975187568009,-0.242019533547773,-0.0405172983341124,0.215905052463406,0.341784904527134,0.196256964118893,-0.0394807195923832,-0.0278936669420489
72.2313550311145,-122175.4709,-176606.1722,-168542.3646,-116127.6152,-118143.5671,1.22512101743504,1.12848444062185,0.398493880470397,-3.52688142659748,-2.48527481513845,0.0287529238384678,0.268352967013016,-0.0928126489479979,-0.483268883540724,-0.095125067538163,-0.241111451271252,-0.183950348337741,0.219497581703189,0.353518535484908,0.130393011405632,-0.0471452977028548,0.242935319396496
72.2701721252978,-122175.4709,-176606.1722,-168542.3646,-116127.6152,-118143.5671,0.224917072329433,-0.291983373827236,0.900219960893423,-3.50112144066995,-2.02314635247669,0.183951722339074,0.382684782725143,-0.100383551040572,-0.477996984024173,-0.0685083827723787,-0.15847209238861,-0.11666368888805,0.159253414553593,0.329777108788045,0.0652805354566461,-0.0423809911509778,0.24175902051037
72.2356191769205,-137546.6828,-229706.7224,-216053.3832,-127306.6784,-130720.0132,-1.72335569156064,-2.63114485011769,0.909820049330378,-3.15527216878864,-1.35845792437355,-0.128607859021514,-0.687572492512764,-0.796382601969725,-0.772834968149397,-0.314657364712247,0.243902407820348,0.815116275510716,0.573198502474457,0.406904916877387,0.142724212027918,-0.0334675656852994,2.0968816626042
72.2679032106771,-137546.6828,-229706.7224,-216053.3832,-127306.6784,-130720.0132,-2.72763370445674,-3.80218450849848,1.53320196182389,-2.58996722983703,-0.80591299178829,-0.0613502777134087,-0.457384956168099,-0.579953633058828,-0.596955838760131,-0.027724254714343,0.300390857104668,0.995473986673244,0.36256514849015,0.296413929557065,0.0445497762695435,-0.11155113197546,2.47976918394113
72.1837226713143,-137546.6828,-229706.7224,-216053.3832,-127306.6784,-130720.0132,-2.85431276622026,-3.83082200932647,1.58244214756034,-1.8528248264798,-0.25241068261208,-0.0100402139243059,-0.330455625260463,-0.451723386878676,-0.424814292506738,0.153644417507195,0.344977949329207,1.05315607596032,0.244483408058679,0.192060812910263,-0.0125444782440796,-0.177027622764633,1.91390608459816
72.2502056544968,-137546.6828,-229706.7224,-216053.3832,-127306.6784,-130720.0132,-2.35545064047922,-3.15471795741112,1.34628349426592,-1.04720577701887,0.209045963016436,0.10452725147109,-0.144878573285219,-0.379922439461289,-0.251808534446113,0.271339577087993,0.316919978724104,0.980672110727272,0.211587015367036,0.100279415917833,-0.035829212870083,-0.231127047473166,1.17809904438051
72.2476050060275,-137546.6828,-229706.7224,-216053.3832,-127306.6784,-130720.0132,-1.69117084058209,-2.28513339627463,1.07527267461739,-0.283759748882659,0.527345741505428,0.243569913045214,0.0614572962999986,-0.322401806960649,-0.0872498958741872,0.343646089044206,0.242443855190747,0.854272019550532,0.23421056244409,0.025622191222372,-0.0311176499268269,-0.241602007080267,0.592772101786766
72.2595748958879,-137546.6828,-229706.7224,-216053.3832,-127306.6784,-130720.0132,-1.09150701135954,-1.47547999196983,0.893602984482911,0.33544365810144,0.6885519652797,0.364730432546118,0.252317765647341,-0.240949131369653,0.0560221591159689,0.384211279729257,0.161776486922794,0.723902227815732,0.275962714404192,-0.0282301684297814,-0.0057327661210238,-0.209660771344431,0.252234158496663
72.2796058872342,-137546.6828,-229706.7224,-216053.3832,-127306.6784,-130720.0132,-0.644809679340213,-0.82058573153563,0.887838697303692,0.713832509302051,0.672773524947829,0.449234394720044,0.408625979237399,-0.0994096394477069,0.166492604538476,0.406640707071176,0.0938978678193001,0.610895907555034,0.299562620265108,-0.0567992545724125,0.0341808803497399,-0.157722273098663,0.0941920787095789
72.3050268403694,-137546.6828,-229706.7224,-216053.3832,-127306.6784,-130720.0132,-0.351016198218019,-0.329969076640651,1.04883825388842,0.807720191293811,0.504489816975223,0.496302079765087,0.525991151972292,0.103418259969615,0.234254264256137,0.41964189616872,0.0436095933050362,0.519872282151316,0.291596496406989,-0.0579516865030847,0.0806033310275931,-0.111841210173047,0.0421102094610184
72.2509323799621,-137546.6828,-229706.7224,-216053.3832,-127306.6784,-130720.0132,-0.178020184409419,0.0177808964124466,1.30073042128737,0.674932310810476,0.246523632133744,0.512616457471637,0.605635791209508,0.337793842925137,0.258492988983434,0.422790976486006,0.00880287155818626,0.449157724791819,0.260707601799456,-0.0362857747436343,0.125401335664562,-0.0838456620056505,0.0432245883700073
72.2634793184621,-137546.6828,-229706.7224,-216053.3832,-127306.6784,-130720.0132,-0.0480852286483326,0.280092768931894,1.60128715507368,0.393331999828177,-0.0247001468531209,0.515795479715692,0.661268170554116,0.582324075386808,0.242682631184735,0.411124343218241,-0.0163898828219367,0.391931249553354,0.214402318066646,0.00258172841427173,0.162387024197959,-0.0694158144827668,0.0651302308034598
72.2693396729827,-137546.6828,-229706.7224,-216053.3832,-127306.6784,-130720.0132,0.0202576990079137,0.4559304220125,1.919738568409,0.0748723608378867,-0.224741447223309,0.506032902969231,0.693149308732501,0.823406417775402,0.203349506136114,0.391654587807359,-0.0337262737126913,0.348971549264729,0.161020214128352,0.0489723885155937,0.185439349720502,-0.0573603663197417,0.0769509192416571
72.27747553195,-137546.6828,-229706.7224,-216053.3832,-127306.6784,-130720.0132,0.0621305979125424,0.582993352764944,2.22067296870898,-0.199054076638177,-0.321529931435549,0.493237246066805,0.713602781677977,1.05049336019528,0.158344839579939,0.37112556328988,-0.0468446543318723,0.314983697335206,0.109643287851305,0.0945245427829642,0.193659424443148,-0.0431489078981286,0.0777283573830445
72.2950124852552,-127224.0507,-194046.7206,-184147.0658,-119799.3096,-122274.2233,0.0877147420620616,0.674085950066655,2.49140426492629,-0.341339640254347,-0.30620894514405,0.854760740737348,1.57915858685639,2.24071647259278,0.610646875824642,0.990338430924268,-0.183416979753763,-0.117359885843835,-0.245877646941356,0.0720650305851329,0.148282279794718,0.0121744321397657,-0.875186144514025
72.2531005321398,-127224.0507,-194046.7206,-184147.0658,-119799.3096,-122274.2233,-0.318135811178152,0.819725944292827,1.97049077423786,-0.675737869744438,0.00107588748700493,0.66720517968902,1.11152179850227,1.78474046545363,0.179795038076634,0.852744384785971,-0.0573324500182806,-0.0480998713572922,-0.191795730538877,0.0976208398793132,0.157999881060875,0.156812372457004,-0.877044289403326
72.2496071763055,-127224.0507,-194046.7206,-184147.0658,-119799.3096,-122274.2233,-0.401502352661154,0.836083228563155,1.55219814323365,-0.784118958168236,0.246153610247475,0.595301457907304,0.819751286705213,1.44612894060697,-0.0227188003654248,0.811490457997955,-0.00406358152737729,-0.000131862053264431,-0.146398083040433,0.116372854184787,0.147638887047147,0.234819894437727,-0.611040004817596
72.2677830403267,-127224.0507,-194046.7206,-184147.0658,-119799.3096,-122274.2233,-0.373949724841665,0.790199279970764,1.26743471812381,-0.785136985079291,0.46447390609508,0.571388054556671,0.630348233618484,1.19990997364717,-0.108512802216353,0.819283274363897,0.0162293265866462,0.0348802403943722,-0.117776444531483,0.130928838377769,0.127226019906122,0.252002341417054,-0.418815932721476
72.2716694757343,-127224.0507,-194046.7206,-184147.0658,-119799.3096,-122274.2233,-0.322213013577439,0.718587285214795,1.08915923062563,-0.742245394997198,0.659985975444613,0.565420052448218,0.502514505980351,1.02381013902765,-0.135733318819248,0.844152596533732,0.0219006049745465,0.0610967555788311,-0.102819619565334,0.143481945258398,0.10399427859361,0.24078889204479,-0.300831748948596
89.7378992191994,-127224.0507,-194046.7206,-184147.0658,-119799.3096,-122274.2233,0.167874645703833,1.15271280766585,0.987997936013798,-0.685584696292565,0.831056968116798,0.694868489151474,0.588915805277068,0.941374319498102,-0.0977070846619839,0.91446589749831,-0.0568144639424468,-0.0216319161256644,-0.0859456705434645,0.161763642556386,0.0917910876080796,0.217011538058685,-0.37304916786565
89.7451564435849,-127224.0507,-194046.7206,-184147.0658,-119799.3096,-122274.2233,-4.57843288955542,-2.14525740774297,1.41966412087535,-0.627944045582822,0.991957134549551,-0.328037838473939,0.201153145003175,1.31833767375492,0.211635800690352,1.29181864226088,-0.0507082704849262,0.172923733141099,-0.0930070922429307,0.230440538112273,0.151118818932139,0.209728236321062,-1.70321477934707
89.7126648748068,-127224.0507,-194046.7206,-184147.0658,-119799.3096,-122274.2233,-1.98246259005589,0.330519772129378,0.157015172348153,-1.45001912075872,0.28835213141133,-0.290802965467073,0.152409238750117,1.295377036513,0.0742311929980772,0.947567800158595,-0.284002737674265,-0.0250090160362131,0.130086588245804,0.359721034810642,0.269070816344453,0.0989717361260745,-0.991886205518385
89.7242967382071,-127224.0507,-194046.7206,-184147.0658,-119799.3096,-122274.2233,0.390125653496298,2.1367537151673,0.111187129770855,-2.38138644716359,-0.746020891323795,-0.281699643859234,0.0154422628862818,1.19848631987857,-0.0923075880236581,0.671417005356545,-0.367921904203092,-0.0742638707686161,0.174974793348998,0.464578659730021,0.307894324703184,0.0509905726811866,-0.605301159091503
89.7505327415505,-127224.0507,-194046.7206,-184147.0658,-119799.3096,-122274.2233,1.76945965715666,2.91094490183636,0.934740300684155,-3.21556092251895,-1.56948914281085,-0.296323025733003,-0.111616080174741,1.03912241729556,-0.212756770152858,0.53366465876595,-0.383324953710816,-0.0550409823171227,0.15774832319796,0.530275270661505,0.256644493256036,0.0281315713067443,-0.394657898080133
89.7716877870321,-127224.0507,-194046.7206,-184147.0658,-119799.3096,-122274.2233,2.47902066510126,3.09065867173243,1.95172800454512,-3.79537331168387,-1.98887848993731,-0.312223546273856,-0.204631788609696,0.852186813330228,-0.26608117758029,0.438380507896099,-0.376387123158032,-0.0169581395231089,0.145652293781025,0.544656106266238,0.16631204617845,0.0077052004720386,-0.253269859089899
89.7551149423459,-127224.0507,-194046.7206,-184147.0658,-119799.3096,-122274.2233,2.81910314551452,2.99939155897329,2.82694254491335,-4.02287890473538,-2.04954045004516,-0.323431840806279,-0.268331180341384,0.673967407636582,-0.253004401653655,0.333095773325851,-0.363909718708919,0.0223070923347721,0.146131328695172,0.504126613708282,0.0803698735770548,-0.0137306013312184,-0.14064148821822
73.0565890473501,-127303.2166,-194320.2028,-184391.7604,-119856.8848,-122338.9954,2.57650863699257,2.34413096106223,3.4764035779441,-3.9203393743794,-1.87498738992994,-0.348847289940863,-0.344556571144608,0.516448116439172,-0.205183951940789,0.21168960047914,-0.333487967946122,0.0886428294520141,0.155542460525658,0.425981603453812,0.0151942552175031,-0.0319484311036007,0.00370198697440216
73.0689780648236,-127303.2166,-194320.2028,-184391.7604,-119856.8848,-122338.9954,2.44369510915644,1.54929403305761,3.78226648212579,-3.58092767005695,-1.57969556790775,-0.104549663149406,0.219174749818293,0.373334591781216,-0.158770669828982,0.0818677092122329,-0.283187176160464,-0.0218733905754138,0.173185722639605,0.331994918390755,-0.0315505484413543,-0.0420550904776533,0.35285830179363
73.0777010176988,-127303.2166,-194320.2028,-184391.7604,-119856.8848,-122338.9954,0.783044723392265,-0.583006921800134,4.05908996159923,-2.94616042086147,-1.04296689761344,0.0420803039538171,0.344710402903509,0.305213645175058,-0.0988261492520479,0.0288126151811596,-0.178883167628692,0.0776471638365601,0.122960981518734,0.227569619807912,-0.0753156063085154,-0.0425377093086539,0.395300129635547
73.0708497189963,-127303.2166,-194320.2028,-184391.7604,-119856.8848,-122338.9954,-1.16997949810649,-2.73347952159897,3.92168507709539,-2.12225543468784,-0.421311943197523,0.0925143256817336,0.209718482521531,0.264726107039735,-0.0410911974018404,0.0283051229583862,-0.0154058401219506,0.31455772432218,0.0576785151411305,0.124082526623615,-0.113371219601211,-0.032709833252504,0.566367856965861
73.034662887945,-127303.2166,-194320.2028,-184391.7604,-119856.8848,-122338.9954,-2.57042782804783,-4.06338280510512,3.37992966808552,-1.19617655846574,0.187145495036233,0.0847155869116989,-0.0150662194304658,0.232318549317959,0.0136146835207782,0.0629837487937763,0.167006785410055,0.567240497515609,-0.00187199998135301,0.0272551598701749,-0.14360198168661,-0.0328633410283246,0.796007604132333
73.0424935925727,-127303.2166,-194320.2028,-184391.7604,-119856.8848,-122338.9954,-3.15674255182999,-4.42597210895798,2.58074200033231,-0.233912235702277,0.71518830472094,0.0883726082152876,-0.176433673319693,0.198835521908087,0.0710086289199268,0.119239590400262,0.303845277472061,0.723377598968014,-0.0413168276784672,-0.060131833217272,-0.163427516189941,-0.0604118091273449,0.917571519858189
70.1666408183944,-127303.2166,-194320.2028,-184391.7604,-119856.8848,-122338.9954,-3.05534592563517,-4.07873251288852,1.71565070091518,0.703094157775482,1.10967215437334,0.155179124094296,-0.212831017497699,0.162060453033575,0.133968364381438,0.183390376156979,0.352267628852048,0.752468453851804,-0.050570924502352,-0.136007895990621,-0.16978167255942,-0.121244951887178,0.857886996974456
70.096828686872,-127303.2166,-194320.2028,-184391.7604,-119856.8848,-122338.9954,-1.87498280169383,-3.1350458289115,0.951244728503923,1.5581798043882,1.34844495070298,0.412796902539988,-0.00123024761595758,0.1113505686967,0.189728001820185,0.232553086178633,0.315889750521464,0.67067522735924,-0.0300034181115398,-0.199727448323452,-0.161532316001991,-0.191184044512788,0.811432815351804
70.1771292698931,-127303.2166,-194320.2028,-184391.7604,-119856.8848,-122338.9954,-1.14860833132994,-2.6831565010002,0.576771166506632,2.32322416664177,1.47698478444934,0.539282833588302,-0.0079397833176813,0.078527671171571,0.237030395495466,0.280342921584541,0.335601459885908,0.698204134589316,-0.029619521806004,-0.257496826194513,-0.144675578961164,-0.211580698938796,0.712256833910143
70.1539583908188,-127303.2166,-194320.2028,-184391.7604,-119856.8848,-122338.9954,-0.667167046612335,-2.30956880402103,0.369862170897136,2.92544285494196,1.50162048996309,0.579227730632965,-0.0770685009273464,0.0558066536075756,0.277546727626266,0.321008744367305,0.36428152179716,0.72678646580316,-0.0190020136583957,-0.303588163260667,-0.117625328300052,-0.187392418772916,0.597869132331679
70.1497999189435,-127303.2166,-194320.2028,-184391.7604,-119856.8848,-122338.9954,-0.171714057728082,-1.75856327293742,0.182423736233105,3.27840735006384,1.41116266414008,0.62680992766203,-0.0675891957415047,0.0461722204788089,0.311326133680346,0.359377498106696,0.345828544963801,0.683452357144259,0.0203952193559758,-0.331526571324517,-0.0797574765555531,-0.166207370878418,0.464754725892723
70.1651677558529,-127303.2166,-194320.2028,-184391.7604,-119856.8848,-122338.9954,0.246687447989018,-1.1729944502173,-0.00150510421013905,3.36178041734136,1.20138665329624,0.67157189182948,-0.00742347755463868,0.0495023385244977,0.33114066683472,0.398546861012711,0.300064019141234,0.601168224235223,0.0777637766812584,-0.339929495604073,-0.0342432534463282,-0.158765362623917,0.371986636035604
70.1324212542541,-121874.8409,-175567.6322,-167613.1446,-115908.9752,-117897.5971,0.550699875821621,-0.643468793536016,-0.103948044953981,3.16363607153467,0.879906007270662,0.909868161648063,0.540988904618871,0.567609294733799,0.487479200016075,0.637431329748367,0.178661683897922,0.268606198169144,-0.072165312278365,-0.364433478070234,-0.0291231306740138,-0.129105822140659,-0.260865912326048
70.1637809740254,-121874.8409,-175567.6322,-167613.1446,-115908.9752,-117897.5971,0.525732734873401,-0.214621251673378,-0.508623565913197,2.60756524039144,0.461457175180556,0.833750034246471,0.346916914889512,0.346157056025277,0.295840135221447,0.614194425447842,0.198621241037281,0.23926628042355,0.00372210954669772,-0.326947784212663,0.0360942529294872,-0.0479685032990105,-0.246281017872128
70.1708525993606,-121874.8409,-175567.6322,-167613.1446,-115908.9752,-117897.5971,0.568489314171288,0.0447946136320212,-0.76238869545476,1.96579604732588,-0.0242189222941249,0.787480279842462,0.224471204854517,0.18120684179307,0.156115565954082,0.587772513203454,0.196665916467364,0.209612081784244,0.0415187221785427,-0.272186840043326,0.0998684897265401,-0.00496409593130664,-0.0262554939743396
70.1197947181648,-121874.8409,-175567.6322,-167613.1446,-115908.9752,-117897.5971,0.63422896151323,0.206342117610873,-0.914808640614467,1.33623748887558,-0.490563081346451,0.75493777988126,0.14096413567971,0.0506699815127973,0.0307322514927932,0.530384756773699,0.184535727663857,0.181051999802429,0.0523425806314788,-0.208969113624201,0.159031141543087,0.00688322063201241,0.158540898090404
70.1523869809223,-121874.8409,-175567.6322,-167613.1446,-115908.9752,-117897.5971,0.719704954405572,0.319179213545169,-0.982304844590089,0.83086395018853,-0.838301020544122,0.733754888995378,0.0848140529741386,-0.0466116180550316,-0.0793446566653699,0.446665615554799,0.168831786109172,0.154728562770092,0.0431218640948927,-0.149376970796212,0.204418305301243,0.00988022009651957,0.264954847799221
70.1787869364912,-121874.8409,-175567.6322,-167613.1446,-115908.9752,-117897.5971,0.766866255664382,0.378778865790466,-0.999268908581286,0.504906926872579,-1.03501834825347,0.71188152864498,0.0392688027468395,-0.117447212973104,-0.161636243878768,0.354068014017678,0.155639862651002,0.13530678454994,0.0249179048026762,-0.10246643917351,0.231199826887202,0.0153415133384485,0.301958290284336
70.1414181694484,-121874.8409,-175567.6322,-167613.1446,-115908.9752,-117897.5971,0.789686833031936,0.411389657305008,-0.991883062662211,0.367975925603446,-1.0594811373431,0.693215345096249,0.00570661768016834,-0.165112652942476,-0.202777927770541,0.284081880714439,0.14528039275572,0.12098297822958,0.0058199207568479,-0.072628486990951,0.236174873690882,0.0218465247034558,0.297602126681461
70.1868231957048,-121874.8409,-175567.6322,-167613.1446,-115908.9752,-117897.5971,0.827278477156568,0.447715402513296,-0.977845118249689,0.349984158293722,-0.958239657057618,0.684108390628666,-0.0124777619255738,-0.19819209611525,-0.211361161506986,0.242385100752557,0.135351566031183,0.107546165428082,-0.0108494823742151,-0.0547633343041118,0.224866539928256,0.0262381955470161,0.27699053026622
74.8702793215869,-121874.8409,-175567.6322,-167613.1446,-115908.9752,-117897.5971,1.31829499133872,0.99657553126147,-0.93971738201563,0.385445007253992,-0.775952950778986,0.851502421439385,0.189951686525418,-0.158303688787967,-0.150790736072302,0.297517726688888,0.028060843122804,-0.0186322163549857,-0.0104471602300782,-0.0344219446166973,0.219759945460315,0.0281829755060414,0.071067343644712
74.8395897997547,-121874.8409,-175567.6322,-167613.1446,-115908.9752,-117897.5971,0.215198756790883,0.854461227564144,-0.614225881261518,0.425380923783521,-0.533744002645022,0.780036267046448,0.2869590580421,0.105215595390618,0.0261070856884515,0.527721602993758,-0.0873165902717377,-0.112938120432287,-0.0323493601383675,0.00596136644679168,0.24584683673705,0.0556518575092042,-0.522088320741755
74.8004446133611,-121874.8409,-175567.6322,-167613.1446,-115908.9752,-117897.5971,-0.107447393151091,1.10320548435732,-0.355908102295146,0.254630868637506,-0.290665609391553,0.763825062944292,0.362751740682953,0.32599351995777,0.0841621507788304,0.590351911982076,-0.167882157055273,-0.202423107419955,-0.077265222513561,0.0659465988528827,0.277265837340199,0.0253244628266884,-0.47123976064313
74.8816387921082,-121874.8409,-175567.6322,-167613.1446,-115908.9752,-117897.5971,-0.415536667018728,1.06744977415048,-0.047336174211523,0.0114862197197709,-0.022030573334888,0.696001116092411,0.33367038666961,0.482912731485499,0.086066222773745,0.631948359792922,-0.169513256737715,-0.210260565313011,-0.150826822865144,0.124546808943429,0.279900704022599,0.00587005566814724,-0.328460971246548
74.8290851155677,-128325.3586,-197851.2388,-187551.1084,-120600.2608,-123175.2934,-0.80070911890428,0.804241648466189,0.20755068185214,-0.270342379184058,0.318747662828699,0.407286696176584,-0.217333494392662,-0.00346379868017976,-0.243760481752929,0.327583777643106,-0.0456172055217161,0.104104303248685,0.0167824187842509,0.211354724575793,0.261460812610237,-0.0199722792308989,0.433170057972088
74.8381774564786,-128325.3586,-197851.2388,-187551.1084,-120600.2608,-123175.2934,-0.877451784412983,0.503248805931435,0.675281279004508,-0.392335654571525,0.503895732692527,0.429399812415717,-0.0215109399217326,0.306263947402662,0.0144527670362748,0.597466283596013,-0.0694879369947632,0.0991979811164247,-0.0518287589908644,0.25835928726498,0.197857885318803,-0.100722950233674,0.555000261008077
74.8447087359677,-128325.3586,-197851.2388,-187551.1084,-120600.2608,-123175.2934,-1.02555398128527,0.280405831132782,0.946778106436653,-0.532095801268937,0.788562163302146,0.420170588185727,0.0801746583278344,0.492450709478469,0.149147911111228,0.790416285705241,-0.0682318724742821,0.106466727531942,-0.087294028194139,0.284046567602101,0.136714490742434,-0.171731959537581,0.483251271161905
74.8486338892986,-128325.3586,-197851.2388,-187551.1084,-120600.2608,-123175.2934,-1.16831823771321,0.124489124002281,1.05642928571153,-0.595344848215476,1.06100055129997,0.403547069703151,0.134575553332162,0.595880158179789,0.242407919503144,0.923084213470709,-0.0583799798670124,0.116668494050748,-0.0967169554408418,0.287243160189163,0.0856787209326444,-0.210739508160863,0.4195835822362
74.8305345617292,-128325.3586,-197851.2388,-187551.1084,-120600.2608,-123175.2934,-1.28527800018604,0.0149604498865443,1.06910548532481,-0.565514143068228,1.27642298095442,0.388127200401165,0.164425195869349,0.649048026025191,0.326080986567192,1.01022353618721,-0.0466144193644951,0.127040059287952,-0.0914114160328365,0.271979297980782,0.0474731936726389,-0.22836430299661,0.382634425667247
74.8336043887479,-128325.3586,-197851.2388,-187551.1084,-120600.2608,-123175.2934,-1.36577342687451,-0.0569031884556068,1.0301983937858,-0.461241962835444,1.42135186081435,0.378161674994281,0.183069554407673,0.671869682964562,0.407075202287288,1.0632336811931,-0.0362225403137968,0.135639740732932,-0.0789538525346676,0.244445167211406,0.021873163907975,-0.233599924108859,0.36397200125489
74.8505442265328,-128325.3586,-197851.2388,-187551.1084,-120600.2608,-123175.2934,-1.42637023226897,-0.110651712398436,0.97369598297928,-0.318883453244979,1.50398059117819,0.371108289072531,0.19362736876699,0.677896668968458,0.481254497691403,1.09281591140252,-0.0274259631842035,0.143446772071131,-0.0649217034208784,0.212018211913765,0.00646641207251308,-0.232079501142309,0.353667039222588
74.8112915878787,-128325.3586,-197851.2388,-187551.1084,-120600.2608,-123175.2934,-1.47412698752929,-0.152613315407791,0.915866136669337,-0.16884783501132,1.54349172647943,0.365835723457288,0.199293207735884,0.675456789516289,0.544557340908504,1.10822414044598,-0.0204194174815697,0.150237555218618,-0.0517311369246953,0.180125427018484,-0.00201484303858557,-0.227024697151421,0.347210653156857
74.8094774976574,-128325.3586,-197851.2388,-187551.1084,-120600.2608,-123175.2934,-1.49267578232654,-0.173188193545187,0.861051195329495,-0.0314625067225194,1.54903213816411,0.365751039173894,0.205800342339579,0.667922001410318,0.594107608637316,1.1127742927114,-0.0158133724448799,0.154330680323454,-0.0399982673031536,0.151779773018297,-0.00530896350727916,-0.220024629075404,0.346342328257089
74.8296011718046,-128325.3586,-197851.2388,-187551.1084,-120600.2608,-123175.2934,-1.50325767550918,-0.187286452038975,0.81846968067353,0.0853707920101385,1.5346386764019,0.366828047462214,0.210480640815447,0.659493435471028,0.631192022950302,1.11212541908443,-0.0127791164733067,0.157448726072077,-0.031045904121473,0.128165663039308,-0.00542728909784795,-0.211150655856692,0.34268045438627
74.8337330383367,-128325.3586,-197851.2388,-187551.1084,-120600.2608,-123175.2934,-1.5129594790502,-0.198162204593913,0.786585644115661,0.176007224236145,1.50755541375506,0.367512188011027,0.213375011767688,0.651761287664506,0.656582271616273,1.10816199592099,-0.0110024720681481,0.159721755688846,-0.0243710691290748,0.109845736742063,-0.00337251924437387,-0.200690132875003,0.337391335986169
74.8459372213618,-128325.3586,-197851.2388,-187551.1084,-120600.2608,-123175.2934,-1.52005609557703,-0.206819598298978,0.761891051274802,0.23984518091892,1.47392724837152,0.368062153427758,0.215185234162277,0.644755027126124,0.671332009307172,1.10174104518093,-0.00973997486641531,0.16153456647237,-0.0193007973476602,0.0964702249453833,-0.00012747145076375,-0.189031505320649,0.3347202217212
74.798260614194,-129715.2713,-202652.7554,-191847.2022,-121611.1064,-124312.4947,-1.53420655899235,-0.221889689580323,0.743341063234169,0.279997221488713,1.43827476564611,0.325677514512918,0.115557641886319,0.530586662750224,0.621419124464339,1.03225083879298,0.0105170630580966,0.222452271680483,0.0328345868742317,0.0962227323172393,0.0136476997567083,-0.178967053052453,0.478398892090226
74.8767058168818,-129715.2713,-202652.7554,-191847.2022,-121611.1064,-124312.4947,-1.48260311589674,-0.219777248407397,0.813766613430488,0.325547201943692,1.3672610323453,0.348558453222481,0.178514639411461,0.585129963813117,0.681086826394633,1.04915840471874,-0.00483639215270593,0.210902754377252,0.0245140986890147,0.0912442789590764,0.0146516048277743,-0.177098836858406,0.479790756659325
74.8276526968546,-129715.2713,-202652.7554,-191847.2022,-121611.1064,-124312.4947,-1.49558333753401,-0.235427887946926,0.879052301473621,0.33683039641042,1.32214146418295,0.352650837615982,0.209058851043928,0.631382676265005,0.706355875577913,1.05357487938173,-0.0105399824149113,0.206907193794704,0.016358439326583,0.0887438231643505,0.0173620572351232,-0.170081872763276,0.435053691402715
74.8436320535233,-129715.2713,-202652.7554,-191847.2022,-121611.1064,-124312.4947,-1.4901016117923,-0.22220441244886,0.919926303111538,0.326518305607721,1.29044174149945,0.357117144371351,0.232723166154379,0.667020697597302,0.711239228945651,1.05062882035415,-0.0139958490638339,0.201452042016875,0.0118712779047088,0.0884279650537065,0.0206951253717866,-0.158121929737639,0.404136966925329
74.8261928416202,-129715.2713,-202652.7554,-191847.2022,-121611.1064,-124312.4947,-1.49575242440238,-0.213724093909221,0.950726797871553,0.306305919028489,1.26856200680115,0.357720168297533,0.246396437737303,0.695228876575619,0.705964096538722,1.04657573654618,-0.0152947739772542,0.198215249949281,0.00859997427177728,0.0894692278323848,0.0237079794588717,-0.143689145983409,0.380392191169552
74.7943673591774,-129715.2713,-202652.7554,-191847.2022,-121611.1064,-124312.4947,-1.49841914510517,-0.204815208725563,0.970837449921476,0.28072681442616,1.25300382895583,0.357972157490153,0.255463672670899,0.71638006077157,0.694925488545429,1.04224269644904,-0.0154540149219051,0.195997685588393,0.00666277816278971,0.0913767393247431,0.026152682176543,-0.129052747490469,0.366659915068304
74.8419624938902,-129715.2713,-202652.7554,-191847.2022,-121611.1064,-124312.4947,-1.49173993753931,-0.191665690522981,0.984775900464058,0.254002745153116,1.24272087885315,0.359800900203972,0.263075504806793,0.73205848135494,0.681528161368107,1.03899122387811,-0.0155789979326744,0.19381335408568,0.00536756894338364,0.0936698800399327,0.0278972655135266,-0.115248369207478,0.356685310372375
74.8427748312436,-129715.2713,-202652.7554,-191847.2022,-121611.1064,-124312.4947,-1.50481243045922,-0.193244680355562,0.99760048067283,0.229172007404401,1.23759938826399,0.357497654729293,0.264677436012043,0.744703116058581,0.668403265314232,1.03809517307186,-0.014929256053724,0.1937524770067,0.00405726332862777,0.0960820604715273,0.029008658368979,-0.102474930149747,0.343604447161569
74.8656770192722,-129715.2713,-202652.7554,-191847.2022,-121611.1064,-124312.4947,-1.50884897711025,-0.187479507381852,1.002876034328,0.204110185911787,1.23416046941479,0.356754856509333,0.267424779163477,0.753963248266487,0.655205112569952,1.03749815033688,-0.015072367993882,0.192515630420766,0.0039311252182701,0.0987504298579012,0.0298925306107471,-0.09170447238197,0.334465394976718
74.8390352403532,-129715.2713,-202652.7554,-191847.2022,-121611.1064,-124312.4947,-1.52468127967819,-0.194337490505418,1.00554845879272,0.179828107593082,1.23158605513599,0.353344238731097,0.266146794992217,0.760540704873478,0.642182638765348,1.03691632490929,-0.0139469462973665,0.193366995078654,0.00401467564724456,0.101392361346348,0.0305001791198936,-0.0826471632960519,0.328208567073039
68.2514248167099,-129715.2713,-202652.7554,-191847.2022,-121611.1064,-124312.4947,-1.53487639079715,-0.202579519451319,1.0034279772233,0.155735379939443,1.22881152709896,0.350840683822099,0.264426434512615,0.763804593549359,0.628877199607956,1.03539745429267,-0.012079350793186,0.194946071449996,0.0046178011071305,0.103933698653383,0.0308741183383283,-0.0753808582094777,0.328182440326838
68.1975083229094,-129715.2713,-202652.7554,-191847.2022,-121611.1064,-124312.4947,0.00448854326738513,0.354394753811135,0.928843241647655,0.13352983838071,1.22519226342095,0.641518026601645,0.580976384350826,0.675487399337811,0.551306561952437,0.96331768103331,-0.00645976522632541,0.13993617276691,0.000985505526722275,0.0944135570379143,0.0186310129735379,-0.0724173817078082,0.689456268293668
68.2080306282116,-125099.5987,-186707.7046,-177580.5778,-118254.2536,-120536.0353,0.159438602476641,-0.352729522519013,1.2226624283629,0.34083442466482,1.39933171007158,0.715910426515052,0.683304266330865,0.942233838241791,0.675566617263932,1.15370413058003,0.116523331379602,0.174945028054742,-0.246968433270573,0.0204981888977445,-0.0615030981342035,0.020508457317483,0.354195002520232
68.1825625455025,-125099.5987,-186707.7046,-177580.5778,-118254.2536,-120536.0353,0.049243422550731,-0.839911602884101,0.838335816902514,0.582203119849808,1.73221925191282,0.436243392400414,0.108424260750489,0.510097052788261,0.412663163335694,1.07212390599354,0.351472240895284,0.416717975147815,-0.231853221474648,-0.0424452777795858,-0.112258954811243,0.152221638965258,0.413743029962349
68.1961085797292,-125099.5987,-186707.7046,-177580.5778,-118254.2536,-120536.0353,0.294302877359641,-0.810940355502794,0.232949763989353,0.983727614870361,1.9381430965954,0.27675382729749,-0.191510393282528,0.0975049391864715,0.311962616547142,1.04577944153979,0.444166454092263,0.487839857246384,-0.155893970079605,-0.105018531862432,-0.159535679880329,0.191528023226134,0.47552771269595
68.2076836660716,-125099.5987,-186707.7046,-177580.5778,-118254.2536,-120536.0353,0.698842603630254,-0.476717197119299,-0.394163800136255,1.40327124483382,1.93845995171074,0.250798722405563,-0.258432808629017,-0.253479488383412,0.300737219290447,1.00874733383353,0.426550109138087,0.444996719942861,-0.0510351059936491,-0.156294669928068,-0.18560698796889,0.150992447682157,0.456428354443958
68.227504106634,-125099.5987,-186707.7046,-177580.5778,-118254.2536,-120536.0353,1.0259714430187,-0.109517710843548,-0.851791106691252,1.73176476384076,1.72679710516239,0.265027353918676,-0.230647908499634,-0.505416810688118,0.311747328308876,0.900681125196286,0.376075580787353,0.370288786952734,0.0326316259904944,-0.190547370663434,-0.188417020362891,0.111024808881595,0.425259952987421
86.2964300562182,-125099.5987,-186707.7046,-177580.5778,-118254.2536,-120536.0353,1.9059340848586,0.955032302374946,-1.0998694346214,1.91208983706082,1.36015528885275,0.588765181458285,0.199973114902619,-0.545580836498743,0.406001769149313,0.824705198692257,0.175759602261764,0.126182930774846,0.114993608217492,-0.18814340381502,-0.149384552501801,0.095718873125918,0.165301112209846
86.2829699142751,-125099.5987,-186707.7046,-177580.5778,-118254.2536,-120536.0353,-4.50949283172997,-2.510730276423,-0.459286416530816,1.90610269050754,0.907689803398284,-0.218969660030474,0.363355502507936,0.332295387107351,0.976859789401267,1.3154594914138,0.0108493163332457,0.134482669255832,0.20831744840599,-0.0617571325578976,0.0535567266976074,0.176161685713438,-1.63717855935898
86.3285166522292,-125099.5987,-186707.7046,-177580.5778,-118254.2536,-120536.0353,-2.46971897113825,0.0808112748092356,-0.908464228687009,0.475445036227484,-0.0325932649167271,-0.116050249426308,0.420477207616344,0.800845909845712,0.685983899338964,0.757926990686769,-0.290910837986942,-0.158502291431037,0.252342772092357,0.157740754404641,0.335078885233983,0.0938498603954372,-0.807901450129812
86.3033927672372,-125099.5987,-186707.7046,-177580.5778,-118254.2536,-120536.0353,-0.70137992845666,1.51118371145728,-0.538549998500997,-1.05059951210993,-0.975490275778469,-0.144162051124148,0.216235583356621,1.03143768421823,0.318839981733639,0.391603481898919,-0.353975804820415,-0.191112322251606,0.134801028974963,0.353432078805537,0.468435216124135,0.114865910110673,-0.288448576931655
86.2735696410672,-125099.5987,-186707.7046,-177580.5778,-118254.2536,-120536.0353,0.206510682316519,1.93166770913012,0.241901434025749,-2.34493079169482,-1.51336192576846,-0.193604354079127,0.0346355662322537,0.978283091390793,0.046866893931778,0.360144283096716,-0.34299736691953,-0.148483918182582,0.0689937967838805,0.492085116865686,0.415634293212092,0.140211873777453,-0.0203668033341575
86.2853782514564,-125099.5987,-186707.7046,-177580.5778,-118254.2536,-120536.0353,0.601211572847987,1.86418950978333,0.983607889275916,-3.23202069725457,-1.68016873997458,-0.232747405103559,-0.0884963928631635,0.799854315712011,-0.0861248963459147,0.433522317294845,-0.3149872696062,-0.0928065545573462,0.0653924196756046,0.550301686171795,0.273840232205119,0.144370087533098,0.110422839432005
86.3135794132686,-125099.5987,-186707.7046,-177580.5778,-118254.2536,-120536.0353,0.747890045302213,1.61696541994458,1.50297536386562,-3.61826227882449,-1.63393629905883,-0.258555508107648,-0.16737990289127,0.600448545704033,-0.0870904453204204,0.457779050115953,-0.28718750711799,-0.0412133184320302,0.0924309712021079,0.518658543032773,0.137959049484141,0.133336943091088,0.172790528326116
69.7778320137755,-126158.8184,-190366.8272,-180854.5296,-119024.5952,-121402.6696,0.309573180472,0.768167954965421,1.81982652778132,-3.57849188872727,-1.47924608937619,-0.31757546323373,-0.30718373489038,0.377101504038208,-0.0466133697628024,0.38824006309131,-0.226841170615223,0.0809530614198062,0.159339082979889,0.435146032513689,0.0502848959177307,0.118207932385623,0.374027165687012
69.7079128807744,-126158.8184,-190366.8272,-180854.5296,-119024.5952,-121402.6696,-0.0133934837114111,-0.36803736130706,1.85327812271468,-3.26759541823012,-1.31992073845574,-0.0645171479619862,0.293785914185499,0.225626500644402,0.0305021701481891,0.298173533179735,-0.141699151569312,0.0214497863245304,0.195691499881799,0.315749593708587,-0.0164759263398668,0.104390071665684,0.846964109953307
69.7988866682245,-126158.8184,-190366.8272,-180854.5296,-119024.5952,-121402.6696,-1.85662695172353,-2.85646620261168,1.86224509850791,-2.59604177638425,-0.892583184404373,0.0187552624319167,0.27931506466247,0.126618770368481,0.103895387368851,0.266416353830763,0.0653457083645701,0.279192686855184,0.156006040245283,0.184302758655497,-0.0720829547170405,0.092425596834623,1.0922868765814
69.7461457883594,-126158.8184,-190366.8272,-180854.5296,-119024.5952,-121402.6696,-3.52591998107795,-4.86761359775163,1.45858422301231,-1.70410472936145,-0.343771616279227,-0.0655823078026359,-0.106429051379969,0.0217515490093092,0.155874787824821,0.277224990557606,0.373559136010255,0.702612032820736,0.102433995497325,0.0570407767986667,-0.11819915679782,0.0721021230277401,1.53129584216388
69.7727724317538,-126158.8184,-190366.8272,-180854.5296,-119024.5952,-121402.6696,-4.07080340351376,-5.5344154243909,0.709033585283777,-0.698108841147047,0.214387690424502,-0.180970746671903,-0.498074317093291,-0.109400942959411,0.201272866845272,0.321331428359954,0.648224251600821,1.01813199840092,0.0648916384576848,-0.0582678216201986,-0.152169754869766,-0.00241841082443273,1.87082069172823
69.7327857422491,-126158.8184,-190366.8272,-180854.5296,-119024.5952,-121402.6696,-3.4625036996875,-5.02407921976337,-0.125028021638045,0.328614663556692,0.68393400796748,-0.137708596002327,-0.642869756589349,-0.256149937755715,0.263382843324749,0.392904579459199,0.742987961383604,1.08579825516145,0.0631762612750184,-0.15652927904963,-0.168449320237242,-0.162526353554554,1.82356560619874
74.625815236542,-126158.8184,-190366.8272,-180854.5296,-119024.5952,-121402.6696,-2.28276604590557,-3.98438181363257,-0.800217501154634,1.30079209969652,1.0290738285307,0.0585253044753458,-0.582639834219798,-0.403500802652417,0.339284873371362,0.470877693009449,0.680871837009578,0.992981533159299,0.102918233476156,-0.237164112283013,-0.166146124427731,-0.338568282223633,1.50810565054332
74.5951227369994,-126158.8184,-190366.8272,-180854.5296,-119024.5952,-121402.6696,-2.62184059256127,-3.45514162091823,-1.16821454366705,2.11296136227395,1.19350983483079,0.0821828362701638,-0.568846051721977,-0.438265035631233,0.458584600415833,0.580263269113232,0.536119618273313,0.85142947099063,0.177982060831047,-0.292466520709651,-0.139211426096318,-0.430379501296621,0.754781737534518
74.6129494499063,-126158.8184,-190366.8272,-180854.5296,-119024.5952,-121402.6696,-1.93306660359609,-2.03125792276361,-1.48663023795004,2.50343255273103,1.04698699634982,0.363172367579374,-0.177987426969381,-0.381086546219095,0.538755273460637,0.607259971612606,0.250931765182196,0.516107454493991,0.295243008291374,-0.301155731546888,-0.0721888454374247,-0.469977569093629,0.357687032325565
74.5991903569305,-126158.8184,-190366.8272,-180854.5296,-119024.5952,-121402.6696,-1.34789257452458,-0.960297449982775,-1.43787614890255,2.46803471021549,0.621551094620344,0.530195616173046,0.0857717668554443,-0.221204210354841,0.546447319524617,0.563205033145259,0.0657226339661245,0.286762737033915,0.324798175854513,-0.274659003727734,0.018878692614593,-0.43735671392848,0.270661880839155
74.628763039973,-126158.8184,-190366.8272,-180854.5296,-119024.5952,-121402.6696,-1.11160607384323,-0.421612805055844,-1.06535691415215,2.06984185840729,0.0369942201666476,0.575831075753037,0.197016995446681,0.0018007821630448,0.49172065146103,0.479395827185769,-0.01216572177802,0.177879081918459,0.260158845990664,-0.218889682664262,0.120263322159823,-0.35843671187353,0.324367888270109
74.6361844948953,-126158.8184,-190366.8272,-180854.5296,-119024.5952,-121402.6696,-1.10045582822775,-0.212309136502299,-0.602100745600723,1.48802844988396,-0.53392891031541,0.561637120651667,0.225739796102445,0.206607256714449,0.399956402424074,0.38681721846816,-0.0343573055034399,0.134230076226667,0.16444532917392,-0.14681085624701,0.215164691618358,-0.280194887677716,0.400783689801639
74.5862557506618,-125455.3442,-187936.6436,-178680.1548,-118512.9776,-120827.0998,-1.18074125229496,-0.162021645852761,-0.200565982031151,0.898710405652878,-0.934907933414777,0.547688722835993,0.268472328399682,0.409264269912484,0.319380156996836,0.345546380368717,-0.0420503017658951,0.089879584047948,0.0531556200527583,-0.078461787982598,0.279354850893962,-0.22215083187124,0.380004726558798
91.4025703666321,-125455.3442,-187936.6436,-178680.1548,-118512.9776,-120827.0998,-0.994168070950039,0.177090363391514,0.0396990869956539,0.405419773989252,-1.08753988139263,0.568216181789325,0.312463154625952,0.482624990142689,0.220787088347542,0.328070587319814,-0.0699435225412661,0.0315596189580565,0.002981640433247,-0.0130504353433143,0.318757273461947,-0.177712068864942,0.302324328644449
91.3918703226587,-125455.3442,-187936.6436,-178680.1548,-118512.9776,-120827.0998,-4.38905346596772,-2.27387568119181,0.427476815642251,0.0543925007741421,-1.0198862758147,-0.335257045153341,-0.154563682787618,0.712201325190371,0.265266380273786,0.507355224631368,-0.0224064644197608,0.223276901069076,-0.0391880447476338,0.0538510158664203,0.348437210359521,-0.137562989258733,-0.714173286318946
91.3838701556001,-125455.3442,-187936.6436,-178680.1548,-118512.9776,-120827.0998,-1.73250292062882,0.187339571006703,-0.728452692555109,-0.761883184112875,-1.54673626467587,-0.318428282499546,-0.136246922701403,0.630349491916924,0.120185737948383,0.313399341072376,-0.246645054245669,0.0264588683006255,0.181692590691114,0.161298502664971,0.401446886307064,-0.161362032660087,-0.310427398651093
91.4138216618297,-125455.3442,-187936.6436,-178680.1548,-118512.9776,-120827.0998,0.851230853766594,2.22343032712358,-0.755790502781622,-1.62206113859742,-2.28648283445567,-0.29758058614398,-0.177160981809642,0.55703625376816,-0.0268748346765619,0.152874343038413,-0.353235035120746,-0.0512414018610381,0.246401958511122,0.252728435803286,0.403178118686836,-0.170666839463543,-0.0626254637169321
91.3605185279125,-125455.3442,-187936.6436,-178680.1548,-118512.9776,-120827.0998,2.46630573202023,3.24590406946915,0.114157729705582,-2.41471021222557,-2.82152996675164,-0.299924977699334,-0.238913449594932,0.481507168053739,-0.145905903474436,0.073280879364475,-0.388799150257133,-0.0555043653861831,0.230789101527938,0.321226152100161,0.343547290217498,-0.160482622000082,0.0357794874515225
91.3740646372414,-125455.3442,-187936.6436,-178680.1548,-118512.9776,-120827.0998,3.39608333536835,3.64872349645738,1.26725890506883,-3.07146775591299,-3.00995987379868,-0.30508686090009,-0.289733624510987,0.392298727439695,-0.234589222745534,0.0226626630345592,-0.397338330883069,-0.0361843348335034,0.205503060103483,0.365377292307976,0.253484346244823,-0.146423295191752,0.0763616348325744
91.4168534101415,-125455.3442,-187936.6436,-178680.1548,-118512.9776,-120827.0998,3.92870112908069,3.74214426109468,2.40652184598054,-3.53335051642945,-2.88636199621931,-0.308240372518782,-0.327870098711244,0.307309912857889,-0.291997404761993,-0.032860899727396,-0.396711523942306,-0.0111972167670837,0.18337139324791,0.383454799835029,0.163046930669321,-0.134839490014066,0.100077115383039
91.3928122044844,-125455.3442,-187936.6436,-178680.1548,-118512.9776,-120827.0998,4.20477931791595,3.66726451998646,3.35120542389011,-3.73369122184634,-2.53416990062321,-0.310323115735201,-0.357857843455925,0.232140566729655,-0.315381182651684,-0.0975846696775164,-0.392197023317858,0.0147485987553488,0.16915187199284,0.371545026726455,0.0851257785397974,-0.126708555810573,0.118091132528406
91.4110192691542,-125455.3442,-187936.6436,-178680.1548,-118512.9776,-120827.0998,4.35140118162315,3.53966562894867,4.07405687478759,-3.67415537223231,-2.06055905717855,-0.309992070576769,-0.379106759991842,0.170404475090699,-0.312307462010672,-0.168290108014666,-0.387294101439059,0.0372709223936452,0.160568098779251,0.334975342091714,0.024206039745331,-0.119635227782837,0.12487772935873
91.4086665525767,-125455.3442,-187936.6436,-178680.1548,-118512.9776,-120827.0998,4.43051590729758,3.40528171336558,4.61925005199895,-3.4116798423875,-1.53322579677953,-0.308458712317602,-0.394972644990482,0.123179631295073,-0.296092222145013,-0.238646164113547,-0.383158542016372,0.0561794519877266,0.154231102649839,0.285070134270484,-0.021956809418471,-0.11161992962348,0.116096707176037
91.3923044283548,-125455.3442,-187936.6436,-178680.1548,-118512.9776,-120827.0998,4.47349232963693,3.28320428465153,5.01323298293534,-3.00542059945076,-1.00209805776464,-0.306158766530757,-0.406488158103187,0.0876065625524163,-0.276543772979196,-0.305121111060906,-0.379950686774399,0.0714562479567233,0.149766852269079,0.230876098169376,-0.0563078857355168,-0.102417267525198,0.095668029904088
91.3921888557112,-125784.033,-189072.114,-179696.102,-118752.024,-121096.027,4.49808348950276,3.18039418599194,5.29545872505687,-2.51501910110234,-0.493175166892186,-0.306531636098356,-0.424138871165084,0.052162489815359,-0.264146537091989,-0.369336720665714,-0.374872933815322,0.0926340706386077,0.154856166472356,0.181863255146557,-0.0791331137385776,-0.092050007425776,0.0937652552626007
91.415030493556,-125784.033,-189072.114,-179696.102,-118752.024,-121096.027,4.50511783313647,3.09489981957672,5.51060958868906,-1.99121631347784,-0.0300789251472509,-0.303842555960344,-0.425554684123739,0.0397886872777633,-0.250750389571508,-0.419577908641372,-0.374303254182794,0.10127121837683,0.149293770138619,0.134901658554819,-0.0987821000086353,-0.0817332302879308,0.0622825905386373
90.7263763630649,-125784.033,-189072.114,-179696.102,-118752.024,-121096.027,4.50399510513779,3.02248257293436,5.65992222262689,-1.46528320486541,0.387184716749488,-0.30202316077451,-0.428449648023665,0.0307178962406809,-0.24419021681561,-0.464349980670804,-0.37371545738596,0.10870479763269,0.14545146042489,0.0947293476127704,-0.113444374917807,-0.0713469666644144,0.0256075554279835
90.7110991049873,-125784.033,-189072.114,-179696.102,-118752.024,-121096.027,4.53485392463261,2.99854362389416,5.76153889727611,-0.957805118543078,0.755997851553857,-0.29203583687152,-0.414734200387763,0.0240099817460617,-0.243239708228217,-0.503629237924414,-0.373858418521925,0.107671069698697,0.142922154477565,0.0609870510790693,-0.124457577784644,-0.061607660461064,-0.00684413643275406
90.7510790912466,-125784.033,-189072.114,-179696.102,-118752.024,-121096.027,4.50207397927063,2.9233005447666,5.83873666745723,-0.478573255215224,1.07979992076051,-0.286799790259423,-0.410123034543247,0.0208987249482249,-0.246016618661663,-0.536117302003817,-0.372170013429769,0.110553196504949,0.139270576805917,0.0325198574754826,-0.132982335404604,-0.0526723123240558,-0.042208332163483
90.7644975247706,-125784.033,-189072.114,-179696.102,-118752.024,-121096.027,4.41979195950938,2.80992499158515,5.88923504868799,-0.0310620949794469,1.3644880929744,-0.285758502351513,-0.412113511156448,0.0195360217570411,-0.251206431638792,-0.562901255463203,-0.368916716801831,0.116517716904331,0.135906716004851,0.00835321746956152,-0.139778270381808,-0.0439014698930578,-0.0711395234226453
90.7637946229969,-125784.033,-189072.114,-179696.102,-118752.024,-121096.027,4.31956275585895,2.69000375686667,5.90878565457565,0.37861567356255,1.60878640302251,-0.286782058923976,-0.416382816946765,0.0184245618716332,-0.258129816189872,-0.585279853418015,-0.36506928378183,0.123214011966155,0.133885975111395,-0.0120341573384157,-0.145051647154805,-0.035713632819423,-0.092214515434482
90.7514462042615,-125784.033,-189072.114,-179696.102,-118752.024,-121096.027,4.22534194355502,2.58583965083477,5.89983846478491,0.749285705075252,1.81525415583071,-0.288401924920436,-0.420573830377194,0.0169511090595051,-0.266089513113997,-0.604033818304615,-0.361461435250876,0.129130093276144,0.133418496461413,-0.0292700445051806,-0.149084865250536,-0.0281767651343117,-0.107962549983697
90.7245661286781,-125784.033,-189072.114,-179696.102,-118752.024,-121096.027,4.14845606558383,2.50583610987316,5.86848695757047,1.08134722749705,1.9866273520766,-0.289808027757061,-0.423649676351538,0.0149821585015601,-0.274577166744834,-0.619781176861537,-0.35850656892425,0.133642408084842,0.134294207453553,-0.0438837863561705,-0.15208590658908,-0.0212130390893108,-0.120464347697421
78.0862618454489,-125784.033,-189072.114,-179696.102,-118752.024,-121096.027,4.06638668497487,2.41915513581404,5.82237883585992,1.37778168176709,2.12716219795266,-0.291600800457161,-0.426964967102492,0.0125863038387948,-0.28320565732281,-0.633013052681932,-0.355293665986476,0.138395668846552,0.13610807836344,-0.0563929552067977,-0.154275222244247,-0.0146078983987508,-0.128347034351323
78.1098225050081,-125784.033,-189072.114,-179696.102,-118752.024,-121096.027,4.7268201635669,2.9025803067607,5.75452544196388,1.63525621824789,2.23554324641857,-0.0879884738028807,-0.00486371301576582,0.00793538525887527,-0.293055175074926,-0.645320014184321,-0.371338017687368,-0.0113942356648036,0.139126696679309,-0.0669321072157856,-0.155639556939041,-0.00830444821124843,-0.0775472552153147
78.0837781361996,-125784.033,-189072.114,-179696.102,-118752.024,-121096.027,4.30950740981586,2.36480315114726,5.89788305646741,1.91130244977687,2.37010019114778,0.0602087598121912,0.179086070787754,0.0466177274794219,-0.294663875216116,-0.624698211058089,-0.365168168429038,-0.0586229176221491,0.0932750063518195,-0.0840458703175391,-0.160946744058836,0.00781247735265822,-0.227608055604949
78.0746549044722,-127524.6807,-195085.2606,-185076.2858,-120017.9496,-122520.1933,3.1404593056216,1.14689025319772,6.03345036101975,2.21602879508259,2.52965097115619,0.130614415695675,0.158963772705619,0.056917782430709,-0.304658158429945,-0.598052352801616,-0.310174711213268,0.0331303596989898,0.0717667369978527,-0.094311982866605,-0.156301790418256,0.0371919305661166,-0.172712025413571
78.0550222006549,-127524.6807,-195085.2606,-185076.2858,-120017.9496,-122520.1933,1.63938424397183,-0.266312247623915,6.11826999530363,2.5385489175066,2.69787829622665,0.174336873490006,0.157170629029601,0.154799242332501,-0.285332936501604,-0.527270816969107,-0.251791110671595,0.117823540278138,-0.0150996417735825,-0.122783614652919,-0.167916553841555,0.0685720031710915,-0.154747049017347
78.0711001020799,-127524.6807,-195085.2606,-185076.2858,-120017.9496,-122520.1933,0.193381321533394,-1.44950252766252,5.89841102226885,2.87175759703865,2.85231892201283,0.171906467105629,0.0925070195235804,0.235536031815911,-0.26301627199183,-0.455251204945,-0.171940478075594,0.225571557430198,-0.0833325885504688,-0.151435686605391,-0.177616369296892,0.099307881474175,-0.129849305317226
78.0612300154605,-127524.6807,-195085.2606,-185076.2858,-120017.9496,-122520.1933,-0.944156596023532,-2.19416285846987,5.37676991439776,3.20607125765056,2.96665937574737,0.147277031616689,0.0225186670122781,0.292620301782733,-0.237494581460311,-0.385615075064266,-0.0929215559080341,0.315682816196009,-0.124436108044418,-0.179290546586467,-0.183909566430584,0.117246956535816,-0.0980915002669711
86.4115134306861,-127524.6807,-195085.2606,-185076.2858,-120017.9496,-122520.1933,-1.59550622001039,-2.36917306135572,4.63004875504959,3.53245570325818,3.0252341813449,0.135061896244437,0.00193339526881431,0.32498506827158,-0.208029290153746,-0.32023405857548,-0.042811735045641,0.347461979868613,-0.134949863016246,-0.20552497335525,-0.18575834325326,0.118465289451777,-0.107623040015957
86.4402380950397,-127524.6807,-195085.2606,-185076.2858,-120017.9496,-122520.1933,-3.04937583917904,-2.98925088468054,3.79450879792003,3.82803009784695,2.99363857822449,-0.188825036622028,-0.302682761781227,0.346540890113658,-0.170040982128853,-0.256031554299923,0.0165934000501837,0.445385251708885,-0.118418761894691,-0.228751016374398,-0.181177612923409,0.104202244489052,-0.368974620480589
86.4400754561044,-127524.6807,-195085.2606,-185076.2858,-120017.9496,-122520.1933,-2.81206578785064,-2.30765022710645,2.38954003691678,3.97626233972372,2.75228628306985,-0.287333828927594,-0.345661525894862,0.24725822270107,-0.151289221489648,-0.263776179828469,-0.0308971021766116,0.378096428772329,0.0307315360653955,-0.231987917984405,-0.160363043331295,0.0652842558887414,-0.277764600017157
86.4575454503709,-127524.6807,-195085.2606,-185076.2858,-120017.9496,-122520.1933,-1.93930495616281,-1.31775303227083,1.13373874379137,3.98376984933,2.31998309436723,-0.301186468669087,-0.315175574272999,0.118891275948286,-0.145698720864416,-0.297598126625601,-0.0999083987504625,0.287613915063849,0.195457749327865,-0.225496316886629,-0.131422042900275,0.0110697209575363,-0.100722665329544
86.4304208851536,-127524.6807,-195085.2606,-185076.2858,-120017.9496,-122520.1933,-1.05815567609841,-0.513707962347596,0.34512375195834,3.85007215881694,1.74093699974765,-0.297096612477503,-0.285738550064465,0.0157414145372954,-0.150187812475792,-0.338650110813361,-0.152722419344985,0.224209142392516,0.316068353456001,-0.21274092299026,-0.098186803545198,-0.0270012566323601,0.0650292776536627
86.4075975652034,-127524.6807,-195085.2606,-185076.2858,-120017.9496,-122520.1933,-0.377987608744093,0.00658668782349991,0.0359192910939754,3.58273426856445,1.07862930556001,-0.292189057250127,-0.269140760873995,-0.0469241408626502,-0.162850417003696,-0.379775137595587,-0.185705272867486,0.188900077282181,0.38126444259786,-0.194936741823419,-0.0630271231699333,-0.0422193953871499,0.191527621069339
72.5229102793497,-127524.6807,-195085.2606,-185076.2858,-120017.9496,-122520.1933,0.0836347734977352,0.29047159784345,0.0774214174958985,3.20761661264631,0.403621081672412,-0.28969458223029,-0.263749560124772,-0.0764700899201571,-0.182049446620098,-0.418149064422082,-0.204187778847093,0.173147408142627,0.403740151816698,-0.173160976654331,-0.028263907968926,-0.0414373404093453,0.279301783583026
72.5299525486855,-127524.6807,-195085.2606,-185076.2858,-120017.9496,-122520.1933,1.77725420291918,1.53339848984439,0.312141874155046,2.75783600241574,-0.212856171667113,0.0558330112979633,0.408921311900748,-0.0905372832555642,-0.208667421594171,-0.454520392220502,-0.26173396760183,-0.0724142017404952,0.401266741377914,-0.148611627006711,0.00299213291726375,-0.0331963158457,0.432436488790036
72.4601255499321,-104985.4475,-117222.455,-115409.565,-103625.78,-104079.0025,2.40365504321529,1.93593041122378,1.02886757535062,2.45260291243893,-0.537372377259999,0.642756027045628,1.61786535682255,0.79677904489391,-0.000329246284195506,-0.157706378571731,-0.551532760730243,-1.01619599712861,-0.446487459460745,-0.29962621181232,-0.175830365242895,-0.00937777614196733,-2.05396123874149
72.5063001331005,-104985.4475,-117222.455,-115409.565,-103625.78,-104079.0025,1.35624875333065,1.34303418833069,0.689927318536434,2.25747684292486,-0.556902562831752,0.675522908827034,1.01977542800433,0.380905870579497,-0.143788910446361,-0.308963737972533,-0.45215531269549,-0.906541793242526,-0.399054019614236,-0.264502647691646,-0.13814712541718,0.0643431435481929,-2.47992260586776
72.518156481432,-104985.4475,-117222.455,-115409.565,-103625.78,-104079.0025,-0.0754779351637751,0.201094055713952,0.537343385489791,2.20929555002044,-0.461437856145082,0.657844881607176,0.717279779460654,0.237137300374137,-0.179480666117286,-0.349352181726402,-0.308702027146459,-0.790062494581704,-0.39998755556015,-0.250252050146317,-0.119615860861222,0.113756836329927,-2.04679770712314
72.504477338098,-104985.4475,-117222.455,-115409.565,-103625.78,-104079.0025,-1.47979081238785,-1.0048928859843,0.306253539915772,2.24255613009203,-0.265941660891812,0.599292298992602,0.502064661382107,0.186455202846609,-0.174222849866581,-0.31759955166585,-0.13317538398447,-0.646464425588252,-0.417283620280207,-0.250340899258984,-0.114343675262313,0.145231165601487,-1.47617355096379
72.5199611612713,-104985.4475,-117222.455,-115409.565,-103625.78,-104079.0025,-2.55915984367709,-1.94790962793657,-0.120891223192416,2.33123789560196,0.00896737375644818,0.524439105033316,0.318992342386736,0.161546712959051,-0.151875753107504,-0.2384252586874,0.0474974575437106,-0.495392963452648,-0.433881682938306,-0.260231858396002,-0.118061351507208,0.171293555755277,-0.965946485993704
72.4732906117308,-104985.4475,-117222.455,-115409.565,-103625.78,-104079.0025,-3.20304893689445,-2.51141100320538,-0.718429616366706,2.45966194393881,0.329788045778002,0.463231126083159,0.170293203966516,0.137546247138644,-0.120619052518762,-0.129344801563263,0.201619303979117,-0.36792507001993,-0.442695875312388,-0.276422846810681,-0.12678540578536,0.185840336599554,-0.579254765827729
72.4896113859765,-104985.4475,-117222.455,-115409.565,-103625.78,-104079.0025,-3.38009267904894,-2.67041669926596,-1.4299897727592,2.61319338685333,0.651408744551532,0.450511979504256,0.0811870700881485,0.103878504265694,-0.0832144040758251,-0.00449782522563424,0.298748033061161,-0.294434099361352,-0.438458339844466,-0.295954888122857,-0.136433457764833,0.178224586326337,-0.34301955165424
72.5102523645941,-104985.4475,-117222.455,-115409.565,-103625.78,-104079.0025,-3.24952705763071,-2.57658806744251,-2.14652715465974,2.77591615492477,0.939504845874069,0.481650140563652,0.0404136943872615,0.0594653954070026,-0.0419004735941186,0.125336299370346,0.342618308995196,-0.267670836407122,-0.422160376842193,-0.316489986422543,-0.144216520880351,0.153809581993599,-0.2319933567336
72.5123020421749,-104985.4475,-117222.455,-115409.565,-103625.78,-104079.0025,-2.94566695019643,-2.35049185105582,-2.78242310706972,2.92697187011439,1.16026778196122,0.542668609723357,0.0329310752476317,0.00652147665399383,0.000555898885011175,0.250311795043622,0.347052713955751,-0.272992787558824,-0.396776869370462,-0.335749202842698,-0.147616101506522,0.126152567371193,-0.203502052389496
72.5041589171045,-104985.4475,-117222.455,-115409.565,-103625.78,-104079.0025,-2.57406105968437,-2.08103757858446,-3.2896010444412,3.04505174924519,1.29332541566468,0.616461408525048,0.0424718604831256,-0.0508658517687905,0.0412115423161836,0.363628952246756,0.329013826925203,-0.294579094288836,-0.366812737421936,-0.351794990972464,-0.145148553837194,0.109242096093489,-0.218729310360182
72.4868595346944,-104985.4475,-117222.455,-115409.565,-103625.78,-104079.0025,-2.19436830408647,-1.8124525288825,-3.63481789862524,3.10319413738328,1.31340230436801,0.691785608206978,0.0590346853121488,-0.10423577434144,0.0772128256600197,0.460469514700463,0.29978599116105,-0.322900743853314,-0.340244745434059,-0.362641609429974,-0.134793684012011,0.111850657670672,-0.258964319776943
72.4809523568773,-104985.4475,-117222.455,-115409.565,-103625.78,-104079.0025,-1.84300624924862,-1.56875878414971,-3.82420657748025,3.08072483064007,1.2175517896015,0.761100750695213,0.0761890824421414,-0.147084049588074,0.106135173639657,0.538204435397446,0.267269747387942,-0.351881444641929,-0.322951649401704,-0.366725154491702,-0.115420454533158,0.134833308029009,-0.312826108133164
72.5115246141792,-103594.5327,-112417.4766,-111110.3738,-102614.2056,-102940.9813,-1.5421329018706,-1.36232453927782,-3.87593995547743,2.97620157841111,1.02640661431641,0.858666903048736,0.194230292900073,-0.078590175184921,0.150255887227587,0.627007575956775,0.21274597657193,-0.46279029909743,-0.390452142107611,-0.374619407050266,-0.101359231004514,0.174914134481675,-0.580974103834857
72.5131122536515,-103594.5327,-112417.4766,-111110.3738,-102614.2056,-102940.9813,-1.3877576055808,-1.20088573644817,-3.89430500956064,2.78457689037957,0.775900546780292,0.882149849553933,0.167501667726192,-0.116804493893426,0.151266096360416,0.63937605414894,0.196419000671729,-0.477028882433834,-0.390446677682261,-0.361814717449328,-0.060767772104493,0.229008875645782,-0.64504529309065
72.5132795757535,-103594.5327,-112417.4766,-111110.3738,-102614.2056,-102940.9813,-1.26462910388783,-1.07913358059125,-3.85057429112223,2.52773947428341,0.471177004058291,0.898938599999461,0.15576907124229,-0.135682746943253,0.151415518642125,0.638532619528554,0.182276969087414,-0.490800667486011,-0.39927364307301,-0.342015050494843,-0.0126035294552782,0.281882578752615,-0.660624039241151
72.4804697423449,-103594.5327,-112417.4766,-111110.3738,-102614.2056,-102940.9813,-1.16666070041997,-0.984226687199524,-3.77555664243719,2.2236255763263,0.159974559673543,0.910374868320766,0.149363231963626,-0.144524805530367,0.144881247779303,0.624467231643486,0.16984261883165,-0.503375539392492,-0.413615673447401,-0.316236580181619,0.039958806233523,0.327735232494199,-0.667414253032831
72.4922091460791,-103594.5327,-112417.4766,-111110.3738,-102614.2056,-102940.9813,-1.07843286303527,-0.901823606216794,-3.68811810782357,1.89584976376666,-0.115702930182707,0.920012664168567,0.146351758022327,-0.148237719480854,0.131616584920906,0.601516663038439,0.158156789108723,-0.515441585556042,-0.430823076760821,-0.285821532057405,0.0920590950006241,0.365269941288688,-0.673928216234144
72.4935345665135,-103594.5327,-112417.4766,-111110.3738,-102614.2056,-102940.9813,-1.01643530171445,-0.841045896072941,-3.5985507697342,1.56439852531054,-0.326361887812936,0.924426829260213,0.141729255126833,-0.149368488308383,0.113067817995059,0.577208955654598,0.148796811644495,-0.524995880561854,-0.449059017760878,-0.25216669196947,0.138380374103913,0.394883184123437,-0.682194498929782
72.4877754402788,-103594.5327,-112417.4766,-111110.3738,-102614.2056,-102940.9813,-0.972969086868844,-0.795348106821734,-3.51592841283356,1.23938508134128,-0.456356182635957,0.92548301413153,0.136469595579229,-0.149859472800436,0.0902267448987004,0.558097904101636,0.141358258516561,-0.532640560814142,-0.46646902396134,-0.216034377894801,0.174601953109952,0.416991806024527,-0.687504226673383
72.5310667677499,-103594.5327,-112417.4766,-111110.3738,-102614.2056,-102940.9813,-0.937666654740724,-0.755479406636638,-3.44470614712839,0.922332323492071,-0.507166198923557,0.92556228210632,0.132234721127354,-0.150705750170971,0.0634827375600793,0.548897265000328,0.134614342232692,-0.539722148772263,-0.481986000689127,-0.177591905096099,0.198798773399658,0.432171299314774,-0.689894817523715
72.510644747775,-103594.5327,-112417.4766,-111110.3738,-102614.2056,-102940.9813,-0.928023208552503,-0.733047403654552,-3.38498445058882,0.611601985814332,-0.48875395122252,0.920741826889248,0.125637328461799,-0.152224363397963,0.0326286449366862,0.551732098962134,0.130093820866614,-0.54449878914385,-0.495451680862232,-0.136738944916631,0.210910380372871,0.440934773709557,-0.688102317139727
72.4539047850947,-103594.5327,-112417.4766,-111110.3738,-102614.2056,-102940.9813,-0.917432977405454,-0.711136299154674,-3.33979158142184,0.304685777650107,-0.424833667482034,0.916614490652833,0.120881489723267,-0.155579530027047,-0.00326661512277582,0.562514314087444,0.126036680041107,-0.549173441816379,-0.506329933813194,-0.0932351863994398,0.21385474785938,0.443290030201851,-0.674374261467577
72.497855652708,-103594.5327,-112417.4766,-111110.3738,-102614.2056,-102940.9813,-0.893001679594676,-0.68202771896928,-3.30504347319996,0.00697025246046223,-0.329523570941205,0.915959441503098,0.119057728835884,-0.160288055022392,-0.0434884332055958,0.580463573158063,0.121489664844339,-0.554600986371141,-0.515306142180923,-0.0478360639900894,0.209487426499983,0.439892024361939,-0.652996756492096
72.5107763897508,-103594.5327,-112417.4766,-111110.3738,-102614.2056,-102940.9813,-0.892691145921461,-0.670039571768086,-3.2755162707152,-0.269873962343183,-0.215467436052009,0.910402071948297,0.113343046461239,-0.165378574977872,-0.0858080326279875,0.604564636029934,0.119047180256772,-0.557549597458439,-0.523228187164945,-0.00227253922407988,0.199911943702788,0.431714711337968,-0.629288845051521
72.4790283128936,-102572.3907,-108886.4406,-107951.0258,-101870.8296,-102104.6833,-0.896840773686947,-0.660732773145085,-3.25492557730422,-0.515503965251241,-0.0968095271655329,0.936120506149287,0.190368257587053,-0.0881835935545894,-0.0950166614885006,0.671879352906728,0.100431649627398,-0.62174591533029,-0.582113511162511,0.0323949538301567,0.178243229124812,0.420275527629187,-0.746395978955505
72.5055895166485,-102572.3907,-108886.4406,-107951.0258,-101870.8296,-102104.6833,-0.947187274258752,-0.640956583752057,-3.28009906014952,-0.725156407191164,0.0412439030250198,0.917981417800107,0.163818371614767,-0.117592334589112,-0.147649656032385,0.677215833588882,0.104763607501342,-0.620896913109985,-0.58131316989011,0.0736270994983443,0.167244941360978,0.410092506038673,-0.707924277580558
72.4810311276047,-102572.3907,-108886.4406,-107951.0258,-101870.8296,-102104.6833,-0.993388193250965,-0.636591135179202,-3.29929209128056,-0.877737772710248,0.157212460912191,0.901510602110804,0.148889663030083,-0.135666241317253,-0.181601066561626,0.691959006514629,0.108973545918948,-0.620589875800752,-0.580578861636244,0.108949990278703,0.155146158592798,0.396451121742963,-0.645750154688018
72.514912569629,-102572.3907,-108886.4406,-107951.0258,-101870.8296,-102104.6833,-1.01798231281394,-0.630321365039606,-3.31775728594978,-0.976760781717161,0.25734348490704,0.890642981320681,0.141674597521089,-0.148884672741318,-0.203977622573191,0.709984710273076,0.111705875075837,-0.621517011868225,-0.579403287858825,0.136503822499553,0.143181063209593,0.377805274763801,-0.583594731804338
72.4855834031864,-102572.3907,-108886.4406,-107951.0258,-101870.8296,-102104.6833,-1.04663632895316,-0.635504614901961,-3.3337096852182,-1.02713850454357,0.344455724371628,0.879709279748326,0.134822652091202,-0.159129237277902,-0.215578948954771,0.729377881261371,0.114806813882301,-0.621170537970917,-0.578259706346804,0.156001849020853,0.131937869508552,0.35638375053793,-0.530869941510371
72.5026341134847,-102572.3907,-108886.4406,-107951.0258,-101870.8296,-102104.6833,-1.05567978991569,-0.633781972466295,-3.34966268977503,-1.03357721275624,0.420359848514238,0.873906317241506,0.131760178278284,-0.167705664990336,-0.216558765719171,0.747774696555688,0.116433777702928,-0.621815624929557,-0.5767752738153,0.167578328093693,0.121814684229804,0.333167681319452,-0.483058107947436
72.5058922988653,-102572.3907,-108886.4406,-107951.0258,-101870.8296,-102104.6833,-1.06317399058103,-0.634589872082174,-3.36222940831104,-1.0028135353776,0.486397750691779,0.869235119817525,0.128933495939961,-0.174302134350086,-0.207446378274561,0.765660571117806,0.117598797541531,-0.622166154707235,-0.575566724493587,0.172011321285523,0.112854678523139,0.30920746235995,-0.444463147719043
72.4707109146075,-102572.3907,-108886.4406,-107951.0258,-101870.8296,-102104.6833,-1.0655812766115,-0.634573463759153,-3.37221348312931,-0.944433683016072,0.543606803909313,0.866348713310465,0.127135024693381,-0.17932885013127,-0.190291069458262,0.781887262508036,0.118160407710172,-0.622639392841044,-0.574561026463698,0.170698977120205,0.105122070609297,0.284774524040657,-0.410144749399246
72.5293505959096,-102572.3907,-108886.4406,-107951.0258,-101870.8296,-102104.6833,-1.05216180390076,-0.626463962542687,-3.37933992202001,-0.865420906084466,0.592880039807881,0.867514542742995,0.127920259862037,-0.182977690490659,-0.166750145022512,0.796274854913193,0.117521216437626,-0.624065993024283,-0.573867540155077,0.16475959734396,0.0985229323766448,0.260218845824916,-0.379123581824334
72.4614921397029,-102572.3907,-108886.4406,-107951.0258,-101870.8296,-102104.6833,-1.06050619839309,-0.634578972202107,-3.38151786504545,-0.773560319049039,0.635659118202312,0.864318526914516,0.124759323998155,-0.18506372900351,-0.138796493283806,0.809774051617822,0.118509987371205,-0.623173248722078,-0.573889897994996,0.15558726235224,0.0928115929676672,0.236090880724127,-0.353809126717092
72.4743353114331,-102572.3907,-108886.4406,-107951.0258,-101870.8296,-102104.6833,-1.04154905283802,-0.625530458456268,-3.38441775029371,-0.676330975887893,0.672328776092343,0.867465248836815,0.126580938097355,-0.186824537868233,-0.108792382602338,0.820420350129041,0.117474642955048,-0.62454222929296,-0.573685271524944,0.144474734068626,0.0880658486777635,0.212049151018505,-0.325860018668051
72.5037638160433,-102572.3907,-108886.4406,-107951.0258,-101870.8296,-102104.6833,-1.03179612700083,-0.624331207242534,-3.38309261618159,-0.575380899743635,0.70405192351231,0.868851095262045,0.126136978621282,-0.187550189506865,-0.0771470621445118,0.830635361854952,0.117321384952124,-0.624569317795485,-0.574143562736048,0.131880748833595,0.0839061299978012,0.189036766091952,-0.303794865766031
72.5138968607128,-102755.775,-109519.95,-108517.85,-102004.2,-102254.725,-1.03058279281609,-0.627740188025967,-3.38036586178909,-0.47522863289818,0.731792318884104,0.86277314137206,0.109694412002725,-0.202944487659714,-0.0523158499760399,0.831800132948771,0.120320572847474,-0.613122351226627,-0.565348568043703,0.120174592119557,0.0820341928882691,0.166758173514253,-0.25748302296374
72.4624786171633,-102755.775,-109519.95,-108517.85,-102004.2,-102254.725,-1.01825925111831,-0.629613190967476,-3.37136345846545,-0.378076199420363,0.751448926370372,0.865566702162226,0.113436156379343,-0.198825352310742,-0.0174068507423968,0.842592287203438,0.118625454176595,-0.614017637237693,-0.566748629075376,0.106954736098716,0.0788307364291581,0.144716775566053,-0.237567464373507
80.3117617614266,-102755.775,-109519.95,-108517.85,-102004.2,-102254.725,-0.981556046435713,-0.609330346055529,-3.36369100556398,-0.28871478102954,0.770035512640916,0.873922000460624,0.120275665793059,-0.196075317550282,0.0132720449932577,0.850121369647503,0.114277412645641,-0.617793345368906,-0.567964331026447,0.0941947701378711,0.0764324894410606,0.124228350529656,-0.224176245852036
80.3027178891502,-102755.775,-109519.95,-108517.85,-102004.2,-102254.725,-3.16287297856542,-2.10388614243467,-3.31611414342839,-0.204042128709389,0.787707956751404,0.386786644047419,-0.129238509827886,-0.156014836094151,0.0752486595607209,0.891823947153448,0.201476815346981,-0.485562819984058,-0.569658189067194,0.0897288862119296,0.0823523650537887,0.106999191566047,-0.517032825945973
80.2844557924406,-102755.775,-109519.95,-108517.85,-102004.2,-102254.725,-2.82817754792802,-1.44476678520712,-3.60599632232002,-0.360891022960274,0.641741855742168,0.365882687214913,0.0217152909901728,-0.133961828858787,0.0900641555479353,0.736349833282354,0.0361765050617369,-0.634309414708488,-0.509298522765226,0.12113936632554,0.125457826220062,0.0580546477735098,-0.536255482760751
80.2735531612156,-102755.775,-109519.95,-108517.85,-102004.2,-102254.725,-2.04193079443142,-0.53718717396923,-3.66687107759005,-0.627985452977214,0.316923723722738,0.374091141102632,0.153054845061511,-0.0790260996017977,0.0804700168489347,0.544287550820194,-0.0902696365125564,-0.7507775246559,-0.488722598309811,0.160894073360167,0.167772326977441,0.0199720255806142,-0.53754515613265
80.307394984974,-102755.775,-109519.95,-108517.85,-102004.2,-102254.725,-1.52788426256775,-0.0120474531172334,-3.44919551613708,-0.935883141244702,-0.0340945388414866,0.346965479586089,0.212066230108661,-0.0101970833577525,0.0623975577495699,0.390710427977126,-0.145405379081418,-0.796950642104811,-0.498654245601969,0.197873622338369,0.185830672244296,-0.00385446588597915,-0.52709099345649
80.3014839722182,-102755.775,-109519.95,-108517.85,-102004.2,-102254.725,-1.3287728971583,0.136926351817706,-3.13168270637351,-1.220001641103,-0.286035738671828,0.3015663175537,0.225669592068442,0.0387100073087154,0.0508753850184291,0.295739634975291,-0.157780942029891,-0.800033434349959,-0.503327129729307,0.223087230178751,0.171477927961755,-0.0241167163461995,-0.502622777596722
80.3244944146174,-102755.775,-109519.95,-108517.85,-102004.2,-102254.725,-1.31109800561859,0.0736651411480125,-2.86193889275677,-1.42530478777516,-0.406201585604876,0.255969212277215,0.219857562497204,0.0583658608818496,0.0564390221120235,0.244713180071471,-0.150960428187883,-0.784494301130178,-0.488805359112865,0.229351478350585,0.132911607698483,-0.0470794398043992,-0.466953897138469
90.2540576888473,-102755.775,-109519.95,-108517.85,-102004.2,-102254.725,-1.31116144820116,-0.019260795368595,-2.70821614368916,-1.51357990065685,-0.418000395967013,0.221802815283695,0.212179425986854,0.0545632754046892,0.0842410130499758,0.216502030928844,-0.142108165609031,-0.76783746603656,-0.456860690829003,0.213256686448748,0.0840509752302931,-0.0730488436278947,-0.439402217144949
90.2987017730849,-102755.775,-109519.95,-108517.85,-102004.2,-102254.725,-1.68535718536408,-1.10219163166661,-2.62151646888789,-1.48358701974092,-0.37351194537284,-0.00828122665773634,-0.0360564005257444,0.0465289426014266,0.136101215238618,0.199093691200176,-0.108447545081843,-0.600048767071223,-0.418940485795077,0.179866100856644,0.0385846917178847,-0.0999671561899831,-0.559012088457354
90.2958458608786,-102755.775,-109519.95,-108517.85,-102004.2,-102254.725,-0.616307021037926,-0.572817134146291,-2.71633044293624,-1.5680901624219,-0.542192113012305,-0.0561870236700912,-0.0845682987939327,0.00560602367892216,0.152736409229213,0.0545436285280516,-0.167023797470018,-0.576081046039961,-0.341375067189599,0.155702798324262,0.0178473752662456,-0.11629616008554,-0.481760344010487
90.2603042714927,-102777.8212,-109596.1096,-108585.9928,-102020.2336,-102272.7628,0.859355498481023,0.44589466427459,-2.59290719361714,-1.69017999373416,-0.851735930276703,-0.0513187588681063,-0.0803996263073543,-0.0245879853608955,0.154674518723944,-0.121656306200649,-0.23518653313895,-0.584974794843708,-0.278497694214291,0.137032882513693,0.0109790914540977,-0.136528754685386,-0.424871474550094
90.2507546833306,-102777.8212,-109596.1096,-108585.9928,-102020.2336,-102272.7628,2.1305441583644,1.31867475046189,-2.17860020463566,-1.82311259631956,-1.17825486306212,-0.0413434145690275,-0.074806127343841,-0.0345690050609235,0.144797815815728,-0.294334651245016,-0.284003772005685,-0.588485028262765,-0.242063499595458,0.123394568142123,0.0084760280077405,-0.156316823560758,-0.394262296425676
90.2694980148351,-102777.8212,-109596.1096,-108585.9928,-102020.2336,-102272.7628,3.12691308630008,1.96879584163534,-1.57130578756139,-1.94537055653996,-1.43418612431395,-0.0323806225297574,-0.0743364194346583,-0.0330262136600226,0.125260582417418,-0.451128009122812,-0.317042187083096,-0.58516982566139,-0.222888138549485,0.1142123417321,0.00548810150106904,-0.173654262871878,-0.383769990430412
90.2321886146544,-102777.8212,-109596.1096,-108585.9928,-102020.2336,-102272.7628,3.80555660236665,2.34684252143241,-0.870873868721958,-2.03566947644289,-1.57063924460051,-0.027765237008154,-0.0810819346429668,-0.0262766456284567,0.0997849083825031,-0.586968140640934,-0.33646305542556,-0.574558519033594,-0.213506470570229,0.10732822053361,-0.00104696346283495,-0.187833372177501,-0.383170049415254
78.6156787258819,-102777.8212,-109596.1096,-108585.9928,-102020.2336,-102272.7628,4.17227361750082,2.45308939057153,-0.168276241436416,-2.07938803234345,-1.58088531583418,-0.0278878369337008,-0.09372987571804,-0.0188494811167885,0.0713674639084942,-0.702113686753322,-0.344631752458737,-0.557898738610281,-0.208372055220024,0.100865935682763,-0.0112306016528059,-0.198533227434268,-0.385248627459237
78.5931330090546,-102777.8212,-109596.1096,-108585.9928,-102020.2336,-102272.7628,4.48314813290608,2.85985016252664,0.455912716470237,-2.06670589451809,-1.47817476084327,0.0962875159164938,0.120426658998952,-0.014437052735893,0.0414941472706474,-0.799328556394698,-0.369189151757638,-0.654728185715469,-0.203619935077726,0.0932450965123917,-0.02418706493138,-0.205372947866415,-0.348266123079743
78.6217717959727,-102777.8212,-109596.1096,-108585.9928,-102020.2336,-102272.7628,3.85879765928595,2.3413077086007,1.01013638547526,-1.91845918754125,-1.21842357567409,0.172419936880878,0.199221196154696,-5.4645127505637e-05,0.0231581966041503,-0.84104706128511,-0.355503253653606,-0.689919159567034,-0.214243018610664,0.0767829904248747,-0.0430774875818307,-0.209739674669095,-0.422922252258872
78.6080684540477,-102777.8212,-109596.1096,-108585.9928,-102020.2336,-102272.7628,2.66751437066888,1.27606531531704,1.3424668295641,-1.65795841758425,-0.854224347740455,0.206723724450484,0.209320144635683,0.0142042800839732,0.0128849697731255,-0.84536103261847,-0.310343616583261,-0.682022953620476,-0.228394573495786,0.0529325261577718,-0.0648331231956196,-0.20806515059801,-0.443855630689712
78.6316569989888,-102777.8212,-109596.1096,-108585.9928,-102020.2336,-102272.7628,1.34618911593344,0.10711646346428,1.39073963982099,-1.31096830670685,-0.438351984137654,0.212824402504765,0.186596286380087,0.023396469300522,0.00904076966325817,-0.825488540938196,-0.246781102126779,-0.649884695642456,-0.239881163161207,0.0238894293473086,-0.0866654555725628,-0.201352387709903,-0.407442595745513
78.6362956614475,-102777.8212,-109596.1096,-108585.9928,-102020.2336,-102272.7628,0.158531260868401,-0.908019364484417,1.16554127542709,-0.903805998560088,-0.0176142586663275,0.202683748538135,0.150090943353796,0.0256421204749131,0.0104121857505675,-0.790875257946098,-0.177233091110844,-0.608186806973468,-0.245958162058601,-0.00810228474059693,-0.106460240062147,-0.189850587497553,-0.340661798663578
81.743131430305,-102777.8212,-109596.1096,-108585.9928,-102020.2336,-102272.7628,-0.800789548882662,-1.68663328818818,0.734041675427491,-0.458815326428095,0.381648808668658,0.186282600736746,0.112494786654388,0.0211920716434477,0.0160717813492539,-0.7479980841036,-0.110801922331391,-0.567366830288913,-0.246275238093743,-0.0412715869890223,-0.123422938682943,-0.17447647033304,-0.265330384930895
81.7735923137538,-102777.8212,-109596.1096,-108585.9928,-102020.2336,-102272.7628,-1.81389517088039,-2.5775067010492,0.144525848266099,6.9178043958118e-05,0.726501410254869,0.0930653590653279,-0.0092795745354266,0.00974321358616237,0.0251199988684689,-0.702075269043178,-0.0327489381825401,-0.484576849617358,-0.239788165423992,-0.073895136456678,-0.136306566631974,-0.157195399036617,-0.210665163943788
81.7936415475135,-102621.4936,-109056.0688,-108102.7984,-101906.5408,-102144.8584,-2.26464057751502,-2.92674515532259,-0.58873252026028,0.418105455074269,0.968238965209551,0.0460638054593971,-0.0510903052631519,-0.0112435971382823,0.0336574988586023,-0.678595783616018,0.00193710395920865,-0.457519814491405,-0.22123024135896,-0.101614228149109,-0.142683980158982,-0.141267816393132,-0.153154569922061
81.7567054808207,-102621.4936,-109056.0688,-108102.7984,-101906.5408,-102144.8584,-2.27596153329006,-2.8586378566236,-1.34758501892661,0.782568530258928,1.09359029414956,0.0343716766375621,-0.0547186248066254,-0.0466339429446379,0.0378064754634977,-0.675851214162023,0.00304269969623516,-0.461427958551064,-0.187035557222352,-0.121862001585289,-0.140282477649313,-0.129523039768671,-0.123126416628026
81.7373982161641,-102621.4936,-109056.0688,-108102.7984,-101906.5408,-102144.8584,-2.06032575493637,-2.58627588953256,-2.04271265064453,1.08822200822479,1.10945630586383,0.0439142676180921,-0.0349162483446008,-0.083816596716531,0.039949532240442,-0.684424700583975,-0.01415837616323,-0.484089924324084,-0.149698476527321,-0.137176047746952,-0.132169429174903,-0.119983379305836,-0.11970358565635
81.7715079406238,-102621.4936,-109056.0688,-108102.7984,-101906.5408,-102144.8584,-1.76963535915698,-2.25779666464246,-2.60933945304585,1.32414793096535,1.01714404046287,0.0607383108175412,-0.00923574012617934,-0.117269156602106,0.0391551215798245,-0.701031449865056,-0.0366430886649314,-0.511180249613133,-0.115715319455939,-0.14768769330659,-0.118802798865142,-0.110901555064551,-0.126530463380987
81.7121189224285,-102621.4936,-109056.0688,-108102.7984,-101906.5408,-102144.8584,-1.50823908844443,-1.97366028032606,-3.01569615930931,1.48134830008958,0.831040627984891,0.0753139047136813,0.011846292250226,-0.142962285490491,0.0348688465271181,-0.723193125508004,-0.0561444287945119,-0.533735571649526,-0.0896712492007141,-0.15340423957821,-0.100969990756034,-0.100488510709219,-0.131084620413148
65.4276591802244,-102621.4936,-109056.0688,-108102.7984,-101906.5408,-102144.8584,-1.31403767495652,-1.76408905939711,-3.29861435669298,1.57393874634997,0.58614105506642,0.0864862482417905,0.028166135446277,-0.161997294288796,0.0279089085107387,-0.748486726066929,-0.0700934224707017,-0.550403087640949,-0.0706314200743472,-0.155485060801847,-0.0804106388998487,-0.0880247664272531,-0.125720051520814
65.422466151589,-102621.4936,-109056.0688,-108102.7984,-101906.5408,-102144.8584,-0.000857042695869836,-0.697465761047084,-3.47165246503593,1.59195371436164,0.297176251495216,0.445892141805871,0.580783229308373,-0.176567544707105,0.0156403006731765,-0.777376497272002,-0.159395889763262,-0.762084312934372,-0.0590596404734949,-0.153686398951009,-0.0578960845048089,-0.073263691976571,-0.00555025895821615
65.4050177277721,-102621.4936,-109056.0688,-108102.7984,-101906.5408,-102144.8584,0.138277692027657,-0.916073190604791,-3.33285024614041,1.64412215499257,0.0703157522268469,0.727211694384117,0.767716891892967,-0.148049486097925,0.012891649912838,-0.722352463773362,-0.148809337660972,-0.804665803615707,-0.104557638991078,-0.163922012408681,-0.0449178868112794,-0.0372615258760192,-0.119278703159051
65.3911233736247,-102621.4936,-109056.0688,-108102.7984,-101906.5408,-102144.8584,-0.57362191051341,-2.15494739264545,-3.10807291274919,1.74397358459061,-0.0500746085789245,0.880605160780576,0.687246016434791,-0.0998360931251128,0.0154020085905699,-0.601343182163376,0.00400452131144391,-0.658214929512843,-0.187569890621261,-0.185560022208718,-0.0424556756394057,0.0176009120979828,0.0148114682760916
65.3356723348321,-102621.4936,-109056.0688,-108102.7984,-101906.5408,-102144.8584,-1.4599892940761,-3.74390414421005,-2.98307579484141,1.90065397366494,-0.051547150372329,0.84650576889041,0.336183814189617,-0.058832626806975,0.0168697929868316,-0.434940135550931,0.330231220095649,-0.302075750381631,-0.289897241288478,-0.21766032384604,-0.0505450520969228,0.0761962670975791,0.514152200629614
65.4261241310283,-102621.4936,-109056.0688,-108102.7984,-101906.5408,-102144.8584,-1.90266426890395,-5.02635561909561,-3.04504841450186,2.11576085002035,0.0482422612869868,0.618827754418071,-0.247350121362572,-0.054993216900165,0.0104711592164222,-0.246271407691651,0.782044643084183,0.197311131403522,-0.393125436175427,-0.258646800938013,-0.0676236280905429,0.10045417908146,1.26292554966177
65.4042803193883,-102621.4936,-109056.0688,-108102.7984,-101906.5408,-102144.8584,-1.64620770847836,-5.63061773002181,-3.31931165597675,2.37933122274133,0.212788486737381,0.334735857349926,-0.879849383217206,-0.115516718197306,-0.00119421199147496,-0.0493072732870559,1.18347587592761,0.643781526505109,-0.470855965235657,-0.305575202635356,-0.0903056819125143,0.0369451492443531,1.88240276493052
75.3799141746013,-102917.1131,-110077.2998,-109016.5314,-102121.5368,-102386.7289,-0.176115496414795,-4.90536827027258,-3.82455937061854,2.66685927862017,0.385112102426064,0.489600093881172,-1.03194493201931,-0.247784725051339,0.0145708481807461,0.175035321091507,1.18061077519413,0.688524678689357,-0.46306228101033,-0.350007900897277,-0.10773615968053,-0.151089323855786,1.74581726360152
75.3837211476676,-102917.1131,-110077.2998,-109016.5314,-102121.5368,-102386.7289,-1.007711293623,-3.88178626257566,-4.34562299182026,2.92975872084853,0.467362759185207,0.735516336074291,-0.615878398019937,-0.284377007011884,0.13794405246967,0.509307018529,0.711435490681317,0.197237931974009,-0.365966881907386,-0.387701069569303,-0.110299017070926,-0.348970946071915,-0.024427454857495
75.392632469898,-102917.1131,-110077.2998,-109016.5314,-102121.5368,-102386.7289,-0.463469698891515,-2.13983041212244,-4.80902480184825,2.94686428279645,0.367737533635975,1.06375568919781,-0.0917291267268752,-0.374914054516665,0.202394512944942,0.58094136022882,0.222998099884162,-0.324258002456756,-0.223145352914606,-0.386210910658639,-0.0675357545268878,-0.457345454316076,-0.670407648784037
75.4248231307138,-102917.1131,-110077.2998,-109016.5314,-102121.5368,-102386.7289,-0.120613374218479,-0.956237998204912,-4.8183263974494,2.70747409215025,-0.0295263625012439,1.13849501352448,0.16909547901831,-0.372786808432956,0.212615540935595,0.485562377666028,-0.0132596290563454,-0.596642861162058,-0.193098991342241,-0.35692847858803,0.0156128176742256,-0.376446683519958,-0.740890705119588
75.4277293395612,-102917.1131,-110077.2998,-109016.5314,-102121.5368,-102386.7289,-0.207679343047957,-0.423626695848469,-4.38769907959291,2.23631651205459,-0.659327656455375,1.07871648935539,0.268968462056144,-0.247653075389344,0.188427750379077,0.307730591485083,-0.0906027095574884,-0.706617692933109,-0.290674346153036,-0.30497802806783,0.130904238701393,-0.17619323170593,-0.68890851606846
75.3779466779754,-102917.1131,-110077.2998,-109016.5314,-102121.5368,-102386.7289,-0.494690133040407,-0.251429768129711,-3.83680901607666,1.6573034941553,-1.33359403178426,0.981692217884664,0.301365175346454,-0.101794371419039,0.143934557462991,0.105944399146125,-0.102339896980558,-0.746036668802568,-0.418371397351295,-0.240337080639118,0.256476058776109,0.0243831871360456,-0.624487967983786
66.4858547507945,-102917.1131,-110077.2998,-109016.5314,-102121.5368,-102386.7289,-0.849526291415927,-0.270289131281402,-3.34588239388449,1.0929880193698,-1.85030161659211,0.882207665092672,0.302792952490087,0.0108373280565104,0.0924526120497973,-0.0649103615158779,-0.0856749058800088,-0.752296510809161,-0.522273363446528,-0.173785475779892,0.360022555343419,0.170899170902857,-0.560567809602787
66.4742028549463,-102917.1131,-110077.2998,-109016.5314,-102121.5368,-102386.7289,0.476165166402041,0.407311280200815,-3.05040881775639,0.614700659165493,-2.06928002429729,1.2042197240626,0.645155739631974,0.0546038977254284,0.0335393162110975,-0.172384627932118,-0.136224947686432,-0.85761309177854,-0.580561610149799,-0.114671560921111,0.408528182925832,0.25399503899569,-0.29657713070346
66.4342122496955,-102917.1131,-110077.2998,-109016.5314,-102121.5368,-102386.7289,0.451630419270501,-0.38583800553144,-2.60335273397773,0.305229733030401,-1.96123507648613,1.24222552126358,0.509127695163578,0.0789635316567612,-0.0232707841448914,-0.109670836476376,0.0463532646042619,-0.666294189024776,-0.667619309496076,-0.0823908710273238,0.383516383749215,0.340807317871686,-0.146509511835676
66.4695435350431,-102917.1131,-110077.2998,-109016.5314,-102121.5368,-102386.7289,-0.0518717872119367,-1.7019579397852,-2.47224935722068,0.114522129064937,-1.5990372602004,1.00038622084419,0.019938751640538,0.00364662653129244,-0.104764993219739,0.0275390589862212,0.406407722747309,-0.268215634440914,-0.713287323254537,-0.071617708362701,0.306184292215851,0.418901215857481,0.293798063527355
66.45972780875,-102917.1131,-110077.2998,-109016.5314,-102121.5368,-102386.7289,-0.169228067676414,-2.55528201461235,-2.83336670439402,0.00388478609492893,-1.15425712850734,0.68855707397195,-0.531840398248917,-0.20511058266829,-0.206389860774252,0.17926113827918,0.729761744988824,0.091241489308044,-0.678237856389589,-0.0749168771070283,0.214273061576967,0.42596703105815,0.738584917113149
66.4882672460904,-102917.1131,-110077.2998,-109016.5314,-102121.5368,-102386.7289,0.254026715856355,-2.71906667297982,-3.55487009132527,-0.0477287563563635,-0.793421553315127,0.532403603598375,-0.880641253181707,-0.525983229634235,-0.303385713363937,0.315749158441591,0.866969127909134,0.255248951658269,-0.559309521617644,-0.0846930957743652,0.140883360376381,0.319219091738809,0.949708350919517
66.4932053046705,-108714.2616,-130103.8128,-126934.9904,-106337.6448,-107129.8504,0.853961898824281,-2.50470875187611,-4.45486579718508,-0.0815682044419503,-0.619758438857218,0.23502780547085,-1.68003793128983,-1.58222274663989,-0.676877421271854,0.0368436326465229,0.916602173711059,0.585098647209289,-0.122184032717226,-0.0581989664072362,0.129327770804429,0.106840266429117,1.70169349428818
73.9465127906293,-108714.2616,-130103.8128,-126934.9904,-106337.6448,-107129.8504,1.87752196647726,-1.88596243027635,-4.91757794518028,-0.0515693785839346,-0.754552516717268,0.464166986070161,-1.38337135002741,-1.79713216704537,-0.660989972880422,0.128322623249431,0.740286686322113,0.415556194882738,0.010587266306048,-0.0693024663310533,0.107486850687616,-0.148009692774203,1.57066936298382
73.9997978605773,-108714.2616,-130103.8128,-126934.9904,-106337.6448,-107129.8504,0.704497528976106,-1.35951580126084,-4.99522427662305,-0.125469450489888,-1.01749199076762,0.736234928358449,-0.778103023802323,-1.64411139159481,-0.496765083144219,0.356905403450874,0.363804379623613,0.0359104283479459,0.154583880929391,-0.0299174892861673,0.19138930990887,-0.246440047935657,0.368832554331403
73.9700259880507,-108714.2616,-130103.8128,-126934.9904,-106337.6448,-107129.8504,0.938222787604559,-0.0328951626285772,-4.63277774692173,-0.482201209637267,-1.3438192556747,1.08645157936895,-0.181586537521738,-1.3003846028379,-0.447687076026426,0.257057235753464,-0.0166392813915404,-0.368844433210765,0.128159421607693,0.0607080699891185,0.340117174856969,-0.295841185350639,0.0385766056483963
73.9327669111602,-108714.2616,-130103.8128,-126934.9904,-106337.6448,-107129.8504,0.815675970130783,0.5654066522915,-3.72492491017141,-0.961970353287569,-1.58595722697369,1.128093436832,0.0417161055285504,-0.830183076365998,-0.495887189511372,0.0496886052942997,-0.150555774568495,-0.529481820334926,-0.0989428081038533,0.168768081660997,0.465507786957438,-0.22894173641243,-0.00826203372796641
73.9835736923486,-108714.2616,-130103.8128,-126934.9904,-106337.6448,-107129.8504,0.385942331429703,0.623746955873941,-2.81292140082438,-1.4380398176182,-1.51990490706459,1.04675053787426,0.0967592733095799,-0.457024738837028,-0.578342965556665,-0.0280329049834833,-0.16118004357654,-0.563571610830417,-0.323106434245887,0.275012078633939,0.509283602188082,-0.153908921312045,-0.00763923827843627
73.9568903841269,-108714.2616,-130103.8128,-126934.9904,-106337.6448,-107129.8504,-0.154005871013695,0.428149262872012,-2.19567619116145,-1.83903726301233,-1.12590638745974,0.932084843454753,0.0872738682458447,-0.241838127915585,-0.656060741808446,0.0764471224975907,-0.124475969086681,-0.546299177127544,-0.461468760136576,0.366331163379135,0.465079920070299,-0.118969125545796,-0.00313644019322901
73.987374415465,-108714.2616,-130103.8128,-126934.9904,-106337.6448,-107129.8504,-0.613471347111187,0.200493853899616,-1.89261458462562,-2.1114367879177,-0.581743406959802,0.83364754458232,0.0685456602626644,-0.143059422510646,-0.699708423136641,0.269919214909592,-0.0806402510838549,-0.519185446207559,-0.523260281090882,0.431221306031908,0.373768350567067,-0.114720683253253,0.00211652595798739
73.1862672861494,-108714.2616,-130103.8128,-126934.9904,-106337.6448,-107129.8504,-1.03132666069652,-0.0644014164663957,-1.81833909324577,-2.20205308803206,-0.0346620321183195,0.744983125549993,0.0383539303770561,-0.113465192005783,-0.686025274750264,0.470730956627548,-0.0322526108122325,-0.483009755718294,-0.536463936882311,0.457158305434292,0.271694971205417,-0.124786422065931,0.0127293502509609
73.2113624782779,-108714.2616,-130103.8128,-126934.9904,-106337.6448,-107129.8504,-1.21947957388528,-0.249323295122181,-1.92350290739904,-2.08536140002249,0.421721272531542,0.708463030973704,0.0274519509222344,-0.133323724637819,-0.610906881838076,0.629337830882179,0.0129864263622466,-0.449974798027943,-0.516941815130905,0.436319516186209,0.181127658818716,-0.141458547015077,0.0726311192089675
73.1752188098533,-108714.2616,-130103.8128,-126934.9904,-106337.6448,-107129.8504,-1.40918828511934,-0.458524710123484,-2.07610123313363,-1.80508569073351,0.77763057746867,0.671593173282332,-0.00268235176638854,-0.166354317275704,-0.485784992452629,0.764843152480339,0.0578833062445194,-0.410509429215237,-0.489064309160458,0.382025180249626,0.108540110460946,-0.15708153926073,0.0760099336033271
73.1578465850169,-108714.2616,-130103.8128,-126934.9904,-106337.6448,-107129.8504,-1.49385344348607,-0.581394405226931,-2.26136404556763,-1.43487173186476,1.03053803258278,0.656653919445965,-0.0195192527013504,-0.204250543081791,-0.33888849410426,0.868008468701483,0.0863102299010361,-0.385158875942753,-0.455298417481111,0.310886540477777,0.0570372582851779,-0.173862724089538,0.0659447832946665
73.1907422093659,-153809.7637,-285888.2746,-266321.0878,-139134.3736,-144026.1703,-1.53389564729959,-0.677856263393309,-2.45242575792369,-1.03485519024817,1.21065087300538,-0.875725745610723,-3.61490583467236,-4.38266218041675,-2.81263986193365,-1.90582647918438,0.681160779563478,1.47581715475079,1.00874678156416,0.327199072467724,0.1752009631494,-0.363848446053282,4.15237250008166
73.2003067922687,-153809.7637,-285888.2746,-266321.0878,-139134.3736,-144026.1703,-0.920058592365137,-0.654082737439978,-1.34506779673497,-1.0023407038139,0.163581837820772,-0.212488663830726,-1.99109610899595,-3.95874623382643,-1.87598565058165,-1.05357252524976,0.0218807724257815,1.1599531056117,0.838705558730049,0.298661678163898,0.0737444079370442,-0.941080534387048,4.17434285391272
73.2165034055063,-153809.7637,-285888.2746,-266321.0878,-139134.3736,-144026.1703,-0.518439372231782,-0.506697401742287,-0.662252388263141,-0.915447276658881,-0.316916567137881,-0.0017872874947642,-0.934579160773012,-3.58510717409445,-1.1419186019366,-0.642216164651799,-0.146206409643902,0.943286458068279,0.744608545310381,0.278162426787906,0.0484238875481631,-1.17786723040218,2.4729191074399
73.186065729512,-153809.7637,-285888.2746,-266321.0878,-139134.3736,-144026.1703,-0.242366923605175,-0.314586480395903,-0.156366266452636,-0.813083264216857,-0.536395421496309,0.0867086022231831,-0.257178865900393,-3.22858445686444,-0.578571216236966,-0.398343715706019,-0.1952953354634,0.796178360270246,0.681459687326456,0.262636511343097,0.0430267628610506,-1.15415681150088,1.27783315863828
73.1904070038459,-153809.7637,-285888.2746,-266321.0878,-139134.3736,-144026.1703,-0.0482964657986287,-0.110631027896432,0.279887278942965,-0.711766991724772,-0.594548262716941,0.140382311487606,0.179531765116792,-2.87736744819798,-0.152480507889635,-0.223840277129284,-0.219999026363155,0.694536952037993,0.629810071256825,0.250751511303215,0.0389959361697034,-0.997673450141249,0.652937603027638
73.191852817091,-153809.7637,-285888.2746,-266321.0878,-139134.3736,-144026.1703,0.0693059637235507,0.0625084867187269,0.686217401735831,-0.616367469833449,-0.54907724022101,0.172919180871617,0.460402511558598,-2.52783035167521,0.166972049178653,-0.0807392096522221,-0.235060101952674,0.625442056847789,0.582753926817385,0.241861712971523,0.0311264188694622,-0.803130979673703,0.33882722483084
73.2029201815765,-153809.7637,-285888.2746,-266321.0878,-139134.3736,-144026.1703,0.139999925809548,0.198911814698832,1.07023946400743,-0.523246732662813,-0.444437003502642,0.19236935634575,0.642177431393741,-2.18022261966006,0.406891925181924,0.0423268153459944,-0.244122749423302,0.578531510796672,0.539184810288495,0.234809786986908,0.0195129328317458,-0.620691760628922,0.173064554425117
73.1985555870248,-153809.7637,-285888.2746,-266321.0878,-139134.3736,-144026.1703,0.173544189122509,0.294154321081209,1.43891043821698,-0.43723587777724,-0.311932766435973,0.201755260111788,0.758408811915025,-1.83477810189531,0.58463054537529,0.146540424395539,-0.248801484643393,0.547742311296743,0.497900406907462,0.229549289400553,0.00576637994602747,-0.457380145455687,0.0776855129326961
73.1785400659212,-153809.7637,-285888.2746,-266321.0878,-139134.3736,-144026.1703,0.201011657545891,0.371955962555774,1.79520075182145,-0.356869266082072,-0.173346459728805,0.20913769087803,0.837307323010819,-1.49019269724283,0.7172376459541,0.232030263000517,-0.252337903996863,0.525510659426542,0.458865678716821,0.225814010589564,-0.00780696201093622,-0.316707676562267,0.017071085981982
73.2199801347942,-153809.7637,-285888.2746,-266321.0878,-139134.3736,-144026.1703,0.230211024019724,0.436321302321076,2.14596789635442,-0.281894687131398,-0.0409627582588712,0.216236293019605,0.891533529045333,-1.14648454107689,0.815251167781376,0.297275640502889,-0.255375333430547,0.50928264376754,0.420693610386046,0.223205072474827,-0.0199392615349789,-0.195284113901032,-0.0230928682983382
73.1647662326518,-153809.7637,-285888.2746,-266321.0878,-139134.3736,-144026.1703,0.218558266307156,0.456935007476005,2.4943751794949,-0.211567325937963,0.0796968531423943,0.214321533661497,0.92149186501274,-0.804432465730038,0.886778083159747,0.342774931263335,-0.255432383046283,0.501623160030412,0.382692450785947,0.221444695638028,-0.0299791806379157,-0.0892629352306926,-0.0498490624350652
73.2165322924879,-153809.7637,-285888.2746,-266321.0878,-139134.3736,-144026.1703,0.245130220523734,0.498770021469454,2.82964616187827,-0.149764807408971,0.181785956602354,0.219398474895726,0.947186260090852,-0.466227564451579,0.937500530028977,0.368689878411708,-0.25673518159028,0.492956943689712,0.346882019209465,0.220894409295253,-0.037122864345188,0.00115799960234853,-0.0610959741966077
73.1917785840458,-134511.3219,-219220.9302,-206671.3586,-125099.1432,-128236.5361,0.241236714316841,0.515305842297451,3.16572764403605,-0.0949524229998104,0.268502029185157,0.900921136560903,2.51742903152741,1.78474557881656,2.20317618182509,1.8197328237104,-0.479941914886502,-0.17293114777822,-0.159473411647776,0.19950859637383,-0.0558715072029909,0.138761407501157,-1.45933072896565
73.1532408761518,-134511.3219,-219220.9302,-206671.3586,-125099.1432,-128236.5361,-0.387494116260712,0.897380350077995,3.18010718056006,-0.31689936667803,0.972899407373063,0.564591706744139,1.80148327520411,1.84338976597774,1.45443555608639,1.52803183680785,-0.200194182931027,-0.0653653537239074,-0.157425531083105,0.191257997104201,-0.0387951793152856,0.427705365233628,-1.45392687658109
73.1740142574599,-134511.3219,-219220.9302,-206671.3586,-125099.1432,-128236.5361,-0.546439359274146,0.99006700679567,3.03421009180651,-0.277476247219511,1.39631284161491,0.457999894918721,1.36701625213036,1.84312603979158,1.08905585852956,1.3819539793841,-0.1040331408169,0.0122787467976337,-0.130155347436662,0.182860708760335,-0.04043154759907,0.56868173262481,-0.998350105066587
73.2446014397811,-134511.3219,-219220.9302,-206671.3586,-125099.1432,-128236.5361,-0.570843555604512,0.960213882273251,2.91879480728674,-0.134058856882959,1.64057066269632,0.425410929834023,1.09340872001427,1.82829159584914,0.919775616257233,1.30193739530939,-0.0702286764009696,0.0686069561669416,-0.109681322530902,0.174165813456656,-0.0462440069555146,0.593638518472076,-0.628870490199166
73.2255165835295,-134511.3219,-219220.9302,-206671.3586,-125099.1432,-128236.5361,-0.585248508136104,0.868299889095141,2.85037940728272,0.03854192641937,1.77289621104258,0.412509341121776,0.910954716812313,1.81267442574728,0.851824089970144,1.24571860342974,-0.0577810232368239,0.112173607921019,-0.0980253258039734,0.165992945082646,-0.050024556748721,0.56137456472451,-0.379710590181586
73.1466039275157,-134511.3219,-219220.9302,-206671.3586,-125099.1432,-128236.5361,-0.568462705393216,0.79040038238638,2.80790144507255,0.202507843540971,1.8317067902528,0.41244745308596,0.794079794735097,1.79845319621957,0.833789959175135,1.19423899591398,-0.0547456188582292,0.141608632342385,-0.0911077657677533,0.159037634975385,-0.0499611485379559,0.506827405671345,-0.204615977895511
73.2014749259662,-134511.3219,-219220.9302,-206671.3586,-125099.1432,-128236.5361,-0.510287887032973,0.751635425196952,2.78754689936736,0.346349606310639,1.84396043191546,0.423661370101669,0.725026706158545,1.78781133859404,0.840180175554792,1.14443709811021,-0.0573412502564881,0.158451649741381,-0.0881273433829302,0.153098525126993,-0.0467697686573114,0.448789711686061,-0.0773067423314977
73.1994178492336,-134511.3219,-219220.9302,-206671.3586,-125099.1432,-128236.5361,-0.499634089803493,0.690968081304135,2.79081561788701,0.470597453072344,1.83025359671487,0.426448026945941,0.672212913025703,1.78312660412372,0.858955617812967,1.09876983238834,-0.0586250287567505,0.174102758312546,-0.0891715050975179,0.147792768812497,-0.0418209007343311,0.395369826069093,0.0137482467142291
73.1793209998595,-134511.3219,-219220.9302,-206671.3586,-125099.1432,-128236.5361,-0.491733372886443,0.645129928407655,2.79427971497311,0.570901694923634,1.79958765941296,0.428506648291901,0.636633986805911,1.78036003918553,0.880465196673605,1.05470892563055,-0.0595878563651873,0.185035273514658,-0.0900646565540604,0.143517081602626,-0.0355177694892803,0.348745248617078,0.0914118994259177
73.1537330483619,-134511.3219,-219220.9302,-206671.3586,-125099.1432,-128236.5361,-0.475134032135941,0.618932654408951,2.79750189796326,0.650316278177485,1.75942152620111,0.432340793373733,0.614819696737207,1.77898348645351,0.90136402685102,1.01372950074662,-0.0610908255753291,0.191533082650629,-0.0907733487122853,0.140085461445917,-0.028586313265123,0.308008991966503,0.157888736893279
73.2053997143332,-134511.3219,-219220.9302,-206671.3586,-125099.1432,-128236.5361,-0.454364321356195,0.603954049458935,2.8028403783827,0.713370351674229,1.71572042964601,0.436826510460506,0.601198405949667,1.77865378924224,0.920139612368068,0.976755275382295,-0.062541725396783,0.195646480624717,-0.0918716335700926,0.137164005648502,-0.0217587271610311,0.272827847414035,0.21455192218373
73.1935944026236,-134511.3219,-219220.9302,-206671.3586,-125099.1432,-128236.5361,-0.466637697410604,0.57386186165796,2.81129208751506,0.76424921883364,1.67278439481477,0.434718928771716,0.586705375899307,1.78015067495838,0.937294294994167,0.945278321679893,-0.0623328678009054,0.201071183895929,-0.0933490886295569,0.134712667717391,-0.0153142780776072,0.242644852016163,0.259646253371153
73.1778548648845,-129202.1961,-200880.3138,-190261.3334,-121237.9608,-123892.7059,-0.467787209935736,0.558994627391911,2.81125447743288,0.801054731346184,1.62985871465628,0.616344649713767,0.999919925610939,2.26800846497416,1.23377477096927,1.24060127688622,-0.129160812629318,-0.00751895564427629,-0.257437796869932,0.114503757314965,-0.0284793796443257,0.230693921104411,-0.176964532056004
73.1712093695562,-129202.1961,-200880.3138,-190261.3334,-121237.9608,-123892.7059,-0.65393092714497,0.589973428606854,2.36145595031793,0.67992280524625,1.73564953989936,0.530991054499012,0.750940246193224,1.88576884631756,0.9580424370819,1.12677847522687,-0.0631567008762537,0.0384499791841373,-0.20368351659503,0.107820795496002,-0.0154727250911515,0.260899196061231,-0.140189182068543
73.1898174685038,-129202.1961,-200880.3138,-190261.3334,-121237.9608,-123892.7059,-0.698807498296816,0.568157026975342,2.02317426212933,0.674648637442914,1.76108541407248,0.498982001136682,0.596469436841218,1.60683448707334,0.840701598357938,1.07609870682299,-0.0339201177735289,0.0705002929716008,-0.162599719254344,0.100936979864164,-0.0107885424880085,0.274927149856907,0.00727427736682174
73.1978393166477,-129202.1961,-200880.3138,-190261.3334,-121237.9608,-123892.7059,-0.700909691309661,0.517833394457853,1.78942602572721,0.714468120572064,1.74976880877826,0.487838898021145,0.495860187593244,1.40421189406448,0.800257507584057,1.05364418002114,-0.021224384841108,0.0945911277420763,-0.135072351643009,0.0939322201539521,-0.00897142825418129,0.260761324338141,0.129781113274918
73.1966811735531,-129202.1961,-200880.3138,-190261.3334,-121237.9608,-123892.7059,-0.685581502600598,0.465672483615236,1.63219741016822,0.765718408908455,1.72331969030964,0.486335927913942,0.430304633324454,1.25769170317031,0.795866086112909,1.04219183727051,-0.0166801458679369,0.111915288817082,-0.117381092876054,0.0874186401234347,-0.00769619364833174,0.233374045616962,0.218190691064493
86.7350298468756,-129202.1961,-200880.3138,-190261.3334,-121237.9608,-123892.7059,-0.344013051710874,0.795508004156559,1.53198932663062,0.814065735231594,1.69199015021124,0.574820335815829,0.507618885519264,1.18067747420753,0.833274458214881,1.06337170064601,-0.0692983124843947,0.0519066850938481,-0.0997901907352774,0.0873212034147133,-0.000210668943330994,0.203163853864126,0.174493395525912
86.6425939138082,-129202.1961,-200880.3138,-190261.3334,-121237.9608,-123892.7059,-3.89150503747607,-1.50448927941204,1.86325101380731,0.855669746743416,1.67506071561451,-0.193722670327396,0.192392223150158,1.45516461221825,1.08211788564769,1.31471931300861,-0.0702954719363778,0.189055980846253,-0.106272142392096,0.132676825706526,0.0530098750815249,0.189857989012708,-0.840570360136017
86.77691150819,-129202.1961,-200880.3138,-190261.3334,-121237.9608,-123892.7059,-2.30704352473326,0.18340188561919,0.834004182592579,0.0411329615550642,0.963462293124522,-0.218046018464349,0.186243830816757,1.43131936333682,0.918017870108486,1.05909080437213,-0.241391469855442,0.0223359395654232,0.0924028759122986,0.227326967262139,0.155375815696348,0.12578915347315,-0.412070065555847
86.7305818064413,-129202.1961,-200880.3138,-190261.3334,-121237.9608,-123892.7059,-0.714704847090701,1.36649536030596,0.603228954642944,-0.93545851788717,-0.00261952082129824,-0.239177984841241,0.0847216882017037,1.33964303086318,0.691642478692508,0.813925937024649,-0.303443188292526,-0.0206729659311593,0.163770761152682,0.30770995849375,0.207914447457535,0.0887585292961148,-0.0627758560232969
86.7673565324527,-129202.1961,-200880.3138,-190261.3334,-121237.9608,-123892.7059,0.205967477883163,1.79318867578236,1.02900340397427,-1.83339982550365,-0.822690789750681,-0.268945328608936,-0.0235286835398085,1.19240588546496,0.499542085174596,0.66537043965053,-0.308932478005307,-0.000660105205922523,0.172387466508372,0.360135171558787,0.193776304542962,0.0686762579231939,0.153766110315257
86.7505996255139,-129202.1961,-200880.3138,-190261.3334,-121237.9608,-123892.7059,0.622638093665572,1.7654595589178,1.6162957828014,-2.48243610166845,-1.32450837896218,-0.297325951719053,-0.112453976829144,1.01225685577525,0.374192287156909,0.568356152055323,-0.294526789307372,0.0409845216750457,0.176827846453985,0.372320971509299,0.139530062743839,0.0509626486808585,0.284708709004278
86.7082012821285,-129202.1961,-200880.3138,-190261.3334,-121237.9608,-123892.7059,0.807131858673188,1.58351049331228,2.14089982516302,-2.83159938913818,-1.54600737523249,-0.315867387526481,-0.173838870666629,0.834845683806194,0.308316741547593,0.474768729555244,-0.277916918050878,0.0817353330471295,0.185872931883986,0.346488890470253,0.0796963430192623,0.0335217062297133,0.366959158726178
65.4403990223088,-122305.7439,-177056.2062,-168945.0266,-116222.3592,-118250.1541,0.4180264193255,0.829732363504917,2.45068148173374,-2.92285106600815,-1.61360386452554,-0.26578946755113,-0.00338066261488024,0.93365601161581,0.416676924723184,0.498317538096096,-0.305684845620414,-0.0656462422121393,-0.00756406612493654,0.226821417224392,-0.0367511728418972,0.00874095577390221,-0.143837012787658
65.445874497868,-122305.7439,-177056.2062,-168945.0266,-116222.3592,-118250.1541,0.248848004517527,-0.377619453547879,1.98077382284481,-2.82061932096431,-1.43566809069873,0.0269551251932612,0.656073532480235,0.499935729992146,0.19987582328401,0.252885885866093,-0.195502468335905,-0.151217145781133,0.0967153980359361,0.173657878655916,-0.0515072970184052,-0.00134215142963257,0.368615027147037
65.4254293551253,-122305.7439,-177056.2062,-168945.0266,-116222.3592,-118250.1541,-1.80915059746545,-3.36442515857971,1.71553218574491,-2.32552695102191,-1.01158767348724,0.128788220160352,0.610680237704457,0.238823908121546,0.10682388046245,0.153842574244429,0.0660931060842551,0.153791895305591,0.0888964450591485,0.0960126138285515,-0.0826458038054518,0.00941718938429403,0.713406722931422
65.3936993800461,-122305.7439,-177056.2062,-168945.0266,-116222.3592,-118250.1541,-3.96495271555318,-6.23956564542321,1.10708304015753,-1.56500795526391,-0.468373136555883,-0.0885026453701343,-0.0584119871703166,0.0189474755001697,0.0426127754800802,0.127198766591107,0.557678334396449,0.81829982845743,0.0425418053714157,0.00131178967050372,-0.120607175028054,0.0175339140855186,1.55852987244194
65.4244049762901,-122305.7439,-177056.2062,-168945.0266,-116222.3592,-118250.1541,-4.88951131380814,-7.65649539737748,0.137983775992041,-0.632998453632197,0.0958108194477347,-0.602720711247159,-1.02705182850654,-0.254272715637086,-0.0296383691015549,0.127373387866768,1.15390784388352,1.478370914672,-0.00636870370447795,-0.103395094181261,-0.158907479553743,-0.0647036092708504,2.50985182821523
65.4015367058876,-122305.7439,-177056.2062,-168945.0266,-116222.3592,-118250.1541,-4.20387776550572,-7.41459772422905,-0.985586234994969,0.396829481699896,0.618918768545512,-0.980866088920166,-1.68172353465707,-0.605023143277137,-0.0724013876243887,0.164342365658513,1.49232261757535,1.72820582157037,-0.0167936416257928,-0.207104432498767,-0.189753929218232,-0.328247179501972,2.81473156602637
77.3293997641578,-122305.7439,-177056.2062,-168945.0266,-116222.3592,-118250.1541,-2.45290194148596,-6.09850697877413,-2.10149992768102,1.44053215426119,1.02886757938938,-0.91991775748803,-1.79461829490944,-1.02443724398736,-0.0541489273614957,0.245313315454062,1.45636302855887,1.60872848021335,0.0629897788395364,-0.300921239593231,-0.205689552177825,-0.724508470065132,2.45415684477178
77.3270710394446,-122305.7439,-177056.2062,-168945.0266,-116222.3592,-118250.1541,-4.38473617207734,-5.68528304170036,-2.97427748221807,2.3809450177469,1.23790562057212,-0.70921670935796,-1.42178398301446,-1.12216914364387,0.212042580243619,0.555444475066842,1.05982584768541,1.24628628926882,0.316684969313568,-0.361033155291008,-0.18457741619412,-0.995381330023946,0.717289270668156
77.3602283123886,-122305.7439,-177056.2062,-168945.0266,-116222.3592,-118250.1541,-3.00170532733607,-2.75762344045638,-3.37313665191772,2.64300488832735,0.9154641206527,0.174936488555169,-0.321861228559825,-0.901418980015293,0.399961797374203,0.64594610984053,0.306567415773948,0.450080991698224,0.563511863010869,-0.341264563603021,-0.0805545932297469,-1.11454006924281,-0.0684695875614594
77.3296315523074,-122305.7439,-177056.2062,-168945.0266,-116222.3592,-118250.1541,-1.95365853334668,-0.898072224358671,-3.44080958460717,2.28136634912133,0.102003066794126,0.433655344453932,0.0745391272867053,-0.680475270125029,0.387418446073312,0.494117512859106,-0.0249884025419425,0.0641414624046517,0.617935448346128,-0.277038711564765,0.066409644322152,-0.96436570236186,0.0445905375652629
77.3369722378506,-122305.7439,-177056.2062,-168945.0266,-116222.3592,-118250.1541,-1.58691156854314,-0.141169895911432,-2.72549529796417,1.39165857039079,-0.96042576445268,0.442992279001473,0.165798330684048,-0.293409919257165,0.276782417784432,0.260135292312732,-0.117848208646319,-0.0643395892898471,0.423794772140154,-0.168131097080835,0.237695256683179,-0.702253586266607,0.272925414932489
77.3188684423625,-122305.7439,-177056.2062,-168945.0266,-116222.3592,-118250.1541,-1.62850018686946,-0.00128939550914708,-1.87064046495755,0.366822295082642,-1.86764045934724,0.377231023489117,0.14878477972011,0.00355510268898485,0.124273768120794,0.0381044260644074,-0.119758730004553,-0.0868490863773359,0.213050782069596,-0.0441130153414002,0.386155332123824,-0.496143345852779,0.473566368609418
77.3923093438316,-123400.0371,-180836.4918,-172327.3874,-117018.2088,-119145.4849,-1.78313156836583,-0.0853013201019905,-1.22220223165331,-0.454208586012385,-2.36762377631062,0.281893562039272,0.0432671956352451,0.0780957505839197,-0.0418446668685135,-0.13022218085078,-0.0821669972553494,-0.0292542182527762,0.120143049913457,0.0697153612520611,0.479568011577414,-0.371239756254468,0.722900336714732
72.7700868661711,-123400.0371,-180836.4918,-172327.3874,-117018.2088,-119145.4849,-2.01030388752318,-0.335518195737052,-0.785961283512819,-0.958909033453025,-2.42464380306035,0.223338903474705,0.0246712335825379,0.166212125634033,-0.10344188226037,-0.104712412713148,-0.0537240419569858,-0.00176188546910172,0.0453499570068052,0.137633849916537,0.480560208323219,-0.307098689618655,0.769713614967523
72.7891264424319,-123400.0371,-180836.4918,-172327.3874,-117018.2088,-119145.4849,-1.59299070041432,-0.312147258982392,-0.671581852410227,-1.24439779889727,-2.13943315483753,0.348600825919569,0.177017468323768,0.139779776358473,-0.158012414097385,-0.0195093629205374,-0.0180253267416144,-0.0028851174151967,0.0264818475990012,0.171674025243612,0.42070626774865,-0.265998180980382,0.954629566182724
72.7169248630872,-123400.0371,-180836.4918,-172327.3874,-117018.2088,-119145.4849,-1.8395546585937,-0.920235826281214,-0.485413817947517,-1.31344161841466,-1.60078737709856,0.349449111304736,0.084414830527578,0.0928256692345855,-0.181495799520036,0.14847670201118,0.0870461438763841,0.125762231503419,-0.015900066187613,0.173680951515393,0.327267121513876,-0.21142720582079,0.931957893553799
72.7360248994023,-123400.0371,-180836.4918,-172327.3874,-117018.2088,-119145.4849,-1.96273294982346,-1.30299185653762,-0.47575406938833,-1.24782309718312,-0.978820489454719,0.341193203771866,-0.0292625026130509,0.0222476860917098,-0.181566721877054,0.338600297901777,0.172146377247217,0.233571974636135,-0.0358341837803189,0.159339477684901,0.234240901482007,-0.15740469427999,0.846703243111119
72.744498715164,-123400.0371,-180836.4918,-172327.3874,-117018.2088,-119145.4849,-1.80540017748326,-1.32609929370653,-0.58567750340309,-1.09668128564478,-0.406927062874033,0.374807093881493,-0.0797480046354195,-0.0479471344819729,-0.160126001338504,0.518364046367992,0.199532927275959,0.273061852302498,-0.0324210695005962,0.138178455020158,0.159949018163037,-0.121086053287534,0.699174235852148
72.7747312658191,-123400.0371,-180836.4918,-172327.3874,-117018.2088,-119145.4849,-1.50623248010371,-1.15609610863066,-0.71034029506302,-0.898614574937938,0.0558813237068705,0.437369923405349,-0.0791012438477452,-0.0994355634691715,-0.125923383927955,0.668967846588131,0.185588916563974,0.266544254061201,-0.0173097633007004,0.115491107330512,0.107530561049919,-0.0963752843214749,0.540491952661489
72.8123504118354,-123400.0371,-180836.4918,-172327.3874,-117018.2088,-119145.4849,-1.18360802220023,-0.915872061710772,-0.765998608809255,-0.692040394201825,0.360723070256569,0.507582319250083,-0.0514965587479281,-0.115968607919058,-0.087546084857884,0.777225426791169,0.150703546544301,0.237423074264888,-0.00575082683473749,0.0954596160103338,0.0791513883334218,-0.07437252612268,0.395937606301921
72.7677753840149,-123400.0371,-180836.4918,-172327.3874,-117018.2088,-119145.4849,-0.937612799931401,-0.703937836346213,-0.749205654391119,-0.512464689256177,0.53926005596017,0.56121178267508,-0.0243104991798191,-0.10062809312744,-0.0544930768870913,0.845940808879035,0.116592839305667,0.20725212093048,-0.00311801768008069,0.0811853953847792,0.0679339545620592,-0.0498332627524505,0.288989195957019
72.7435136181611,-123400.0371,-180836.4918,-172327.3874,-117018.2088,-119145.4849,-0.741647356905972,-0.514576742861777,-0.673030532393554,-0.388474897429518,0.616787432531794,0.602571166238071,0.00357856590601102,-0.0604002549872149,-0.0329047483091358,0.879135664110215,0.0870044933593213,0.178035878638671,-0.010998083922825,0.0752031625202569,0.0695000465975322,-0.0262996547443848,0.218895979517633
72.7446298423586,-123400.0371,-180836.4918,-172327.3874,-117018.2088,-119145.4849,-0.601281770945292,-0.359787303347431,-0.563383045818043,-0.327501036888023,0.638585919320704,0.630331427494731,0.0264756005066715,-0.00725187269344474,-0.0241321747869065,0.888727892240361,0.0639681647215893,0.152937320616965,-0.0265302869664925,0.0777343614690515,0.0774063202049384,-0.00728465182839955,0.170675149357038
72.7785304479881,-123400.0371,-180836.4918,-172327.3874,-117018.2088,-119145.4849,-0.513455714530721,-0.241981761486812,-0.44660902801661,-0.322016890950508,0.640984723583117,0.645436590746527,0.0422541864442465,0.047660295560469,-0.0267957293202485,0.885065271082212,0.0473084422036898,0.132826244861056,-0.0452454937556732,0.0874978056491873,0.0866331785021131,0.00549528236532382,0.138803683721333
72.7697724425739,-139854.5191,-237679.2478,-223186.6954,-128985.1048,-132608.2429,-0.484472234207715,-0.171112270606656,-0.33775635291596,-0.385130076748922,0.643937974263736,0.0707156301695662,-1.27938820909418,-1.42199919836168,-0.838486943083723,-0.0969976118610347,0.244347181985439,0.778956308134691,0.447547328975113,0.188458620254806,0.164151986443716,-0.0515939392561009,1.65716336657726
72.7945119913449,-139854.5191,-237679.2478,-223186.6954,-128985.1048,-132608.2429,-0.0590096378173399,-0.126263671482192,0.373462726178559,-0.281454670952115,0.290419138102123,0.327482653113677,-0.548300452014935,-0.978232564982022,-0.390814096880291,0.152670988991346,0.00631301995667721,0.624198469178584,0.344120660820666,0.210603638302749,0.128417189128076,-0.256171955047925,1.64211076801257
83.0395623328058,-139854.5191,-237679.2478,-223186.6954,-128985.1048,-132608.2429,0.0373464032549293,0.0223677346462239,1.00865647409493,-0.276706504826464,0.175811607553982,0.407637960398986,-0.0780832605341999,-0.539272617811768,-0.095905921372335,0.275985155173949,-0.0820389901137517,0.511638177205994,0.255785933182437,0.233117469515878,0.111902038053995,-0.337761782296091,1.0290263284921
83.0211460011444,-139854.5191,-237679.2478,-223186.6954,-128985.1048,-132608.2429,-4.34436141856263,-2.33924051970595,1.6626165015759,-0.311149163329389,0.191494076305659,-0.380598340283306,-0.118148881639712,0.144385261749179,0.302320996424228,0.595019645988721,0.00194418107100303,0.640948276977864,0.225996528124203,0.292545954758625,0.150228785495254,-0.318935765863593,-0.0139245312217824
83.0125532800766,-139854.5191,-237679.2478,-223186.6954,-128985.1048,-132608.2429,-3.55686369088249,-0.863901320280192,0.968198370969361,-0.949482608677187,-0.331081769406296,-0.342421747006661,0.278538204955865,0.681423825083414,0.457821712912896,0.626880282738774,-0.151274321400571,0.367235878732534,0.426727592737213,0.409993155961156,0.257259389645758,-0.427032436131363,0.119232534025045
83.0287794634042,-139854.5191,-237679.2478,-223186.6954,-128985.1048,-132608.2429,-2.3892474068212,0.180978045402469,0.954145756043701,-1.74324544166195,-1.00086889507685,-0.315835782939715,0.3782169387473,1.1530981585968,0.457361258300203,0.589610534035941,-0.21369844330017,0.254779295444652,0.470966311933623,0.506811614660137,0.321469741455581,-0.488200620919081,0.369883603113466
83.0508466898495,-139854.5191,-237679.2478,-223186.6954,-128985.1048,-132608.2429,-1.78622553180526,0.490326331756236,1.57096786369702,-2.48338646630707,-1.50557020206949,-0.331269992361676,0.340828952578001,1.5014031017455,0.413090065784303,0.602876606937734,-0.216986485867742,0.249855049183046,0.41652558782509,0.570593937209376,0.319058390679856,-0.500808307206206,0.552851765164572
82.9827865507878,-139854.5191,-237679.2478,-223186.6954,-128985.1048,-132608.2429,-1.58283239420095,0.419871456485296,2.30222444725854,-3.03294738538384,-1.75245140164526,-0.356973883582107,0.272961308114084,1.70507805606881,0.382022495243604,0.645096678609285,-0.200284408460271,0.283508094084473,0.355077963003979,0.595634899605141,0.268953287124147,-0.493853761896943,0.666890928989734
83.0446946254506,-139854.5191,-237679.2478,-223186.6954,-128985.1048,-132608.2429,-1.55528556029476,0.230807364172549,2.87555830865101,-3.31565239956612,-1.79486258873499,-0.376350048314897,0.216326092987245,1.7979442969911,0.387262822428475,0.672406659738357,-0.180318314121688,0.322783674206423,0.315985971969162,0.579183349860604,0.202611258862393,-0.480578353626505,0.73633268190969
73.5658250891212,-139854.5191,-237679.2478,-223186.6954,-128985.1048,-132608.2429,-1.71871711349121,-0.120967426863032,3.25180602924515,-3.33374970528884,-1.72108965567354,-0.402348906533348,0.151870091186005,1.82120061635273,0.421936495486733,0.664943777891125,-0.154240358458023,0.375373179831996,0.296196910981001,0.527931437173215,0.141968303598507,-0.463745909060556,0.793915549720436
73.6208998351767,-139854.5191,-237679.2478,-223186.6954,-128985.1048,-132608.2429,-1.18059088678159,-0.248857607032448,3.29859400262882,-3.14015021956014,-1.6247509769634,-0.157704907929329,0.557047361251598,1.7483090129266,0.435191544832136,0.591439301874409,-0.0960216271462015,0.325467814456001,0.30447597939412,0.449327596208862,0.093866544855703,-0.444754098699079,1.17873327516202
73.5896715848006,-139854.5191,-237679.2478,-223186.6954,-128985.1048,-132608.2429,-2.02499841512936,-1.45153312547559,3.63781849192056,-2.62958839261978,-1.22300688684071,-0.0763298383251154,0.530822673659813,1.71124054405791,0.466851137757885,0.558471245102446,0.0145471639204455,0.498258698178096,0.217466727899838,0.344736247045297,0.0450292699075372,-0.417045457418475,1.25003301013773
73.6057210973922,-127885.4367,-196331.5086,-186191.3498,-120280.3176,-122815.3573,-2.65901841547955,-2.13433582021813,3.79707493500042,-1.95998125672976,-0.69258069095315,0.23699291356435,1.14998345022401,2.31320471807005,0.826620159699296,0.852152103276495,-0.0353934297382366,0.169160681284399,-0.249725687396752,0.142990870932043,-0.0981202786072126,-0.370092421639377,-0.0432023859851949
73.5884595214713,-127885.4367,-196331.5086,-186191.3498,-120280.3176,-122815.3573,-3.07375448208305,-2.2351344769138,2.48815734683991,-1.38783345822904,-0.0531231133397654,0.147583130529185,0.605699998793803,1.62710281402721,0.515712515928428,0.707611152047065,0.152807224388605,0.345622336668757,-0.138066866676681,0.0651693634817847,-0.0885958875713226,-0.28124050230398,-0.216739471183914
73.5966563373241,-127885.4367,-196331.5086,-186191.3498,-120280.3176,-122815.3573,-2.97271386981187,-2.00133547151728,1.4417541152847,-0.708748396772947,0.484353434478962,0.157557236096558,0.348292771996668,1.14834042350411,0.384906978106294,0.669716905976507,0.22572840763466,0.406707837718823,-0.0455707256699576,-0.00767397853780905,-0.0824304611079525,-0.230431966854795,-0.0148920530129253
73.6033803773557,-127885.4367,-196331.5086,-186191.3498,-120280.3176,-122815.3573,-2.6069004919805,-1.62739924653833,0.687987716652628,-0.0477903349249829,0.872323627178218,0.22718215073948,0.249540235695981,0.813733643502459,0.348234725539257,0.686471211077105,0.225457103921592,0.401588584938329,0.0303719093371928,-0.0685888266925774,-0.0723257765951295,-0.219494497881549,0.140650084493805
66.8149408871473,-127885.4367,-196331.5086,-186191.3498,-120280.3176,-122815.3573,-2.59859239934154,-1.7383230984218,0.213138112763204,0.509510828217316,1.09307832118094,0.210664156480924,0.0792395491695359,0.566391525608061,0.336702680168003,0.708093302830079,0.264864846132514,0.470239872892371,0.0815664265796516,-0.115333239302578,-0.0575212744655211,-0.216666062854152,0.373379248029236
66.7992274800132,-127885.4367,-196331.5086,-186191.3498,-120280.3176,-122815.3573,-1.62207032436282,-1.89291345028836,-0.190707606846416,0.904822159689047,1.14870470639136,0.252561229348068,0.0387411119890402,0.253145004403798,0.253610534521115,0.643132766109041,0.43312333762095,0.620146177950223,0.110457409152977,-0.152438978519524,-0.0459836838456122,-0.216987840518058,1.184804416063
66.8694216646042,-127885.4367,-196331.5086,-186191.3498,-120280.3176,-122815.3573,-1.21311694552624,-2.34994266112859,-0.312813061970871,1.26356415394945,1.18102393839834,-0.0105065511058413,-0.422040676972188,-0.0951851637844072,0.147554210069096,0.593100284905624,0.677434696818674,0.867838611735915,0.0764173247193893,-0.197194215736981,-0.0567349454171395,-0.184077472837984,1.46269718862829
66.8060103015934,-127885.4367,-196331.5086,-186191.3498,-120280.3176,-122815.3573,-0.534579938556803,-2.13809664978012,-0.62233868971046,1.56360421538545,1.16707357866403,-0.202129865920547,-0.701275502243789,-0.472382866366537,0.0621067422912134,0.565230424685197,0.765178337408844,0.909398369712611,0.0912203124141904,-0.236991694827101,-0.077034519288594,-0.20905426092753,1.30368543989206
66.834364031972,-127885.4367,-196331.5086,-186191.3498,-120280.3176,-122815.3573,0.258382618594709,-1.47920770020698,-1.0765380710511,1.75766706577542,1.02987710156501,-0.225404879879441,-0.694755026074397,-0.824479950034473,0.00317193632002244,0.53411455778884,0.707528310777841,0.791672646311762,0.158766401265013,-0.262891744300738,-0.094601944488236,-0.287754986751054,0.989572097569527
66.8200080513956,-127885.4367,-196331.5086,-186191.3498,-120280.3176,-122815.3573,0.824140226248304,-0.790383170905059,-1.44023763435513,1.78225260401229,0.715505848372402,-0.198887663202107,-0.567611405762861,-1.08567738144442,-0.0625580787962292,0.434055687000601,0.609887235302365,0.634551152997518,0.219621159091882,-0.269236385037593,-0.103006835991136,-0.326957987157421,0.717069811674801
66.8541502304486,-127885.4367,-196331.5086,-186191.3498,-120280.3176,-122815.3573,1.12745879022798,-0.243964061316504,-1.63712134172722,1.63290915904216,0.260430207497649,-0.195653056786135,-0.429345378642459,-1.24619863354135,-0.167601521312292,0.207790098918835,0.530102460789269,0.493841677941395,0.241549771857906,-0.256297729857573,-0.105521752831915,-0.311989140622025,0.546166079078127
66.8143791773276,-127885.4367,-196331.5086,-186191.3498,-120280.3176,-122815.3573,1.25183334331753,0.146308949131978,-1.6652947296554,1.33653258445844,-0.262970973561735,-0.214385994851874,-0.310594873697127,-1.31050389456166,-0.324125284684634,-0.153026534692252,0.474242297237859,0.381491703630388,0.222045153497428,-0.225998010726786,-0.108315591123441,-0.271599605782122,0.436136732069073
66.7936330766476,-125791.0477,-189096.3466,-179717.7838,-118757.1256,-121101.7663,1.31581162912067,0.427792456387351,-1.58547684375191,0.987691037071812,-0.762161942710833,-0.141551747184124,0.00374641120907171,-1.03987024692226,-0.360576143758053,-0.383122612224028,0.420571845852726,0.22246006973567,0.138691569794411,-0.19003905393837,-0.108111747744842,-0.220144227974856,0.243415823809446
66.8119573618507,-125791.0477,-189096.3466,-179717.7838,-118757.1256,-121101.7663,1.30838910528807,0.62870978735441,-1.65299604571283,0.59488146665619,-1.12796534473044,-0.194589728547285,-0.02297867288177,-1.17396788307045,-0.676874290974538,-0.883097051621824,0.419817641142159,0.176919952338142,0.11014771698335,-0.154227163916589,-0.122258147710573,-0.155197713714493,0.191030178206951
66.7916954926351,-125791.0477,-189096.3466,-179717.7838,-118757.1256,-121101.7663,1.32018591672059,0.736893617156611,-1.67114315842785,0.352863662785822,-1.39836435165051,-0.226273680531108,-0.0378114918952051,-1.26216828842507,-0.907604698233598,-1.31706032675817,0.413212110689766,0.145869821521227,0.0794891708375962,-0.128522831339261,-0.147703833016536,-0.123654043587798,0.180937106219019
66.8160661054014,-125791.0477,-189096.3466,-179717.7838,-118757.1256,-121101.7663,1.34967105258696,0.809538228749204,-1.66629594990137,0.246446743991839,-1.55913996895916,-0.241851433500052,-0.0397701587537469,-1.3195763054269,-1.06410494488664,-1.65731715220789,0.404264490405075,0.122141294432875,0.052530321215098,-0.11553284636524,-0.177557696450379,-0.117034358116875,0.174233708775844
66.7997944578083,-125791.0477,-189096.3466,-179717.7838,-118757.1256,-121101.7663,1.35862934766085,0.846380340172715,-1.65196714330031,0.235997911284485,-1.6391389397629,-0.25494422477292,-0.0421617553576255,-1.35855651049243,-1.16288368827451,-1.91238349997369,0.397275891238535,0.10636256445533,0.0299194096715159,-0.113676331594118,-0.206871635701984,-0.121042274605003,0.170456484818772
66.8003952565397,-125791.0477,-189096.3466,-179717.7838,-118757.1256,-121101.7663,1.37282993308492,0.87523915811623,-1.63748338887602,0.286977645848978,-1.65978562743814,-0.262595595161009,-0.0406599614831578,-1.38674215769171,-1.21707520325461,-2.0935609859342,0.391162396409911,0.093903773383385,0.0119587114183171,-0.120354705385102,-0.23320931643187,-0.131214211291287,0.175986268219066
66.8216468204563,-125791.0477,-189096.3466,-179717.7838,-118757.1256,-121101.7663,1.37937914036638,0.892373281697886,-1.6241183437771,0.366610587496737,-1.64939170631294,-0.269608152064734,-0.0402841117358292,-1.40864066373324,-1.24276356915519,-2.22200071694063,0.386709512635891,0.0849794630162419,-0.00265672403551331,-0.13275184506057,-0.255724396345765,-0.144969939668663,0.189082238194743
66.8029707222528,-125791.0477,-189096.3466,-179717.7838,-118757.1256,-121101.7663,1.37751970895836,0.902618586697429,-1.61334608667315,0.456081643841401,-1.62223680789808,-0.27494142086136,-0.0398876161965234,-1.42555201135285,-1.24854403867921,-2.30958768080706,0.382828021500951,0.0781509445795487,-0.0140370822088958,-0.148498934275926,-0.274040755953437,-0.160548411119848,0.207378843316523
66.8248525782981,-125791.0477,-189096.3466,-179717.7838,-118757.1256,-121101.7663,1.38626102494712,0.916030933076556,-1.60512509193192,0.543598145825769,-1.58825576327669,-0.277093152241868,-0.0376181069377282,-1.43970846736179,-1.24329858161816,-2.37005631649156,0.379203746583801,0.0719419250457349,-0.0232290122380592,-0.166278681908877,-0.288839163061147,-0.175751324527035,0.231987084590177
66.8359165115437,-125791.0477,-189096.3466,-179717.7838,-118757.1256,-121101.7663,1.38070142700343,0.917789174468027,-1.59742893891514,0.623686009277549,-1.55493221362647,-0.281772665895438,-0.0395547827819271,-1.45144260637563,-1.23234120411641,-2.41225800117183,0.377186974628972,0.0684736984924683,-0.031052091471663,-0.18503964128229,-0.300789061793461,-0.18734874358443,0.258406120466901
66.8742015980919,-125791.0477,-189096.3466,-179717.7838,-118757.1256,-121101.7663,1.37132724473541,0.914717224292929,-1.5929575539618,0.695768621804163,-1.52413127862205,-0.287226242063483,-0.043720582027774,-1.462491381358,-1.21799454340559,-2.44243911735572,0.376251404929227,0.0665822538684431,-0.0373099308483891,-0.204133071553916,-0.310368098663985,-0.193669453639458,0.287255536506091
66.8139595193328,-125791.0477,-189096.3466,-179717.7838,-118757.1256,-121101.7663,1.35492910568686,0.908198764774795,-1.59048944952757,0.754155685002218,-1.49932596561428,-0.291577707225279,-0.0483368594641078,-1.47153665030262,-1.20383262603726,-2.46404667343672,0.375080780279619,0.0654400708656713,-0.0419653496531458,-0.222011984950238,-0.317438841838362,-0.19538489989705,0.315074931860888
66.7905192319299,-120160.2478,-169644.4924,-162313.4932,-114661.9984,-116494.7482,1.37192920760836,0.918853029044598,-1.59035999515606,0.813423363414103,-1.47807199937392,-0.0417838298079687,0.529673624419068,-0.744759591987112,-0.604881330977356,-1.77595538783262,0.320944493127598,-0.151147449241257,-0.165324494629332,-0.186763965356644,-0.255953881288645,-0.157149419469036,0.0800469396598622
66.7908779539169,-120160.2478,-169644.4924,-162313.4932,-114661.9984,-116494.7482,1.24064501693729,0.957381825214412,-2.27583376442567,0.669555177445119,-1.29228070917688,-0.114489450920075,0.249253407245334,-1.35141456465966,-0.946443030231428,-1.9034668169063,0.377746460956129,-0.100994407832668,-0.088390989558671,-0.214724914695206,-0.255321132859486,-0.0495871341481759,0.108056793118447
66.8756999484887,-120160.2478,-169644.4924,-162313.4932,-114661.9984,-116494.7482,1.26312839895036,0.920199659771811,-2.66534272982507,0.70261278808546,-1.22790032429191,-0.134414220622141,0.0529738618891784,-1.69799919228755,-1.03958256434588,-1.93968617880665,0.401051710538324,-0.0607503451675662,-0.0456527478520821,-0.24006764111396,-0.260697064305201,0.00632106635163865,0.212218727180773
66.8274172564759,-120160.2478,-169644.4924,-162313.4932,-114661.9984,-116494.7482,1.29329042270234,0.840364025849624,-2.88642791836519,0.781749036112842,-1.20550791397579,-0.139788616152138,-0.0947824361664544,-1.90064839751681,-1.03909880872743,-1.94518751325521,0.410229047657523,-0.0263841143861105,-0.0223058495990358,-0.262108510730519,-0.266310644564606,0.0265171297805509,0.325090008328541
66.8125158293926,-120160.2478,-169644.4924,-162313.4932,-114661.9984,-116494.7482,1.3610068672789,0.782061953564195,-3.01241905388412,0.857213442251677,-1.19638410867591,-0.131117461640997,-0.195176406022085,-2.02082778658894,-1.01029240880349,-1.94759884878981,0.410460338702955,-0.00293264797494963,-0.00985928324058305,-0.280544821720143,-0.27049427700303,0.0294674200287801,0.434230523146468
66.8177885822039,-120160.2478,-169644.4924,-162313.4932,-114661.9984,-116494.7482,1.41410071212422,0.727717034675237,-3.07931632092195,0.921105948491274,-1.1924848957474,-0.124355635333941,-0.269719745053152,-2.0913824694203,-0.976387759383712,-1.95289027780672,0.409327730359204,0.0155279358452907,-0.00459196952156127,-0.296259207117636,-0.273800975662472,0.0265903598615154,0.531263805865134
66.8291775410323,-120160.2478,-169644.4924,-162313.4932,-114661.9984,-116494.7482,1.45298460020845,0.687596161634502,-3.11332332675173,0.972953695965174,-1.19079490602817,-0.116559688321097,-0.320898174499781,-2.13069761367834,-0.94252205730222,-1.9586197571797,0.40630133476886,0.0281010739412677,-0.00229221125078993,-0.30875905547326,-0.275464593416838,0.0223010104886541,0.612450458669546
66.8564828034624,-120160.2478,-169644.4924,-162313.4932,-114661.9984,-116494.7482,1.47827538753614,0.658186803938136,-3.12778798891718,1.01256717310835,-1.19048817431738,-0.109113923774061,-0.3562386068376,-2.15055208606333,-0.912804917448938,-1.96512129545216,0.402727297824809,0.0366890548486802,-0.0016638882181339,-0.318317452186705,-0.275763779734678,0.0183279215748087,0.680830417777681
66.8693440715564,-120160.2478,-169644.4924,-162313.4932,-114661.9984,-116494.7482,1.47548589274267,0.620796267993342,-3.13173854526454,1.04281926201659,-1.19110141405329,-0.109899557735908,-0.389231714031588,-2.16090409892109,-0.890188355922284,-1.97495127627207,0.402375512325319,0.0459507777768167,-0.00255914300299276,-0.326271862500141,-0.275835853143687,0.0150657853481633,0.742246418926488
66.8388696682468,-120160.2478,-169644.4924,-162313.4932,-114661.9984,-116494.7482,1.46025707780322,0.582013508403847,-3.13467657364697,1.06471227499749,-1.19234682606854,-0.115655104898522,-0.41947643718467,-2.16866474835339,-0.874923384737933,-1.98770931515507,0.404262749054783,0.0550757448230303,-0.00360773492194566,-0.333013374025837,-0.27591186509627,0.0108529569096874,0.798999334094422
66.827723617849,-120160.2478,-169644.4924,-162313.4932,-114661.9984,-116494.7482,1.4638538713193,0.562197555645227,-3.14019485878727,1.08106551779269,-1.19465070371307,-0.117019856280528,-0.438300306804656,-2.17568595385374,-0.863620800290768,-2.00035178263376,0.404777358702818,0.0602874861405889,-0.00378898868143995,-0.338460635206644,-0.275641418754461,0.00439300473959037,0.84929937765386
66.8132777540264,-120160.2478,-169644.4924,-162313.4932,-114661.9984,-116494.7482,1.47822787652626,0.558366391771898,-3.14395321111577,1.09549180479891,-1.19864914714512,-0.112985502691849,-0.446164628036307,-2.17926646204354,-0.852029848556462,-2.00889512501279,0.40293225514071,0.0617449141427313,-0.00341185108726272,-0.3424279309124,-0.274680754068296,-0.00333909591608972,0.889001724840373
66.8367718255983,-125100.6008,-186711.1664,-177583.6752,-118254.9824,-120536.8552,1.49355291651889,0.558777620182369,-3.14372443376553,1.10781817347626,-1.20462948522616,-0.326067519191675,-0.95615824446373,-2.82540538446988,-1.36544137532179,-2.63273604150712,0.447652599313282,0.251100205148488,0.102956384794569,-0.401461222512637,-0.331145408012426,-0.0416198093356499,1.15035745365794
87.8928865044104,-125100.6008,-186711.1664,-177583.6752,-118254.9824,-120536.8552,2.45857933746092,1.49682832706107,-2.7011426709943,1.24272566178163,-1.36225398042411,0.182778434202326,-0.181072679035253,-2.29903208880015,-0.845983975260317,-2.28114922357722,0.200603679339993,-0.00409322007898894,0.108805926745649,-0.334968496070572,-0.276303395935101,-0.132305248173296,0.950632360065583
87.8247456593027,-125100.6008,-186711.1664,-177583.6752,-118254.9824,-120536.8552,-4.5391275242272,-2.54793669133238,-1.31134948207402,1.25264900123511,-1.37651265339767,-0.382466187516634,0.460335170167504,-0.581832700723218,0.555637825927718,-0.739432248728832,-0.0756813704702037,0.0068356202041473,0.221735470313342,0.0750614390912263,0.128841077751241,-0.0880217031960271,-0.950321584209712
87.8557323000023,-125100.6008,-186711.1664,-177583.6752,-118254.9824,-120536.8552,-1.54402069048137,0.852304264891259,-0.803906780869497,-0.839577514453126,-1.66582328394472,-0.176995272676209,0.503223528397285,0.606544153427578,0.422352658546039,-0.739479949471999,-0.39178491788791,-0.266598146093254,0.13472473024589,0.48338869168028,0.517426226233542,0.152972984557579,-0.743423915598809
87.9004494073428,-125100.6008,-186711.1664,-177583.6752,-118254.9824,-120536.8552,0.481248860572492,2.43488526029793,0.392939949741347,-2.68680814223717,-1.88778049859289,-0.192143231128256,0.227535152652834,1.12732673058702,0.153291120712844,-0.359629530034255,-0.432238772941905,-0.253059243122369,-0.0418889290379467,0.749463281787799,0.60560037693396,0.213309071401689,-0.126467403789521
87.8689175200242,-125100.6008,-186711.1664,-177583.6752,-118254.9824,-120536.8552,1.38605636226072,2.79300539339538,1.62454482178543,-3.74534455407452,-1.79073480761781,-0.232488262789929,0.0112128369900617,1.12484006911093,0.163129096935286,0.197377925521614,-0.406089349615132,-0.180244196970607,-0.0846743327025781,0.813146597715662,0.430086815851469,0.121471159863248,0.213621751766386
87.8501519372307,-125100.6008,-186711.1664,-177583.6752,-118254.9824,-120536.8552,1.7255911623335,2.64079292746952,2.45438056819125,-3.91830617522508,-1.5577455230939,-0.260704183865457,-0.121352069407898,0.931938386696572,0.406656910818249,0.509575962386783,-0.369378316750659,-0.107711004353313,-0.0455276608450697,0.663366682516592,0.201309242085391,-0.00409348368330598,0.257329089101564
87.8285380611967,-125100.6008,-186711.1664,-177583.6752,-118254.9824,-120536.8552,1.83904068820533,2.34679892347295,2.8885766560316,-3.55327176720621,-1.3187466582787,-0.277348283280602,-0.200413258122396,0.7060382637167,0.62568576762984,0.557757737589874,-0.337675711333483,-0.0487474523928439,0.0157052978847447,0.423208680231529,0.0407019367711126,-0.104514819165374,0.176580190850391
87.865637488522,-125100.6008,-186711.1664,-177583.6752,-118254.9824,-120536.8552,1.87711184463392,2.05412290550798,3.08803898864952,-3.00752984638491,-1.08904558573703,-0.286176164642711,-0.249197637442556,0.504875445440376,0.714798612991878,0.469805459684011,-0.314040272358159,-0.0039317578804321,0.0720393455019201,0.215436917217313,-0.0502571676686951,-0.167451525559137,0.0961671705007383
87.8855758679309,-125100.6008,-186711.1664,-177583.6752,-118254.9824,-120536.8552,1.88664732025688,1.79581100436253,3.16659252938153,-2.454470515195,-0.871954521314407,-0.290952495644774,-0.282603861617218,0.343127357298819,0.701451104799531,0.334160812281411,-0.297269534131692,0.0306116065010638,0.116648083865356,0.0741577365037283,-0.0965420286981058,-0.196277103826084,0.045001720167857
87.884263042091,-125100.6008,-186711.1664,-177583.6752,-118254.9824,-120536.8552,1.88958904950415,1.58256141143632,3.19761404424084,-1.93697288211108,-0.654994304107873,-0.292610906460453,-0.305875202930046,0.220309589697429,0.634370366846618,0.194334788087943,-0.285787846758945,0.057059320151619,0.149185013566833,-0.0131958505822607,-0.119037247696058,-0.198285152127873,0.0114067637923192
87.8395179223773,-125100.6008,-186711.1664,-177583.6752,-118254.9824,-120536.8552,1.89152722896775,1.41118241141902,3.19881814019523,-1.47926165661174,-0.461422604677793,-0.292190369902087,-0.322253117667529,0.128682408581341,0.542376748451495,0.0643941413406637,-0.278065339045467,0.0772496517689525,0.172758311377057,-0.0624594469657385,-0.12747952765949,-0.181522699793177,-0.00956474073771929
87.8751332198117,-127643.9306,-195497.2148,-185444.8764,-120104.6768,-122617.7614,1.89642694923009,1.27825411198562,3.19364088565111,-1.06365068434812,-0.279384347779512,-0.318274570495973,-0.417788703520948,-0.0204722114309774,0.408454063953862,-0.0830026305215199,-0.249278804279744,0.170914446092563,0.260776256906531,-0.0658828927292714,-0.106610528163018,-0.145692027330945,0.194295618803
87.8295783053103,-127643.9306,-195497.2148,-185444.8764,-120104.6768,-122617.7614,1.8558699041388,1.16773409836283,3.33523209000948,-0.708784148043591,-0.151616065816626,-0.312917612967681,-0.380812157342099,-0.0124251471519443,0.349710803394018,-0.149830388194623,-0.256423776765285,0.17423273186648,0.247524255854294,-0.0828972095978007,-0.110052956120466,-0.107327724555212,0.182154164643641
86.445098355097,-127643.9306,-195497.2148,-185444.8764,-120104.6768,-122617.7614,1.82250028061262,1.0827953689444,3.41607438368416,-0.393957674096541,-0.0374161963456316,-0.309923076734222,-0.36264674108881,-0.00863102975284846,0.28019311932637,-0.214552746612014,-0.260313787338456,0.178686836602121,0.240679806449711,-0.090258182074727,-0.109220734431178,-0.0649210704573235,0.13518357097918
86.4558205852496,-127643.9306,-195497.2148,-185444.8764,-120104.6768,-122617.7614,1.88649025723342,1.10799172793041,3.45500966371482,-0.125357592171113,0.0514770048249744,-0.284032529047906,-0.310383755981512,-0.00791273660534131,0.208289314176227,-0.274016522437357,-0.264911927441997,0.164986186323762,0.237859714501057,-0.0914376797656844,-0.105711213782647,-0.0263476990675997,0.105749981856359
86.4736873628177,-127643.9306,-195497.2148,-185444.8764,-120104.6768,-122617.7614,1.79268140115398,0.985513875566809,3.50006821664057,0.120424416174473,0.135988000287369,-0.272633736790226,-0.291853366944885,-0.00312482037870865,0.141686174490339,-0.321060552916393,-0.262378406013162,0.166844467587844,0.230843849947826,-0.0909532455022313,-0.102104781089983,0.00676121685840059,0.0758888201624695
86.4904447139018,-127643.9306,-195497.2148,-185444.8764,-120104.6768,-122617.7614,1.58829994048885,0.767422728771294,3.51569613064055,0.337592979659036,0.208089045484698,-0.272138415360487,-0.293040904822938,0.001324255328079,0.08103324567832,-0.359050171290775,-0.254131579749356,0.178697393042228,0.224689500154402,-0.0894040366453073,-0.0982946065129184,0.034754388651578,0.0685250210247466
86.4703290959664,-127643.9306,-195497.2148,-185444.8764,-120104.6768,-122617.7614,1.36079461344262,0.54584570821514,3.4820870872643,0.524400317252244,0.263774144933819,-0.276808075921281,-0.301560535535877,0.00299747130959815,0.026587632112232,-0.390074334047725,-0.24417745056366,0.19275613606484,0.222128406146599,-0.0872317922071701,-0.0942482902540041,0.0570665327596913,0.0781065237127265
86.4273237255111,-127643.9306,-195497.2148,-185444.8764,-120104.6768,-122617.7614,1.16434781596524,0.369767029529811,3.40191293094027,0.685969100339022,0.303838792289298,-0.282109424015061,-0.309569675240326,0.00143363611392289,-0.0215021142032441,-0.415447454587422,-0.235220319123526,0.204302335140576,0.223603352481981,-0.0850253728233066,-0.0901006258300354,0.0751694029276777,0.0962393270348203
86.4198139527513,-127643.9306,-195497.2148,-185444.8764,-120104.6768,-122617.7614,1.01967871159549,0.253260251727241,3.28695554343005,0.821576864184124,0.324822328122934,-0.28581932563165,-0.314026673610684,-0.00286493289070222,-0.0638254382557761,-0.436356358803778,-0.228504392327745,0.211644758623865,0.228387823834701,-0.0828158960785992,-0.0856943637412,0.0890412529924447,0.116937557493187
87.8470434291507,-127643.9306,-195497.2148,-185444.8764,-120104.6768,-122617.7614,0.924981283318743,0.189519394536717,3.15412459072937,0.931363720134627,0.324992218190857,-0.288118887205911,-0.315961181571168,-0.00879882848963121,-0.101021634611996,-0.453671265689152,-0.224210961906311,0.215389650217524,0.235171365224586,-0.0805946208742092,-0.0809240318067359,0.0989876948373478,0.136259331027905
87.7975699941031,-127643.9306,-195497.2148,-185444.8764,-120104.6768,-122617.7614,0.785291641394338,0.0828281017632975,3.02190211856373,1.01289930977322,0.302187033508545,-0.315646871243842,-0.360499475602133,-0.0148097522777775,-0.133689708286092,-0.468078578193897,-0.219697040538685,0.234278674710852,0.242642160864755,-0.078101659471463,-0.0756061303208468,0.104714083073041,0.142733047022388
87.8325310753164,-127643.9306,-195497.2148,-185444.8764,-120104.6768,-122617.7614,0.844256111432202,0.162636866611976,2.86667830938981,1.06012740245846,0.249829548682499,-0.325729791660351,-0.37307766894682,-0.0268904284706153,-0.164179408670179,-0.485483707511364,-0.223415425037242,0.234444044423373,0.257217876748201,-0.0740974061605153,-0.0691202117914196,0.108058682856601,0.169020814348397
87.8258931380049,-125065.5273,-186590.0034,-177475.2662,-118229.4744,-120508.1587,0.999631930113466,0.317567694922786,2.74517453392137,1.0725986832234,0.174516735014336,-0.298094471797711,-0.285687417994815,0.0444488404488439,-0.166302780036865,-0.474981021141105,-0.256146117244612,0.145009184988796,0.196459200828191,-0.0878484615259087,-0.0825611772030563,0.105702460440973,-0.0318236252509987
87.8364430411363,-125065.5273,-186590.0034,-177475.2662,-118229.4744,-120508.1587,1.21423588897052,0.475992299084808,2.52997838175078,1.05978549028295,0.0976236815650964,-0.298884590804818,-0.329145111419415,-0.018118106983863,-0.208287065794501,-0.517455714576116,-0.254179603889451,0.146387086546701,0.230112281578365,-0.077536022609882,-0.070773109183057,0.104754965579644,-0.0171927277981476
87.8733715070255,-125065.5273,-186590.0034,-177475.2662,-118229.4744,-120508.1587,1.40060982566357,0.598586657615783,2.43158145033904,1.02322396248121,0.0151697046084251,-0.295956650356786,-0.348713617146977,-0.0602398443307663,-0.243026934842177,-0.550404709499418,-0.25493766413561,0.144900358977146,0.249464584638792,-0.0683097105612367,-0.0608827328885799,0.101458778889175,0.0407117699487589
87.8119086904618,-125065.5273,-186590.0034,-177475.2662,-118229.4744,-120508.1587,1.54360279817722,0.679156554768085,2.41564710355745,0.969522246611476,-0.0640283712155565,-0.292563184377158,-0.358596952912229,-0.0871529570183185,-0.272457106334627,-0.576320598062509,-0.256381078600783,0.143756444750073,0.258721748418497,-0.0599440779839875,-0.0526881925427083,0.0999737326521171,0.0897894901790393
87.8356678589714,-125065.5273,-186590.0034,-177475.2662,-118229.4744,-120508.1587,1.64998176670275,0.729979322446866,2.45423129001172,0.900908317127858,-0.132621225891725,-0.288226250131018,-0.361780423060523,-0.103238454921836,-0.298072681706046,-0.596975313996438,-0.257809925056239,0.14251745265388,0.261291790356376,-0.0521067523756817,-0.0461059848200138,0.0997772645681891,0.124656953603808
87.8172305933475,-125065.5273,-186590.0034,-177475.2662,-118229.4744,-120508.1587,1.71887415251565,0.752514332228259,2.5229128918667,0.823758501437837,-0.185088285227579,-0.28520009750595,-0.364441854105998,-0.111838618981778,-0.320564713085346,-0.61322224017043,-0.258763034334291,0.142651207385822,0.259652733772648,-0.0448581066229952,-0.0411182063770312,0.100168769781817,0.146368926197668
87.8383860365005,-125065.5273,-186590.0034,-177475.2662,-118229.4744,-120508.1587,1.76542580721737,0.76197416605271,2.60231048657815,0.743284078994961,-0.22010996694479,-0.282523430313944,-0.365693310669272,-0.115814161020218,-0.340459351291173,-0.626081854667873,-0.259466496264268,0.14300949787733,0.255995254116634,-0.0382080569983989,-0.0375632100071766,0.10076716273484,0.160557715993559
87.8307197277179,-125065.5273,-186590.0034,-177475.2662,-118229.4744,-120508.1587,1.79207483599421,0.759728426842571,2.68047597537534,0.663707479007087,-0.236914361421256,-0.280957410517189,-0.367483219516423,-0.117011900407434,-0.358081147173749,-0.636098563964083,-0.259808175098701,0.144066974824585,0.251570962534523,-0.0322108123524434,-0.035334215391926,0.100811945682935,0.169641541006047
87.8071597493076,-125065.5273,-186590.0034,-177475.2662,-118229.4744,-120508.1587,1.80993441594143,0.755392447723949,2.75163098253975,0.588723135081437,-0.2389377014904,-0.279617861302185,-0.368555814242562,-0.116685666996148,-0.373659629649978,-0.64397735438699,-0.260071556732078,0.144961719982904,0.247179533394448,-0.0269113160628571,-0.0341404855959879,0.100726475989745,0.176000555101566
87.8302112833656,-125065.5273,-186590.0034,-177475.2662,-118229.4744,-120508.1587,1.82326471814356,0.752232935182974,2.81138667574933,0.521054977084717,-0.227374869928909,-0.278194517640159,-0.368674517710538,-0.115688004120393,-0.387354347200926,-0.650037837057553,-0.260329839682606,0.145443566090116,0.243281960250633,-0.0223609286577895,-0.0338510886409948,0.0998313928751742,0.180323056435435
87.819373914394,-125065.5273,-186590.0034,-177475.2662,-118229.4744,-120508.1587,1.82950819927943,0.746142876844587,2.86054390379991,0.462648004372895,-0.205911512102375,-0.277568422786331,-0.369639450376738,-0.114328876851488,-0.399282341547433,-0.654615753094077,-0.260440658784162,0.146275491530546,0.239887122311471,-0.0185969488444406,-0.0342244297289891,0.0984542180416739,0.182740585417498
87.831512205661,-125065.5273,-186590.0034,-177475.2662,-118229.4744,-120508.1587,1.83385397487379,0.741101260455835,2.89929250778513,0.414119246848415,-0.178031056578945,-0.276925377634711,-0.370035086973239,-0.112991985924609,-0.409623802514631,-0.658152772551801,-0.260527654610317,0.146846530544748,0.237164609380785,-0.015572117059071,-0.0350366291379631,0.0967880843412914,0.184777983917846
87.8073345582679,-126383.2888,-191142.2704,-181548.3472,-119187.8464,-121586.3272,1.83561782606375,0.735923488651594,2.93045767606486,0.376428735000488,-0.145287920262604,-0.290873175382501,-0.41386228851762,-0.152617834187978,-0.431428130855096,-0.674909031736931,-0.248154503452286,0.18860960841582,0.272204148667375,-0.00379801316739092,-0.0256942142878069,0.095289199207059,0.296586066685389
87.7783488177833,-126383.2888,-191142.2704,-181548.3472,-119187.8464,-121586.3272,1.82196109203231,0.737554470490181,3.02798639639377,0.347351375834094,-0.117031757048466,-0.288300783372108,-0.389965247849702,-0.126784971770178,-0.433567415961605,-0.664182813539227,-0.253768081275088,0.18386831343581,0.258459174573196,-0.00455341173445833,-0.029341618277656,0.0922269855107061,0.297194120715105
87.8161470499747,-126383.2888,-191142.2704,-181548.3472,-119187.8464,-121586.3272,1.81037035753539,0.740548776209707,3.09184475329627,0.327576628130899,-0.0878670958760637,-0.287100766554516,-0.376996484054061,-0.108292824016011,-0.436083139297097,-0.656963941686683,-0.257171808263631,0.18110686248224,0.249796104448094,-0.00512511142003258,-0.0322704895176193,0.09059019982476,0.272705326481503
87.785801052088,-126383.2888,-191142.2704,-181548.3472,-119187.8464,-121586.3272,1.79437698054556,0.737008540131512,3.13320372828531,0.315676872055363,-0.0590138852993505,-0.287746526691421,-0.371690236325392,-0.0951232851352586,-0.438658140477798,-0.651904367092754,-0.258937235884521,0.180353344057891,0.244431139942259,-0.00569508140097796,-0.0346919178992349,0.088424780033499,0.250381023143472
87.8165758601439,-126383.2888,-191142.2704,-181548.3472,-119187.8464,-121586.3272,1.78472884154419,0.737480746716201,3.15779978549787,0.310108288368227,-0.0320204540107767,-0.288061100292438,-0.368059112833109,-0.0860553760216547,-0.441155853034019,-0.648373309097735,-0.259979545036712,0.179595409770036,0.241466029187258,-0.00630727555481059,-0.0366952159944676,0.0855121059302775,0.235885984930496
77.0412660720321,-126383.2888,-191142.2704,-181548.3472,-119187.8464,-121586.3272,1.74787959289394,0.702588896813126,3.1724418654765,0.309538100037926,-0.00706476810370305,-0.290445359076926,-0.369443318371339,-0.0798620518139188,-0.443537956958053,-0.64578784766212,-0.259104604168241,0.181924364153859,0.239831560008646,-0.00701751519843374,-0.0383997851091411,0.0822726167095738,0.230017930260183
77.0497786908043,-126383.2888,-191142.2704,-181548.3472,-119187.8464,-121586.3272,2.4298515764104,1.20363864122022,3.16246393597604,0.31255078944794,0.0148430360188172,-0.0795274369220493,0.039631121047293,-0.0793985829428223,-0.447553310456712,-0.645756006962358,-0.279312998283594,0.0395636687368444,0.240187624973532,-0.00788660292970333,-0.0399171602112707,0.0789528873071603,0.307441713976664
77.0121175344307,-126383.2888,-191142.2704,-181548.3472,-119187.8464,-121586.3272,2.03663163858043,0.673524134825087,3.39143405224038,0.376272072306875,0.100757811280062,0.0655137635551313,0.199407410014793,-0.0339905186572054,-0.443335352408425,-0.61162067352042,-0.26585571928426,0.0156949853401871,0.186798276366253,-0.0183702362885712,-0.0465275053609651,0.0883444050995053,0.185417596994724
77.0413428435656,-126383.2888,-191142.2704,-181548.3472,-119187.8464,-121586.3272,0.973311099797485,-0.426416593564809,3.59208990699436,0.497863731677299,0.237930304256551,0.143905739233418,0.207561281241325,0.0287796674507064,-0.43255112638704,-0.555942816663588,-0.213114845186261,0.0798986451203083,0.113865716264727,-0.035637033207208,-0.0560623467524002,0.112354401016276,0.123874572056306
77.0198988128618,-126383.2888,-191142.2704,-181548.3472,-119187.8464,-121586.3272,-0.264836886905584,-1.54516106724361,3.59724130952164,0.67033328436267,0.404905537640133,0.166149483130091,0.133064399601423,0.0904022824389301,-0.416042352634207,-0.488292150911505,-0.132818545814269,0.189241940699691,0.0436248662741545,-0.05730561570066,-0.0662900340843271,0.137203416444578,0.140781915002133
77.0033551052321,-126383.2888,-191142.2704,-181548.3472,-119187.8464,-121586.3272,-1.32867138116272,-2.35138109708902,3.35873393037683,0.882967753226197,0.577380145351015,0.156627369068232,0.0399350242618937,0.139829342932423,-0.394256757399361,-0.416497372931147,-0.0461152947696215,0.297053414670049,-0.0101036069708738,-0.0812212795138325,-0.0749906308745607,0.152722326699966,0.193588382107333
76.9991845980802,-126383.2888,-191142.2704,-181548.3472,-119187.8464,-121586.3272,-2.01982890075668,-2.69789860922077,2.87423884570534,1.11980067879578,0.715762891229673,0.146251678539798,-0.0208284662248559,0.169153428221648,-0.36730543784671,-0.346719238509991,0.0201394291869879,0.362619781793688,-0.0369150470913433,-0.105484263452204,-0.0793544312752952,0.148897021118081,0.224310633605437
80.5326665228069,-126258.0263,-190709.5454,-181161.1722,-119096.7464,-121483.8397,-2.27038605316071,-2.57106176453942,2.25661003242013,1.36046999156778,0.794236261592445,0.164651296251265,-0.011126016098423,0.186590882291874,-0.333804303684047,-0.280942328842215,0.0430517584494101,0.357815875931623,-0.0412847813875037,-0.129241291309248,-0.078397958298783,0.127897890909594,0.176838478832311
80.5707538511276,-126258.0263,-190709.5454,-181161.1722,-119096.7464,-121483.8397,-2.90342904581,-2.63027456772852,1.63469444625255,1.57902534602715,0.795841433242941,0.0342576484812511,-0.136491462532142,0.192247333597948,-0.296581073501052,-0.223760338611569,0.0606004552969914,0.37535424242122,-0.0214505764757993,-0.148726198193425,-0.0684197910095945,0.100402418508025,0.0051858269715872
80.5891284663785,-126258.0263,-190709.5454,-181161.1722,-119096.7464,-121483.8397,-2.8856433394045,-2.20680240450454,0.804370842092908,1.70398396147431,0.66034128589061,-0.0127015030561921,-0.133029992408282,0.144327424371696,-0.269009399473276,-0.211374870184081,0.030204337663668,0.316699581000241,0.0623134110107171,-0.155731740854866,-0.0453452943793242,0.0625462856932302,0.0279126739243409
80.5241460757137,-126258.0263,-190709.5454,-181161.1722,-119096.7464,-121483.8397,-2.62339554192158,-1.7154332964659,0.0551827459010639,1.71967736686378,0.394018294477803,-0.0264069799522986,-0.0963399892732539,0.0797333598302998,-0.251228261687245,-0.222585007897976,-0.00871870665516572,0.250392786739149,0.158197565068853,-0.153847030721726,-0.0133140026023946,0.0230046456754778,0.122339156526854
80.533993969124,-126258.0263,-190709.5454,-181161.1722,-119096.7464,-121483.8397,-2.36046239020149,-1.35057905006749,-0.460228956758172,1.61327898278238,0.0218939537229659,-0.0323414074862995,-0.0645893924759378,0.0255723699019583,-0.243164234266175,-0.243786384640138,-0.0365326741758047,0.203045367224947,0.233113095626039,-0.144442148652564,0.0243521420854416,-0.00312106892677377,0.237746099631233
80.5400312920223,-126258.0263,-190709.5454,-181161.1722,-119096.7464,-121483.8397,-2.19763944828712,-1.15284189263954,-0.736231174623782,1.39080375310395,-0.40630877424762,-0.0422959042217315,-0.0504010795780943,-0.00982475166087937,-0.243758537538888,-0.265115281404491,-0.0502978087757677,0.178026470506475,0.27844176454063,-0.128582899627572,0.0639957764531831,-0.0158204464070835,0.344029632463474
80.4934835870033,-126258.0263,-190709.5454,-181161.1722,-119096.7464,-121483.8397,-2.11805045065076,-1.06955577129868,-0.844623062761642,1.07639272568237,-0.838928448885852,-0.0546069732208352,-0.0481101956322334,-0.0313376820986448,-0.2517091049573,-0.281465958788345,-0.0548027657353241,0.167422324065055,0.301138080812182,-0.107429964314467,0.102235775405039,-0.0216327332544708,0.433757769622858
80.5180066964894,-126258.0263,-190709.5454,-181161.1722,-119096.7464,-121483.8397,-2.08089317411223,-1.04182787580928,-0.85826949595301,0.703975335520866,-1.22912288092515,-0.0649870875300351,-0.0495009488358988,-0.0455863533733236,-0.265284224870761,-0.28962780393644,-0.054895656121446,0.163395468651103,0.310291152340805,-0.0825246116164042,0.135806013558695,-0.0262527263365868,0.504867067550794
80.5537614766162,-126258.0263,-190709.5454,-181161.1722,-119096.7464,-121483.8397,-2.07676243845111,-1.05054509017975,-0.826614550944853,0.309864819666515,-1.54399954416226,-0.0754536137930373,-0.0557311669410083,-0.0564418945447756,-0.282220008733027,-0.28742828763226,-0.0527507186149694,0.163947490722412,0.312187055408233,-0.0557337592173572,0.162162777041845,-0.0318312793096354,0.553416460786261
80.5609614043456,-126258.0263,-190709.5454,-181161.1722,-119096.7464,-121483.8397,-2.08742255472742,-1.07458578281459,-0.785186850070986,-0.0768616550900845,-1.77195010162504,-0.0853177479683964,-0.0641423105710857,-0.0666530276054544,-0.300629017239714,-0.275352507676644,-0.0500273016300046,0.166491234535893,0.311667352632994,-0.0286156236968906,0.180249806025397,-0.0380028338607374,0.583678941810977
80.5034081992945,-126258.0263,-190709.5454,-181161.1722,-119096.7464,-121483.8397,-2.09939230894878,-1.10009807237742,-0.751256340545893,-0.436924806560242,-1.91493947983749,-0.0931911986297962,-0.0717364887719469,-0.0772661417281668,-0.319031410433439,-0.254920822288767,-0.0475545134996398,0.169194677229261,0.311157114644327,-0.00239662885095182,0.190117167956438,-0.043714469135125,0.600145356282855
80.5057606484095,-126258.0263,-190709.5454,-181161.1722,-119096.7464,-121483.8397,-2.09714893830755,-1.11096024117488,-0.7278968726242,-0.761200842395439,-1.98754441772797,-0.0966233610231555,-0.0746498247254408,-0.0879476133198267,-0.336433732110841,-0.228443757151041,-0.0462605207310369,0.169892069824781,0.311126011627638,0.0221368276781941,0.19305143538328,-0.0479592929313952,0.604975303215186
80.4897646036147,-126650.8495,-192066.571,-182375.353,-119382.436,-121805.2405,-2.09599712807673,-1.12125577129309,-0.709515849879779,-1.04680873553241,-2.00438115331929,-0.105832896301422,-0.0962314865398213,-0.115780399597298,-0.358215572618903,-0.205115927363991,-0.0406662643342421,0.18602671987907,0.324558299660332,0.0476658021532663,0.194344643517401,-0.0502923909279076,0.63814876350885
79.6741403396034,-126650.8495,-192066.571,-182375.353,-119382.436,-121805.2405,-2.09603504977754,-1.1329506244704,-0.672898198125608,-1.29164803082747,-1.9857749214534,-0.105102401000686,-0.0874004589411754,-0.11418135863692,-0.368377419561916,-0.166268517760983,-0.0423971021217195,0.184794207182753,0.320450517288435,0.0668921243770131,0.186879762071801,-0.0516015709013544,0.625132500018841
79.6565604461444,-126650.8495,-192066.571,-182375.353,-119382.436,-121805.2405,-2.02315248166607,-1.08396131219534,-0.652712551842185,-1.49666935367767,-1.9384908102999,-0.0798339094707643,-0.0503448872529688,-0.115819398471075,-0.378451122383559,-0.131336835893649,-0.0443085974931909,0.173935317974671,0.317882562808895,0.0835607225504666,0.177450558851061,-0.05103394538407,0.618069881053369
79.6445177630761,-126650.8495,-192066.571,-182375.353,-119382.436,-121805.2405,-2.08908921356891,-1.16455822908999,-0.605517209001761,-1.65636407546127,-1.85848099944043,-0.0715220316651468,-0.045948350173731,-0.112652269696468,-0.385592322195436,-0.092917957478015,-0.0366727308963957,0.181687042321731,0.308426619412071,0.0962305632275098,0.16631680218956,-0.0482469962477268,0.587185690391426
79.6482943185536,-126650.8495,-192066.571,-182375.353,-119382.436,-121805.2405,-2.1931349320468,-1.26251016315528,-0.578441406681506,-1.77703474721933,-1.75950483290903,-0.0705342500794757,-0.0523318054755606,-0.10974200544193,-0.389960566357331,-0.0549976525051932,-0.026974952503509,0.193193361220056,0.299817195652683,0.105900705586363,0.15501012100211,-0.0442516065046803,0.556485726062778
79.6390384919251,-126650.8495,-192066.571,-182375.353,-119382.436,-121805.2405,-2.27490823351457,-1.32189359890968,-0.585512851369074,-1.8656731020816,-1.65615610183697,-0.0705687894300198,-0.0581281422966597,-0.108852423180501,-0.391786656807213,-0.0198023945846373,-0.020144920820262,0.200664945965499,0.295052591832341,0.113351566424619,0.144731958990456,-0.0419274283864013,0.527749093130854
79.6494291557604,-126650.8495,-192066.571,-182375.353,-119382.436,-121805.2405,-2.31919684183589,-1.33770078987132,-0.618284930197802,-1.92982328925137,-1.56105565845888,-0.069006168364254,-0.059660746942356,-0.109622943053147,-0.391685502700476,0.0112080554969722,-0.017086215564817,0.202829112890195,0.293913823349868,0.119242808252425,0.136289295112972,-0.041946985266371,0.502400112658087
79.6390671521104,-126650.8495,-192066.571,-182375.353,-119382.436,-121805.2405,-2.33966483021213,-1.32990945317729,-0.659988580461629,-1.97618909585751,-1.48219247746337,-0.0671291584650504,-0.0592756887371166,-0.110641466908916,-0.39024926348614,0.0376316788638462,-0.0164843784091404,0.202056869857377,0.294657568493866,0.124058446149078,0.130032755546684,-0.0435377841552409,0.480249217588018
80.3082574245986,-126650.8495,-192066.571,-182375.353,-119382.436,-121805.2405,-2.31828969101694,-1.27904710628569,-0.699901856405731,-2.01213335605438,-1.42179554264715,-0.0618426647230024,-0.0525551150986772,-0.110742009617724,-0.387902003723752,0.059953838688358,-0.0197262611535307,0.195653574012876,0.29614694428322,0.12836961408452,0.125857070137802,-0.0457960751895072,0.456578451799277
80.329592130122,-126650.8495,-192066.571,-182375.353,-119382.436,-121805.2405,-2.35276348862564,-1.27314454709357,-0.722051428315908,-2.04251050896856,-1.37875027930973,-0.0785100474742677,-0.0720803143535278,-0.106900768681029,-0.384095886405028,0.0799864387924742,-0.0232927585279679,0.196737216504124,0.296432629944495,0.132573343441227,0.123514294855137,-0.0480104806380979,0.412827540016769
80.3484054178585,-126650.8495,-192066.571,-182375.353,-119382.436,-121805.2405,-2.2987518964536,-1.19579706414446,-0.756220337142935,-2.08140954125366,-1.36712696713116,-0.0843958622768852,-0.0726374854753971,-0.106071344825224,-0.382385849107045,0.0900500797712027,-0.0316130513320456,0.187695828856365,0.301723344597106,0.138327315856915,0.123431683322019,-0.0508754218308098,0.401185006351582
80.3010821895169,-126650.8495,-192066.571,-182375.353,-119382.436,-121805.2405,-2.23485898943015,-1.12728074411376,-0.776607065029822,-2.12896367393023,-1.37755035682164,-0.0876086556399187,-0.0699180363497547,-0.106102609327074,-0.382687953446734,0.0948065514129155,-0.0386667431903349,0.179426115851959,0.306893979961544,0.14495360007265,0.12424059704689,-0.0547996547509584,0.401688917229231
80.2932763243697,-126442.4127,-191346.5166,-181731.0938,-119230.8456,-121634.7013,-2.18136392510269,-1.08250927221646,-0.772360816463092,-2.18274580032772,-1.39858998880257,-0.0850246416422209,-0.0559657191042859,-0.0953670320926108,-0.380772652382234,0.101386671528104,-0.0456241576495857,0.165585109419812,0.30215855518389,0.150140220332076,0.122898251529341,-0.057942430463207,0.385383813889153
80.32343156501,-126442.4127,-191346.5166,-181731.0938,-119230.8456,-121634.7013,-2.15536771499718,-1.06950971694583,-0.761576933462308,-2.23866251756452,-1.41467539615103,-0.0883166530732424,-0.0615300754786077,-0.0996253180895792,-0.385496712604812,0.100305698945242,-0.0458249074847576,0.165060617848304,0.304160870502364,0.157231551313006,0.123229917441604,-0.0597169108533038,0.389351542692385
80.2913072994268,-126442.4127,-191346.5166,-181731.0938,-119230.8456,-121634.7013,-2.15221138233493,-1.0812778833883,-0.740466447702744,-2.29228776805303,-1.42481412349933,-0.0926710918231066,-0.0679409860394031,-0.102862178820637,-0.389457803777439,0.101387987034684,-0.0446329532934113,0.167119600439694,0.304328289026987,0.163680103708897,0.122166728829845,-0.0614433924147733,0.398422958358109
80.3013332573449,-126442.4127,-191346.5166,-181731.0938,-119230.8456,-121634.7013,-2.14879709121244,-1.09224868904758,-0.721507517305326,-2.34020342169224,-1.42677871853796,-0.0947943142767969,-0.0709966040551393,-0.106298770172792,-0.392587518766817,0.103688320161844,-0.0435069056762787,0.168607521720885,0.304316870733349,0.169271189768478,0.11992333185099,-0.0634216751776222,0.407657828557785
80.3279632813635,-126442.4127,-191346.5166,-181731.0938,-119230.8456,-121634.7013,-2.15105004578164,-1.10698694390213,-0.705767093671923,-2.37878998981557,-1.42043851328958,-0.0967654601328576,-0.0741118915374557,-0.109620429094839,-0.394526557711742,0.107024166619048,-0.0423592723689954,0.170498894983253,0.304112033447288,0.173701631412046,0.116836285927973,-0.0656914869829066,0.412614966402623
80.3410069106787,-126442.4127,-191346.5166,-181731.0938,-119230.8456,-121634.7013,-2.15921373639131,-1.12572932977146,-0.695450745647634,-2.40675188477607,-1.40874725712554,-0.0992675939790715,-0.0780278074852276,-0.112946750725982,-0.395285070538677,0.110460353598306,-0.0411264619381186,0.172918966470291,0.304140906355624,0.176933096286328,0.113396794953649,-0.0680748081886335,0.415741646876631
80.2839004320374,-126442.4127,-191346.5166,-181731.0938,-119230.8456,-121634.7013,-2.16614798148919,-1.14155249643845,-0.691930819730132,-2.4236793969356,-1.39519141773455,-0.101384205241807,-0.0812453049425343,-0.11645227605743,-0.394931743482296,0.113213016301891,-0.0401713271515471,0.174947976721268,0.304764597010513,0.17899531036815,0.110024618855473,-0.0705449690514186,0.418994604469077
80.3325988876759,-126442.4127,-191346.5166,-181731.0938,-119230.8456,-121634.7013,-2.15674421597519,-1.13999033747395,-0.692962162390799,-2.43080619382401,-1.3825722263383,-0.100110232431497,-0.079762395691688,-0.119913748675067,-0.393655002896942,0.114963940618999,-0.0403143865036779,0.17456801345866,0.305775229286575,0.180031049841511,0.107011364595284,-0.0730759971785417,0.422546084381899
80.3430472032415,-126442.4127,-191346.5166,-181731.0938,-119230.8456,-121634.7013,-2.15907384614762,-1.14858742797104,-0.691723777859579,-2.42817055138238,-1.37089346708402,-0.100976382948978,-0.0816523440055619,-0.122323065917605,-0.391332585913041,0.116377732422528,-0.0400506939231151,0.175723693588204,0.306113614140131,0.180020772034718,0.104423038360325,-0.0754340950102446,0.422466640955278
72.8050654366451,-126442.4127,-191346.5166,-181731.0938,-119230.8456,-121634.7013,-2.21814355972801,-1.2243987412628,-0.692756517362156,-2.41950322980099,-1.362046202087,-0.107897070813671,-0.0928923483138036,-0.125414854186815,-0.389301049889426,0.115881685656746,-0.03457597856913,0.18509477823888,0.306555337369125,0.179326454080093,0.102317345580445,-0.0776379103316742,0.437814794307197
72.8002240694329,-126442.4127,-191346.5166,-181731.0938,-119230.8456,-121634.7013,-1.48596211934702,-0.861629512886651,-0.737368506839175,-2.40617640090016,-1.35727899073423,0.125911865279953,0.25366101769788,-0.149150462216319,-0.399219624255458,0.101588538398531,-0.0383304447197075,0.100726350760619,0.310086308148565,0.176865564141556,0.0995057632351926,-0.0802405199462797,0.669534562863522
72.7880733922154,-126442.4127,-191346.5166,-181731.0938,-119230.8456,-121634.7013,-1.82942618958592,-1.55629330652754,-0.475585795971313,-2.28446859403067,-1.18918238631848,0.21981979886742,0.251004610518763,-0.133880920953125,-0.400401127912914,0.146053082420877,0.0497021854649318,0.212867681612416,0.242890710915692,0.157477548520669,0.0849382064052695,-0.062734395623437,0.69921571043422
72.8007275299251,-106111.8079,-121113.5182,-118891.0426,-104444.9512,-105000.5701,-2.01980325255229,-1.87346434307825,-0.0788695249566302,-2.0756552872862,-0.881314409515241,0.745591025639477,1.42793311337008,0.952547506260046,-0.00645437516875802,0.646078895362827,-0.169720913666109,-0.683361939974422,-0.627506337094125,-0.0498281881029852,-0.134551063260882,-0.0122775998218145,-1.85939547072126
72.7577688403116,-106111.8079,-121113.5182,-118891.0426,-104444.9512,-105000.5701,-2.9931181834376,-2.13498897120843,-1.08614972645006,-1.88419779227732,-0.31781691986977,0.569339032154367,0.645313020416523,0.440038770782735,-0.228574364580801,0.473995784802447,0.0341795386677815,-0.464510955177591,-0.539937639482595,-0.0472625978107719,-0.112910974281215,0.0986755468533147,-2.04804908780632
72.8483836099899,-106111.8079,-121113.5182,-118891.0426,-104444.9512,-105000.5701,-3.46159228447875,-2.22334169036762,-1.9483331365343,-1.53293336422709,0.126700565080426,0.463836318024939,0.278430961342458,0.179289215650016,-0.262092251260789,0.429283126823584,0.173467655772414,-0.349651188530686,-0.4645261362437,-0.0567042866322944,-0.103444376234241,0.157302515230313,-1.49219308331339
72.812358626864,-106111.8079,-121113.5182,-118891.0426,-104444.9512,-105000.5701,-3.57801611888792,-2.15565864687829,-2.72199301700056,-1.15233048634606,0.449024441535556,0.418963570700463,0.112023220559976,0.00935593452098971,-0.238391118812785,0.454354472858725,0.252472344048054,-0.301803977686523,-0.389347051220274,-0.072670775909059,-0.0978227682378023,0.161017192961111,-0.964839274631656
72.418172710853,-106111.8079,-121113.5182,-118891.0426,-104444.9512,-105000.5701,-3.46381122682632,-1.99549613538058,-3.37434017611041,-0.797977863387601,0.645289884551289,0.421231262080724,0.045165655366489,-0.121245947331808,-0.199714642422677,0.512661280996802,0.28806547157104,-0.292366886229307,-0.317029516342559,-0.0902722687016864,-0.0909141569269285,0.142795094741359,-0.606329322498281
72.3667804731084,-106111.8079,-121113.5182,-118891.0426,-104444.9512,-105000.5701,-3.16594990551444,-1.77257048985885,-3.86170412085902,-0.502667745062197,0.717054967698203,0.464926414908845,0.0330677029151829,-0.226051167729459,-0.161805118480785,0.581642274169688,0.297332639974882,-0.302795687024198,-0.256675728726682,-0.105721677780845,-0.0794600268822478,0.124838662634424,-0.383176479176706
72.3904329766739,-106111.8079,-121113.5182,-118891.0426,-104444.9512,-105000.5701,-2.84276956511385,-1.58350349950301,-4.16255304667128,-0.277634579882374,0.68964966488501,0.516377711222241,0.0265103265333195,-0.304686431883546,-0.128762996861106,0.654953704265843,0.295736240965134,-0.313783093924715,-0.216854956140604,-0.117379672074321,-0.0629804613276139,0.120443595913152,-0.28247350664013
72.3353443164786,-106111.8079,-121113.5182,-118891.0426,-104444.9512,-105000.5701,-2.52085150087919,-1.42263704871559,-4.296547517471,-0.138659229026814,0.588202483256609,0.569901533188059,0.0212589532513263,-0.357326957385624,-0.104114177424307,0.719628764395374,0.285208284319442,-0.325767889191464,-0.198819140937819,-0.122390196333009,-0.040084011839038,0.130717506915403,-0.257390182380533
72.3780578581744,-106111.8079,-121113.5182,-118891.0426,-104444.9512,-105000.5701,-2.18515610802216,-1.26312974784877,-4.30569008769424,-0.0871243579227325,0.445890643474002,0.628739938843935,0.0228830048627557,-0.387795231637853,-0.0899404099320833,0.76676110340123,0.266067790635063,-0.34181823466735,-0.199050576324228,-0.11924026957299,-0.0112307121275972,0.151548135263241,-0.271160490254763
72.4187270016486,-106111.8079,-121113.5182,-118891.0426,-104444.9512,-105000.5701,-1.88479915944062,-1.13008033105407,-4.2271688316483,-0.110943066912938,0.29094734334943,0.681901596534637,0.0226350044749282,-0.400450905504783,-0.0864559841954105,0.794391661192208,0.243872499331051,-0.357341964242003,-0.213432367731702,-0.108027341117226,0.0218579115348461,0.178951105227569,-0.30736543244428
66.3416280206736,-106111.8079,-121113.5182,-118891.0426,-104444.9512,-105000.5701,-1.63179025298005,-1.02565885721779,-4.09319656776132,-0.199323087548905,0.147845326333595,0.726360852879054,0.0200763774234503,-0.399661175516322,-0.0941943960765244,0.802235781552703,0.221852696522899,-0.371004777158964,-0.237680586717218,-0.0887884056590795,0.0565664794161518,0.208694638877873,-0.34443733626104
66.3633378109225,-106111.8079,-121113.5182,-118891.0426,-104444.9512,-105000.5701,-0.199222138832795,-0.523468430985517,-3.96209800673793,-0.336013032259984,0.0396649035787107,1.00662482209069,0.228344914375455,-0.424777335018497,-0.135455354809402,0.767095425020905,0.19426116575697,-0.410549671404791,-0.268549588437727,-0.0654284211227885,0.0837054925591625,0.236149383256212,-0.093352074386738
66.3458418775731,-103350.0203,-111572.7974,-110354.6082,-102436.3784,-102740.9257,0.135307817390952,-1.1336394533979,-3.69550105132411,-0.400406841544438,0.0208562739147737,1.03973745432154,0.200736330359163,-0.251744208747553,-0.118637363263396,0.891186845913559,0.355814182081591,-0.340560470357643,-0.470847809808361,-0.0838029472818469,0.0528885069356941,0.314742247875046,-0.246995917355038
66.3552761965611,-103350.0203,-111572.7974,-110354.6082,-102436.3784,-102740.9257,0.0511102842919797,-1.92738757100454,-3.81306508073317,-0.422027810417873,0.13718516421433,0.738066638261401,-0.385760544348209,-0.483809653580856,-0.254620036046703,0.855804620136766,0.654800101900943,0.000190823695200848,-0.472272900694632,-0.0891414646119939,0.0314530522072562,0.395884614435232,0.128539212899957
66.3483670173365,-103350.0203,-111572.7974,-110354.6082,-102436.3784,-102740.9257,0.309913050119292,-2.24951246813954,-4.25211250139571,-0.382406148918164,0.218881727486391,0.517983204415188,-0.817283871365852,-0.800467539278785,-0.366466444502443,0.829384900823236,0.821465051998373,0.196853758939836,-0.399322299075191,-0.10137020099896,0.00539911061173726,0.366270139475333,0.458294357123455
66.352163190452,-103350.0203,-111572.7974,-110354.6082,-102436.3784,-102740.9257,0.803447037738522,-2.15722314488218,-4.85568759697108,-0.329351344219063,0.194961418143365,0.449564816551629,-1.02910499345043,-1.17132284562067,-0.465915108203156,0.774578972245202,0.845185303670776,0.240793132131365,-0.27392243909842,-0.11374810276833,-0.0056797894425813,0.235236486017207,0.629936470283768
66.356941510019,-103350.0203,-111572.7974,-110354.6082,-102436.3784,-102740.9257,1.28564339726108,-1.88958169497484,-5.41292593695009,-0.302756836361539,0.018328797740736,0.459087352133828,-1.10554525603592,-1.53439306106056,-0.566475205524455,0.648478560622095,0.79952049467235,0.206418782490035,-0.147484436612664,-0.121183980520486,0.0063264629324129,0.0907955411151136,0.713678739197022
72.4248959487628,-103350.0203,-111572.7974,-110354.6082,-102436.3784,-102740.9257,1.81020963268486,-1.42545978459478,-5.85029799372268,-0.325143769509921,-0.281343549773538,0.572249090138214,-1.03211951677972,-1.83317079693845,-0.660547089114097,0.460467614076556,0.689955426531105,0.0995708053744906,-0.0397277515755867,-0.117602320230533,0.0417498275950448,-0.0245873895950339,0.695908697196629
72.4476361719384,-103350.0203,-111572.7974,-110354.6082,-102436.3784,-102740.9257,0.783695384277507,-0.974873230937888,-5.94115089130055,-0.427706238101635,-0.672176065987557,0.787421669874391,-0.614716010580793,-1.78288340019554,-0.581187895289766,0.444452485423241,0.387583798519587,-0.211594497006337,0.0666205928900623,-0.0626186336028982,0.16116927037021,-0.078600316475459,-0.0624680701941092
72.4613003308882,-103350.0203,-111572.7974,-110354.6082,-102436.3784,-102740.9257,0.9743532406996,0.10367599264778,-5.5455609984452,-0.759063969715513,-1.01906641135966,1.12239130212433,-0.120410485692773,-1.47221137235395,-0.567202846759486,0.241601137753243,0.0565187618915304,-0.559791817463805,0.0064450299787584,0.0421768104949574,0.320447124734874,-0.129307879991813,-0.234848153341286
72.4839844227733,-103350.0203,-111572.7974,-110354.6082,-102436.3784,-102740.9257,0.844766155718318,0.560687593054169,-4.72014513944977,-1.18279231407317,-1.19090638326594,1.18494185333864,0.0751977541774025,-1.04441058840818,-0.633928167882573,0.036882221816775,-0.0649579296451739,-0.701723157481021,-0.208568215695505,0.160974859223486,0.431232450093181,-0.102615723421451,-0.223460852999365
72.4912799184656,-103350.0203,-111572.7974,-110354.6082,-102436.3784,-102740.9257,0.461586714069057,0.580119724626513,-3.89983195144958,-1.60292311132157,-1.07261200811627,1.12911543275698,0.128149708889609,-0.68954477362923,-0.732842562149393,-0.0056492972956832,-0.0785319303490968,-0.734371638317003,-0.416651128556035,0.27691489963179,0.460877812301645,-0.0662954403006282,-0.181071599598106
72.4026034137677,-103350.0203,-111572.7974,-110354.6082,-102436.3784,-102740.9257,0.0127085453788283,0.407710659869437,-3.32051450448309,-1.94074631161831,-0.691194301238838,1.04115288108211,0.126338849243652,-0.463464235588091,-0.821207480722904,0.120343896824991,-0.049901059002019,-0.722282506837578,-0.552548365205124,0.373995221644805,0.416016206622094,-0.058827621057759,-0.133126250077744
72.4352042447443,-103350.0203,-111572.7974,-110354.6082,-102436.3784,-102740.9257,-0.344813229663231,0.223758881434549,-3.00645318596558,-2.12159403558714,-0.197921988483088,0.968505276103407,0.117683122231043,-0.339124476170561,-0.856435283550091,0.32353313014378,-0.0149855358643967,-0.701586794706838,-0.620830615108955,0.435854853409347,0.333129230983118,-0.0774133052670649,-0.0948615220870348
72.4509707070982,-103194.6948,-111036.2184,-109874.5112,-102323.4144,-102613.8412,-0.640330195650321,0.0440557660404579,-2.89422822907522,-2.08818243153092,0.281679297231477,0.91381300509255,0.11886578889208,-0.264283397131813,-0.798925704133801,0.539748142517617,0.017026652787492,-0.687366677901188,-0.650806637951056,0.448766468136709,0.243515133665693,-0.108559415850102,-0.10114376703465
72.4555652756488,-103194.6948,-111036.2184,-109874.5112,-102323.4144,-102613.8412,-0.870748427600503,-0.106012229568435,-2.90994235046973,-1.86662210739476,0.679962689758142,0.868071039832742,0.106575157812792,-0.24204599225245,-0.678448482904741,0.707859004803403,0.0473151276256889,-0.665958205864138,-0.646528521499829,0.417757724861572,0.167538563834587,-0.142179754580766,-0.10100347955183
72.4448763789561,-103194.6948,-111036.2184,-109874.5112,-102323.4144,-102613.8412,-1.03011996747263,-0.223845701936384,-2.98368436751775,-1.52470646874585,0.973474025903272,0.837989321558311,0.100768440308073,-0.234659136980689,-0.51346828267318,0.834799065444322,0.0711071457287868,-0.64886793324276,-0.630398810693977,0.358000993171713,0.109447209509398,-0.174208760350524,-0.105503975549537
72.4121726342363,-103194.6948,-111036.2184,-109874.5112,-102323.4144,-102613.8412,-1.12767918562778,-0.310216880896689,-3.07774731249819,-1.13596916086485,1.16896410143467,0.821022842789326,0.0996849275309017,-0.234561785125692,-0.339552951015655,0.923147242990275,0.0885479509591272,-0.636166952859351,-0.610382687449287,0.28568821630368,0.0687907706645654,-0.202346670096631,-0.111214834415177
72.3949373942532,-103194.6948,-111036.2184,-109874.5112,-102323.4144,-102613.8412,-1.17430560571538,-0.370564474388232,-3.16828449807316,-0.756559735848541,1.28567985507884,0.81437282010166,0.101375310213378,-0.237256097109857,-0.179840823497472,0.98071409188023,0.100793042752258,-0.626961171750671,-0.591308843975023,0.213613235423924,0.0422118319198215,-0.224605225557163,-0.113773478946623
72.4826749917178,-103194.6948,-111036.2184,-109874.5112,-102323.4144,-102613.8412,-1.19195804688532,-0.418187705202087,-3.24320619246457,-0.414896084322791,1.34763869420033,0.813174670012337,0.102559065809466,-0.240156206764382,-0.0432779223782092,1.0169400886158,0.109874463130529,-0.619293940199256,-0.575493501031186,0.148447816813176,0.0255652264438071,-0.239904521657742,-0.112914551024495
72.2343524863045,-103194.6948,-111036.2184,-109874.5112,-102323.4144,-102613.8412,-1.22044201458597,-0.474730647180593,-3.30055435142727,-0.12307950304492,1.37091943650351,0.808847565960995,0.0984231798671829,-0.242233469308474,0.0686296416346934,1.03780842898367,0.118103035798788,-0.610778900129291,-0.563224591386692,0.0930423088731072,0.0162560502814157,-0.248022067050769,-0.110036487433339
72.2879283366834,-103194.6948,-111036.2184,-109874.5112,-102323.4144,-102613.8412,-1.16112766224536,-0.480116483516539,-3.34880444510912,0.109319772321285,1.36390007800742,0.82272045639553,0.105326820932866,-0.245804456952435,0.153804393672281,1.04280609967838,0.120748300266171,-0.608257895705395,-0.553256011423621,0.0486630430956709,0.0126150949473067,-0.249680916368888,-0.0871364991174293
72.2666842871977,-103194.6948,-111036.2184,-109874.5112,-102323.4144,-102613.8412,-1.15716663703535,-0.535103078400056,-3.37570337725521,0.298595839839194,1.34336045882031,0.823373850171329,0.0956418943020907,-0.248666311763529,0.219789301211144,1.04417043912495,0.129902167682727,-0.59698813135299,-0.547616095054595,0.0127105611585532,0.0112759195667165,-0.243847669632906,-0.0685851235216521
72.2486871604425,-103194.6948,-111036.2184,-109874.5112,-102323.4144,-102613.8412,-1.1418892414836,-0.579084008010852,-3.40021851629764,0.445570411460352,1.31486249013618,0.826086680935845,0.0869371305187769,-0.252961581834974,0.268942641405623,1.04026082761944,0.136675205772701,-0.587662050034183,-0.542550651653202,-0.0150581310246745,0.0121945469087121,-0.232775807768839,-0.0454541855905326
72.2578227354961,-103194.6948,-111036.2184,-109874.5112,-102323.4144,-102613.8412,-1.10514651717313,-0.599720964308418,-3.42137288471591,0.557425779316659,1.28076109792535,0.833584244463509,0.0827303646058439,-0.257459837203086,0.305336204453113,1.03290005417357,0.138852523815852,-0.582739134805244,-0.538068574197243,-0.0359062504725207,0.0150014376986722,-0.217911170172727,-0.0264343387298247
72.2016996392363,-103194.6948,-111036.2184,-109874.5112,-102323.4144,-102613.8412,-1.06407747112597,-0.609620793708885,-3.43455426211662,0.640499745396539,1.24259115415333,0.842180874196522,0.0803113959305222,-0.260758883705265,0.331671080528189,1.02291694903018,0.138421684324849,-0.580223618486038,-0.535034874786296,-0.0511144744339727,0.0192921258321381,-0.200029354051928,-0.0120329642085046
72.2475832135165,-102935.1509,-110139.6122,-109072.2846,-102134.6552,-102401.4871,-1.00039107224809,-0.598452996109856,-3.43872301997219,0.698210906427818,1.20136072042686,0.864338958411629,0.104397720921881,-0.240276369757808,0.359885468930365,1.02188657309512,0.130707692125783,-0.596726393459858,-0.546913838337195,-0.063438119408965,0.02250096594832,-0.179738649856972,-0.036052775051024
72.2504671470351,-102935.1509,-110139.6122,-109072.2846,-102134.6552,-102401.4871,-0.978593848554027,-0.600772959985747,-3.44027062608734,0.733485191492832,1.16567389028602,0.868229498784018,0.0962816919655864,-0.245419204344728,0.363793136901933,1.00367535765161,0.130521397872204,-0.59461341269288,-0.546614017831415,-0.0698743704841065,0.0288800781393896,-0.156396016948143,-0.0275024961993076
72.2598350627024,-102935.1509,-110139.6122,-109072.2846,-102134.6552,-102401.4871,-0.95969510153229,-0.605164790852427,-3.4354153319758,0.755514881775483,1.12777486645471,0.871534950565426,0.0916888991637208,-0.246993452920044,0.367845125046472,0.986927105039292,0.130219296092301,-0.593118923629081,-0.547408873678748,-0.073113307078112,0.0350708098895889,-0.133273564020861,-0.0109586750870339
72.2682692496527,-102935.1509,-110139.6122,-109072.2846,-102134.6552,-102401.4871,-0.94195054002094,-0.607639511043956,-3.42764461256337,0.76504876085987,1.0913186152588,0.874766219310068,0.0893223165444823,-0.24688950493659,0.369207145838104,0.971619336285798,0.129260060010801,-0.592552896228769,-0.548711189978977,-0.0740803953194247,0.0408658707673433,-0.112000167327317,0.00449210975489223
72.2553519539983,-102935.1509,-110139.6122,-109072.2846,-102134.6552,-102401.4871,-0.92303002740303,-0.605584285636382,-3.41842814085712,0.765311166629303,1.05767815952316,0.878489803907584,0.0889486742260033,-0.245815498336057,0.368278071429401,0.957682919103888,0.127366440960813,-0.593147288327012,-0.550265647374234,-0.073470354351441,0.0461994516024022,-0.0925201521768386,0.0164776519444505
72.2512986935245,-102935.1509,-110139.6122,-109072.2846,-102134.6552,-102401.4871,-0.900991540631807,-0.600011028412254,-3.40740146966802,0.758487191202846,1.02777709796864,0.883003839796032,0.0899157991964472,-0.244060769813146,0.365393484648635,0.94501563703183,0.125167946825284,-0.594271462872896,-0.552206986245263,-0.0717299392524664,0.0508932975071708,-0.0751431388943686,0.0269121580830696
72.2783965369618,-102935.1509,-110139.6122,-109072.2846,-102134.6552,-102401.4871,-0.885102352159009,-0.598847222152855,-3.3948819380763,0.748046507347127,1.00222159025677,0.886158939150874,0.0898427153605112,-0.241999248930469,0.361396647274866,0.934055613822906,0.123939602434684,-0.594491079138626,-0.554491086263694,-0.0694659942154625,0.0547788752396525,-0.0596899435704117,0.0360686804671779
72.236988960228,-102935.1509,-110139.6122,-109072.2846,-102134.6552,-102401.4871,-0.880358716121691,-0.602800912487638,-3.38266994969504,0.73618329193323,0.981182386411561,0.886981443909846,0.0885157326613637,-0.239829345370026,0.357160248727375,0.92506141198961,0.123329630407097,-0.59411629542615,-0.556704484110683,-0.0669815144882535,0.0579339216055139,-0.0462506028269374,0.0424942866134668
72.2388536070355,-102935.1509,-110139.6122,-109072.2846,-102134.6552,-102401.4871,-0.86213167081624,-0.59718690250007,-3.37318406567934,0.723687481389931,0.963999339995908,0.890812662135886,0.0898914181419244,-0.238159978664726,0.352680953374083,0.916941086365682,0.121862869121229,-0.594956969035064,-0.558450365397637,-0.06449430566225,0.0604831247167232,-0.0352118341693313,0.0503962013963708
72.2763882718057,-102935.1509,-110139.6122,-109072.2846,-102134.6552,-102401.4871,-0.851887239879545,-0.597255571513571,-3.36366510934582,0.712939782229967,0.950207626592501,0.892876487513611,0.0895302546414598,-0.236619567083991,0.348711035366506,0.910768635847688,0.12139988464139,-0.594725102197986,-0.560213111607228,-0.0623436463099987,0.0623791924230326,-0.0260099749473213,0.0555908894930681
72.2647456299307,-102935.1509,-110139.6122,-109072.2846,-102134.6552,-102401.4871,-0.854562948429034,-0.603169325614161,-3.35549043059522,0.704006516554969,0.939334303809034,0.892224994992141,0.0876731023184476,-0.235183156366801,0.345475167794085,0.906103759426458,0.121459168403597,-0.593936609502047,-0.561672635032753,-0.0604870412466374,0.0638803846578884,-0.0185396669187554,0.0583190350960212
72.2011662704403,-102935.1509,-110139.6122,-109072.2846,-102134.6552,-102401.4871,-0.849469345497724,-0.601795233976915,-3.35048564554346,0.695888443995031,0.930148896701297,0.893375442973522,0.0880546975794516,-0.234179985450339,0.342560575303459,0.90151547074246,0.120608249429493,-0.594370627929742,-0.562541950197424,-0.0588279831385243,0.0652367942048895,-0.0129534477410402,0.062444403999919
72.2174985039073,-102885.0459,-109966.5222,-108917.4146,-102098.2152,-102360.4921,-0.823797215907291,-0.587576671077983,-3.34609684256708,0.689096817571738,0.921955657150562,0.900685321949176,0.0958370851557007,-0.229058281247596,0.34205133331546,0.899651778541021,0.117713498330562,-0.599340417596943,-0.56588987883086,-0.0578386940497158,0.0659620105446557,-0.00868532821026946,0.0593092622181057
72.2449099612091,-102885.0459,-109966.5222,-108917.4146,-102098.2152,-102360.4921,-0.816163489590252,-0.584353483087966,-3.34049972921845,0.684761445207883,0.916691718864712,0.902241587677466,0.0948080376347562,-0.228920687163011,0.339050668159111,0.896553838901255,0.117530848617155,-0.599206419827869,-0.5669824123589,-0.0569231597636928,0.0668001140246766,-0.00479533527016685,0.0589406361599067
72.2504309425392,-102885.0459,-109966.5222,-108917.4146,-102098.2152,-102360.4921,-0.818443517903489,-0.586869437874967,-3.33519933848279,0.68279890660321,0.912587879062229,0.901694587597675,0.0930991183472187,-0.22829323703661,0.33771832143718,0.894777762629147,0.11779212270392,-0.598608373757412,-0.567938620059719,-0.0562526443922344,0.0674008859922806,-0.00179275035424808,0.059195016197938
72.2494018671337,-102885.0459,-109966.5222,-108917.4146,-102098.2152,-102360.4921,-0.821288274138823,-0.58908926341536,-3.33214816398481,0.681251645491244,0.909174081017127,0.901052089451092,0.0921270473281481,-0.227847732783616,0.336714562609814,0.892964979263283,0.117944867586221,-0.598263886282167,-0.568467918739529,-0.0557023334111033,0.067948087261601,8.73495015056847e-05,0.0615703406887231
72.2965264751579,-102885.0459,-109966.5222,-108917.4146,-102098.2152,-102360.4921,-0.823921965443816,-0.591223559482899,-3.33073647411727,0.679808471108373,0.905875742410785,0.900436826631463,0.0915016705720149,-0.227662541853931,0.335801339123861,0.891016807643943,0.118167132860828,-0.597953743668972,-0.568714403593439,-0.0552506326472701,0.0684710985143213,0.00113860931864451,0.0647215994151065
72.2479619964955,-102885.0459,-109966.5222,-108917.4146,-102098.2152,-102360.4921,-0.841969626824223,-0.602301295909172,-3.3300767649003,0.678447003627682,0.90253244386308,0.896454119816177,0.0887711616028781,-0.22750120747974,0.33510612696962,0.8892663679406,0.119354813517403,-0.596599227913612,-0.568811928192118,-0.0548457287394548,0.0689987400703229,0.00164861986534248,0.0665673015657795
72.2614689109986,-102885.0459,-109966.5222,-108917.4146,-102098.2152,-102360.4921,-0.84019524227287,-0.601018803285044,-3.33282444730554,0.675862661659878,0.898551515202641,0.896766248850327,0.089614132351592,-0.228055568100842,0.333934205842127,0.886367405738632,0.119322752062411,-0.596854655891389,-0.568349240720202,-0.0543816841374309,0.0696225803774997,0.00145014497956453,0.0725363185240688
72.2732682564848,-102885.0459,-109966.5222,-108917.4146,-102098.2152,-102360.4921,-0.844545629579642,-0.604111982386172,-3.33437429578963,0.673886085202767,0.894364654950593,0.895722388068059,0.0889757156080933,-0.228447482340165,0.333119465774018,0.88442872706991,0.119832378634747,-0.596404086911489,-0.568101212124478,-0.0540243506311437,0.070131633938824,0.00113913536264931,0.0747431510727914
72.2380010152518,-102885.0459,-109966.5222,-108917.4146,-102098.2152,-102360.4921,-0.851055030132926,-0.608012293200119,-3.33618403789953,0.671950987863767,0.890408395731953,0.894234334273854,0.0881281660487687,-0.228838793006155,0.332421175967852,0.882810579778727,0.12033421499664,-0.595940026690171,-0.567789358583807,-0.0536894291235273,0.0706068444785752,0.000620491582111526,0.0764746020467619
72.2150804764531,-102885.0459,-109966.5222,-108917.4146,-102098.2152,-102360.4921,-0.844352544201797,-0.603988970886903,-3.33871926811973,0.669787811495056,0.88655497822171,0.895627723822017,0.0893470983381377,-0.229431226051481,0.33159599278833,0.881037421970348,0.120002017747207,-0.59645659381327,-0.567367242169864,-0.0533714299550865,0.0710569930718101,-0.000100741916313041,0.0796025308072661
72.2141356191702,-102885.0459,-109966.5222,-108917.4146,-102098.2152,-102360.4921,-0.830629981960485,-0.595915154684675,-3.33940877533529,0.668503721180528,0.883244868561292,0.898595939825448,0.0912207863332171,-0.229713344125116,0.331114270556277,0.880223794292746,0.119139324716151,-0.597419414815583,-0.567264676793969,-0.0531713377036072,0.0713673833963826,-0.000654884487779839,0.0799850571338094
72.2138341520929,-102885.0459,-109966.5222,-108917.4146,-102098.2152,-102360.4921,-0.817973148517808,-0.588427733212541,-3.33756779556114,0.668393906962237,0.881115715505743,0.901400120894678,0.0926161469911833,-0.229461800492317,0.331076083616274,0.8805355145658,0.118165152951573,-0.598313369238924,-0.567582118479813,-0.0531006680537538,0.0715211757020526,-0.0009048921062913,0.0776457814778304
72.2443667822559,-103241.7935,-111198.923,-110020.089,-102357.668,-102652.3765,-0.805959246302791,-0.580846291594042,-3.33397818853098,0.669094001833813,0.880374325372472,0.892477101559706,0.0642697859137442,-0.259332429071769,0.316752264491306,0.865217847407294,0.122674866913528,-0.577912911020128,-0.550050375878689,-0.0504709136201211,0.0745898646602319,-0.00145081195162078,0.125386941078755
72.2938187061594,-103241.7935,-111198.923,-110020.089,-102357.668,-102652.3765,-0.783089198625291,-0.579200209132651,-3.31525521438338,0.673062426453967,0.872888968171907,0.89856520612765,0.0731302467877981,-0.249865995074408,0.326820882931294,0.873523525441705,0.119259602186479,-0.580098016209734,-0.552785525111773,-0.0505557264267398,0.073916234248415,-0.00356075195787753,0.12107942394185
72.2529992033397,-103241.7935,-111198.923,-110020.089,-102357.668,-102652.3765,-0.787513065285594,-0.589744065869851,-3.30014664976363,0.670684066085428,0.871955198284837,0.898468259867798,0.0741602740197465,-0.244278649585098,0.328437994029656,0.877455350149688,0.118294557819327,-0.579599107101601,-0.555189747720604,-0.0506191107543867,0.073557741963433,-0.00527678487791405,0.113099734421347
72.2661779732328,-103241.7935,-111198.923,-110020.089,-102357.668,-102652.3765,-0.780677684067385,-0.589656170084481,-3.29105921269552,0.666459177574481,0.873091608625231,0.90064451348168,0.0762831500047696,-0.241242529090592,0.32770324192785,0.877955459576086,0.116974245852159,-0.580043029521133,-0.556695968446722,-0.050456343794719,0.0734423578866354,-0.00615582292327588,0.110230094561674
79.2851606372036,-103241.7935,-111198.923,-110020.089,-102357.668,-102652.3765,-0.345376676835912,-0.145770717474875,-3.26960345102667,0.663168574025732,0.874947736947362,1.00466166538639,0.186279924750494,-0.219732533748228,0.345293953661631,0.897600716961591,0.0369509766512368,-0.663647756615554,-0.556610602254583,-0.0457541863542148,0.0779141350743862,-0.00633716083944336,-0.0469681953611047
79.2665560331232,-103241.7935,-111198.923,-110020.089,-102357.668,-102652.3765,-1.50779114745636,-0.548625903834207,-3.03935514500942,0.661008415620955,0.886309697535282,0.71789986203806,0.138143881980682,-0.109342203345967,0.410702280862168,0.969471743810431,-0.0156418453751375,-0.690196219696764,-0.586375994811312,-0.0292958578462041,0.0927820840710489,0.000370979899891211,-0.624098912795635
79.2225799732584,-103241.7935,-111198.923,-110020.089,-102357.668,-102652.3765,-1.38799233438215,-0.0353165588211084,-2.96360072402557,0.430433210791364,0.798895692078062,0.628422944724164,0.222473632063689,-0.019005112258391,0.391964096752581,0.839434894026738,-0.119622174838146,-0.785885515898793,-0.59381637299932,0.0100365848329242,0.125655341788141,-0.0133214645253261,-0.647182389469968
79.2621074070306,-103241.7935,-111198.923,-110020.089,-102357.668,-102652.3765,-1.19579547118518,0.341953282028015,-2.77616228044134,0.118085973739838,0.620407223490815,0.549160723832387,0.269556587661285,0.065114408843769,0.351227932875034,0.685812251758144,-0.167974829779069,-0.829987460816652,-0.612736692497096,0.0527355814843697,0.145009375803355,-0.0206227037950839,-0.593090850395791
79.2740892014338,-103241.7935,-111198.923,-110020.089,-102357.668,-102652.3765,-1.20224869555204,0.402730071522925,-2.54163123363929,-0.192791963721618,0.458282405364102,0.464412554028669,0.275643014805688,0.120383252723911,0.314735199456564,0.575534340828476,-0.172377362008814,-0.829793713557352,-0.620878651247479,0.0872809709158746,0.136361425492336,-0.0250582077349435,-0.545358351035022
79.237034513007,-103241.7935,-111198.923,-110020.089,-102357.668,-102652.3765,-1.33950332010885,0.265182652730473,-2.37499701963938,-0.440496589496746,0.368197814938526,0.387061088467142,0.262557394750445,0.13837964823044,0.296341755262702,0.511767345429043,-0.156302591686764,-0.808897250733444,-0.604254772055412,0.104896507943084,0.102985304798344,-0.0339537465573585,-0.501890744917528
81.0317504901097,-103241.7935,-111198.923,-110020.089,-102357.668,-102652.3765,-1.51047084303829,0.057130959630598,-2.32022161013433,-0.588350788742929,0.345626248140974,0.324963659360613,0.245286152714378,0.127891212339847,0.30099633144264,0.475805717074778,-0.134344101060033,-0.782709850159524,-0.566537887045948,0.101731110846201,0.057535256242613,-0.0488569355591011,-0.461530791718967
81.1106119723647,-103241.7935,-111198.923,-110020.089,-102357.668,-102652.3765,-1.85848034686572,-0.420279860627076,-2.38390856047585,-0.617950990042019,0.361690427692636,0.221626282230446,0.168131792129742,0.100069445653638,0.328776634476036,0.451123552119356,-0.100405556285882,-0.721614236268955,-0.515022746016025,0.0781651581912466,0.0122180631057511,-0.0680474424613493,-0.447042280913998
81.0584362363622,-102987.2601,-110319.6258,-109233.3494,-102172.5528,-102444.1219,-1.89267490642209,-0.588629259485259,-2.56497736942303,-0.607453362132347,0.339894849919745,0.171279691315959,0.152175016825687,0.070873615300961,0.362499680412505,0.403903615286481,-0.0954789235652023,-0.705966274162525,-0.459746515086677,0.0449686566504011,-0.0247601377398952,-0.0870812249267772,-0.427696620024252
81.0770936592683,-102987.2601,-110319.6258,-109233.3494,-102172.5528,-102444.1219,-1.75245688110247,-0.575912640420867,-2.76576009277731,-0.56315064886212,0.274382200512747,0.145990066879726,0.145418086586332,0.0247177336770221,0.38386868398883,0.329564596595013,-0.0999856221374935,-0.697075276471059,-0.393324401235517,0.0129280276571428,-0.0462970709932498,-0.105828190141978,-0.385145613539709
81.0803850047123,-102987.2601,-110319.6258,-109233.3494,-102172.5528,-102444.1219,-1.60235884349682,-0.5563952853621,-2.91843482789513,-0.5057584134873,0.170212724330582,0.130883900104273,0.142950041317015,-0.0136800775142305,0.400118185053984,0.250496833835768,-0.104533648517093,-0.690345234969897,-0.336248047225768,-0.0162179146413952,-0.0586837550758579,-0.12272606430394,-0.343661697083114
81.094566087747,-102987.2601,-110319.6258,-109233.3494,-102172.5528,-102444.1219,-1.49624204731181,-0.577909072060862,-3.01943017362095,-0.452444903302464,0.0475022425444678,0.119492358871675,0.138664901673835,-0.0444547128158348,0.406265248669868,0.170672352132584,-0.105590866750847,-0.681573938565943,-0.28925931961795,-0.0397746679234143,-0.0644478001144155,-0.136571168541252,-0.298718951370134
81.0584463332837,-102987.2601,-110319.6258,-109233.3494,-102172.5528,-102444.1219,-1.43445266788181,-0.63754246748546,-3.08341594690414,-0.4095378186407,-0.0753697917184866,0.110028100165437,0.131847328249833,-0.0691146479541374,0.402403090463203,0.0934000653090976,-0.10368419049367,-0.670845484047854,-0.250854377321634,-0.0571401579226238,-0.06603400273053,-0.146682403010963,-0.252461349208225
77.0259888125725,-102987.2601,-110319.6258,-109233.3494,-102172.5528,-102444.1219,-1.41301072643714,-0.72762677117521,-3.12626368074599,-0.377594608960067,-0.18765468418286,0.102438936705433,0.123969457548085,-0.0892877945519217,0.390109813927239,0.0202993497899868,-0.0993254299227102,-0.6590663261924,-0.219222979486825,-0.0689144043978198,-0.0650986453930806,-0.152934704962661,-0.204756110888574
77.1036803584771,-102987.2601,-110319.6258,-109233.3494,-102172.5528,-102444.1219,-1.17552989097342,-0.465654449333968,-3.17151850710268,-0.356828551674937,-0.287184231803451,0.184958148659724,0.233887680223354,-0.108349603382813,0.36962410673722,-0.0491183120833938,-0.109885740336266,-0.707332553086216,-0.192101593425144,-0.0760610296264697,-0.0625568982334823,-0.155469126187427,-0.116640675352217
77.0975401900531,-102987.2601,-110319.6258,-109233.3494,-102172.5528,-102444.1219,-1.401279347539,-0.678036926837493,-3.16567665809467,-0.282643911261644,-0.313776722822084,0.220678563913566,0.252862359588022,-0.115249417002822,0.354804007840549,-0.0729023695144875,-0.0848643913805849,-0.703818261030496,-0.183215090699161,-0.0861913679268145,-0.0644030379901046,-0.155698642748412,-0.091912523432649
77.0961836301527,-102987.2601,-110319.6258,-109233.3494,-102172.5528,-102444.1219,-1.83338458868232,-1.09813242754215,-3.21706490191029,-0.172589180729958,-0.278598925884765,0.228081758051346,0.231043626144739,-0.121401277968104,0.342215352260794,-0.0704370826349248,-0.0403855608791075,-0.673361090612182,-0.179153339212932,-0.0981997447326475,-0.068715246943716,-0.150565667493332,-0.043225827875979
77.0510058720112,-102987.2601,-110319.6258,-109233.3494,-102172.5528,-102444.1219,-2.24840305535352,-1.49956188368046,-3.34940959712181,-0.0350674319354596,-0.198045034540613,0.225598334013156,0.197852314675167,-0.130240519699385,0.332295449713875,-0.0524941273275132,0.00592084713970298,-0.637283040168543,-0.174754365313216,-0.111522359290013,-0.0741164144016078,-0.141798707859095,0.0146558865833519
77.0479562574254,-102987.2601,-110319.6258,-109233.3494,-102172.5528,-102444.1219,-2.53353312632861,-1.76936927940358,-3.56321268939362,0.116013077150882,-0.101643078841477,0.227236071425558,0.17166742676563,-0.143589645603129,0.324591995276975,-0.027476544671913,0.0420743767794272,-0.609876527081413,-0.167112099343113,-0.124938757249822,-0.0784894861617973,-0.131270800156749,0.0625851224103755
77.0030562409647,-102987.2601,-110319.6258,-109233.3494,-102172.5528,-102444.1219,-2.68606666629978,-1.90775008749769,-3.81978054754887,0.269712045576853,-0.0117422451374694,0.235763304447048,0.155655801270015,-0.159745306587446,0.318671860460277,-0.000328291692355265,0.0651493724433483,-0.594032210038222,-0.157293261951642,-0.137604280782643,-0.0805726393410373,-0.119965495391426,0.0897107642231116
77.0281911004876,-108293.3796,-128649.8568,-125634.0824,-106031.5488,-106785.4924,-2.73401937636805,-1.94732148846187,-4.10922750068195,0.42048521696897,0.0524478876532442,0.149201406957374,-0.143480210932388,-0.440011033448798,0.22295256705813,-0.0708496094207334,0.153661643616175,-0.322685422156793,0.0769375829962791,-0.0980029147323935,-0.023617996652963,-0.107461065358144,0.772795033086442
77.0362209242923,-108293.3796,-128649.8568,-125634.0824,-106031.5488,-106785.4924,-2.55433004399549,-1.91492024417886,-4.16871606843284,0.502262973133327,-0.0152520098654492,0.212252806192851,-0.0511179935079795,-0.406188654438047,0.254216496185975,0.0363700204251742,0.13143810803463,-0.342109577769682,0.0604660161985535,-0.114193611021817,-0.0293048229953858,-0.105278257938195,0.77159223387986
77.0307468379069,-108293.3796,-128649.8568,-125634.0824,-106031.5488,-106785.4924,-2.3913415440316,-1.84309220154475,-4.17852264438353,0.542853077067548,-0.0700992745625939,0.264099952296455,-0.00796656401388418,-0.382081883594438,0.252159409345872,0.103556636352558,0.10923755004958,-0.3562811212252,0.0397396823088103,-0.124371963440282,-0.0271575643678521,-0.0979844224821491,0.653392249692493
77.0885610646325,-108293.3796,-128649.8568,-125634.0824,-106031.5488,-106785.4924,-2.25700606316238,-1.75798800917626,-4.13590225671145,0.5503628320335,-0.130172755035716,0.304873207126327,0.0151476575704805,-0.359497788239473,0.238769766796004,0.142007966826441,0.0890771726779811,-0.368284280969011,0.0149003458540262,-0.128232054583059,-0.0188939197335094,-0.0838704938997736,0.526515187247622
77.0593976924292,-108293.3796,-128649.8568,-125634.0824,-106031.5488,-106785.4924,-2.17007409224975,-1.68749974144171,-4.05117896252132,0.52330127420386,-0.200136845967094,0.332129240908557,0.0261764125157669,-0.335993994084873,0.22006148395333,0.16012083171784,0.0730607256913112,-0.377011629507958,-0.0127558974946904,-0.126168455508113,-0.00627200783158699,-0.0644826496782827,0.418543788015548
77.0877387374486,-108293.3796,-128649.8568,-125634.0824,-106031.5488,-106785.4924,-2.10559717911143,-1.61625759405237,-3.93935458992446,0.455946129684094,-0.278441133589936,0.352148052438778,0.0351550818380986,-0.311806768578741,0.197128300980566,0.16349605834138,0.0596926234872717,-0.385589495902746,-0.0412911914021419,-0.118331991913167,0.00907927142220988,-0.0415639285033862,0.335013578518845
77.046992684849,-108293.3796,-128649.8568,-125634.0824,-106031.5488,-106785.4924,-2.0729523412779,-1.5594418959009,-3.82162275193869,0.359170797740617,-0.359198647190254,0.363485532291314,0.0402201635375832,-0.288824044786104,0.171808891979232,0.158346542875407,0.0497681593720625,-0.392264213070287,-0.0683151115354552,-0.10640650260649,0.0254332057463351,-0.0173232120449001,0.268866945548464
77.0229205326696,-108293.3796,-128649.8568,-125634.0824,-106031.5488,-106785.4924,-2.0512774876333,-1.50360931572523,-3.70816079860145,0.234491048530771,-0.438313273629277,0.371261524255488,0.045905868322933,-0.268085224616577,0.144326320209473,0.148193802032516,0.0418467205028734,-0.398976012620384,-0.0926138268182819,-0.0909586891852039,0.0416178811091041,0.00671441701888398,0.218780775930895
77.0564176158463,-108293.3796,-128649.8568,-125634.0824,-106031.5488,-106785.4924,-2.04178580034343,-1.45411149527085,-3.60211689542764,0.0873110261913723,-0.508300540257991,0.375622692211209,0.0507905178227901,-0.249705309025629,0.115428044297943,0.13730380825367,0.0359460637507074,-0.404935559440499,-0.114124388387489,-0.0728351646025625,0.0562955718646041,0.0293939490033637,0.178231376402751
77.0811519578371,-108293.3796,-128649.8568,-125634.0824,-106031.5488,-106785.4924,-2.05455963840929,-1.42323679360264,-3.50902736551186,-0.0729352574659003,-0.564565679809363,0.374615282846662,0.0521039599692656,-0.2342258535868,0.0861273287882867,0.128106109448851,0.0327112940875449,-0.408525904572667,-0.1323975829801,-0.053146142643409,0.068667729145121,0.0500085898008464,0.144984300331897
77.0899886871389,-108293.3796,-128649.8568,-125634.0824,-106031.5488,-106785.4924,-2.07899526375839,-1.40313019320453,-3.43422997727269,-0.238644065411847,-0.604813154357387,0.370422922260573,0.0519136871418553,-0.222234258179881,0.0571517768291372,0.121262298888631,0.0311484365138019,-0.410860891283373,-0.146824465196437,-0.0327324854848352,0.0783423145762701,0.0680272316106141,0.119569997716027
77.026726536236,-108293.3796,-128649.8568,-125634.0824,-106031.5488,-106785.4924,-2.10501166085324,-1.38597664361625,-3.37950933269391,-0.402810908832393,-0.632602042333161,0.365153062266927,0.0518107434078345,-0.213860244719626,0.0292583199910084,0.116754364636037,0.0303084945322434,-0.41295413936316,-0.157337137376765,-0.0123965261852623,0.0856223119671693,0.0832346566224018,0.100455777661988
77.0551868997944,-153918.9926,-286265.6108,-266658.7044,-139213.8128,-144115.5394,-2.13623096083809,-1.38091303120805,-3.32501045486339,-0.593936284058898,-0.658268970725871,-0.735771756082563,-2.72436460167815,-3.12461387908199,-1.25059401664883,-1.33186897951237,0.622307949339151,1.45042819029027,1.44599326008732,0.376748154544901,0.499485857912797,0.00932042039028858,4.93520764991669
73.6356724770785,-153918.9926,-286265.6108,-266658.7044,-139213.8128,-144115.5394,-2.30774022019894,-1.42715116388027,-0.979287701905335,-1.07513206287574,-1.50425165858978,-0.258823248461603,-1.41114093926551,-2.56347259299812,-0.978549442439835,-0.502956063380154,0.0342885302281442,1.19777698184301,1.04661102855299,0.35535730029578,0.344100621267852,-0.351744088496368,4.94767443098307
73.5925370217785,-153918.9926,-286265.6108,-266658.7044,-139213.8128,-144115.5394,-1.68614545916162,-1.30002287747493,-0.0193513997382411,-1.42156906329004,-1.82730647151043,-0.0291505299682342,-0.501987923356751,-2.2858137952,-0.806885192715058,-0.18983697083398,-0.0753422321041941,1.03547312909264,0.875668228468348,0.3449306346514,0.272033159920973,-0.486407392985541,3.29891018618703
73.667150969639,-153918.9926,-286265.6108,-266658.7044,-139213.8128,-144115.5394,-1.55268610909029,-1.44858970586596,0.693561862231775,-1.54884212982066,-1.78850834212963,0.0128263043331103,-0.0963576016007934,-2.10843314710435,-0.658846344301949,-0.0364855869001914,-0.0662803470990392,0.996327855311121,0.735736843860831,0.320381407825995,0.220522246112637,-0.499768149857196,1.76622409595646
73.6525374682051,-153918.9926,-286265.6108,-266658.7044,-139213.8128,-144115.5394,-1.37700951557531,-1.30929206459113,1.02474464742365,-1.50943348941337,-1.54811686393168,0.0350987125779483,0.173004753298542,-2.00106255478988,-0.495058362523494,0.0642115356634676,-0.0679236479598084,0.93591317369677,0.664122335621584,0.291309560775513,0.184279178246031,-0.422200288249527,0.755704818859574
73.6306110518469,-153918.9926,-286265.6108,-266658.7044,-139213.8128,-144115.5394,-1.06370712483806,-0.954619467419505,1.1194341188976,-1.37215559860792,-1.24311984761846,0.0858661241644469,0.40940644285071,-1.91176892274896,-0.313651677357271,0.146007121698531,-0.0976420030176213,0.8476080477901,0.642255762127666,0.263939418991225,0.160968994433617,-0.321909433906995,0.211897326032444
73.610983038827,-153918.9926,-286265.6108,-266658.7044,-139213.8128,-144115.5394,-0.735178395466562,-0.574861872199236,1.18738746973852,-1.20193039178687,-0.958646000135246,0.144726227555878,0.604894547823463,-1.79262930842923,-0.129546480101688,0.217670606760798,-0.137637023705385,0.760403699817335,0.632632182873977,0.241906198094275,0.14591992683958,-0.223680099543316,-0.0552477237954516
73.6541971228749,-153918.9926,-286265.6108,-266658.7044,-139213.8128,-144115.5394,-0.468330055755715,-0.262846785410815,1.32952841370454,-1.04971827116003,-0.730903883626368,0.192156236108453,0.750781091832721,-1.62353323687602,0.0412061986016354,0.281075809195542,-0.173251443199402,0.689253458304138,0.614136332748483,0.227877027064538,0.134261905172508,-0.134686773017208,-0.1841658349664
66.0515457469843,-153918.9926,-286265.6108,-266658.7044,-139213.8128,-144115.5394,-1.13271323929716,-1.04336354415487,1.52012183718102,-0.939522737179402,-0.557813886985102,-0.0485536772495507,0.444905566562163,-1.54546868438057,0.0855545168764991,0.212441491459415,-0.0629564986027717,0.824844377749154,0.555910819373112,0.20753968251651,0.102600467658278,-0.0638148956598741,0.0118102831681242
66.0371970277046,-153918.9926,-286265.6108,-266658.7044,-139213.8128,-144115.5394,-0.141874631580919,-1.31260574317248,1.27223836562555,-0.872097388377597,-0.435631555475737,-0.401972214804061,-0.19573355056464,-2.02740249036639,-0.278368786151894,-0.337686467176049,0.228917927997256,0.98486304413469,0.463279000610135,0.13974617085626,-0.00265842808719086,-0.0953685461908904,0.868559940746749
66.0622555612571,-153918.9926,-286265.6108,-266658.7044,-139213.8128,-144115.5394,-0.161829763396241,-1.38237001691095,1.08154351752903,-0.527819613570529,-0.0635406836279344,-1.00211909349051,-0.891997654003674,-2.74603424289869,-0.709658069895276,-0.947711240051959,0.403510985884486,1.03741149012973,0.324240375351724,0.0264403449274413,-0.154501385992881,-0.156773917146296,0.808542138905231
66.0298772736322,-153918.9926,-286265.6108,-266658.7044,-139213.8128,-144115.5394,0.0123159021831611,-0.839754466606763,0.338865032410197,-0.0420482068160055,0.231826237038803,-1.32275030910688,-1.04931153286704,-3.48625387511049,-0.994221936604163,-1.41903585390397,0.435705821931217,0.917557170762175,0.316490386582789,-0.0759501875450481,-0.289408232035746,-0.340407376996879,0.444265039921241
66.055750630252,-135837.1002,-223800.8916,-210769.2188,-126063.3456,-129321.2638,0.21559977317709,-0.241108279945621,-0.429730641251496,0.454091043596449,0.231915438846826,-0.622531314751463,0.845586190940445,-1.63731507227145,0.506000348092407,0.333114466784018,0.297645598941232,0.319146638933033,0.127020900483147,-0.140026465347175,-0.322717797641548,-0.389377576444453,-0.555613854074011
66.072852593727,-135837.1002,-223800.8916,-210769.2188,-126063.3456,-129321.2638,0.511508578543868,0.471958481865585,-0.774458293663486,0.612661952713538,0.28917951108366,-0.833552755317044,0.503061469206934,-1.78944045025278,-0.0530858920970516,-0.182393228759238,0.477894967879704,0.266607619656122,0.162197878052939,-0.194992040441983,-0.36836599835144,-0.119111910627431,-0.700403903810397
66.047888165921,-135837.1002,-223800.8916,-210769.2188,-126063.3456,-129321.2638,0.732296904200282,0.796084793322834,-0.821113949424159,0.753309807128346,-0.00713284758666077,-0.874617134348455,0.33535901243112,-1.78094335402998,-0.421087826646932,-0.752341587576751,0.486833836114057,0.228047580324042,0.149003352198285,-0.225204355480622,-0.408643720744895,0.0148312668387831,-0.575507731756986
66.0718438830043,-135837.1002,-223800.8916,-210769.2188,-126063.3456,-129321.2638,0.874242463920666,0.948457491104705,-0.663519732761813,0.782414711872008,-0.455675354656819,-0.883248575858602,0.24759217476845,-1.65841848792893,-0.734085659696774,-1.3848741375845,0.467679820895611,0.200220400494258,0.10335406082548,-0.234336177610607,-0.440684289703635,0.032906193189568,-0.481670613596364
66.0723677759906,-135837.1002,-223800.8916,-210769.2188,-126063.3456,-129321.2638,0.93273330910867,1.00714471878982,-0.423517729677897,0.717291954023068,-0.930635039063276,-0.893745551364958,0.192229278349842,-1.48959173917694,-1.04299539865458,-2.02950229089115,0.450185645818223,0.182343389842015,0.0467184228916482,-0.232750022436548,-0.465913911393748,-0.000245263021170672,-0.425053197523845
66.0943361614837,-135837.1002,-223800.8916,-210769.2188,-126063.3456,-129321.2638,0.963416604397977,1.03638673449431,-0.168429910550657,0.605786530481836,-1.35306585437158,-0.901509581433174,0.159842648055935,-1.31042714231602,-1.34528952955145,-2.61726143057486,0.4367977057235,0.168980569300167,-0.0081150532541443,-0.228822618495736,-0.484961818418675,-0.0500819606527898,-0.38645822818221
66.0368947454923,-135837.1002,-223800.8916,-210769.2188,-126063.3456,-129321.2638,0.963895963564966,1.03801928103493,0.0637013387525087,0.496097199428249,-1.69513155141165,-0.913295691744125,0.133128044763325,-1.14659232108521,-1.62289085232835,-3.11498853280777,0.429260889948448,0.161648574016527,-0.0558300897967037,-0.22888456396996,-0.499199197159173,-0.0989813996722546,-0.354027035585091
66.0747606368807,-135837.1002,-223800.8916,-210769.2188,-126063.3456,-129321.2638,0.982194263256872,1.04804070991774,0.255360727733645,0.408022458623549,-1.95975884384893,-0.921130197261625,0.116804510074672,-1.01008742292575,-1.86311665152688,-3.51857461955866,0.424323638880428,0.154935379626393,-0.0944977861737621,-0.234683500824752,-0.509429665419226,-0.144439527039061,-0.32225777574974
66.0780519283493,-135837.1002,-223800.8916,-210769.2188,-126063.3456,-129321.2638,0.974343876661493,1.04289117112788,0.409667184792738,0.354380516901358,-2.15309144973085,-0.929656088366514,0.103639986228366,-0.898163068217663,-2.05228884467734,-3.82512936185213,0.421111565263269,0.151435310791692,-0.124384885885537,-0.245514008058165,-0.516174593460628,-0.188231879767372,-0.295510536385969
66.1195133453595,-135837.1002,-223800.8916,-210769.2188,-126063.3456,-129321.2638,0.972223112024324,1.04208456890572,0.52821298279909,0.331961423809219,-2.28626775908036,-0.933989658294479,0.0961780417119869,-0.809067519492935,-2.19174418743169,-4.04927495537343,0.4183998792838,0.148374374305237,-0.146472143289346,-0.25982353142428,-0.52015647437684,-0.234985912214995,-0.269558643871452
66.0391989435678,-135837.1002,-223800.8916,-210769.2188,-126063.3456,-129321.2638,0.954907467534284,1.03038584702355,0.619039151054238,0.326627781619322,-2.37897614315908,-0.939894648151615,0.0870722777163522,-0.73977479373675,-2.29470878027718,-4.21334153199641,0.417198989301061,0.147842447321495,-0.163054041754144,-0.27592199112155,-0.522304145594071,-0.287351876299006,-0.243632636432103
66.0359818948702,-135837.1002,-223800.8916,-210769.2188,-126063.3456,-129321.2638,0.987235676958122,1.05301877752625,0.686845540232028,0.330409491896773,-2.44159311579966,-0.934162009353415,0.0914948223172516,-0.686544011757782,-2.36939943235113,-4.3312951112538,0.41361518118722,0.14267664435763,-0.175130685892349,-0.29237064528246,-0.523011265434684,-0.346587841250837,-0.216689636136032
66.0134075982169,-130787.5183,-206356.8814,-195161.4202,-122390.9224,-125189.7877,0.999452613925044,1.06105490916738,0.743222893543887,0.358536032650775,-2.48430971499594,-0.717423371782004,0.59214550066455,0.0288505642710675,-1.81098230213996,-3.69285985377491,0.369390026130832,-0.019501975267703,-0.262220627584749,-0.257475369380995,-0.46311008600706,-0.374025408023336,-0.357147380468426
66.0116915602029,-130787.5183,-206356.8814,-195161.4202,-122390.9224,-125189.7877,1.01521134320735,1.14011865819094,0.26615746316179,0.318911248655311,-2.36021020383377,-0.765193062853456,0.4196584382466,-0.409263137714731,-2.05013654442032,-3.83258426912285,0.425602466126962,0.00613400906422878,-0.210299436121584,-0.285354526858584,-0.461018691162824,-0.345113549673592,-0.332519179888603
66.0507894705919,-130787.5183,-206356.8814,-195161.4202,-122390.9224,-125189.7877,1.0816188133273,1.14749099834826,-0.0287051749567695,0.391366052640791,-2.31291469346357,-0.768129033090517,0.310876817330708,-0.690574731080822,-2.11713931494369,-3.89226395783159,0.439133826129946,0.0256140491985493,-0.179554512236445,-0.31214312611349,-0.463714521742075,-0.346974800831461,-0.274141076760749
66.0569568070019,-130787.5183,-206356.8814,-195161.4202,-122390.9224,-125189.7877,1.11500802614448,1.11873463339536,-0.210160165463947,0.479703770837773,-2.29572169516159,-0.766522724977527,0.234203696584217,-0.872999334232496,-2.1255355889472,-3.91911671375713,0.441408956569214,0.0420362091352722,-0.161973867960392,-0.336724986493313,-0.467337055357328,-0.36498318108189,-0.213025558393067
66.080499162034,-130787.5183,-206356.8814,-195161.4202,-122390.9224,-125189.7877,1.13056367208647,1.08583005707084,-0.327369999576035,0.554755109937545,-2.28873433641789,-0.766302096820489,0.179304882250804,-0.994992766047716,-2.11788738945123,-3.93342921422504,0.441486716344305,0.0546690996837587,-0.151535898769086,-0.358652931535785,-0.470823685910305,-0.387144365434182,-0.155553880829459
66.0984848892489,-130787.5183,-206356.8814,-195161.4202,-122390.9224,-125189.7877,1.1327292367138,1.05739179731339,-0.405295983072634,0.61023399035642,-2.28615696828808,-0.765836727277119,0.141442593519542,-1.07673303118359,-2.10748298844324,-3.94045473211441,0.440504576722712,0.063678063333902,-0.144701168501833,-0.377169571913587,-0.473339145666226,-0.406703710815179,-0.105485470790558
66.0301574680217,-130787.5183,-206356.8814,-195161.4202,-122390.9224,-125189.7877,1.12400940946877,1.02869170631165,-0.458586971328259,0.6481290973732,-2.28526671204618,-0.768613522238972,0.110936651453819,-1.13350843069863,-2.10144968033075,-3.94671643772434,0.44072969899298,0.0714123315516266,-0.140502091809356,-0.39295112524022,-0.4754423766061,-0.421631145222705,-0.0599817811533327
66.0624876868577,-130787.5183,-206356.8814,-195161.4202,-122390.9224,-125189.7877,1.1481646514226,1.0277783436735,-0.497233698807008,0.672434074913582,-2.28517438018569,-0.765285106675535,0.0962959872402109,-1.17449684547839,-2.10019824958035,-3.95308978530188,0.43946867879285,0.0737422724565739,-0.137709849448554,-0.406238032322791,-0.477153791094931,-0.432510251426486,-0.0185202528552928
66.0512863983316,-130787.5183,-206356.8814,-195161.4202,-122390.9224,-125189.7877,1.14650258532136,1.01634988213884,-0.520854186714104,0.690638468804195,-2.28568884372423,-0.765933064389472,0.0834760668660408,-1.20173725315809,-2.10002425306614,-3.95598063494332,0.438889431465158,0.0766903590054788,-0.136355875011888,-0.417358852238962,-0.478584769170838,-0.439780723881775,0.0158018086177059
66.0709670649975,-130787.5183,-206356.8814,-195161.4202,-122390.9224,-125189.7877,1.14954342712234,1.01119164182317,-0.538075672535143,0.701594957158505,-2.2861189276871,-0.766007474015154,0.0752560010423693,-1.22140893625095,-2.10297915439516,-3.95920156459005,0.438464953471645,0.0782718640752735,-0.135505877739079,-0.426592787076554,-0.479766422706218,-0.445452731116312,0.0464623801901745
66.0451668333052,-130787.5183,-206356.8814,-195161.4202,-122390.9224,-125189.7877,1.14509854676615,1.00448219161625,-0.549448053796894,0.708613112002311,-2.28659573575598,-0.766322911645155,0.069062561445925,-1.23443849104283,-2.10612998073631,-3.96073937839437,0.437987478836214,0.0796630878457396,-0.134913183832947,-0.434034494050162,-0.48050753190367,-0.45031444775713,0.0727161891173687
66.0607789838981,-130787.5183,-206356.8814,-195161.4202,-122390.9224,-125189.7877,1.14900152005646,1.00182769681041,-0.558254254653264,0.712183134530775,-2.28698158457165,-0.767438007155377,0.063780672822304,-1.2453626243976,-2.11232008473986,-3.96494088659529,0.438316814751114,0.0806068611466655,-0.134936205284262,-0.440601460232635,-0.481482870429069,-0.455277806995177,0.0980709240459881
66.0910933219057,-123521.2912,-181255.3696,-172702.1728,-117106.3936,-119244.6928,1.14833709999257,1.00007269684203,-0.564091124251163,0.71790978194592,-2.28584415274844,-0.451185246174013,0.798951464254692,-0.283364321814545,-1.26806275231793,-2.97315052608035,0.374737404957649,-0.170849639763258,-0.264773420330497,-0.357678014537417,-0.393617685748782,-0.414612735457396,-0.149447345821667
66.0503907111104,-123521.2912,-181255.3696,-172702.1728,-117106.3936,-119244.6928,1.04112453289245,1.06427195311532,-1.53429571353358,0.604708483390624,-2.06776236895436,-0.531546042832112,0.489696055667515,-1.14156922945679,-1.6099731724106,-3.10755927452901,0.450649096649604,-0.116025264902879,-0.151721974498935,-0.378457125067985,-0.388022557658314,-0.296862061866342,-0.13167728045407
66.0943145721306,-123521.2912,-181255.3696,-172702.1728,-117106.3936,-119244.6928,1.1158938094495,1.04204874133883,-2.06374693650606,0.662116792931158,-1.99449811864389,-0.542425308630783,0.280074242461168,-1.61620789106156,-1.68306301630908,-3.13298219762709,0.476842926141321,-0.0731883715907076,-0.0909059528121885,-0.399395924877902,-0.391010612405426,-0.22202220898577,-0.054599970550484
66.1102555145259,-123521.2912,-181255.3696,-172702.1728,-117106.3936,-119244.6928,1.19249525151545,0.9798418270898,-2.35807637824313,0.751916715945697,-1.97010147966162,-0.536171216436593,0.129069558814273,-1.88912340950446,-1.66677145947136,-3.12120670726686,0.483965806266171,-0.0384660410094462,-0.0578022013362869,-0.417808022585279,-0.395332060864743,-0.175602543293024,0.0344910917905388
66.0580952627268,-123521.2912,-181255.3696,-172702.1728,-117106.3936,-119244.6928,1.2484541991074,0.912733671823176,-2.52394061267744,0.829562318683472,-1.95956843071393,-0.528034323614449,0.0179163863007403,-2.04940410702473,-1.62929369676328,-3.10458188340863,0.484740200368315,-0.0110557522212629,-0.0398191960796037,-0.43281891779552,-0.399082664956931,-0.14315737054428,0.121875276344809
92.3631429246168,-123521.2912,-181255.3696,-172702.1728,-117106.3936,-119244.6928,2.42538957636542,2.08830217875254,-2.60274006657808,0.886646722254326,-1.95215037494214,0.0863416446399796,0.633554507986894,-1.93397147919346,-1.29347841421374,-2.74750865058653,0.229526464309166,-0.25853827263344,0.048328289616312,-0.365003867113639,-0.322223008991111,-0.117038116727308,-0.0790425374273518
92.3177136880112,-123521.2912,-181255.3696,-172702.1728,-117106.3936,-119244.6928,-5.67662065120263,-3.65357764794759,-1.335246320515,0.933284936750525,-1.90209964207692,-0.647463077985343,1.02122045549502,-0.238989237398442,0.329120449713741,-0.910998202646496,-0.0766525174962935,-0.0821544033744908,0.237943991406737,0.139719093447917,0.183454710377136,-0.0176720998292907,-2.21797308372235
92.3304442949862,-123521.2912,-181255.3696,-172702.1728,-117106.3936,-119244.6928,-0.335862522274596,1.4527056529484,-1.20313127196164,-1.72579201584331,-2.36115064008432,-0.291578885871083,0.720435468459627,0.876247269966591,-0.0164573278740932,-1.05038390460216,-0.464637280829378,-0.330833332477449,0.150916007765824,0.620173236672177,0.649877410994478,0.350559138557664,-1.78818788962546
92.3603517610001,-123521.2912,-181255.3696,-172702.1728,-117106.3936,-119244.6928,2.80950676655071,3.97057482898485,0.6700992056263,-3.86569744009489,-2.71186583438939,-0.260094037275209,0.267240869367406,1.26742226609495,-0.325197635712684,-0.505270825243819,-0.5240713627669,-0.291827619755931,-0.0818639339466758,0.914906075930467,0.699935084176205,0.351715121844748,-1.00866467623489
92.3717355473006,-123521.2912,-181255.3696,-172702.1728,-117106.3936,-119244.6928,4.21831549669562,4.75110701853195,2.63425846280208,-4.81020852952838,-2.55958752413218,-0.271834946399963,-0.0248473202079111,1.14289803128458,-0.146152331641197,0.16647253625932,-0.509706645058774,-0.211055634310962,-0.129756471216036,0.921557826147805,0.425940329275864,0.138108542145012,-0.617843958281034
92.3318794894772,-123521.2912,-181255.3696,-172702.1728,-117106.3936,-119244.6928,4.81627698184511,4.81308009960719,3.98653274374422,-4.66028900156866,-2.18672353317218,-0.281298329731101,-0.189875297568733,0.886058460514114,0.26235572636989,0.415125456464985,-0.482879067925276,-0.140273673276887,-0.0896338977835514,0.660934106152358,0.153810438866601,-0.0952701221331083,-0.558524120524922
92.3586718587673,-123521.2912,-181255.3696,-172702.1728,-117106.3936,-119244.6928,5.10168059902882,4.66412609943772,4.8602731759604,-4.01725833463762,-1.696530986619,-0.285012448735046,-0.28190105201503,0.643799875628304,0.527511652933057,0.377009704806397,-0.459659063143434,-0.0878207934502686,-0.0376374203268768,0.355513055365283,-0.0133616381879187,-0.272888582774613,-0.601284831740426
92.3873018175739,-124664.6873,-185205.2834,-176236.3062,-117937.9544,-120180.1987,5.24105801733937,4.45705123766928,5.40695308547542,-3.24894210464045,-1.14636196848176,-0.297283077828695,-0.370563530334529,0.414272633357896,0.589657274263452,0.216713319076447,-0.432566147094033,-0.0176742594687302,0.0369177566222385,0.144367403612277,-0.0919091120764242,-0.37445487760121,-0.549270470041746
92.3484783665359,-124664.6873,-185205.2834,-176236.3062,-117937.9544,-120180.1987,5.29902134275575,4.25491048747558,5.8294587405407,-2.50433874608706,-0.598592108908022,-0.29606923476851,-0.390152067989625,0.300119171679,0.593492409570622,0.0734545829546889,-0.422883790660836,0.00879196832147788,0.0586845283330966,0.00642846493967308,-0.142556144506828,-0.41335381543211,-0.587800189976902
92.3345538886379,-124664.6873,-185205.2834,-176236.3062,-117937.9544,-120180.1987,5.32846424308188,4.08137300598456,6.09751347633072,-1.82902767920268,-0.0769266557201291,-0.29381159166563,-0.404437650423638,0.213596759963423,0.528389464930662,-0.0664566071112773,-0.415953199593607,0.0290637273147916,0.075050466462782,-0.0693853986452222,-0.16819743181986,-0.404105974031964,-0.630315155482898
92.3455538790578,-124664.6873,-185205.2834,-176236.3062,-117937.9544,-120180.1987,5.3428855600165,3.93781897091075,6.27258333813633,-1.22281730347551,0.400523647783743,-0.291220163488376,-0.415286594083213,0.150362087915404,0.437167019582802,-0.18981892761613,-0.411089383726755,0.0447636999478884,0.0863608121540442,-0.108073509752568,-0.180816075645328,-0.364962791620414,-0.668360446959719
92.3388882527173,-124664.6873,-185205.2834,-176236.3062,-117937.9544,-120180.1987,5.34783497974024,3.81983330284852,6.39704010288318,-0.662500776708711,0.844438055801348,-0.288828259898565,-0.42398704494628,0.105602980795041,0.342168562349272,-0.293148630818791,-0.407676210596119,0.0571873756744306,0.0933940986168844,-0.127197074188279,-0.187576734372666,-0.309017533556535,-0.70088629604835
92.348567214361,-124664.6873,-185205.2834,-176236.3062,-117937.9544,-120180.1987,5.34802394217435,3.72476402765896,6.48281386788619,-0.150116077818566,1.24206931842873,-0.286584657643488,-0.43058746554776,0.0741060387265193,0.251642239256725,-0.378757035783252,-0.405282273920278,0.0668681554489206,0.0977679316253748,-0.135328631798148,-0.19088870174367,-0.246048106162107,-0.724053630904208
92.3480049907178,-124664.6873,-185205.2834,-176236.3062,-117937.9544,-120180.1987,5.34483445597174,3.64798862565981,6.54215411390963,0.320940511521101,1.5960720370516,-0.284762130977526,-0.435929727018319,0.0522063331502878,0.169524094979835,-0.448948091529871,-0.403583207995645,0.0745675745250052,0.100372186669728,-0.138025367562423,-0.19249036727337,-0.181847397384381,-0.738392394301627
92.3626518534762,-124664.6873,-185205.2834,-176236.3062,-117937.9544,-120180.1987,5.34072215737567,3.58714737607022,6.58176107521157,0.751950141387184,1.90650082188644,-0.283207129321198,-0.439999473970488,0.0370420193427492,0.0967185678437872,-0.506365921770254,-0.40238564328104,0.0805843494766572,0.101944712523952,-0.138156124632848,-0.193134432772722,-0.120446200874404,-0.74436501256841
92.3405074294219,-124664.6873,-185205.2834,-176236.3062,-117937.9544,-120180.1987,5.33550382064976,3.53819239055444,6.6060130831148,1.13685992395342,2.16898129649722,-0.282096712100071,-0.443449513921976,0.0265239213167945,0.0325260874446016,-0.553589706757649,-0.40151842123074,0.0854394938060463,0.102963629095011,-0.136868615340358,-0.192956298993993,-0.0660071872594727,-0.742519877534964
92.3369185680432,-124664.6873,-185205.2834,-176236.3062,-117937.9544,-120180.1987,5.33227179622638,3.50125449800527,6.62036394407349,1.48608491008098,2.39536327755872,-0.280900205570845,-0.445518954177984,0.0192915305398458,-0.0232071172292692,-0.592117003035824,-0.400933263709516,0.0889933315137772,0.103656027892634,-0.135547795793758,-0.192595587977318,-0.0176320970369019,-0.735098901405611
92.345246669054,-124664.6873,-185205.2834,-176236.3062,-117937.9544,-120180.1987,5.32787215431705,3.4708392102431,6.62820022677013,1.80157528850069,2.58957990714649,-0.279958281914134,-0.447142043767684,0.0144011483732669,-0.0714083288794711,-0.623471942370983,-0.400467177402719,0.0918346549012448,0.104100027726117,-0.134582713452543,-0.192188883363431,0.024556146876165,-0.72372366219061
92.2957923250084,-124664.6873,-185205.2834,-176236.3062,-117937.9544,-120180.1987,5.32276693734637,3.44581471059155,6.63115833053955,2.08282350372878,2.75329838504562,-0.279337358227664,-0.44862575203264,0.0111013445551862,-0.113156948571351,-0.649053770222963,-0.400091494730772,0.0941851410738166,0.104428712680368,-0.133985720432505,-0.191713131428499,0.0602040276431026,-0.709247083171213
92.366235323217,-137789.191,-230544.478,-216802.954,-127483.048,-130918.429,5.3248415277595,3.43369580480636,6.63938813391157,2.37656851397495,2.91816709129749,-0.395109753766334,-0.811345250232634,-0.332198857442648,-0.262357432313678,-0.785266589048021,-0.29373099649083,0.448758486024686,0.424182815559784,-0.0458656074126647,-0.0995642897723135,0.11792268841819,0.265872414332142
73.455252298429,-137789.191,-230544.478,-216802.954,-127483.048,-130918.429,4.85899197403451,3.38519723535819,7.49442779824385,2.6107672920393,3.02718117973522,-0.404257061533428,-0.623809547120622,-0.094979998726771,-0.241584918065783,-0.687858391085257,-0.359040306558094,0.414378783887448,0.283007078862398,-0.0717565949795054,-0.123481356444291,0.158458596329695,0.28282311163168
73.484696771083,-137789.191,-230544.478,-216802.954,-127483.048,-130918.429,6.1673649253992,4.02553172741574,7.8798249290103,2.82889408011337,3.11191299209781,-0.0283765952119097,0.375980485425409,0.0617638783326981,-0.229346427301707,-0.631130611090754,-0.406341432676845,0.125840004754463,0.221076009666741,-0.0897417908340088,-0.138390854023591,0.212679846401208,0.181190774789108
73.4573691027871,-137789.191,-230544.478,-216802.954,-127483.048,-130918.429,5.55057937869414,2.90440632087628,8.67919855994258,3.10910660156816,3.27602555334062,0.282596703478823,0.841218521937087,0.294807149657032,-0.206859489699966,-0.552015835987888,-0.44557364618855,0.0481716025245178,0.0658939453894172,-0.116516797883755,-0.155990399011909,0.254932029761761,-0.275415821761178
73.4291451118414,-137789.191,-230544.478,-216802.954,-127483.048,-130918.429,3.80653182069753,0.834647802018807,9.41871661430005,3.46104242815431,3.50772871636872,0.501864787358855,0.964891340669404,0.5547295372414,-0.175345280145642,-0.460262412511028,-0.423554948029134,0.149705376119983,-0.121110759607352,-0.150494017318699,-0.175004335430053,0.303009124155551,-0.607343485246938
73.4388095292961,-137789.191,-230544.478,-216802.954,-127483.048,-130918.429,1.71772918365399,-1.25396249911098,9.78257466533758,3.87877959748185,3.78033039047845,0.603076523100327,0.853855980943365,0.810751884572397,-0.13633481298033,-0.364322015812689,-0.319903752829041,0.387697376963102,-0.303238619194432,-0.190124879315494,-0.19372423211137,0.351181060094618,-0.723765473880833
73.4014058664101,-137789.191,-230544.478,-216802.954,-127483.048,-130918.429,-0.0164948511039427,-2.59811771218982,9.59829395274025,4.351212269153,4.05405228905757,0.598009507778151,0.646033754671777,1.03769025386759,-0.0888745426332918,-0.271059579626893,-0.160306803226451,0.650010185805682,-0.448018588473423,-0.233521550106271,-0.209518932977266,0.387614996482576,-0.726196611095032
73.4518309315891,-137789.191,-230544.478,-216802.954,-127483.048,-130918.429,-1.07481000864325,-3.03225244913335,8.88385680733286,4.86228047018045,4.29215462507199,0.547579927308831,0.48885633815047,1.21756491167611,-0.0295030549593918,-0.184133030620856,-0.00496949525715351,0.822076296960713,-0.528152006146763,-0.278487630996622,-0.219637293926554,0.39269488670999,-0.744887878135989
73.425249952225,-137789.191,-230544.478,-216802.954,-127483.048,-130918.429,-1.46567283110582,-2.76304254599835,7.77327712299738,5.37677468806108,4.43840922073265,0.522350885786814,0.455903275904468,1.34099052781585,0.0449331799996457,-0.105162692538812,0.084369224664866,0.860970362625719,-0.526362921092412,-0.322427275199457,-0.220667802139626,0.350870616669098,-0.843741134126361
73.4114053077853,-137789.191,-230544.478,-216802.954,-127483.048,-130918.429,-1.4774009911746,-2.20900897250557,6.47940070672823,5.85887777114509,4.49055371490388,0.529921997260487,0.507351572646215,1.40348032120797,0.131047731112233,-0.0374425225184254,0.11474478347353,0.820203496203129,-0.444410072657632,-0.363191759223982,-0.211811152563178,0.287577547510182,-0.9232583168088
73.4742953247583,-137789.191,-230544.478,-216802.954,-127483.048,-130918.429,-1.30659014908588,-1.59394705949381,5.34196466273359,6.24811404143264,4.43006902945912,0.560139404252283,0.600122550877337,1.44226076881883,0.224962322330917,0.01941163386374,0.104447837771662,0.743369703807675,-0.323551697705824,-0.398091658723829,-0.192025302027437,0.223575985600199,-0.954397489538966
73.4616262339149,-137789.191,-230544.478,-216802.954,-127483.048,-130918.429,-1.12496770599358,-1.06408533717574,4.5909581018783,6.46588422448616,4.23630872706714,0.58870948181378,0.693983953985608,1.51130990603929,0.321451821660013,0.0681234041362089,0.0790517548141398,0.664772909688156,-0.217016819487606,-0.423533244801306,-0.16046671119392,0.177550262233417,-0.941565378662313
73.4215887051752,-126714.9839,-192288.1262,-182573.5866,-119429.0792,-121857.7141,-0.955515288886332,-0.634799880527098,3.92619399397445,6.49175834129193,3.98978913935171,0.9173268852322,1.52186456466011,2.24946891485646,0.579295851729405,0.315542422424045,-0.105259151761164,0.109183203768602,-0.501897394475107,-0.506342833218003,-0.20571077490351,0.176541845366096,-2.03927135871939
73.4125881629308,-126714.9839,-192288.1262,-182573.5866,-119429.0792,-121857.7141,-1.22795234045624,-0.248340262452089,2.95366433007251,6.12843446539618,3.5494127339712,0.757437377863688,1.09007955862526,1.91336252746156,0.448217995458492,0.280879699044149,0.00649571068971744,0.147841579496101,-0.351196510348916,-0.49348451145883,-0.14358445827656,0.243415699462616,-1.92246988765981
73.3843365549455,-126714.9839,-192288.1262,-182573.5866,-119429.0792,-121857.7141,-1.25840437749879,-0.0536156543304571,2.12338404795118,5.55759402859559,2.99837293434526,0.688645946889586,0.832856859244046,1.61914662506581,0.369922834409849,0.287221037805743,0.0524317247750323,0.167619642359798,-0.217062214361289,-0.469972905238515,-0.0821776501242488,0.252478892572846,-1.33429389073715
73.4655229676143,-126714.9839,-192288.1262,-182573.5866,-119429.0792,-121857.7141,-1.18715491101155,0.0464174678963758,1.43522172907245,4.80286121990203,2.35778541598094,0.66033899546558,0.671977745925076,1.3589404165866,0.313304500601035,0.326118791706129,0.0661897327489305,0.175367094810067,-0.103949447645964,-0.433726867151622,-0.0227658790171257,0.228228505888772,-0.812620263957896
73.3707376225693,-126714.9839,-192288.1262,-182573.5866,-119429.0792,-121857.7141,-1.12825568630214,0.067365236694144,0.868095192843171,3.868776203378,1.66609582142949,0.637960447884339,0.554140943642714,1.12608674518291,0.255001892686465,0.381151128051179,0.0664766608889029,0.179399431718553,-0.0103953517149389,-0.381320612751256,0.0349852809730176,0.196833465630881,-0.433812036658846
73.4003838968712,-126714.9839,-192288.1262,-182573.5866,-119429.0792,-121857.7141,-1.02118286598045,0.099244105422315,0.659882031822278,2.82315867575215,0.994183891593394,0.6335135103105,0.481800794707858,0.992005597727768,0.186972550961677,0.438750782558678,0.0579984336175277,0.175264914140632,0.0147979957918736,-0.312019748695759,0.0914660985892446,0.169294000625527,-0.207343655923941
73.4261204095057,-126714.9839,-192288.1262,-182573.5866,-119429.0792,-121857.7141,-0.947530845247684,0.103049189485063,0.578189800675716,1.83910219510629,0.415803158432126,0.625265052155122,0.423047720048231,0.897145109146649,0.111102936672111,0.486194913969122,0.048104948089887,0.170994377275584,0.0158430199113631,-0.235310565896194,0.143706187678155,0.151726665750694,-0.0826502662445794
73.4348789205803,-126714.9839,-192288.1262,-182573.5866,-119429.0792,-121857.7141,-0.898859191801378,0.0974864654718886,0.551881389890241,1.07627701576031,-0.0102020909294396,0.614523950978693,0.375666315343089,0.826894504545905,0.0427291114538022,0.522351600997787,0.0383744249921105,0.16596871121603,0.00739256329448468,-0.164756262054346,0.186760821573292,0.142915005824449,-0.0237735077670962
73.4373591502184,-126714.9839,-192288.1262,-182573.5866,-119429.0792,-121857.7141,-0.865652508603617,0.0904268696129975,0.551772107848322,0.603708550127706,-0.265863852742683,0.603934741302695,0.338980454220653,0.776120107033734,-0.00141176984013214,0.554178636971656,0.0300609449822216,0.161022153626039,-0.00403598539616201,-0.111290618641583,0.216699421439436,0.140874875649125,-0.0120889358633516
73.4405570345053,-126714.9839,-192288.1262,-182573.5866,-119429.0792,-121857.7141,-0.840926981002369,0.0862760961126128,0.563616804551927,0.404721801458606,-0.357743550027934,0.595659823384018,0.312679862773976,0.741904271404977,-0.0119876699220427,0.592164662003732,0.0232658589857673,0.156464793904892,-0.0151007225843998,-0.0790015565618822,0.231266191905894,0.143743679361279,-0.0374753446316163
73.4110199750737,-126714.9839,-192288.1262,-182573.5866,-119429.0792,-121857.7141,-0.827556011327957,0.0793004927157313,0.579709537903796,0.395896392436555,-0.314186583580963,0.588592047971446,0.293088693168087,0.720142630316943,0.00668928349851683,0.641639847178027,0.01876143280903,0.153673446277832,-0.0245526834685328,-0.0638249727819487,0.231072508620194,0.149252299847468,-0.085007742786523
73.4202182849292,-126714.9839,-192288.1262,-182573.5866,-119429.0792,-121857.7141,-0.806518800721562,0.0821071113748957,0.594683614371831,0.471228382234415,-0.190376730645497,0.585537114311556,0.281295525327344,0.70553572237764,0.0409472994650955,0.69665159016057,0.0148604827009184,0.150424446484911,-0.0321711828353894,-0.0572608355969899,0.221183619119874,0.154467571496035,-0.137997805421012
73.4629471165815,-127352.3195,-194489.831,-184543.533,-119892.596,-122379.1705,-0.79412413993127,0.0831188489449204,0.611040566357218,0.560756723904163,-0.0103163632446837,0.562168883452721,0.223931868585836,0.643711248006937,0.0587685589128171,0.726687177412373,0.0202874700076481,0.175430081891003,-0.0161300114671978,-0.0483016896063677,0.207675319546943,0.155703560998219,-0.124672076134651
73.4146026640253,-127352.3195,-194489.831,-184543.533,-119892.596,-122379.1705,-0.782561963414736,0.0674129847164124,0.667671916963002,0.632024415817611,0.175255019106785,0.564659891740476,0.240376855365042,0.668311390523392,0.114380970990574,0.796617221867194,0.0119374862510582,0.16997375509798,-0.0272981239115881,-0.0420152204212003,0.185063867558166,0.148867472666986,-0.166867695865255
73.4574387319866,-127352.3195,-194489.831,-184543.533,-119892.596,-122379.1705,-0.760424217661836,0.0783939024515234,0.709414783208231,0.650597248693217,0.36700057752472,0.567311285152037,0.252967894005643,0.685828295713762,0.152916026610058,0.853559668316237,0.00589335220294496,0.163243827091151,-0.0360308263016367,-0.0316353234030633,0.162555648525873,0.139667696744681,-0.210381803110327
73.4159852280275,-127352.3195,-194489.831,-184543.533,-119892.596,-122379.1705,-0.7706267311559,0.0738434228305636,0.743974618343785,0.620859384424122,0.549742291085707,0.562073314689222,0.254188292742242,0.697886161272443,0.178001339334834,0.900730092655017,0.00348895504432756,0.160246118438069,-0.0438057044882467,-0.0170366817796368,0.140953146819706,0.129833639965902,-0.238637563831293
79.1235839352897,-127352.3195,-194489.831,-184543.533,-119892.596,-122379.1705,-0.312025668136442,0.600032713499203,0.780291657154024,0.550819046340806,0.712052872945719,0.672495475949063,0.411066188062193,0.739786483983288,0.216910009698097,0.970269844534904,-0.0733082324143433,0.0566895105995169,-0.043952435961562,0.00505642406017737,0.128269275667769,0.118206045460234,-0.398783056511791
79.1069450981324,-127352.3195,-194489.831,-184543.533,-119892.596,-122379.1705,-1.53063927510823,0.187315373750693,1.04992364281433,0.452700188233479,0.863106772831983,0.416601325099421,0.342659371156458,0.918447888172558,0.312418985800925,1.11642246754768,-0.126693111698549,0.0310642321664809,-0.0692273811166983,0.0401467056913729,0.133179124478092,0.120928917386678,-0.955417843114832
79.1329039932675,-127352.3195,-194489.831,-184543.533,-119892.596,-122379.1705,-1.62815367856444,0.492567935431225,0.930651363032624,0.116756133796571,0.815884789240997,0.309928738071029,0.34361102653326,0.999832403482692,0.296861821334879,1.07057827781187,-0.179164192174001,-0.0373091574765465,-0.0409018922711653,0.0977506625555424,0.155803090039203,0.0779658116815511,-0.821912967494971
79.1234254834887,-127352.3195,-194489.831,-184543.533,-119892.596,-122379.1705,-1.69629627618285,0.514974617497302,0.829363718019124,-0.286264928929469,0.692783129169072,0.209981419646432,0.285493194691881,1.00348142088103,0.241322452217169,0.992193627657599,-0.174640098297327,-0.0392371946999934,-0.0212955847742231,0.153309539613046,0.16197474257901,0.0458324738145564,-0.605338023618614
79.1366009531615,-127352.3195,-194489.831,-184543.533,-119892.596,-122379.1705,-1.80189953763606,0.359203533700693,0.749825427611157,-0.689756269344244,0.567987686700491,0.12941821115141,0.218289843981339,0.938358882521598,0.181057089156347,0.936714480655475,-0.149223082413456,-0.0132386085070797,0.000495927880633573,0.19993746679314,0.146780143342137,0.0226247402528585,-0.425178661085502
79.1514902313933,-127352.3195,-194489.831,-184543.533,-119892.596,-122379.1705,-1.93837318810219,0.122139413573521,0.665636771117335,-1.04901770701221,0.485741289095827,0.0671824347313859,0.15700907048344,0.831280682149846,0.131703492733948,0.910293758446436,-0.118980743597489,0.0222691032621372,0.0278629538448811,0.233947835223409,0.114895877297901,0.00209281487842361,-0.284284781520665
79.1462493247965,-127352.3195,-194489.831,-184543.533,-119892.596,-122379.1705,-2.07673274570472,-0.126759186188806,0.534428625136087,-1.32198861539825,0.445276639057056,0.0211103516239888,0.10667929348903,0.703129981482896,0.101470413523231,0.898512377534466,-0.0909752404969213,0.0576976424639222,0.0628583521160189,0.251691213240505,0.0763733405349969,-0.0190295364667037,-0.167625173535491
79.1779121230359,-127352.3195,-194489.831,-184543.533,-119892.596,-122379.1705,-2.18306632879508,-0.339792024103005,0.382960434343246,-1.49794463472696,0.421041528040462,-0.00918882157365886,0.0705351808135717,0.576549264740599,0.0907000124615607,0.887137114883672,-0.0690570320478678,0.0872949327433017,0.0986350629619457,0.253890219263239,0.0408948272965408,-0.0394392955179867,-0.0708183402158706
79.1310205550041,-124193.7003,-183578.2374,-174780.5282,-117595.4184,-119794.8457,-2.26878299605863,-0.521308431447423,0.209966179516968,-1.57043686635866,0.386910971671639,0.0337849217193948,0.211807990896332,0.634782670340854,0.182209702955276,0.956979314336252,-0.091710132478062,-0.0148004077756174,0.0207050380460707,0.213434887957404,-0.0170795633763996,-0.0584047328902386,-0.327035077058206
79.1556460922459,-124193.7003,-183578.2374,-174780.5282,-117595.4184,-119794.8457,-2.35215343997093,-0.652077442134498,-0.17868165305795,-1.5763308599666,0.412322393645056,-0.000550112303358219,0.0926788233774829,0.409606346514046,0.113764058132773,0.865453709968435,-0.0591150967221259,0.0228435967730349,0.0844079416865791,0.192772450822298,-0.025769600080765,-0.065614929764763,-0.254824420323146
79.1354586260779,-124193.7003,-183578.2374,-174780.5282,-117595.4184,-119794.8457,-2.39384027275023,-0.767848120478376,-0.481206563107577,-1.49764236969024,0.383299118725844,-0.0185239434792663,0.0261892785519819,0.241780629943619,0.0962604932901314,0.802433809004164,-0.0385059870254756,0.0485033619104041,0.133524735116253,0.166530028329998,-0.0321839994736421,-0.0717777163868263,-0.111910062683227
79.1262781229244,-124193.7003,-183578.2374,-174780.5282,-117595.4184,-119794.8457,-2.40221595460839,-0.85620771891503,-0.71037752131096,-1.38208257687508,0.314894856113142,-0.0249668344120124,-0.00934628291568629,0.117659419765118,0.0996070264053515,0.751656596246505,-0.0262272863859683,0.0653456147584635,0.170248259087485,0.139228101411979,-0.0343284041873639,-0.0809989086529441,0.0124402133016162
79.1414939648528,-124193.7003,-183578.2374,-174780.5282,-117595.4184,-119794.8457,-2.39580789578451,-0.925781575127843,-0.875311632354439,-1.25962431301377,0.225182117451553,-0.0253662121261939,-0.0289361663342689,0.027412695273668,0.108596098215465,0.706882436267051,-0.0190839403162535,0.0771048960065515,0.196280342736059,0.114047012387796,-0.0326824543673399,-0.0909761489593635,0.104922496810836
90.4389659852725,-124193.7003,-183578.2374,-174780.5282,-117595.4184,-119794.8457,-2.28905451371546,-0.867955860061642,-0.988993285262609,-1.14694132914902,0.12540230599285,-0.0119802306470334,-0.0233282712142469,-0.0351919333382966,0.117744550872985,0.666873990771563,-0.0248146011296366,0.0710510412782841,0.214193625321099,0.0928750398566354,-0.0278112877630206,-0.100179497359377,0.14764317910903
90.4584919770144,-124193.7003,-183578.2374,-174780.5282,-117595.4184,-119794.8457,-3.13812451734594,-1.88897968572343,-0.994098045584096,-1.05477924964656,0.02088891600512,-0.340283946045474,-0.373625041811181,-0.0443294940970986,0.143573688990415,0.649764008300522,-0.0160022163344304,0.215472857173709,0.220631713689453,0.0792717216825021,-0.0180009942168984,-0.108258392620435,-0.150195797726553
90.4769737885527,-124193.7003,-183578.2374,-174780.5282,-117595.4184,-119794.8457,-1.56981960786662,-0.523841177693328,-1.40650490606485,-1.24970827230344,-0.482572549059427,-0.353633982201046,-0.378407358744916,-0.115971328934073,0.0987740956844334,0.484095252039324,-0.142736608699092,0.123027154871613,0.320395006010583,0.0967741224875462,0.0159038340069784,-0.117459126319133,-0.0487792282005071
90.4463570014896,-124193.7003,-183578.2374,-174780.5282,-117595.4184,-119794.8457,0.282980751581917,0.980678501624084,-1.33805438218681,-1.5812374880332,-1.16141133601923,-0.32535407287385,-0.350779758310075,-0.153215083670517,0.0279334887677152,0.292613213732778,-0.242964302501805,0.0449116472431998,0.370030740215957,0.12439806176989,0.0514694521025725,-0.134475418023783,0.0854104874582262
90.4670632111023,-124193.7003,-183578.2374,-174780.5282,-117595.4184,-119794.8457,1.70465925364407,2.00240416007732,-0.739227427962348,-1.96858613987877,-1.7902111596628,-0.305787045108133,-0.3398780961897,-0.152161627280712,-0.0502069175072748,0.113663824647666,-0.300414941816659,0.00921405991513713,0.363179295734007,0.155006382884537,0.0773424253474231,-0.143451767075085,0.179376566958554
90.4537969396979,-124193.7003,-183578.2374,-174780.5282,-117595.4184,-119794.8457,2.6431158309359,2.55779965309752,0.161472394490474,-2.34812346293296,-2.22560565141384,-0.295872124052096,-0.343070428450673,-0.134485721518949,-0.125938974584841,-0.0388992328488413,-0.330101316823019,0.00122404410583687,0.328953436424527,0.183793269408379,0.0877928611252499,-0.144350699328456,0.235052233187353
90.474221574122,-124193.7003,-183578.2374,-174780.5282,-117595.4184,-119794.8457,3.19726623997757,2.77880959679786,1.13276040748875,-2.66404840411798,-2.40785002660969,-0.291660505948101,-0.353521500716937,-0.115472100210916,-0.192985208928718,-0.161261256545089,-0.343382217386736,0.00821328666628429,0.289547601920116,0.206215338653359,0.0816752726133376,-0.140606252828299,0.267487203685583
90.4693329028742,-124958.3026,-186219.5908,-177143.8444,-118151.4928,-120420.4294,3.50521644786596,2.8127629334225,2.0254994266956,-2.8682301748436,-2.35384347917972,-0.298071096440339,-0.390572198627453,-0.126250944524912,-0.257956683708905,-0.268018910700718,-0.341595579010632,0.0437523080205062,0.277247087797369,0.225450287994338,0.0704748129150641,-0.134138797477284,0.346105405117116
90.4949918699363,-124958.3026,-186219.5908,-177143.8444,-118151.4928,-120420.4294,3.66294049768926,2.76253356707527,2.80770047451387,-2.94317749008654,-2.14156072092311,-0.296361945685319,-0.391393973423391,-0.100390710489222,-0.290327041154292,-0.333142142859174,-0.345311433603467,0.0558759841051888,0.243172985180685,0.224572733320921,0.0440046631639817,-0.126810151013736,0.342347543836008
90.4663996931964,-124958.3026,-186219.5908,-177143.8444,-118151.4928,-120420.4294,3.74451787113559,2.68064430568006,3.4239317572721,-2.88952349901,-1.819992769433,-0.295503359811917,-0.396768281754731,-0.0827538441319646,-0.312859780691518,-0.38841789756512,-0.346490176603718,0.0684023229203108,0.218133255156575,0.213871401912888,0.0171165936829509,-0.117613756535619,0.313414891292743
90.494648535788,-124958.3026,-186219.5908,-177143.8444,-118151.4928,-120420.4294,3.78922156281764,2.59795121199912,3.89599470715757,-2.72377296255111,-1.43908195210859,-0.294146693748559,-0.401937395897853,-0.0705810205009811,-0.327131517088745,-0.435662656961554,-0.346642617083116,0.079202734938183,0.199907630991315,0.195696928499512,-0.00805805250013725,-0.107483368914878,0.276769218014644
90.4733886046177,-124958.3026,-186219.5908,-177143.8444,-118151.4928,-120420.4294,3.80876317868818,2.51847583257222,4.24147185057647,-2.46638310879688,-1.03958652787145,-0.293245733574722,-0.407688897217497,-0.0624781323807042,-0.335190728489557,-0.476472988398896,-0.346231021880837,0.0888242067380454,0.187138759224484,0.172461354707053,-0.0302626280690244,-0.0970536805623254,0.23745425196954
90.4581915698484,-124958.3026,-186219.5908,-177143.8444,-118151.4928,-120420.4294,3.81961397472435,2.45224940243982,4.49205783862919,-2.14701418451288,-0.647212124552439,-0.291905499792136,-0.411840207317269,-0.0569015571329956,-0.33966225768004,-0.511975266293661,-0.345765179603715,0.0964510960245122,0.178171815338095,0.146979106715029,-0.0492205600673759,-0.0864904264757982,0.198462759486572
77.6686634844888,-124958.3026,-186219.5908,-177143.8444,-118151.4928,-120420.4294,3.82388125344855,2.3960871178175,4.67321053142942,-1.79062229278803,-0.276359026894596,-0.290471988338041,-0.414962328458451,-0.0528118078741855,-0.342318799663744,-0.542760498225931,-0.34527541053252,0.102594996101964,0.171741730170087,0.121185076472271,-0.0651640264413074,-0.0760133585580363,0.160518226964719
77.6430268633836,-124958.3026,-186219.5908,-177143.8444,-118151.4928,-120420.4294,4.77587074693885,3.19927581641262,4.79953871012759,-1.41641783146135,0.0666760654996068,-0.0703263807520074,0.031085010094472,-0.0507615448547867,-0.345048633525053,-0.570019777369311,-0.374895459827246,-0.0669970017685229,0.16725067019316,0.0961893642532408,-0.078590346018403,-0.0656136489567203,0.158229761873304
77.6587690298933,-124958.3026,-186219.5908,-177143.8444,-118151.4928,-120420.4294,4.55501592002851,2.84126487335956,5.13192753280906,-0.976247144884695,0.442439346950934,0.0932940271270084,0.232133381970009,-0.00490668445460329,-0.338109433958515,-0.557895971384127,-0.378537022228953,-0.128415152369621,0.113209956057047,0.0639511123251899,-0.0949667108052969,-0.0465742755471368,-0.0498733665595958
77.6643631386941,-124958.3026,-186219.5908,-177143.8444,-118151.4928,-120420.4294,3.36606342145437,1.57092799308906,5.42788817490157,-0.48592662893131,0.837491770478778,0.189237293826324,0.27160528549809,0.0605239128074331,-0.324291805806581,-0.519274450648467,-0.341284763014002,-0.0937545161868258,0.0386484338533923,0.0270562570570729,-0.112842513600095,-0.0149542191462047,-0.174860181506771
77.671358592859,-124958.3026,-186219.5908,-177143.8444,-118151.4928,-120420.4294,1.77335036378454,0.0331796812875353,5.49915660563919,0.0376667101966603,1.22994055417273,0.22405908600453,0.213333820708584,0.127294869478277,-0.305228065742774,-0.4644748113232,-0.268366107585122,0.00494385099671835,-0.0356820014845978,-0.0122459459851378,-0.130457502547159,0.0206341421147513,-0.183136880514416
77.6570901808928,-124958.3026,-186219.5908,-177143.8444,-118151.4928,-120420.4294,0.244957317952327,-1.28083441461183,5.26778976213008,0.579613325027495,1.59563814534347,0.214387090167705,0.111556626241509,0.183524877441052,-0.28170797306236,-0.401600782562113,-0.175744017934699,0.127003749120012,-0.0962546266930766,-0.052153886313471,-0.146055134096667,0.0531732545467349,-0.117572347921918
77.6546836376971,-128967.7047,-200070.2526,-189536.5418,-121067.4216,-123700.8493,-0.979683437787642,-2.17556136289365,4.66966815995387,1.13200899185911,1.90075259585434,0.119107631074364,-0.172872103334633,0.0812445791036538,-0.299223249939018,-0.383155975470928,-0.0335511493591292,0.397934316140926,-0.0149617563519626,-0.0625006118926184,-0.127354635316804,0.0716769876844694,0.360714775147413
72.8335443486619,-128967.7047,-200070.2526,-189536.5418,-121067.4216,-123700.8493,-1.79171775707324,-2.62016884114803,4.12555637471455,1.67175667977314,2.12839626322229,0.11511985911158,-0.122046734364936,0.171167793170234,-0.243116385778109,-0.284840188640388,0.0109132388542292,0.449091495765653,-0.0594431563929034,-0.107868010810222,-0.14118862752841,0.0655872928408954,0.453694666360935
72.852853952703,-128967.7047,-200070.2526,-189536.5418,-121067.4216,-123700.8493,-1.40492984209905,-2.30758828976518,3.37566727631204,2.16920690616064,2.24102413394,0.320388641006225,0.176734206864637,0.214256412784295,-0.196310944794696,-0.212776585568982,0.0130930527320423,0.398612204368803,-0.0623179132191516,-0.146902114373428,-0.145107519807012,0.0495312336193479,0.499571910361123
72.8207193502742,-128967.7047,-200070.2526,-189536.5418,-121067.4216,-123700.8493,-1.42474309780516,-2.39265215618066,2.90698739954001,2.65384338339003,2.29236044845008,0.441278248312912,0.239151795182629,0.280099561798203,-0.147942857999581,-0.129237917981911,0.0578075935641253,0.454044848009968,-0.100226167372935,-0.188897239683001,-0.145115688765979,0.0457092195101083,0.369744942690895
72.8525972811111,-128967.7047,-200070.2526,-189536.5418,-121067.4216,-123700.8493,-1.55346586584514,-2.49767254006477,2.55817056350696,3.09932637823195,2.29507962244247,0.49654843538891,0.197423820515851,0.349510445326622,-0.0988412250876678,-0.0473420359129193,0.124524677921904,0.540857049655572,-0.141000488040931,-0.229897462476786,-0.138974149596374,0.0593205482490262,0.242736549833056
72.8646693994987,-128967.7047,-200070.2526,-189536.5418,-121067.4216,-123700.8493,-1.58698045973019,-2.40041643602335,2.21299362891443,3.47371216365788,2.25639046787781,0.523546125999189,0.149990869301725,0.409027316490544,-0.0486733334065832,0.026472535645631,0.176874603162263,0.59481910088861,-0.158492052162131,-0.266416923494898,-0.124982497978309,0.0710705454161769,0.122188752083705
72.8426944581457,-128967.7047,-200070.2526,-189536.5418,-121067.4216,-123700.8493,-1.43981223153841,-2.06078024446832,1.82991596276328,3.72325792320331,2.15927663686892,0.561027643831416,0.154726136982717,0.453404252570174,0.000624030794803332,0.0892045184627861,0.188619868207519,0.587528138967131,-0.139213644037601,-0.294456425914404,-0.101248683923227,0.0655675689583433,0.00662702231194068
72.8392106752933,-128967.7047,-200070.2526,-189536.5418,-121067.4216,-123700.8493,-1.18448419947893,-1.60365371090272,1.45056053863428,3.79772864690953,1.9921187695649,0.610974756487863,0.202534908686552,0.487748185908799,0.0439982893713022,0.141852421965197,0.167494154154828,0.538690905588715,-0.0905318086245348,-0.310834299177471,-0.0678164706931288,0.048206516805962,-0.0730620404937543
79.804298268827,-128967.7047,-200070.2526,-189536.5418,-121067.4216,-123700.8493,-0.526452097488971,-0.682801567166393,1.19710847065731,3.6693372995159,1.74711805354491,0.759590876390462,0.407960470150755,0.561058825114849,0.0886800247126516,0.204403295857297,0.059818063989995,0.375337434384909,-0.0372305587560686,-0.312778174149159,-0.0254205272041381,0.0313096795877073,-0.28041492969497
79.8246365259058,-128967.7047,-200070.2526,-189536.5418,-121067.4216,-123700.8493,-2.267302773857,-1.07132052895345,1.1551027723729,3.32019620780066,1.40772256235319,0.393910900279927,0.301691829541312,0.741013071397362,0.152359779413544,0.311087160548233,-0.0038455120709715,0.305948929718526,0.00344736237892729,-0.296377595487779,0.0271895685932582,0.0365380752863516,-0.925178680934348
79.83682846895,-128967.7047,-200070.2526,-189536.5418,-121067.4216,-123700.8493,-2.3443428828778,-0.459946437898466,0.535371735300302,2.56068690041317,0.78138750021057,0.264400806428007,0.329199391697202,0.781975348795697,0.130439151410663,0.271718829456248,-0.0986505331193199,0.160706055657778,0.13116208013455,-0.233902667014477,0.107242265163259,-0.0154423057308861,-0.673491600356295
79.8111477674877,-128967.7047,-200070.2526,-189536.5418,-121067.4216,-123700.8493,-2.13360234825396,-0.0414967565933182,0.135202983461568,1.60382405202493,-0.00539906784618438,0.174271162263835,0.308366274868206,0.796264109753125,0.0628758704067778,0.191789836119909,-0.135910584545079,0.0912265170011741,0.198420659557149,-0.150759318941889,0.191878636509893,-0.0581697599217748,-0.283127631039838
79.867848370512,-125740.9427,-188923.2566,-179562.9138,-118720.6856,-121060.7713,-2.03554205552253,0.0394022578428093,-0.0152441307112099,0.704964021838947,-0.743305695039183,0.160370271382391,0.42262859625869,0.969506793131345,0.0449593260642942,0.201996798336481,-0.173045333740362,-0.0472662728932445,0.0959648220968932,-0.0937511764136323,0.230615722851767,-0.070752326684449,-0.323682583132879
79.8248489774692,-125740.9427,-188923.2566,-179562.9138,-118720.6856,-121060.7713,-2.07964827811287,-0.0589348603418784,-0.200453790104916,-0.0189606479345059,-1.24630169874682,0.0700052520406587,0.250059772022333,0.776276312492307,-0.0732910236286486,0.105570935088856,-0.133311213039886,-0.00941023707562971,0.127072628947445,-0.022252014980219,0.284552198970154,-0.0588566857521684,-0.136758530231216
79.8015294309377,-125740.9427,-188923.2566,-179562.9138,-118720.6856,-121060.7713,-2.13811680102874,-0.232145760448745,-0.303165043045809,-0.473754645611365,-1.5166597654022,0.011537744856831,0.141190191416086,0.60180599068498,-0.142198769612634,0.0821612336956647,-0.100332945693307,0.0259544470246849,0.153088051427764,0.0259325847382645,0.298292974074195,-0.0451221429967745,0.0487966542865657
79.8241760741996,-125740.9427,-188923.2566,-179562.9138,-118720.6856,-121060.7713,-2.18513236618108,-0.40681061790572,-0.373853573088311,-0.746335733171279,-1.59074415973708,-0.0242805160448896,0.0733437404800767,0.450567415311028,-0.17664555827897,0.110619715436087,-0.0760006193678824,0.0548437736677223,0.176514572346892,0.0556743182534776,0.28151323373112,-0.0343419941625953,0.145242391818771
79.8425575672597,-125740.9427,-188923.2566,-179562.9138,-118720.6856,-121060.7713,-2.22806694194851,-0.571420969187017,-0.443351518595478,-0.919167847262841,-1.52235609997264,-0.0471345017605387,0.0279160015841526,0.322664345638472,-0.191144488366945,0.1670288202669,-0.0582340075629375,0.07907516478959,0.198361520678608,0.0738665288670917,0.245942818963412,-0.0250909207843861,0.174115227940629
79.8285119317218,-125740.9427,-188923.2566,-179562.9138,-118720.6856,-121060.7713,-2.26056921392799,-0.712468621388069,-0.51838743312824,-1.05565629179918,-1.38399632225405,-0.061260226475838,-0.00313149096604093,0.216674709469103,-0.197376102206313,0.228781712746212,-0.0458200215861742,0.0985461580443858,0.218298132354598,0.0867743872852356,0.204043631768445,-0.0166248888252909,0.171966189453887
79.8438862509133,-125740.9427,-188923.2566,-179562.9138,-118720.6856,-121060.7713,-2.27488836694356,-0.820057552343272,-0.595707509402985,-1.18228200308772,-1.22944510727677,-0.068250963353286,-0.0229267301276579,0.13033307574868,-0.201361214208546,0.282398687809639,-0.0379375946149669,0.112778235154296,0.235824846284177,0.0974942776743584,0.164108572750272,-0.0097443493880931,0.162107842176026
79.81403608689,-125740.9427,-188923.2566,-179562.9138,-118720.6856,-121060.7713,-2.28318323748417,-0.906909138614779,-0.662999696411816,-1.30260082328309,-1.0886611996719,-0.0720723583273895,-0.0374071568107013,0.0621622119008975,-0.205095634645971,0.32276993254564,-0.0328913281529832,0.123986861089554,0.249704200771841,0.106889075534582,0.130167649391919,-0.00498944444269966,0.153808899239008
79.8479462228744,-125740.9427,-188923.2566,-179562.9138,-118720.6856,-121060.7713,-2.27925345262697,-0.968047841305079,-0.723678700112458,-1.408894456729,-0.978661193806502,-0.0722373705109192,-0.0458216818475847,0.00843489631855476,-0.208665373778871,0.348455414907662,-0.0301694505111829,0.131620776022279,0.260986279619821,0.114613552375263,0.103797519566947,-0.00352656139983765,0.153827160394824
79.7995857547372,-125740.9427,-188923.2566,-179562.9138,-118720.6856,-121060.7713,-2.28187959218361,-1.02365490573759,-0.770318818692431,-1.49624697403449,-0.900966497908954,-0.0729777227670851,-0.0541383763743823,-0.0324529871503358,-0.211657093064879,0.361762722643547,-0.0282109233165408,0.138622694781303,0.269116595887011,0.120430437248446,0.0845627034094922,-0.00495306215042035,0.159453589166326
79.7954188182375,-125740.9427,-188923.2566,-179562.9138,-118720.6856,-121060.7713,-2.27518910728404,-1.06023720752931,-0.807778184479304,-1.56383527409048,-0.854155434842653,-0.0711110968486821,-0.0577384716043454,-0.0636426786021502,-0.214205352519826,0.364519516959319,-0.0273112479582662,0.143014432556965,0.275291170782494,0.124442106825544,0.0715338294625387,-0.00885237806726735,0.173893562658835
79.8028710705886,-125740.9427,-188923.2566,-179562.9138,-118720.6856,-121060.7713,-2.27302453023182,-1.09248438683817,-0.833880533486962,-1.61268538112283,-0.83161260868394,-0.069518411644296,-0.0610316158348638,-0.0866442666685643,-0.216149892467882,0.360128539786196,-0.0265702680252504,0.146932972591622,0.279301421449505,0.126801086550996,0.0634057210116179,-0.014532780319108,0.191009298385811
79.804922106003,-127484.5967,-194946.7886,-184952.3898,-119988.7976,-122487.3973,-2.27480352263377,-1.12081810968887,-0.851653644437491,-1.6470465719156,-0.826935337243967,-0.100669970300849,-0.151310775252043,-0.190155324239072,-0.251579132561112,0.313270050724626,-0.0044235642803685,0.219613497717368,0.343456636643057,0.143199600435068,0.0760170928595321,-0.0222769875632878,0.394838821441112
79.8251475672527,-127484.5967,-194946.7886,-184952.3898,-119988.7976,-122487.3973,-2.2679449169689,-1.14114852408727,-0.755513927520681,-1.66804165178642,-0.868606985858449,-0.0880920999710639,-0.100565637382623,-0.156614296194547,-0.230344838698834,0.331362367263274,-0.0161921083289036,0.211784840844992,0.328227539571001,0.14104769700266,0.0693975304897498,-0.0354235202140458,0.41642350287538
79.7688731976194,-127484.5967,-194946.7886,-184952.3898,-119988.7976,-122487.3973,-2.27577041497649,-1.1553511828626,-0.686932758856955,-1.68666980503767,-0.905922805531063,-0.0830143030767871,-0.0748546442391955,-0.129937687532639,-0.21869316404954,0.333185370545621,-0.0226075621250574,0.208223547772092,0.317463262946674,0.139481539506482,0.0674205849768621,-0.0455252134024846,0.381289919821068
79.7609328770556,-127484.5967,-194946.7886,-184952.3898,-119988.7976,-122487.3973,-2.27403004206757,-1.15152373548098,-0.643056305710914,-1.7041115578287,-0.942681420578367,-0.0787577742020815,-0.0578158885269957,-0.109748262761642,-0.213363136713348,0.325492953805409,-0.0266333861527468,0.204762536391816,0.310757845690877,0.13850730846744,0.0684221514868191,-0.0543393634028533,0.354809531842932
79.791555040168,-127484.5967,-194946.7886,-184952.3898,-119988.7976,-122487.3973,-2.27588700817793,-1.14753808788043,-0.612494504683866,-1.72075545918771,-0.976663340430051,-0.0766158086441067,-0.0481814546664125,-0.0941053929339617,-0.2118916935014,0.313879066677266,-0.0287719086146978,0.202719517838728,0.306175876701082,0.137975330136185,0.0709665446825556,-0.0620751328639528,0.342061065172462
79.8037206991921,-127484.5967,-194946.7886,-184952.3898,-119988.7976,-122487.3973,-2.28543678593381,-1.14934881503061,-0.591796554055179,-1.73796646590159,-1.00808614365044,-0.0771321530185602,-0.0445113945860456,-0.0821126104845789,-0.212929603756137,0.300943743448258,-0.029544033489546,0.202274493069015,0.303155230584633,0.137918060597075,0.0743114452937692,-0.0686716391164168,0.340623246238545
79.7721371125714,-127484.5967,-194946.7886,-184952.3898,-119988.7976,-122487.3973,-2.29377515234873,-1.15030115042249,-0.580663914416277,-1.75709090847342,-1.03739929748794,-0.0783349830062292,-0.0428760690212115,-0.0734450633463126,-0.215763595034844,0.287819828097739,-0.0297962307024773,0.202083990205073,0.301698640759472,0.13839393267197,0.0779727839823334,-0.0744067565164315,0.348088986001558
79.7852810566828,-127484.5967,-194946.7886,-184952.3898,-119988.7976,-122487.3973,-2.2929791067219,-1.1440616586992,-0.576208049288724,-1.77791295767848,-1.06408219891927,-0.0780252439693925,-0.0400093104907739,-0.0674628020173103,-0.219770985781828,0.275435980567771,-0.0301305354973938,0.201029930001685,0.301326703931495,0.139286791479633,0.0815630971079664,-0.0795361475418588,0.360467510774273
79.8024530215256,-127484.5967,-194946.7886,-184952.3898,-119988.7976,-122487.3973,-2.29640866761183,-1.1430888681712,-0.572742558028736,-1.79976540485708,-1.08728537466259,-0.0786028736525424,-0.0391959776691877,-0.0629732143866306,-0.224341125003157,0.264731681971419,-0.0300619651446969,0.200828548821851,0.301055496920589,0.140440859244202,0.0848575366604634,-0.0839279728878282,0.372045401453967
79.778787987283,-127484.5967,-194946.7886,-184952.3898,-119988.7976,-122487.3973,-2.30609995900716,-1.14961922662785,-0.571433257959697,-1.82248426037651,-1.10729445705222,-0.080293615372554,-0.0403196484800645,-0.0599023388580378,-0.229298449669024,0.255502014285362,-0.029398257342423,0.201679468243452,0.301078446955988,0.141817244949013,0.0877896253755448,-0.0876104092318926,0.384142235435929
88.9533243849703,-127484.5967,-194946.7886,-184952.3898,-119988.7976,-122487.3973,-2.3016794713761,-1.14151750702995,-0.57331922273822,-1.84574951972942,-1.1246633664736,-0.0798108893286127,-0.0384697618918253,-0.058021617057797,-0.234348197965836,0.247673359225445,-0.0297125810379268,0.200569899550652,0.301589224021797,0.143377571894814,0.0903622051070834,-0.0908082264300916,0.394565257706386
88.9951499794191,-127484.5967,-194946.7886,-184952.3898,-119988.7976,-122487.3973,-3.51535498727863,-2.3891364159153,-0.544926295270059,-1.8686786062449,-1.13859053138452,-0.401407792359791,-0.409980294937689,-0.0392240475790757,-0.228735105109052,0.252498067638228,0.0161623107622089,0.371157305633279,0.300145491117918,0.146142921914081,0.0936999362492292,-0.0932853245496759,0.226059739603501
88.9412869303329,-127175.9499,-193880.5542,-183998.3906,-119764.3272,-122234.8681,-2.62358527145285,-1.56590541721961,-1.01180320166253,-2.05028121398225,-1.43830685128449,-0.437398964021753,-0.427737584885648,-0.0829520306799338,-0.246785808174167,0.171306046852486,-0.0729017810437909,0.295785943740645,0.387496080020612,0.166727743941266,0.109293153561209,-0.106879680572526,0.302075618526402
88.9555054455406,-127175.9499,-193880.5542,-183998.3906,-119764.3272,-122234.8681,-1.06113664845829,-0.219502634017161,-1.18927498928306,-2.31385340929715,-1.88414853224045,-0.401130109260727,-0.383548118739952,-0.131957237166311,-0.286844105552468,0.0587219721480636,-0.169621231552563,0.200335018781626,0.456867486978509,0.195673986980742,0.130664255734266,-0.132097768129839,0.396342877187841
88.9135798791534,-127175.9499,-193880.5542,-183998.3906,-119764.3272,-122234.8681,0.283433390601459,0.815808478312348,-0.859953975885702,-2.6124160380694,-2.33081373550839,-0.368300092450198,-0.352083169599403,-0.137887674030985,-0.331140072269804,-0.0484914230805273,-0.234062168319795,0.142409165288201,0.464935539177002,0.224204189451759,0.145935733731555,-0.146302812907521,0.453596703920272
88.9568603695481,-127175.9499,-193880.5542,-183998.3906,-119764.3272,-122234.8681,1.22263342898424,1.43300231108887,-0.186125673491532,-2.90784765633494,-2.66139981439268,-0.347349242929752,-0.338673085716209,-0.118503006159514,-0.375066966229014,-0.141972253795331,-0.270356876398385,0.116951576602243,0.435041363863697,0.249551306305728,0.150564500994313,-0.147531830505201,0.477876728699009
88.9148329514987,-127175.9499,-193880.5542,-183998.3906,-119764.3272,-122234.8681,1.80032359214732,1.71892832738767,0.624841109209356,-3.16289489295796,-2.81461861440764,-0.336736137453485,-0.339893943133148,-0.0919368036454102,-0.414598089492458,-0.2179677692734,-0.288497535137943,0.112653615202223,0.391580318416231,0.269172045746595,0.142812327110429,-0.141298303838504,0.481473029933257
66.1673766335549,-127175.9499,-193880.5542,-183998.3906,-119764.3272,-122234.8681,2.05797350792987,1.71569434266505,1.41958402647566,-3.34744701172548,-2.78894476340231,-0.334413552874153,-0.352334174634969,-0.0683326737751813,-0.447182939277553,-0.278111003133105,-0.292915149024041,0.124252186411254,0.34891674032489,0.281027357710232,0.12469499006488,-0.132224238493286,0.485330854892168
66.1600841252789,-127175.9499,-193880.5542,-183998.3906,-119764.3272,-122234.8681,3.40586516402659,2.00815093798977,2.05509372379328,-3.43590055176642,-2.61382894791966,0.0970596761521634,0.717855825511364,-0.0631409757949015,-0.478090278489823,-0.332599740762987,-0.308324273010124,-0.15837042126176,0.316575837817618,0.282620505517073,0.0992739059067991,-0.122206377186515,0.690172794557252
66.1186985001325,-127175.9499,-193880.5542,-183998.3906,-119764.3272,-122234.8681,2.1953936141622,-0.249270911205102,2.95488638318236,-3.27596709693206,-2.14490041997428,0.420625240347917,1.05321704912497,0.018221561000324,-0.487774584875758,-0.309875825383067,-0.239801017769938,-0.0928785111431307,0.182005609679467,0.254417046357201,0.0583868249301289,-0.0721032019090515,0.412675036270166
66.1397685807591,-127175.9499,-193880.5542,-183998.3906,-119764.3272,-122234.8681,-0.0241136281545238,-3.38754870985258,3.51529340533467,-2.86553554784311,-1.48839208246733,0.547276693800455,0.798439361031399,0.110445451281088,-0.492290287214104,-0.244162175241158,-0.00217733743476334,0.337792170910216,0.00888878497550016,0.198782290659885,0.00958577531562455,0.0194482788482873,0.51097389568319
66.2026921665795,-127175.9499,-193880.5542,-183998.3906,-119764.3272,-122234.8681,-1.83652586607842,-5.79656545248521,3.55516156074702,-2.23272685799002,-0.740748947439755,0.342599965182991,0.0236353528901887,0.157295912380896,-0.514801416543065,-0.174930053617231,0.452712987573678,1.02940752463537,-0.17136487649665,0.119889002528022,-0.04108819624233,0.108528492006869,1.08067909043751
66.1574823622353,-127175.9499,-193880.5542,-183998.3906,-119764.3272,-122234.8681,-2.37796825634757,-6.54116848834228,3.03146151460177,-1.42454623442697,0.00561615979545138,-0.0961547166123964,-0.821457157907737,0.105907537401336,-0.550023452093754,-0.119170249306002,0.937631944494964,1.54132619437957,-0.307954364488733,0.0262018089521956,-0.0860962763697644,0.0873456678593527,1.55920761979383
66.1788687284461,-127175.9499,-193880.5542,-183998.3906,-119764.3272,-122234.8681,-1.60409522974957,-5.75285395830242,2.03701394181137,-0.511028510504346,0.655266952761366,-0.32358735360102,-1.186968111228,-0.0451033204324389,-0.54804830019777,-0.0503173895077822,1.1298518659843,1.60952458666503,-0.329078109958301,-0.0695984899938,-0.1161997432535,-0.135877707665607,1.46258529538058
78.3148595714061,-126817.1981,-192641.2298,-182889.5214,-119503.4168,-121941.3439,0.641761876019203,-3.10850318453376,0.786416553188602,0.427879780349542,1.1661304705522,0.281928105855364,-0.438360185926484,-0.126620580200232,-0.402754721311808,0.136028635678798,0.782646222637642,1.09236577522243,-0.178738817302672,-0.156210402824204,-0.127075077899582,-0.427270091400572,0.492310286613169
78.3387657283788,-126817.1981,-192641.2298,-182889.5214,-119503.4168,-121941.3439,-1.56402483931544,-2.03393370919019,0.289787146747003,1.23654447314607,1.40300871196034,0.500222124530055,0.306366801206387,0.246917992905814,-0.0709380218175113,0.509884170876418,0.215669060999337,0.496299532488329,0.0551198361751011,-0.212996644802492,-0.0992990444871735,-0.456697565946726,-1.72658679557893
78.3145473057244,-126817.1981,-192641.2298,-182889.5214,-119503.4168,-121941.3439,-1.61067541988477,-0.420979965153492,-0.288050434332732,1.41491638559324,1.10006572326067,0.569693633805343,0.594236147510237,0.438283104435435,0.039076292634725,0.511758550891471,-0.111267569420945,0.0957442321515245,0.24954318569775,-0.200793602932125,-0.00785707584472073,-0.48721101989377,-1.53917036523143
78.3240937129112,-126817.1981,-192641.2298,-182889.5214,-119503.4168,-121941.3439,-1.52577496596986,0.327219833924644,-0.725518375339618,1.01298817958134,0.336878737469405,0.46928888866158,0.557925517479305,0.54415339038308,0.0183575844537955,0.366433455160362,-0.191983994551288,-0.0336319089811501,0.325092861736184,-0.143386116996358,0.11483395092143,-0.384785883123648,-0.83350457950301
78.3135240093958,-126817.1981,-192641.2298,-182889.5214,-119503.4168,-121941.3439,-1.63026087981726,0.437276965749206,-0.465777216215159,0.183835756556888,-0.595940182568157,0.346315011468185,0.443422703250725,0.720498419860682,-0.0636629542062792,0.204072394095476,-0.177800463678265,-0.0417027337339655,0.228040720087738,-0.0505067444404239,0.243130183443494,-0.256329995765661,-0.314163391747561
78.3534966424992,-126817.1981,-192641.2298,-182889.5214,-119503.4168,-121941.3439,-1.81027834849401,0.283242545144518,-0.15907034778445,-0.716223708415782,-1.38240610334044,0.241178498332616,0.328715904061369,0.779183662306856,-0.172043994522276,0.0725096168299046,-0.140905161003428,-0.0134862381376348,0.143953223317362,0.050982986172291,0.345132902852492,-0.177029992888571,0.0514596239213585
85.2324303544139,-126817.1981,-192641.2298,-182889.5214,-119503.4168,-121941.3439,-2.00436894962519,0.0417467309403179,0.0460062378119943,-1.41742337149951,-1.82242167216,0.159361824046535,0.233360423940695,0.745002129180975,-0.263954709992419,0.0173248534589447,-0.103266202934653,0.0233573763217758,0.100691714592285,0.135265051055204,0.395218292644397,-0.147841114312463,0.266872292623921
85.1886031741089,-126817.1981,-192641.2298,-182889.5214,-119503.4168,-121941.3439,-3.38699977136773,-1.37866066548719,0.144837224522178,-1.83466103360232,-1.88647658497338,-0.211397752589505,-0.152923633833851,0.687832062133872,-0.299138905418189,0.0721829009612662,-0.0279663171310376,0.205557870208056,0.0912630866097914,0.191688425525313,0.391614346503986,-0.14269771770919,0.160292597145178
85.2889390640865,-126817.1981,-192641.2298,-182889.5214,-119503.4168,-121941.3439,-2.81019794984283,-0.90539852413103,-0.378368326292943,-2.21131088453087,-1.99469097000492,-0.27902044226375,-0.200550857825291,0.535319072589544,-0.334362616105814,0.0809723135661145,-0.084876211900446,0.162283861982582,0.202250949639116,0.244599569667317,0.370058809046913,-0.150238353638386,0.263584884821377
85.2560274692257,-126817.1981,-192641.2298,-182889.5214,-119503.4168,-121941.3439,-1.79416261246055,-0.139839007475587,-0.657620962413077,-2.53792403944684,-2.14156156549103,-0.277132524890426,-0.187437547183571,0.396636651467773,-0.36099958416203,0.0880589465025565,-0.147911821443793,0.103311409766589,0.284338560414567,0.284757157381517,0.331573471739725,-0.158106513025373,0.306350021507596
85.2043902759968,-126817.1981,-192641.2298,-182889.5214,-119503.4168,-121941.3439,-0.963699199911261,0.373028338853771,-0.565428334772321,-2.8285249323105,-2.28744707758406,-0.270555371225036,-0.181498160823239,0.292205747526225,-0.38256706299461,0.0903425775033924,-0.184745376989458,0.0748776196100533,0.318313585582708,0.313175942937613,0.284083281783794,-0.152168036052224,0.312033909911559
85.2616486702666,-126817.1981,-192641.2298,-182889.5214,-119503.4168,-121941.3439,-0.449462504758984,0.573252631247911,-0.233641667598448,-3.06878691273424,-2.36673184790355,-0.269852240962805,-0.18887000113083,0.213909080180848,-0.398201528964904,0.0860470432149683,-0.199299234948249,0.0729635483639663,0.322483068681086,0.330151373048811,0.232259604533928,-0.136850584145826,0.307282374227606
85.2211722432335,-126686.9251,-192191.1958,-182486.8594,-119408.6728,-121834.7569,-0.169409020755666,0.57561335313703,0.182280686709532,-3.24760225992421,-2.3607748565735,-0.271878436715255,-0.200127866413887,0.157841642287146,-0.40524297281047,0.0748035200309616,-0.203606749239131,0.0809788012376593,0.310278123557052,0.335590025663496,0.180478867065649,-0.1202078609087,0.292586324009431
85.2568625819478,-126686.9251,-192191.1958,-182486.8594,-119408.6728,-121834.7569,-0.0324500450120695,0.48309300497418,0.550397522826046,-3.34072918702499,-2.2713782574636,-0.275850845476491,-0.219158564708486,0.100980866106767,-0.408682560866829,0.0486271150090545,-0.200399427523573,0.0984430479204341,0.303637296985086,0.331464034227601,0.135067687193599,-0.10753518739844,0.305028481045289
85.2628939221911,-126686.9251,-192191.1958,-182486.8594,-119408.6728,-121834.7569,0.0265374194764263,0.356628117662439,0.851026028694406,-3.34313221565539,-2.12987146850092,-0.279395291361098,-0.236595070329486,0.0539014459431257,-0.404150571728508,0.0154890258990861,-0.195824261783084,0.116463635776993,0.298198152508411,0.31758588769331,0.0966639735840991,-0.0998490238868754,0.327025056523887
85.255057824842,-126686.9251,-192191.1958,-182486.8594,-119408.6728,-121834.7569,0.0497980675474565,0.231984428079613,1.07416214355797,-3.25822178151958,-1.96244178326631,-0.281356627061193,-0.250402127617249,0.0150592227964665,-0.393442744436399,-0.0228622563010674,-0.191498913835894,0.132448575676888,0.295031570581056,0.295860749198707,0.0659378345456676,-0.0960420353340723,0.352780834692847
85.2865822256779,-126686.9251,-192191.1958,-182486.8594,-119408.6728,-121834.7569,0.0577862282122368,0.122595727356341,1.23072909492286,-3.10030138513336,-1.78924806715057,-0.281720611002044,-0.260559705284749,-0.0163760442637582,-0.379133712726855,-0.0639897946036214,-0.187973405188808,0.145720335777439,0.293645862949849,0.268972155482378,0.0423666620359417,-0.0946700573405579,0.377567747526587
85.2227093096587,-126686.9251,-192191.1958,-182486.8594,-119408.6728,-121834.7569,0.0556227835457861,0.027355969434268,1.33253742648016,-2.88791244166438,-1.62728572922543,-0.281898688210859,-0.269390694046365,-0.0416278746310255,-0.363674264436298,-0.106049627783406,-0.185157431983801,0.157113938473243,0.293681352421891,0.239536691817465,0.0251825066747442,-0.0948015063164291,0.399118833687464
85.2695443152083,-126686.9251,-192191.1958,-182486.8594,-119408.6728,-121834.7569,0.0613378975702261,-0.0399917130036442,1.3942893343619,-2.64450603481883,-1.48687415991361,-0.279683653964746,-0.273070726778158,-0.0617599143883041,-0.349457997611673,-0.147792184072408,-0.18350605857963,0.164834774716464,0.294723791620251,0.210135126021424,0.0133608900979574,-0.0956602042421721,0.418413172588139
85.291339249289,-126686.9251,-192191.1958,-182486.8594,-119408.6728,-121834.7569,0.0586880427584049,-0.100659700856809,1.4342913206827,-2.38872512948178,-1.36670820121647,-0.278635347028036,-0.277900483196092,-0.0768982756489436,-0.337642215484323,-0.187286204538452,-0.182151409419163,0.171993584422908,0.295583455986138,0.182368417171202,0.00543107620441785,-0.096552809834165,0.432167503535203
85.2810404351859,-126686.9251,-192191.1958,-182486.8594,-119408.6728,-121834.7569,0.0539120580670556,-0.151769656796588,1.45723574061384,-2.1353247487275,-1.26895450211386,-0.277965200280789,-0.282199280926577,-0.0884702674117648,-0.328907139620526,-0.224353831689882,-0.181080806195047,0.178060416563788,0.296649595328682,0.157223707061587,0.000571571373306989,-0.0971746848868094,0.444246309166218
85.2243461711249,-126686.9251,-192191.1958,-182486.8594,-119408.6728,-121834.7569,0.0510813601329971,-0.19164319170261,1.46861024723843,-1.89451320139257,-1.19251683813667,-0.27693026000253,-0.284843695325293,-0.0973378495371264,-0.323320771673629,-0.258679468274352,-0.180321070019743,0.18268388395022,0.297875383833327,0.135103885786179,-0.00198510110444894,-0.0974608951844971,0.455103382007808
85.2687149527111,-126686.9251,-192191.1958,-182486.8594,-119408.6728,-121834.7569,0.0547430701456193,-0.216938425353362,1.47267964888201,-1.67469762719367,-1.13770701745082,-0.274612055511597,-0.284597530687833,-0.104073214916554,-0.32078385974247,-0.290188662135527,-0.180019764219115,0.185344794618261,0.299071377729866,0.116190530267356,-0.00268452608802061,-0.0974340637638491,0.464405395044569
85.2536945356675,-126686.9251,-192191.1958,-182486.8594,-119408.6728,-121834.7569,0.0505874354313107,-0.24371560021342,1.47476726655825,-1.47864458923938,-1.09962610879097,-0.273870153186323,-0.286521141641849,-0.10876140872417,-0.320725589028285,-0.318431751352676,-0.179573220194603,0.188454508449381,0.299784210876941,0.100219462533108,-0.00215623991807257,-0.0968931034525298,0.47035310767259
85.2302236029217,-106829.3115,-123592.167,-121108.781,-104966.772,-105587.6185,0.0450028463020971,-0.268651402268901,1.46094975093332,-1.3540060034359,-1.10247461299461,-0.0332088538452453,0.437031725150064,0.573371218966955,-0.0896919223508732,-0.101635737215879,-0.385744930828889,-0.501587900636029,-0.323567460327779,-0.0759470667271696,-0.174673854032576,-0.10322524789521,-1.38328045100008
85.2330617542688,-106829.3115,-123592.167,-121108.781,-104966.772,-105587.6185,-0.023867531162054,-0.29317665899049,0.575705966797827,-1.22766139717986,-0.944007726973027,-0.0840149861213888,0.082925778287489,0.17862362949937,-0.237997927976267,-0.3474637080012,-0.337872651537769,-0.430049901492238,-0.189597592290716,-0.0477279977558855,-0.137374473000974,-0.0963754142610114,-1.37118104533575
85.2428465016677,-106829.3115,-123592.167,-121108.781,-104966.772,-105587.6185,-0.0201888886939372,-0.315775597246983,0.021149892822379,-1.07328721871957,-0.834247677403269,-0.112771670096976,-0.0545204127363661,-0.0120178759817833,-0.290950746516245,-0.522283338770109,-0.302518053395502,-0.40122227090792,-0.1014453385537,-0.0288336381624084,-0.110002971276056,-0.0952836295004147,-1.05089302739821
85.2467270613573,-106829.3115,-123592.167,-121108.781,-104966.772,-105587.6185,0.0238076312376592,-0.33826042464851,-0.347118436738384,-0.931654039542835,-0.761932378139036,-0.127358814928073,-0.108494406820625,-0.112553335537271,-0.309805310777847,-0.647708267420214,-0.276036840712999,-0.388884267993131,-0.0410880193113257,-0.0166776442282726,-0.0894292192248884,-0.0976681933618835,-0.770663596973085
85.2679351113178,-106829.3115,-123592.167,-121108.781,-104966.772,-105587.6185,0.0905163549106334,-0.359952741160598,-0.59827862742317,-0.81199901504138,-0.715990321113907,-0.132603691546493,-0.130214554886585,-0.169414213034685,-0.316668738225488,-0.738423630463885,-0.256086800365141,-0.383020196823313,0.000743543941719826,-0.0092445904635059,-0.0737099122443554,-0.0950589111231892,-0.575454660121464
85.2525159113779,-106829.3115,-123592.167,-121108.781,-104966.772,-105587.6185,0.168303707554827,-0.381504016262184,-0.770234292735921,-0.715730860730375,-0.688935673580062,-0.132015866412686,-0.139857751473748,-0.203211922760595,-0.319752901036239,-0.804697504678785,-0.240982578073072,-0.379544193782633,0.0295008386735625,-0.00490574617569384,-0.0614687483549234,-0.0879395147605564,-0.444672398421517
85.2218326017093,-106829.3115,-123592.167,-121108.781,-104966.772,-105587.6185,0.254057259447009,-0.397016093446496,-0.88617022729062,-0.640682028557009,-0.67485194465452,-0.127174690641993,-0.143868571179794,-0.22374163123002,-0.322024042006731,-0.85381576215994,-0.229750235226432,-0.377626528039806,0.0487533893676311,-0.00250098367091289,-0.0517573229052144,-0.0787043197065032,-0.355192651463706
85.2164394725289,-106829.3115,-123592.167,-121108.781,-104966.772,-105587.6185,0.343655668111964,-0.405381023238348,-0.960767563932265,-0.58316716023738,-0.669004993686471,-0.119488700722798,-0.145089631998559,-0.235923085929528,-0.324417283875903,-0.890741902949088,-0.22153219153908,-0.376797135102513,0.0608928939017368,-0.00129000626152087,-0.0439356873971533,-0.0687647768869937,-0.292440568516901
85.2195338863294,-106829.3115,-123592.167,-121108.781,-104966.772,-105587.6185,0.43092118956065,-0.410931187855851,-1.00415012839505,-0.540023502637439,-0.668163631855123,-0.110566056698431,-0.14561125850706,-0.242467865072967,-0.327168869838403,-0.918955456642195,-0.215474396987662,-0.376296412871483,0.0676437876781377,-0.000765255370481333,-0.037535437679548,-0.0587548266740825,-0.247575484480219
85.2257961433655,-106829.3115,-123592.167,-121108.781,-104966.772,-105587.6185,0.512903235986059,-0.415259512615521,-1.02420211873816,-0.508141325012829,-0.670013355341553,-0.101293816461705,-0.145996619011846,-0.245091792215234,-0.330260821206778,-0.941040427407998,-0.211002263167479,-0.375891619146727,0.0703806608760666,-0.000600971678517359,-0.0322114017082369,-0.0487596968991113,-0.214677090447516
85.1777138308262,-106829.3115,-123592.167,-121108.781,-104966.772,-105587.6185,0.588392683926429,-0.418816033659255,-1.0269895621676,-0.486240926863999,-0.673526929116761,-0.0921887628289539,-0.146378242331245,-0.244959460152501,-0.333685167587703,-0.958878179319115,-0.207715315041916,-0.37552045267164,0.0701789684924212,-0.000513470393451065,-0.0276812304291705,-0.0390481416057256,-0.190041480025181
85.262000329493,-106829.3115,-123592.167,-121108.781,-104966.772,-105587.6185,0.660520233719197,-0.416300891175467,-1.01730189945241,-0.472162380169308,-0.67769228290976,-0.0827025459162698,-0.145436143150874,-0.242908663941854,-0.337341690776952,-0.973763375462568,-0.205544035525071,-0.375924484248816,0.067883546250938,-0.000385013015026692,-0.0237615166286931,-0.0295177959347939,-0.171309248269622
85.2709513919482,-104407.2358,-115224.9964,-113622.3652,-103205.2624,-103605.9202,0.716638653240139,-0.425479783380979,-0.999925944584433,-0.466230222763585,-0.682981257163846,-0.0474877294104346,-0.0597726950413815,-0.158022397320295,-0.316583686535509,-0.959674880785371,-0.229151886409793,-0.462830112483113,-0.0153058557757406,-0.0195025140299285,-0.0416859006927208,-0.0215957468035768,-0.39132835821114
85.2664524403335,-104407.2358,-115224.9964,-113622.3652,-103205.2624,-103605.9202,0.748435347276569,-0.431762649033928,-1.03362749244215,-0.452769090313424,-0.663006808388971,-0.0474624047751888,-0.085300527947723,-0.170756275979009,-0.324926656307085,-0.996200243325021,-0.223092209289114,-0.457352476884985,-0.0106523490071151,-0.0152655992713695,-0.0350658353708222,-0.0127748655032107,-0.37933769455026
85.2285472122789,-104407.2358,-115224.9964,-113622.3652,-103205.2624,-103605.9202,0.785303757480293,-0.435734082671985,-1.05094061289557,-0.443916384013221,-0.650404779510879,-0.0454918699690481,-0.0948070849894975,-0.175926233374248,-0.329777684918682,-1.02455948250721,-0.218527868976341,-0.455182383651672,-0.00838147133047817,-0.0120454969795927,-0.029595210586423,-0.00500293454279443,-0.345637128866214
85.224035894062,-104407.2358,-115224.9964,-113622.3652,-103205.2624,-103605.9202,0.826742005785377,-0.43438335514341,-1.05744216523559,-0.439768173245966,-0.642615303061177,-0.0417924536583882,-0.0975480758225871,-0.177620656977396,-0.333418617083879,-1.04689381680132,-0.215253534297493,-0.454772575824395,-0.00777832815056345,-0.00954943647071027,-0.0250288939482344,0.00281091553597435,-0.316364666723741
85.2286077368073,-104407.2358,-115224.9964,-113622.3652,-103205.2624,-103605.9202,0.86686204593471,-0.433273562805539,-1.05574050356967,-0.439337925927759,-0.637726631323062,-0.037571633895638,-0.0983969546493597,-0.177426497965833,-0.336598397836781,-1.06458947575371,-0.212754164048592,-0.454732260214204,-0.00848747736251942,-0.00758761622120008,-0.0212001892591918,0.0110015539839878,-0.294966966569164
85.194233440994,-104407.2358,-115224.9964,-113622.3652,-103205.2624,-103605.9202,0.903209561677613,-0.434213130222489,-1.04801315635396,-0.442116037259922,-0.634560415295596,-0.0333337357222092,-0.0988140655592673,-0.176108227860624,-0.339593073019827,-1.07883422685482,-0.210755232153419,-0.454650287734043,-0.010173981653983,-0.00597210783502478,-0.0179611356197398,0.0192043160983602,-0.279189891129815
85.2752472937122,-104407.2358,-115224.9964,-113622.3652,-103205.2624,-103605.9202,0.939424669155528,-0.431599394316592,-1.03614089453235,-0.447063112518833,-0.632328521633625,-0.02858238091288,-0.0981727088027498,-0.174090424935102,-0.342459944311443,-1.09052922385311,-0.209373940463776,-0.45508126398975,-0.0125477680120798,-0.00459740929720187,-0.0151954393490836,0.0272295154955273,-0.267196840128603
85.2131409739157,-104407.2358,-115224.9964,-113622.3652,-103205.2624,-103605.9202,0.966497139421264,-0.438050868920584,-1.02105854887402,-0.453510597310967,-0.630396465585576,-0.0254003894913382,-0.0996545406811933,-0.171563907682057,-0.345189858231862,-1.10016401561963,-0.207922755051867,-0.454296621904366,-0.0154620379852481,-0.00340439294757267,-0.0128280692443505,0.0348577920957354,-0.258511156676486
85.2537247532052,-104407.2358,-115224.9964,-113622.3652,-103205.2624,-103605.9202,0.996794944269084,-0.436318574876708,-1.00490227406918,-0.461345582294769,-0.628852183927677,-0.0212247894395148,-0.0989984716151753,-0.168876680252318,-0.347848736075093,-1.10861489293218,-0.207136330000201,-0.454611142189829,-0.0185454614738276,-0.00227006263791663,-0.0107462355379209,0.0420476535783791,-0.250481129327204
85.2727361941555,-104407.2358,-115224.9964,-113622.3652,-103205.2624,-103605.9202,1.02129355166862,-0.438808529773496,-0.987400137021694,-0.469781368688828,-0.627292010291953,-0.0180479683389905,-0.0995784605091927,-0.165995979012934,-0.350364312935895,-1.11583737035505,-0.206354017932625,-0.454295359059109,-0.0218439213339019,-0.00123250311874101,-0.00893136268012928,0.0487609521789523,-0.244915636860807
80.0110340387985,-104407.2358,-115224.9964,-113622.3652,-103205.2624,-103605.9202,1.04243079637045,-0.442525263535671,-0.969715532933975,-0.478740191695991,-0.625815758786985,-0.0153709560248814,-0.100329053762408,-0.163109736989895,-0.352770677855077,-1.12229448955617,-0.205682104744646,-0.45382284860253,-0.0251457603596015,-0.000232196412454755,-0.00731778300080421,0.0550292201053537,-0.239995366029508
79.9828259664755,-104407.2358,-115224.9964,-113622.3652,-103205.2624,-103605.9202,1.39921843342455,0.0248546706527435,-0.95393792674588,-0.488143945560367,-0.62449277339465,0.0749994197543344,0.0297006995517251,-0.160589964073807,-0.355274630160665,-1.12838774560879,-0.229040753633655,-0.523398225689194,-0.0282748952358538,0.000741277471917323,-0.00587883393354649,0.0607855325422335,-0.224048387367195
80.0014511461843,-103315.9489,-111455.0962,-110249.2966,-102411.5992,-102713.0491,1.41074474393967,0.153011498051328,-0.885074886737229,-0.470242246999831,-0.599675520872779,0.150355351294529,0.13050114093528,-0.112191712893768,-0.342984370648566,-1.09989804127659,-0.245826046589317,-0.601836130842296,-0.078632306271373,-0.0113071064028487,-0.0166355359456605,0.0675122100064414,-0.381032082922917
79.979137849274,-103315.9489,-111455.0962,-110249.2966,-102411.5992,-102713.0491,1.05557459436069,-0.0676045306311153,-0.842989200663979,-0.421298545174992,-0.537920583841938,0.178305460553418,0.135578130599171,-0.104026941787744,-0.340331922643813,-1.07992719973767,-0.227852299340576,-0.609236925905273,-0.0940091826453382,-0.0159682904641112,-0.0180733889223239,0.0768094447042955,-0.402302787395023
79.9960939421917,-103315.9489,-111455.0962,-110249.2966,-102411.5992,-102713.0491,0.507902329777195,-0.484655895566704,-0.848939967795701,-0.350866941665331,-0.456548099069153,0.18577536459037,0.126428170564658,-0.0937807502342736,-0.333810169533351,-1.04852241570859,-0.19628896224723,-0.599768673274354,-0.110239687323707,-0.0230245522397072,-0.0210538835520091,0.0857121013169504,-0.372868520443737
80.0344937632207,-103315.9489,-111455.0962,-110249.2966,-102411.5992,-102713.0491,-0.0868382869847579,-0.951937711151132,-0.937349669170757,-0.263072645093374,-0.361400057255125,0.18000456138212,0.10805805562471,-0.086036071155732,-0.324690691485756,-1.01083814873533,-0.158424345463111,-0.580932442522156,-0.123695801236952,-0.0315695051150318,-0.0247833958326138,0.093988520287688,-0.321977193516076
80.0472960680855,-103315.9489,-111455.0962,-110249.2966,-102411.5992,-102713.0491,-0.618083340233511,-1.36017949489168,-1.12250541722148,-0.162619506978629,-0.263651315278466,0.168645804055991,0.0876000638749446,-0.0832297695322737,-0.313638585634635,-0.97096588972299,-0.121563397464471,-0.560622761466157,-0.132012042559049,-0.040847072381299,-0.0283519734503861,0.100876444163148,-0.266461432418314
79.9928797644144,-103315.9489,-111455.0962,-110249.2966,-102411.5992,-102713.0491,-1.03447800943744,-1.66047906912068,-1.3892633036873,-0.0549288992522889,-0.175145425202729,0.157860343012203,0.0710217819963432,-0.0857787907094831,-0.301188072763694,-0.932014352080543,-0.0905427973382316,-0.5444053586244,-0.134668489257032,-0.0502273767804768,-0.0309479041061183,0.105633376381768,-0.215303555745652
80.0255221640516,-103315.9489,-111455.0962,-110249.2966,-102411.5992,-102713.0491,-1.32539401947434,-1.84344201764158,-1.71167716235881,0.0542414293281297,-0.106512947968142,0.151910583856441,0.0621203154655277,-0.0931234666804102,-0.287854043819493,-0.895979692094187,-0.0675757878458911,-0.535275710369145,-0.13216463251624,-0.0592292298317201,-0.0319430532541174,0.108010131927777,-0.172401873919132
80.0217965718339,-103315.9489,-111455.0962,-110249.2966,-102411.5992,-102713.0491,-1.51684140205023,-1.93822694795395,-2.05973464819223,0.158799729991401,-0.0673831851319164,0.14889204959352,0.0573725130676479,-0.103958842575459,-0.274108747838255,-0.863720256015142,-0.0518237743234202,-0.531430119687507,-0.125819240369292,-0.0675036055021982,-0.0308495635638653,0.108258408099701,-0.140149581916405
79.9924831462943,-103315.9489,-111455.0962,-110249.2966,-102411.5992,-102713.0491,-1.62695781227391,-1.96297494496307,-2.40579193922873,0.251544851580761,-0.0642213086366326,0.149437862971041,0.0575865733444516,-0.116943777686792,-0.260586041015486,-0.836338796074273,-0.042461799348402,-0.532579506652232,-0.116986417783962,-0.0745915444861582,-0.0273071910188518,0.10711128711911,-0.114850754660868
79.9918971787722,-103315.9489,-111455.0962,-110249.2966,-102411.5992,-102713.0491,-1.67875442546261,-1.93970036294169,-2.72789850142806,0.326390226347854,-0.0982629193661069,0.152998362905777,0.0617727297709934,-0.130618872763954,-0.247810049421034,-0.813932146588058,-0.0379066535458996,-0.537428449899707,-0.107190009231141,-0.0801823611766022,-0.0212885510737058,0.105474294336659,-0.0946501031073321
80.0049164891113,-103315.9489,-111455.0962,-110249.2966,-102411.5992,-102713.0491,-1.69727485158027,-1.89314310471192,-3.01103640337693,0.378059357164631,-0.16775485241935,0.157461494432923,0.0671465078443489,-0.143641965425232,-0.236218205293966,-0.796036891755335,-0.0362483997026439,-0.543793285005751,-0.0978431503525807,-0.0840433997343653,-0.0129418292865648,0.10414736394258,-0.0784762022371375
79.9916736824686,-103315.9489,-111455.0962,-110249.2966,-102411.5992,-102713.0491,-1.70013948440177,-1.84019322031101,-3.24875637911003,0.402457788423391,-0.268039293099989,0.161515763033734,0.0722889066476711,-0.15519391463431,-0.226207613682377,-0.782240632423793,-0.0360488095877296,-0.550258746805915,-0.0898047915561118,-0.0859634223245496,-0.0025543884069037,0.103650678254837,-0.0640871565368917
66.6875633372467,-102975.2349,-110278.0842,-109196.1806,-102163.8072,-102434.2831,-1.81299186386558,-1.90775744531066,-3.44096118879007,0.397513502942857,-0.391957453313353,0.160579752329731,0.0825841608967224,-0.151082585686751,-0.214646706758032,-0.768000437686453,-0.0311426984234819,-0.561336862204798,-0.0969232824634998,-0.088605293861213,0.00617260817307774,0.104145046118852,-0.0686469102250902
66.6774180061094,-102975.2349,-110278.0842,-109196.1806,-102163.8072,-102434.2831,-1.10251513158069,-1.44230944410712,-3.63364811217509,0.360668119106123,-0.529300809777908,0.452431213668241,0.500303499544913,-0.169320954871601,-0.214008403183385,-0.769750120490357,-0.0628940813813033,-0.69421742174814,-0.0887509983415302,-0.0859182349536034,0.0195493205210364,0.1059951572432,0.150110946097478
66.6618845339707,-102975.2349,-110278.0842,-109196.1806,-102163.8072,-102434.2831,-1.34043217467676,-2.03493980419412,-3.60764498313338,0.38016218144729,-0.607155861011307,0.639045439890531,0.569923422610842,-0.154306537028582,-0.206626406746977,-0.688286837055017,0.022141343517508,-0.647180031338248,-0.1295145682952,-0.0968664217876469,0.0226367463358743,0.127690336242935,0.206509285464475
66.6561148464362,-102975.2349,-110278.0842,-109196.1806,-102163.8072,-102434.2831,-2.02582300618623,-3.21745720803584,-3.57708750155476,0.462106747084206,-0.596954182960488,0.68134119722243,0.377789081716045,-0.134050450240487,-0.198144066551592,-0.54632353616509,0.247058551744875,-0.418609194467843,-0.197005326961453,-0.119716382064374,0.0156033913303648,0.160250968715346,0.49744204664526
66.7236336737043,-102975.2349,-110278.0842,-109196.1806,-102163.8072,-102434.2831,-2.56238568714804,-4.38640292938476,-3.62133199355935,0.610704696345024,-0.493425608735421,0.566801271004458,-0.0321795727483476,-0.131002536280228,-0.193735770251003,-0.366509366038841,0.591411764562658,-0.0445464878260369,-0.276861867784134,-0.152617105930354,-0.000743797373024657,0.183945147581426,1.02957905773471
66.6560214771286,-102975.2349,-110278.0842,-109196.1806,-102163.8072,-102434.2831,-2.48876583960057,-5.022988198993,-3.84075999401207,0.814624163263602,-0.329479938922702,0.398501294335084,-0.511610002566485,-0.172727887661097,-0.192775335702365,-0.166948478693925,0.924764143577194,0.32519125994739,-0.342834579755729,-0.192326523268252,-0.0227113294606951,0.15017368754409,1.53682328180507
73.7096163194981,-102975.2349,-110278.0842,-109196.1806,-102163.8072,-102434.2831,-1.74084825150769,-5.00306241123842,-4.20154184249716,1.05536522420219,-0.148664888162799,0.337601096276821,-0.862740315491095,-0.271975184744235,-0.187274647000166,0.0419137466383006,1.10820538468977,0.543326721022364,-0.371003546444409,-0.234682065862672,-0.0451355157927047,0.0305262630936696,1.7560932935329
73.7191219017416,-102975.2349,-110278.0842,-109196.1806,-102163.8072,-102434.2831,-2.65571252827631,-5.10597777415813,-4.64554566797925,1.29737261643744,-0.0235758722247112,0.177738956949483,-1.07046712495249,-0.383949299437106,-0.137289741971387,0.289298283186227,1.07788337137375,0.528325734717842,-0.328778686520455,-0.272617781158764,-0.056927528398959,-0.147015396228795,1.12392687390656
73.6631032218782,-102975.2349,-110278.0842,-109196.1806,-102163.8072,-102434.2831,-1.81046637087755,-3.60292982563121,-5.16639649571742,1.3821747244962,-0.0624672102180028,0.624294545971232,-0.557657565117921,-0.496092653796204,-0.0696492933237991,0.41703672531991,0.622170197090282,0.0612224184716643,-0.197998954772122,-0.279632066243926,-0.0289663083424943,-0.31153232071518,0.392979058584713
73.6906318031006,-102975.2349,-110278.0842,-109196.1806,-102163.8072,-102434.2831,-0.875789939601546,-2.1417570577362,-5.3800126182517,1.28273624793236,-0.342731844686341,0.942047121293825,-0.143656860284217,-0.56199150563679,-0.0372010123904332,0.415848246734974,0.270216860704853,-0.312314757531355,-0.109566869143346,-0.264216780354376,0.0338975219308513,-0.336392228072029,-0.0185658487473059
73.7409140164727,-102975.2349,-110278.0842,-109196.1806,-102163.8072,-102434.2831,-0.412861329131999,-1.23543444947461,-5.12990703638528,0.981609968116572,-0.846222373551214,1.06041385436178,0.0728183953065624,-0.506414163899656,-0.0399536865154104,0.323922149303684,0.0922638208539812,-0.513915587533328,-0.143524890689586,-0.228095740789133,0.129321719289559,-0.216893153518434,-0.21568405960158
73.739607338461,-102975.2349,-110278.0842,-109196.1806,-102163.8072,-102434.2831,-0.348714741811733,-0.794879209391311,-4.61328673977964,0.540237346401852,-1.42917142699794,1.06648033025153,0.168394539098536,-0.374431043487363,-0.0684877433066475,0.183537389124808,0.0210410877162444,-0.607341298974731,-0.255962862579008,-0.175807663518581,0.243118321081435,-0.0457212201952899,-0.311800052942962
73.7401546384626,-102938.1572,-110149.9976,-109081.5768,-102136.8416,-102403.9468,-0.477975071856363,-0.615456171777538,-4.05874078056166,0.0618300526192002,-1.9258405892744,1.0285999611191,0.208679125987487,-0.234394873971851,-0.110940152948473,0.0393010114256001,0.000127690285894655,-0.649709355963506,-0.381916806861279,-0.115902812296028,0.350457583727831,0.105023080919402,-0.358899974914353
80.9995994483313,-102938.1572,-110149.9976,-109081.5768,-102136.8416,-102403.9468,-0.60892313920985,-0.492095795492077,-3.59233721240369,-0.378302189442849,-2.22002972126145,0.989281781149479,0.233526629900062,-0.125510459101001,-0.157101022233121,-0.0661926321472137,-0.00907168426314309,-0.677015960406037,-0.482081561475858,-0.0549645182912384,0.428004712571585,0.210311855978361,-0.403454609286586
81.0215263954417,-102938.1572,-110149.9976,-109081.5768,-102136.8416,-102403.9468,-2.37066562918692,-1.4876685628511,-3.20197282969315,-0.751598497387675,-2.24931276643736,0.542781768513215,0.050097436905574,-0.0148880604054114,-0.177980381173604,-0.0687029641163051,0.0430155102329577,-0.599819237151918,-0.554809912967696,0.00523554997420006,0.46412345239463,0.27102194017251,-0.77562017979584
81.018570035192,-102938.1572,-110149.9976,-109081.5768,-102136.8416,-102403.9468,-2.20793085007843,-0.99511445879449,-3.27339029486197,-1.21581569917591,-2.19183845133534,0.430572362342339,0.113248830773379,0.0229051081361931,-0.222531919408631,-0.17010447184051,-0.0552824334941062,-0.686204535230585,-0.539314412754407,0.0872061483768898,0.482958366656805,0.274896928388486,-0.775699075837499
81.0130582481422,-102938.1572,-110149.9976,-109081.5768,-102136.8416,-102403.9468,-1.70952873368506,-0.387672318628347,-3.27906608059774,-1.71761696355681,-2.12465307392515,0.370745455903887,0.173440478404643,0.0518654638248393,-0.276976736458415,-0.254827497921042,-0.127312557498283,-0.748400501219753,-0.522975338266602,0.174707650648406,0.469179327704605,0.265580920076403,-0.743015850275382
81.0250382471036,-102938.1572,-110149.9976,-109081.5768,-102136.8416,-102403.9468,-1.34462374710628,-0.027850402789781,-3.15121505548805,-2.22385769035645,-2.04635995562099,0.315342337971138,0.199817282625524,0.0719748377021006,-0.334544532748282,-0.295463667400711,-0.159578189736043,-0.770956214343296,-0.50858435619936,0.259552909184932,0.425912567496058,0.255029078874294,-0.713187587035504
81.0119264338541,-102938.1572,-110149.9976,-109081.5768,-102136.8416,-102403.9468,-1.17350904462812,0.0780362778512682,-2.95296494043195,-2.68897440847181,-1.92397257540381,0.262406541634029,0.201671567168773,0.0780319022376474,-0.386449242885625,-0.295844478941262,-0.166134490113198,-0.767651138980898,-0.487826798583021,0.333799517274207,0.360557197434631,0.241849408726488,-0.67593481115081
81.033142231281,-102938.1572,-110149.9976,-109081.5768,-102136.8416,-102403.9468,-1.14220262509355,0.0154404487080342,-2.77391955080765,-3.05265105985355,-1.75009731388781,0.215763846580863,0.190992755042792,0.068523264896136,-0.420964666819202,-0.273692032221348,-0.15917499047993,-0.75137922367088,-0.45633410051208,0.387633496621105,0.284808102728564,0.223278608131373,-0.625767222602153
81.0180596101477,-102938.1572,-110149.9976,-109081.5768,-102136.8416,-102403.9468,-1.1788712752671,-0.128435972805519,-2.65448599724594,-3.27620249002369,-1.54812274399778,0.177183161010419,0.175008482976942,0.0484448267363504,-0.430072540783975,-0.247088000956339,-0.147003570498946,-0.730261259766835,-0.417175407221814,0.414776415168258,0.210997960513847,0.19923718623177,-0.570081446906793
81.0287846518947,-102938.1572,-110149.9976,-109081.5768,-102136.8416,-102403.9468,-1.23721710516905,-0.296124471486323,-2.6114269695466,-3.33896346398068,-1.34223175047438,0.147828808078984,0.159247854881286,0.0221039344757372,-0.41072195004984,-0.226795468751092,-0.133883489637799,-0.709226306540252,-0.373746824004287,0.412872062437397,0.146353263166,0.171371278501496,-0.514636523110191
80.9998168024331,-102938.1572,-110149.9976,-109081.5768,-102136.8416,-102403.9468,-1.29607483063084,-0.462798495785478,-2.63120934359993,-3.25943236813839,-1.15228090955426,0.126056061746716,0.144488271115172,-0.00622127188285049,-0.368852316295779,-0.216919946129522,-0.121605390378937,-0.689667046670006,-0.330074169825471,0.386984611123203,0.0938390629441561,0.142080896823664,-0.4644078871526
80.9848771982123,-102938.1572,-110149.9976,-109081.5768,-102136.8416,-102403.9468,-1.33959960685654,-0.608006783242601,-2.698747905302,-3.07267361384694,-0.99259518321405,0.111690525817281,0.132909810000776,-0.034326016607551,-0.314029059796745,-0.218312320454181,-0.111343154802369,-0.673253558163412,-0.288374417831127,0.345266280117358,0.0537499656078131,0.113362271014694,-0.418724667708537
80.9986778728563,-103273.8607,-111309.7006,-110119.2058,-102380.9896,-102678.6133,-1.36791596153623,-0.731313201144303,-2.7913458193979,-2.82308321199744,-0.867097834668201,0.0975603421433817,0.108171628008947,-0.075352806244517,-0.262605656140266,-0.235255731941862,-0.0988485490867599,-0.645029487252778,-0.237262352151818,0.300315800869521,0.0283595452778207,0.0866787963546329,-0.33779051582426
81.0078344345409,-103273.8607,-111309.7006,-110119.2058,-102380.9896,-102678.6133,-1.38091825274627,-0.83975632866175,-2.87953196303962,-2.55177878345775,-0.773389575818172,0.0935596497727005,0.103915059861144,-0.0950093423682858,-0.206963296295598,-0.246489929331247,-0.0929414827660897,-0.633895205232862,-0.20599184473836,0.250987999380999,0.00643634233819435,0.062576792707226,-0.300528231951224
81.0221881303255,-103273.8607,-111309.7006,-110119.2058,-102380.9896,-102678.6133,-1.38760980674996,-0.932855858983757,-2.97400961810705,-2.27885933455656,-0.712576071643795,0.0915347935897159,0.0981543014171322,-0.113260277022157,-0.160103646979138,-0.265908269265672,-0.088153240795642,-0.624015527694142,-0.178823353940982,0.205112038944555,-0.00753489799091778,0.0414697803499493,-0.268443066528753
81.0753472283326,-103273.8607,-111309.7006,-110119.2058,-102380.9896,-102678.6133,-1.38915140657157,-1.01255620773027,-3.06337613497604,-2.02207567263974,-0.677272089527364,0.0908390876307408,0.0923149522151903,-0.129031030309179,-0.122376372582991,-0.290265539784862,-0.0843271647158326,-0.6154255130993,-0.155949464909047,0.164869239760693,-0.0157873435414624,0.023447060760283,-0.237377439106904
81.0640011584869,-103273.8607,-111309.7006,-110119.2058,-102380.9896,-102678.6133,-1.39046254785438,-1.08586439104003,-3.14411383819271,-1.79086727310954,-0.663945119868359,0.0901102075427858,0.085729572816625,-0.142273955530669,-0.093438900395185,-0.317674309654763,-0.0810401807240868,-0.607333393802837,-0.136965232931695,0.130847314485068,-0.0197117772660651,0.0083327236108488,-0.206914287067815
81.0207577355864,-103273.8607,-111309.7006,-110119.2058,-102380.9896,-102678.6133,-1.38408231928486,-1.14311977224475,-3.21556264561002,-1.59041164828888,-0.669567970314802,0.0909105876505052,0.0811316401534441,-0.153315786983725,-0.0725756318504338,-0.347165077395211,-0.0787579616897227,-0.601076481060626,-0.121244409902681,0.102959280697592,-0.0203398640029031,-0.00401109128274157,-0.17641897533422
80.9966241636396,-103273.8607,-111309.7006,-110119.2058,-102380.9896,-102678.6133,-1.36961805799704,-1.18341828458423,-3.27646112700029,-1.4224384897979,-0.690920210818447,0.093519104722219,0.0788052833780881,-0.1622857283988,-0.0587337428031276,-0.377374705038179,-0.0774507993848872,-0.596802334384309,-0.108489909776385,0.0806997504032163,-0.0185115499026143,-0.0137715854738616,-0.147840584163892
81.0069226670622,-103273.8607,-111309.7006,-110119.2058,-102380.9896,-102678.6133,-1.35282287097381,-1.21405002760685,-3.32569405025988,-1.28361814136915,-0.722050610515993,0.0968589855822373,0.0772919902815801,-0.169234285892465,-0.0504714903253358,-0.40687231691016,-0.0766551479553281,-0.593608100211646,-0.0985085184929466,0.0631167656379739,-0.0151135413130237,-0.0210558401058023,-0.122900838956026
80.9702660507404,-103273.8607,-111309.7006,-110119.2058,-102380.9896,-102678.6133,-1.33836895869788,-1.24161585560057,-3.3643830144468,-1.17362574674709,-0.761059787590682,0.0998012925674345,0.0753684262052587,-0.174444801815653,-0.0469311763616815,-0.435228682865123,-0.0759928395959568,-0.590662657297307,-0.0909022669253217,0.0496788408874558,-0.0105511965565708,-0.0260199580968745,-0.100957659035803
72.3792476836886,-103273.8607,-111309.7006,-110119.2058,-102380.9896,-102678.6133,-1.35244208430603,-1.29231139720659,-3.39446468521199,-1.08810965658475,-0.803947380182237,0.10111720435247,0.0721928204724094,-0.178413309445673,-0.0471702386614865,-0.46239465313532,-0.0734084261368784,-0.586239620418795,-0.0851835578898139,0.0395682570700941,-0.00533599722478617,-0.0288303265515921,-0.0760232255545885
72.3938995889048,-103273.8607,-111309.7006,-110119.2058,-102380.9896,-102678.6133,-0.792558040924405,-0.707618626947365,-3.43686571546981,-1.02674099775504,-0.850352184745944,0.298173973502884,0.333787675123872,-0.185109761020698,-0.0529499137930003,-0.490339832239258,-0.109100567706419,-0.698170818014328,-0.0796747124843962,0.0321894455112588,0.000162382102852687,-0.0295929212435908,0.0328483142495966
72.3879390581293,-103273.8607,-111309.7006,-110119.2058,-102380.9896,-102678.6133,-0.979445480431863,-0.898992197644617,-3.35513911018739,-0.900416927369164,-0.817634702406536,0.424567950800231,0.405732635054335,-0.169986264162624,-0.0493157755810358,-0.448765407622993,-0.0812047459680594,-0.712211281677556,-0.105107047114565,0.0151967124454702,-0.00287925178907811,-0.0233174846498514,0.0100493741077603
72.4097461202033,-103257.8271,-111254.3118,-110069.6474,-102369.3288,-102665.4949,-1.62757546738044,-1.58217748160446,-3.30713743633925,-0.714551504927968,-0.697853501011309,0.480704480787452,0.362054896714923,-0.149158044938211,-0.0392778075030904,-0.359695696877637,0.00635498862752515,-0.647083741134064,-0.144832149032395,-0.00977932403899096,-0.0132075776772587,-0.00826738627677059,0.0718630144891979
72.37200941246,-103257.8271,-111254.3118,-110069.6474,-102369.3288,-102665.4949,-2.30293066608904,-2.31317785940877,-3.37350023719145,-0.474408639595154,-0.501990048103806,0.489410119076879,0.254603494487661,-0.134370760456555,-0.0237409182661565,-0.240228622601677,0.125789036728098,-0.53784114060738,-0.186144079049551,-0.0405098501025059,-0.0284047071439768,0.00968725757137179,0.206151652352718
72.335575673339,-103257.8271,-111254.3118,-110069.6474,-102369.3288,-102665.4949,-2.70077872371637,-2.78511780814584,-3.58159601186242,-0.194062422611793,-0.264903283344296,0.492579385303415,0.142388960527697,-0.131774444374031,-0.00229284398832874,-0.10401613021115,0.235566000073824,-0.433346862595384,-0.2207190282105,-0.0745884074825351,-0.0451908936938874,0.0224675092849793,0.336614616768273
72.364334420668,-103257.8271,-111254.3118,-110069.6474,-102369.3288,-102665.4949,-2.77075137114247,-2.9467228306078,-3.86525532751541,0.111808516576559,-0.0182270801765299,0.517887687475763,0.0591779866731699,-0.140830511196782,0.0249393536803524,0.0381349645710145,0.309190308792906,-0.36228495509294,-0.246862700566316,-0.109698983036411,-0.0607320989643552,0.0263071536872204,0.4040953862987
79.6148597942325,-103257.8271,-111254.3118,-110069.6474,-102369.3288,-102665.4949,-2.38576967648949,-2.65522162610417,-4.15262319989755,0.423049248672427,0.202696056615466,0.614007278001758,0.0596002025414322,-0.155824870144677,0.0595212689057902,0.179480926921684,0.302442752701841,-0.371251400921749,-0.264111849579902,-0.14313899337849,-0.0718106366976727,0.0226156314794181,0.315034380888246
79.6240938935481,-103257.8271,-111254.3118,-110069.6474,-102369.3288,-102665.4949,-3.16094828594579,-2.99240095595488,-4.30307120774425,0.709207648798909,0.354560663250467,0.415321049513899,-0.075822113038285,-0.146447047206351,0.110014780670724,0.322074076500428,0.269856015369893,-0.367058584594922,-0.282703965986007,-0.170801696122728,-0.0733899511145284,0.0225186469103846,-0.192298506732312
79.6096334129472,-103257.8271,-111254.3118,-110069.6474,-102369.3288,-102665.4949,-2.78978499579497,-2.34230628532914,-4.58894631704861,0.816470481009191,0.343200298820975,0.405130107163131,0.00883484463251705,-0.167728733250676,0.131019987608404,0.291567602332407,0.129898274611349,-0.494667459041178,-0.251821165303229,-0.169850869293188,-0.045582251024612,0.0193329941283054,-0.373245618736565
79.6148694691726,-103257.8271,-111254.3118,-110069.6474,-102369.3288,-102665.4949,-2.17197888551212,-1.55627183085066,-4.75508641595172,0.771553215164118,0.114437547505432,0.413968574958339,0.105672529340119,-0.18022417330328,0.129683458719676,0.180796797358369,0.0137553195283191,-0.605928866440244,-0.225093832183678,-0.151623152882783,0.00166137279964462,0.0255342956705036,-0.4259778920333
79.6107734585432,-103257.8271,-111254.3118,-110069.6474,-102369.3288,-102665.4949,-1.72686393679336,-1.01403872698342,-4.67062157113493,0.587421757309698,-0.276587543149148,0.399740301537669,0.16256779491907,-0.161316035558301,0.111144732930633,0.0443163679617626,-0.0517612957623965,-0.668036214728472,-0.229908447780636,-0.121092450701292,0.0586325935991174,0.0524075878423531,-0.432116922065829
79.6200270304705,-103257.8271,-111254.3118,-110069.6474,-102369.3288,-102665.4949,-1.49077280251348,-0.72624964869155,-4.42793501455,0.297101579408547,-0.719304627574616,0.370892468156612,0.188160549866289,-0.127540968639153,0.0803948138031885,-0.0860921054842763,-0.0822097743227794,-0.695337951271649,-0.251473432752435,-0.0824253736479341,0.113842475571052,0.089032176461032,-0.418366547381025
82.3483151740166,-103257.8271,-111254.3118,-110069.6474,-102369.3288,-102665.4949,-1.41297712066753,-0.627313122451753,-4.12348667438214,-0.0658129513395806,-1.11334348040317,0.336158353248216,0.193890611900912,-0.0945311571776628,0.0412841022643278,-0.192474948548494,-0.0918936576494724,-0.701661437102824,-0.27436122593407,-0.0387554607143454,0.157016455345509,0.124243583120418,-0.391706575464955
82.3651489375831,-103257.8271,-111254.3118,-110069.6474,-102369.3288,-102665.4949,-1.75511629313834,-1.0609586924212,-3.83456053517533,-0.46648142011577,-1.3879277398145,0.214243685582858,0.099003400566815,-0.0701001414491245,-0.00165598495029684,-0.264935196513775,-0.0677679134575735,-0.641999376018674,-0.289245480668028,0.00713136466222952,0.181030501382756,0.15085136470897,-0.379867298049794
82.3785658626445,-108573.9676,-129619.1608,-126501.3544,-106235.6128,-107015.0644,-1.65896500972543,-1.05010342067941,-3.6452699149288,-0.920499496857687,-1.57561341378499,0.0680804305328877,-0.182742817002705,-0.337518251570124,-0.147965109501101,-0.453847890126681,-0.00850413643944492,-0.394166577002389,-0.0512095053439992,0.111389935165719,0.251835872093551,0.16773730517145,0.324163520914631
82.361325882446,-108573.9676,-129619.1608,-126501.3544,-106235.6128,-107015.0644,-1.28205680957936,-0.859765739837115,-3.36569014315776,-1.40289708868222,-1.80917950347377,0.072332887207935,-0.105044297792418,-0.27787573393951,-0.170167228107132,-0.418214585517546,-0.0492967387264527,-0.41745867033854,-0.0598467182326279,0.154982709096502,0.233293911354933,0.163088471556954,0.348222455175852
82.3851514452813,-108573.9676,-129619.1608,-126501.3544,-106235.6128,-107015.0644,-0.939601541503137,-0.668659335197134,-3.10423062333969,-1.8477484778376,-1.92717621022437,0.0773473184263409,-0.0656873728747485,-0.244294052067758,-0.211881312722277,-0.410969658143195,-0.0820473177457699,-0.432192922288217,-0.0635640589594322,0.193670676626763,0.211382856538022,0.15297981425136,0.283689372649143
82.3476461667163,-108573.9676,-129619.1608,-126501.3544,-106235.6128,-107015.0644,-0.710275866025214,-0.567432213600384,-2.84617721012839,-2.21139128987393,-1.96609447338741,0.0763714295224247,-0.0504682170355082,-0.223474696736453,-0.251160739413187,-0.416895218182681,-0.102932000440781,-0.435823235635767,-0.0655654162555939,0.223616718837953,0.187253624963996,0.141152211664156,0.227117911905864
82.316081492065,-108573.9676,-129619.1608,-126501.3544,-106235.6128,-107015.0644,-0.584997402261834,-0.548190239012797,-2.61134823287041,-2.47229133975688,-1.94848382035951,0.0717745442191884,-0.0468806747044752,-0.211022512814722,-0.28015372696396,-0.429223257297785,-0.11433745333458,-0.432394336565975,-0.0650439846791493,0.242269747469447,0.162455279484828,0.12852343244009,0.195840234889078
82.3255582745694,-108573.9676,-129619.1608,-126501.3544,-106235.6128,-107015.0644,-0.52382558367843,-0.573838744777134,-2.408801529282,-2.6391624768932,-1.89363737756091,0.0660524464978351,-0.048359921965158,-0.203934237366745,-0.298480127440079,-0.44466417591476,-0.120130875777245,-0.425894505669144,-0.0623623219527367,0.25058140945725,0.138705432706175,0.115390745965364,0.18134238631297
82.3402029980079,-108573.9676,-129619.1608,-126501.3544,-106235.6128,-107015.0644,-0.51085098454142,-0.63278272314227,-2.2486293148455,-2.71675024497604,-1.81323233660194,0.059073280991278,-0.0534986793889303,-0.200969864792697,-0.30670904457002,-0.461422980664231,-0.121928127405127,-0.417206565955869,-0.0574688043265625,0.249306265765984,0.116843691689031,0.102121373017027,0.176557821750993
82.3703066625712,-108573.9676,-129619.1608,-126501.3544,-106235.6128,-107015.0644,-0.526747235751742,-0.70830424481359,-2.13776110936969,-2.71562352377626,-1.72084233423941,0.0517426862891881,-0.0602065737755382,-0.201624772026378,-0.306682044704758,-0.479309796250504,-0.121328894931644,-0.407736182869539,-0.0502130141886168,0.240060863137773,0.0977129418771259,0.088958056988993,0.177908236671176
82.354967428315,-108573.9676,-129619.1608,-126501.3544,-106235.6128,-107015.0644,-0.554485317450968,-0.786362318951333,-2.06427375381718,-2.65878513600855,-1.62427018489512,0.044655202094404,-0.0673661217955797,-0.204308768694482,-0.301706620020255,-0.497882915487644,-0.119654549891796,-0.39846274730144,-0.0418139939310975,0.225863212064644,0.0814501159375045,0.0761110775816931,0.181811970958204
82.3310083577094,-108573.9676,-129619.1608,-126501.3544,-106235.6128,-107015.0644,-0.582245097989656,-0.855625572205824,-2.02902657665449,-2.55826161680953,-1.53520234319188,0.0391871031318018,-0.0729004774339188,-0.208990833035209,-0.293622448969344,-0.517505096760317,-0.117801247336389,-0.390603285612992,-0.0321607753479698,0.208359294820661,0.0684793744846908,0.0637948239574513,0.187968571970656
82.2986074664689,-108573.9676,-129619.1608,-126501.3544,-106235.6128,-107015.0644,-0.605038313863275,-0.912614870681253,-2.01633381027771,-2.43236272983307,-1.45458231583416,0.0354632626977462,-0.0767845074988003,-0.214283761695533,-0.284604549422227,-0.53724673686007,-0.116179478439326,-0.384318936447754,-0.0225333243848576,0.189674514023442,0.0582801048912303,0.0522355041303015,0.193724944968764
82.3730348875242,-108573.9676,-129619.1608,-126501.3544,-106235.6128,-107015.0644,-0.621085259406641,-0.956432268438945,-2.02093696288139,-2.29223506692415,-1.38717078870367,0.0334096107684871,-0.0790945448000926,-0.219823399654693,-0.275802185573085,-0.556879583986813,-0.114960553441491,-0.379602772832423,-0.0132515079256836,0.170973737752656,0.0507489808801194,0.0416113501729569,0.198677411277497
82.3717162743331,-153620.3668,-285233.9944,-265735.6792,-138996.6304,-143871.2092,-0.653037917521857,-1.01525802109848,-1.98517697740684,-2.05665358869577,-1.25124724586965,-0.686927870766425,-2.07929751960161,-2.2135819681374,-1.08698041054585,-1.41740108141811,0.392089057378004,1.25131593340911,1.44844127847915,0.538597499859471,0.458584583497067,0.00791373121253258,4.58507452017599
82.3351084157273,-153620.3668,-285233.9944,-265735.6792,-138996.6304,-143871.2092,-1.73927743007714,-1.0204468550547,0.934908627469568,-2.10060303296623,-1.79692899159201,-0.455138095541912,-1.08478594305161,-1.55909682470174,-0.882874821899918,-0.678343413434902,-0.0686841959596853,1.05974391569527,0.954856300172429,0.444483249584741,0.294168182013588,-0.168990277583774,4.57340239869184
82.3075094091513,-153620.3668,-285233.9944,-265735.6792,-138996.6304,-143871.2092,-2.27128235469945,-0.988453099132073,1.8959335242922,-2.05323614745623,-2.03233779974693,-0.455544818573649,-0.448595690327075,-1.20379331382348,-0.713991159375958,-0.346283749598754,-0.162313853160435,0.934304350945943,0.804819188739101,0.382748186206221,0.222634572653849,-0.194152581157752,3.07201511631075
82.3349583491415,-153620.3668,-285233.9944,-265735.6792,-138996.6304,-143871.2092,-2.43287308543988,-0.951843549287275,2.15004612412361,-1.96299937560117,-2.19936158293369,-0.479645136850621,-0.0468558883176584,-0.957746251020581,-0.560730844256327,-0.156565835976835,-0.162312792895336,0.854054909396579,0.778582578302658,0.332724101291219,0.185481773872863,-0.232985150794811,1.81935072937068
82.3383824979475,-153620.3668,-285233.9944,-265735.6792,-138996.6304,-143871.2092,-2.51912870313173,-0.933067341282594,2.30397517007549,-1.85773529771515,-2.33149911391972,-0.499560419242705,0.201227951545256,-0.728876752407288,-0.417775716846393,-0.0276564969922504,-0.153221972006393,0.805225953122001,0.769553440413576,0.289208135725311,0.163424929702823,-0.273005712128295,1.02925248978021
82.3670599239392,-153620.3668,-285233.9944,-265735.6792,-138996.6304,-143871.2092,-2.57415424172878,-0.920999293573431,2.46019670988284,-1.7492978370294,-2.43671482288185,-0.513037515288907,0.354908115337878,-0.501301722282335,-0.28446986426399,0.0659171813961663,-0.145761494075279,0.775259541316649,0.759769999876931,0.251699001216534,0.149775220938737,-0.300858612362411,0.579338682153782
82.3307507969631,-153620.3668,-285233.9944,-265735.6792,-138996.6304,-143871.2092,-2.6180845798286,-0.917493325271522,2.63318905043307,-1.64430023117441,-2.5193471378489,-0.523242218616119,0.448421348387541,-0.272504399528316,-0.160746117986605,0.13592505358465,-0.140316070048607,0.757586054895369,0.746697978145032,0.220098154850783,0.141359444829642,-0.318641538502206,0.345979517715353
82.3118460857058,-153620.3668,-285233.9944,-265735.6792,-138996.6304,-143871.2092,-2.63185262997818,-0.900674830042789,2.81726465807051,-1.54658052553104,-2.58373225869721,-0.527481771092241,0.509911455402175,-0.0431245271226217,-0.0466001868674724,0.188790964657883,-0.13712466565244,0.744810353257023,0.731398239301047,0.194171990715314,0.136436032877549,-0.330765485368872,0.244544970677925
82.3313137323823,-153620.3668,-285233.9944,-265735.6792,-138996.6304,-143871.2092,-2.6393346827055,-0.887351393116347,3.01770548808661,-1.45563340976508,-2.63065111998419,-0.529279024933629,0.549299592852059,0.187597525664778,0.0584465019647382,0.229156396310948,-0.13531865019611,0.736577918900664,0.712980819692496,0.173186247067254,0.133737648958061,-0.340345106542635,0.217819389737079
82.3798806151655,-153620.3668,-285233.9944,-265735.6792,-138996.6304,-143871.2092,-2.65548318600291,-0.887454682069361,3.22728724938014,-1.3728936475402,-2.66311771996837,-0.531855813411084,0.571922557105701,0.418552087678428,0.154547089211299,0.259597086019632,-0.133699652042613,0.732701183278709,0.692685989948565,0.156680679779676,0.132635479889305,-0.347939557645809,0.233195602491554
82.3588731908581,-153620.3668,-285233.9944,-265735.6792,-138996.6304,-143871.2092,-2.67799924281505,-0.89654575275884,3.43657456372014,-1.29701351830299,-2.68412102023487,-0.535974412940234,0.582985902022664,0.648450705756694,0.24226172239571,0.281930785285212,-0.132023240397575,0.731698091823754,0.672198905316171,0.144002089470852,0.132709006121494,-0.355255132775717,0.273028034190579
82.3493654082338,-153620.3668,-285233.9944,-265735.6792,-138996.6304,-143871.2092,-2.68249279385593,-0.894533188602935,3.6405780135813,-1.22928764584987,-2.69803805923566,-0.537380645228787,0.59169737573179,0.876309066131753,0.321669200427202,0.297163825390584,-0.130859469635639,0.730081947417325,0.65244406337188,0.13472465545425,0.133759727135221,-0.362714071865113,0.329505088417649
82.3698515504097,-135675.7621,-223243.5418,-210270.5374,-125946.0088,-129189.2599,-2.68138205456523,-0.888690631237381,3.84246312272326,-1.18072822331719,-2.71171633957552,-0.238646381959882,1.40651782628554,1.92016842248479,0.709481336079214,0.651908991410174,-0.32557095528193,0.122146554809952,0.0921301662933454,-0.0107446726924612,-0.0185437748750581,-0.362046588792616,-1.24260426369899
82.3571954001503,-135675.7621,-223243.5418,-210270.5374,-125946.0088,-129189.2599,-2.32375715210524,-0.827621154960397,2.87965970662235,-1.23223798166187,-2.66776550692592,-0.30868139043487,0.790853226058921,1.60894450677954,0.517649806823535,0.426994614469265,-0.179321227791517,0.237699132353075,0.248181589959168,0.020951829888036,0.0321342787583614,-0.31413956773531,-1.17848349865681
82.386460051803,-135675.7621,-223243.5418,-210270.5374,-125946.0088,-129189.2599,-2.16626850291307,-0.81866793629159,2.4305176449337,-1.27858567850811,-2.58147786597887,-0.332247503695612,0.449060182759567,1.38990177329289,0.372409703960223,0.281954438952376,-0.122429780273519,0.304025475850767,0.314971973946941,0.0421694975566671,0.0638729778516343,-0.299386026462557,-0.499101709785297
82.3458915670461,-135675.7621,-223243.5418,-210270.5374,-125946.0088,-129189.2599,-2.08318142504329,-0.833723181184553,2.1914392593077,-1.32027014769574,-2.4840035642447,-0.337949302494565,0.256381109719825,1.22592162321948,0.259706456746173,0.18412185773726,-0.0996637759114447,0.343154375890033,0.346623185466894,0.0574724726952875,0.0845324884915626,-0.277259646573029,0.0490480285651422
82.3517983392618,-135675.7621,-223243.5418,-210270.5374,-125946.0088,-129189.2599,-2.02182329589004,-0.841838797286698,2.05086765611198,-1.35830005951985,-2.38943557357456,-0.334684759480183,0.150860960071512,1.09925829916197,0.170822587185484,0.116441682373022,-0.0916380738905012,0.364580251555624,0.362680047760679,0.069193479207011,0.0981468400477576,-0.253831078816447,0.397921272709016
82.3601872206367,-135675.7621,-223243.5418,-210270.5374,-125946.0088,-129189.2599,-1.98256145320586,-0.851914048625147,1.96432143864499,-1.39271934512962,-2.30268033429275,-0.329922885839217,0.0913321441259924,1.00009342086309,0.100068930541894,0.0694934478951907,-0.0896023699277559,0.377142045107209,0.37074516071288,0.0784637247523012,0.10699882923561,-0.233948448685553,0.595380149840642
82.3836817905786,-135675.7621,-223243.5418,-210270.5374,-125946.0088,-129189.2599,-1.95928715738512,-0.863907277209421,1.90566173273952,-1.42395838863861,-2.22627779236414,-0.325837190634893,0.0570801310680693,0.92111718802434,0.0432313154770938,0.0368151678879372,-0.0896682944893927,0.384907027772925,0.375179581819971,0.0860070306498248,0.112619537896702,-0.217168152844941,0.69869562884981
82.3781831769985,-135675.7621,-223243.5418,-210270.5374,-125946.0088,-129189.2599,-1.94790385108661,-0.877331456337302,1.86154363164978,-1.45242004457133,-2.16097040485309,-0.323367182017222,0.0362650834778933,0.85732009266188,-0.00274446996689903,0.0141680547301632,-0.0902822983830875,0.390147751718231,0.378107656385266,0.0922622461764384,0.116032480213268,-0.202900132896552,0.74710124034196
82.3735174062568,-135675.7621,-223243.5418,-210270.5374,-125946.0088,-129189.2599,-1.93833164650582,-0.885912701105866,1.82453122787732,-1.47904286813454,-2.10696646774015,-0.321218670658709,0.024632392124424,0.804994279357402,-0.0402565768630438,-0.00149960194242738,-0.0910614804758696,0.393167351837747,0.380659179123605,0.0975667360774861,0.117965804113709,-0.192068700850506,0.765958690355484
82.3386406030653,-135675.7621,-223243.5418,-210270.5374,-125946.0088,-129189.2599,-1.93091826531031,-0.891745048115965,1.79353275290569,-1.50387602939935,-2.06299846611941,-0.319477485466344,0.0181141873095356,0.761915989308157,-0.0709986504261906,-0.0120681746146545,-0.0917752948943191,0.394948078583747,0.382874387394323,0.102070021644544,0.118880608442987,-0.183825176908989,0.768187792755386
82.3564187041319,-135675.7621,-223243.5418,-210270.5374,-125946.0088,-129189.2599,-1.91920541725318,-0.889806756041651,1.76754899461375,-1.52692928754246,-2.0276560078747,-0.316889356608186,0.0163457076470621,0.726332700966957,-0.096290309741768,-0.0189599797506617,-0.0926352294522661,0.395135081753635,0.384793471961958,0.105891497574596,0.119115310182899,-0.177280341061596,0.761604148787798
82.3292505186757,-135675.7621,-223243.5418,-210270.5374,-125946.0088,-129189.2599,-1.91629481418389,-0.893227263651383,1.7480096057068,-1.54791006767249,-1.99881048701235,-0.315828126520373,0.0141701937791154,0.697253992976243,-0.117077106815181,-0.0230047855404081,-0.0931419459913807,0.395862405451089,0.386047752665816,0.109082394996129,0.118878203716452,-0.172044315950345,0.749152475739006
82.3152336345895,-131028.0223,-207187.7134,-195904.7962,-122565.8344,-125386.5637,-1.90707388921808,-0.888130609155681,1.72871011455113,-1.56948848114969,-1.97750388124028,-0.241292283819078,0.216878049092585,0.872125858340532,-0.0620051485066995,0.0539193672953289,-0.145859871269502,0.229192020334362,0.23854095358028,0.0743081730105906,0.0766684039225576,-0.16658243647565,0.289474724090629
82.3279244596706,-131028.0223,-207187.7134,-195904.7962,-122565.8344,-125386.5637,-1.84778514512162,-0.883995485825224,1.35599391026651,-1.60921005285374,-1.92287393259272,-0.25845613811633,0.0744319369190123,0.684216232916135,-0.133554799123459,-0.0137982019585223,-0.115441333405271,0.256764108095729,0.293398580635815,0.0853870456714687,0.0890699352846196,-0.151962557457672,0.27483642403115
82.3306086249183,-131028.0223,-207187.7134,-195904.7962,-122565.8344,-125386.5637,-1.80127220570684,-0.890944140946402,1.12175988758045,-1.6409161766591,-1.8802989521013,-0.263927441720433,-0.00314855917105206,0.543070015036172,-0.184986526419522,-0.0539571656196642,-0.100572777654671,0.272565995664964,0.326015400293507,0.0930990372029443,0.0958930162503409,-0.143331685910361,0.406955291716637
82.3639471255773,-131028.0223,-207187.7134,-195904.7962,-122565.8344,-125386.5637,-1.76507328509072,-0.900562547140922,0.973900323065621,-1.66718062115963,-1.84864806572186,-0.26398428426198,-0.0454432110496654,0.436886324228773,-0.222430302491389,-0.0772127778696827,-0.0936944567156226,0.281677428402353,0.345217248664349,0.0986869969854456,0.0993816066406257,-0.135360525944421,0.52018149614554
82.3194573730701,-131028.0223,-207187.7134,-195904.7962,-122565.8344,-125386.5637,-1.74307555248176,-0.915351085763376,0.880197522946489,-1.68960527403064,-1.82590255931704,-0.26303680388024,-0.0703782640269992,0.356799039847353,-0.25004092393327,-0.0902853744854397,-0.0906339928250721,0.287825999432814,0.356326354975555,0.102904455146819,0.100938272811248,-0.127819574232227,0.589805188847857
82.3367180376372,-131028.0223,-207187.7134,-195904.7962,-122565.8344,-125386.5637,-1.71873860277491,-0.919774697452638,0.818227967958052,-1.70965179918295,-1.81082081526003,-0.259674053180284,-0.0819092284468965,0.29578973997463,-0.270798197666451,-0.0976583238992603,-0.0898960001109634,0.290461208070728,0.362993037523255,0.106270516047679,0.101465047769916,-0.121267722521253,0.62713050417331
82.36043124949,-131028.0223,-207187.7134,-195904.7962,-122565.8344,-125386.5637,-1.70567813054807,-0.928059624361367,0.779325079315029,-1.72733660431531,-1.80070072883844,-0.257355626886934,-0.0893913675017188,0.249594287942919,-0.286512945762979,-0.101417559588732,-0.0898569686478867,0.292632369245419,0.366496226573619,0.108960403082865,0.101417501351497,-0.115764616640774,0.641357390894413
82.3420963346383,-131028.0223,-207187.7134,-195904.7962,-122565.8344,-125386.5637,-1.70160963853647,-0.939657611508707,0.752944195765295,-1.74339068477622,-1.79470469705934,-0.256357823091065,-0.0951030863481606,0.214210172748508,-0.298649037412886,-0.103372713752563,-0.0899062873865004,0.294738685171663,0.368489894818654,0.111206568156444,0.101141635543785,-0.111444101891514,0.644332780353732
82.3377997425108,-131028.0223,-207187.7134,-195904.7962,-122565.8344,-125386.5637,-1.69532830281517,-0.944920169373475,0.732689568596271,-1.75841324862671,-1.79238574665509,-0.254883875482264,-0.0975111765024153,0.18669226179685,-0.308241764186953,-0.104591678756535,-0.0902304623725247,0.295655180477909,0.369946885862429,0.113159829187604,0.100836697689076,-0.10824643930107,0.642984782810601
69.9590945942789,-131028.0223,-207187.7134,-195904.7962,-122565.8344,-125386.5637,-1.76547220278852,-1.04104018867231,0.717589992112323,-1.77231085419156,-1.79248891648891,-0.26031332495819,-0.110240190867437,0.164377258965715,-0.316628014356937,-0.106087745904922,-0.0846401343494232,0.30643186756919,0.370780262040545,0.114772981723254,0.100491353342822,-0.105959822306055,0.654740034354127
70.0664004126115,-131028.0223,-207187.7134,-195904.7962,-122565.8344,-125386.5637,-0.703461542215663,-0.69157788818741,0.639666823274311,-1.78527926295905,-1.79522670449647,0.0850986684521686,0.529087899120427,0.120006057256276,-0.337863174588463,-0.122292635868206,-0.0811970275177509,0.161632044299417,0.376116438518368,0.114914412919551,0.0989967372648097,-0.104997121841023,0.963713783164629
69.9277995832096,-131028.0223,-207187.7134,-195904.7962,-122565.8344,-125386.5637,-1.22738668442099,-1.84659044742337,1.05820161424295,-1.66404958332811,-1.59475777634185,0.259474922432183,0.58795450621939,0.148053409029117,-0.350817997860688,-0.0781452140860139,0.0301892031523696,0.324794555117088,0.267836706729379,0.0930949282852243,0.0833455686698594,-0.0706377901342705,0.951122475848235
69.976945664672,-122604.3697,-178087.8226,-169868.0518,-116439.5416,-118494.4843,-1.83522684650042,-2.84196234011085,1.50977830322974,-1.41176064597235,-1.21831689384841,0.513124765866863,0.913651767247167,0.6156384066675,-0.201676479604025,0.167606096919222,0.0874057793030865,0.209119844758681,-0.16132740934159,-0.011623323180382,-0.0147431005299425,0.00787135498686098,-0.00135533641106811
69.9946847692383,-122604.3697,-178087.8226,-169868.0518,-116439.5416,-118494.4843,-2.34132407578446,-3.34443768090445,1.08106188810683,-1.09841306535328,-0.725679108858358,0.389365637625829,0.276591537225521,0.404913539850696,-0.294595397616426,0.178569979974199,0.360368411281502,0.529771769788367,-0.194889750881189,-0.0428106949752192,-0.0200277358078151,0.11653510212269,-0.0686937824115237
69.9514407587769,-122604.3697,-178087.8226,-169868.0518,-116439.5416,-118494.4843,-2.11934277764657,-3.17965206809411,0.519801506892634,-0.689334119030903,-0.228782825924995,0.346067723505065,-0.0827129547443306,0.225559951092499,-0.327954522682361,0.247382245343303,0.509866359889017,0.676301506489354,-0.194756577406507,-0.0834218994626761,-0.0277331122758571,0.132678431120112,0.146045279836917
69.9936326699279,-122604.3697,-178087.8226,-169868.0518,-116439.5416,-118494.4843,-1.41072173055196,-2.59178498318241,-0.0853123720798408,-0.252850024470916,0.195083548236795,0.421674675597359,-0.203942026014893,0.0591239198148372,-0.320636946176066,0.346088446782147,0.522367816331747,0.672705296159639,-0.145186968048085,-0.124657439588037,-0.0300538848997876,0.0694623477510135,0.252369210659694
65.7091478737184,-122604.3697,-178087.8226,-169868.0518,-116439.5416,-118494.4843,-0.977029672443805,-2.3011365647269,-0.620470858828597,0.128077979149992,0.468595755286827,0.415255478115135,-0.367133465303716,-0.120979550715667,-0.314262935918165,0.430576430470104,0.541943077419373,0.69827653779544,-0.0661622684602783,-0.160673312958,-0.0246736033207566,-0.00496639909948726,0.423499032958619
65.7195430424843,-122604.3697,-178087.8226,-169868.0518,-116439.5416,-118494.4843,0.0636765510568438,-2.12686842726393,-1.15122937134556,0.370807473977791,0.545532923222979,0.33176324528791,-0.52036796375296,-0.423365694271205,-0.383439613549612,0.419684559044221,0.665789441298518,0.786965553640746,0.0115094646897931,-0.189684423993733,-0.017851336833125,-0.0772560994739919,1.03179002938366
65.681693212208,-122604.3697,-178087.8226,-169868.0518,-116439.5416,-118494.4843,0.497025677939817,-2.12351243203571,-1.59361432231664,0.486192170418775,0.444535882404679,0.0208742370182264,-0.870843655526215,-0.784519920964961,-0.495697836573392,0.387770970540664,0.812336145649813,0.881020864132862,0.0669971934362841,-0.21756253258436,-0.0205519094775535,-0.117171878525532,1.17064224272538
65.6631354885328,-122604.3697,-178087.8226,-169868.0518,-116439.5416,-118494.4843,0.88822335582978,-1.73602413859888,-2.11007281138554,0.398754801615894,0.157821646595153,-0.185158203870827,-1.00253091037878,-1.15897528202854,-0.624930964911293,0.333884897983651,0.833150974769962,0.822635459630741,0.145632332232737,-0.230320157325699,-0.0227877952388642,-0.22267484964739,1.02802026058594
65.7254645610085,-122604.3697,-178087.8226,-169868.0518,-116439.5416,-118494.4843,1.15034059110337,-1.22120442247716,-2.63573262640736,0.129343298698885,-0.272775995949246,-0.305855711336442,-0.980018823685597,-1.52860078418033,-0.784809517818168,0.203669633493519,0.788568230061871,0.69469871391837,0.225805495282641,-0.225627229062678,-0.0238836873799428,-0.352609625674916,0.8470033592079
65.6872046218618,-122604.3697,-178087.8226,-169868.0518,-116439.5416,-118494.4843,1.27798988044046,-0.742317824125109,-3.03765880749528,-0.324551858464517,-0.812858847220042,-0.378383115397341,-0.888973105389219,-1.8415409935041,-0.997614612756806,-0.060438854825378,0.725106382766068,0.555685756215678,0.271667495371711,-0.199529086930861,-0.024161418966123,-0.447095157043258,0.692841694431543
74.8748036186402,-122604.3697,-178087.8226,-169868.0518,-116439.5416,-118494.4843,1.37598699400422,-0.32212327187159,-3.27787166895041,-0.876189490158694,-1.38183377484964,-0.412045176799126,-0.76285376015872,-2.07142508640823,-1.26645510552424,-0.474334739571191,0.662004581209288,0.425886672127982,0.27607296581837,-0.156485773148318,-0.0310031081494313,-0.492431706295513,0.568382777160725
74.8609023092566,-122604.3697,-178087.8226,-169868.0518,-116439.5416,-118494.4843,-1.60394335427735,-1.26892486124443,-3.1910039306255,-1.41132180830814,-1.91494828039248,-0.344378818017624,-0.420401338587872,-1.68699111905257,-1.15152022110102,-0.411331931539543,0.452799695685233,0.318172772850662,0.40827361387633,-0.0425843148765939,0.0767249662030567,-0.472424460263326,-0.291754028026478
74.8561994176932,-122120.3554,-176415.7732,-168372.0076,-116087.5312,-118098.4726,-1.09835750203055,0.344996848039273,-2.81905722962823,-2.16611426751656,-2.32911529070208,0.342689215497721,0.358994332416344,-0.957327632207374,-1.04371183224439,-0.486303589517149,0.00186975245396193,-0.129029359794032,0.44213988034536,0.153296156279151,0.298431756465339,-0.570886455152383,-0.354494966078516
74.8690425186422,-122120.3554,-176415.7732,-168372.0076,-116087.5312,-118098.4726,-0.742242297897434,1.18403308868105,-1.89113005453198,-2.64872823771704,-2.48165882846949,0.53943712392725,0.503751095770141,-0.284942561727775,-1.0389049449639,-0.670404399521864,-0.158654499599807,-0.285617239241211,0.233723306205904,0.310358832209884,0.469089590207026,-0.528970122580745,-0.252098471568024
74.8969461492228,-122120.3554,-176415.7732,-168372.0076,-116087.5312,-118098.4726,-0.851330056727491,1.21360976474207,-0.933771539454824,-2.68150249287173,-2.1363594359549,0.530760715975312,0.419692122884292,0.181731965836242,-0.934253779937173,-0.541710584370158,-0.162124149959335,-0.275398506767411,0.00753557003686423,0.387021131030637,0.527233833095549,-0.448209153191343,-0.158064470344096
74.8280418443907,-122120.3554,-176415.7732,-168372.0076,-116087.5312,-118098.4726,-1.11618693697734,0.938244048039493,-0.321782853989319,-2.53808265160382,-1.4002572402043,0.477671240555495,0.302333502641318,0.391660615086835,-0.79149710980645,-0.153628236173475,-0.120657020908327,-0.216784057848732,-0.125307467917849,0.416503073690764,0.475978663415965,-0.399567117085525,-0.106189726570195
74.843766244849,-122120.3554,-176415.7732,-168372.0076,-116087.5312,-118098.4726,-1.33553543332167,0.635797698716772,-0.0770467323223301,-2.42011232357048,-0.546766206235802,0.434740890350945,0.210651541658613,0.428482437035896,-0.672845059688051,0.280018008644134,-0.077126391576404,-0.158290747536199,-0.174851884157607,0.432119451188719,0.361852944591987,-0.379023966356982,-0.0699989008143937
74.8123819270403,-122120.3554,-176415.7732,-168372.0076,-116087.5312,-118098.4726,-1.49408687568098,0.368704490102544,-0.0294492363781274,-2.32512856681878,0.216965648549476,0.406072258436616,0.145374397439326,0.392324127867234,-0.5710058136521,0.635051200507796,-0.042714990371338,-0.109767985222873,-0.183879726963694,0.438325386678518,0.238334561458357,-0.36821240348462,-0.0500977972314089
74.8189488204936,-122120.3554,-176415.7732,-168372.0076,-116087.5312,-118098.4726,-1.57621066767378,0.169795417604632,-0.107395899725873,-2.17697475990074,0.805502214832401,0.394149601243726,0.105432524083902,0.32487808786496,-0.460665153434455,0.882717239684411,-0.019571759148568,-0.0745929739459927,-0.169736875415091,0.425505706720472,0.13511026887319,-0.363634810072078,-0.0300548980216284
74.851525249073,-122120.3554,-176415.7732,-168372.0076,-116087.5312,-118098.4726,-1.62152298739332,0.0124015717099155,-0.219334177830206,-1.93535703398442,1.21399978305392,0.391035593794903,0.0794712528625467,0.25804368876657,-0.328386410424955,1.04262343412736,-0.00385665597692375,-0.0473762908179221,-0.149358060674871,0.390207932443819,0.0603833260347493,-0.360896236155128,-0.0161134544720429
74.8616160035362,-122120.3554,-176415.7732,-168372.0076,-116087.5312,-118098.4726,-1.65548544874778,-0.120155491522965,-0.326347113747204,-1.62361903704925,1.47653491276893,0.390955680868622,0.0605412595919788,0.202909604046162,-0.184369769467018,1.14017560017191,0.00752848266012407,-0.0248982163096687,-0.129590803920941,0.339263490209861,0.0105286156955313,-0.356948045121761,-0.00508535113438491
74.870156574626,-122120.3554,-176415.7732,-168372.0076,-116087.5312,-118098.4726,-1.67575749554193,-0.224634245822259,-0.418253954782401,-1.28584830048909,1.62814519690195,0.393660607909126,0.0480816766320586,0.160455459493306,-0.0448447197782684,1.19386554909751,0.015439346043483,-0.00726277494840133,-0.112304148496083,0.282298426407334,-0.0201800175520606,-0.349984764016639,0.00818553223260921
74.858064383952,-122120.3554,-176415.7732,-168372.0076,-116087.5312,-118098.4726,-1.68477226188507,-0.303324275972315,-0.491522015982483,-0.961368428939409,1.6964171726319,0.398057087735324,0.0404459021517667,0.129133261214825,0.0782435916346174,1.21697082754695,0.0204463775947774,0.00593275420340911,-0.0982482738054253,0.227287341470827,-0.0366578914449232,-0.339196806502194,0.0234717345904834
74.8829168607466,-122120.3554,-176415.7732,-168372.0076,-116087.5312,-118098.4726,-1.68135076200792,-0.358346869840304,-0.546071264953923,-0.674587455458152,1.7097875347294,0.404222062075092,0.036983983294796,0.10694868123754,0.179521033572279,1.2204796928346,0.0232062079371311,0.0152584702559193,-0.0875351927646983,0.178852030594786,-0.043716566217352,-0.324207661776349,0.0412498661565319
67.2102639217452,-134725.7713,-219961.7554,-207334.2022,-125255.1064,-128411.9947,-2.29652978170527,-1.12361163948896,-0.597849326777876,-0.425912218879247,1.69464325142506,-0.109468410207022,-1.0777293222723,-0.942427151258812,-0.31319844276031,0.593673488102596,0.285434858153355,0.685460935086678,0.352294517768499,0.204526920132958,0.0352709052832485,-0.327684363160976,1.55949499023047
67.2598325382347,-134725.7713,-219961.7554,-207334.2022,-125255.1064,-128411.9947,-1.77025157158657,-1.97860290265129,-0.403407674371934,-0.0984130185899232,1.2889861675216,-0.101786658934756,-0.753910534682859,-0.946185658094521,-0.0442175216674201,0.554837881565561,0.408594647933191,0.81669218098447,0.280892961403393,0.132850553560502,-0.029736098752053,-0.44936170845466,2.49440194121873
67.2395905695589,-134725.7713,-219961.7554,-207334.2022,-125255.1064,-128411.9947,-1.45208234088753,-2.53405411271031,-0.23271086031933,0.333118184917979,1.23817797110061,-0.365673517147044,-0.967574633158151,-1.12907156139276,0.0269455922555437,0.397445288773845,0.587095139282117,0.980669594580479,0.185802211640746,0.0346391996336646,-0.103584492841059,-0.526763077211591,2.28880849841248
67.249942741693,-134725.7713,-219961.7554,-207334.2022,-125255.1064,-128411.9947,-0.645480090579966,-2.09976254525311,-0.389575304956821,0.841027665577158,1.28138481497986,-0.470103255760783,-0.969801480595706,-1.37231613968825,0.0766193741862793,0.245662870271147,0.603350237353711,0.925223191696642,0.164564090066494,-0.0531396294955608,-0.160230031029503,-0.578404145391531,1.73020202453622
67.3111109736365,-134725.7713,-219961.7554,-207334.2022,-125255.1064,-128411.9947,0.146955565693361,-1.29886453533818,-0.643703020034721,1.34783210805077,1.23944899795165,-0.443853313329875,-0.77869548705948,-1.55750004879455,0.137169143405593,0.0986835980210969,0.527822231061644,0.768613630332404,0.187766226074727,-0.121737039905493,-0.199107535193333,-0.577807238001299,1.20944285516711
67.254767923473,-134725.7713,-219961.7554,-207334.2022,-125255.1064,-128411.9947,0.659968532034725,-0.543403087494994,-0.792961905215606,1.74904404423648,1.01751623160513,-0.396291394724088,-0.532893113044508,-1.61964238537772,0.17788150582831,-0.0967297628413135,0.442578711814305,0.604657978163043,0.208572382388078,-0.168361093047728,-0.223908089320104,-0.522166962728946,0.848122651102074
70.5115225339142,-134725.7713,-219961.7554,-207334.2022,-125255.1064,-128411.9947,0.967727573137978,0.0611542414546022,-0.767932034960168,1.97250113543814,0.633663244007877,-0.363668850940471,-0.299480068681937,-1.55332216072349,0.16297369022751,-0.379632610215026,0.377458906641033,0.464133307261091,0.202023723396929,-0.192827838708298,-0.240126244580402,-0.43757850447448,0.62846185456095
70.5130422632115,-134725.7713,-219961.7554,-207334.2022,-125255.1064,-128411.9947,0.230313581168133,0.180648453015635,-0.504122612734832,1.98719304648509,0.155526825132156,-0.281291507033174,0.000550964965725598,-1.16891976703526,0.260880072028087,-0.508024233398125,0.262928053472787,0.352250651576308,0.217594931974552,-0.163931006283778,-0.206875170688888,-0.337742269958234,0.243994225148754
70.5170915305312,-134725.7713,-219961.7554,-207334.2022,-125255.1064,-128411.9947,0.594826332356774,0.96897385620737,-0.0409049069895673,1.65053514421149,-0.334834158879545,0.0647837926753496,0.474170770500983,-0.582360490483701,0.29537868902964,-0.654351850809753,0.0818527813446193,0.156537675041347,0.212828715729295,-0.0820537496851941,-0.129078490558626,-0.273423579015201,0.10808525946517
70.5263335413977,-134725.7713,-219961.7554,-207334.2022,-125255.1064,-128411.9947,0.876393733123933,1.39043464310366,0.6648979409986,1.18371523225744,-0.71355277231541,0.252283795191651,0.689148217733525,0.0104184588097596,0.20404950569376,-0.859402764811421,-0.0117660652037861,0.0616448006993489,0.123911958669973,0.00363996979635361,-0.0646989166548537,-0.175629720591367,0.103299856114273
70.518223517917,-134725.7713,-219961.7554,-207334.2022,-125255.1064,-128411.9947,0.939511066222039,1.47612995832759,1.38906567499096,0.751929565743538,-0.868801854267957,0.310952012277298,0.727228378749942,0.503172625091324,0.0659469012400393,-0.998379488443447,-0.0369269805027712,0.0443119030595955,0.00811221769190862,0.0740984959986668,-0.0298159778958924,-0.0760385273084552,0.154232819810954
70.5027786467276,-134725.7713,-219961.7554,-207334.2022,-125255.1064,-128411.9947,0.926466845292197,1.44581897137,1.95048806786028,0.441816858900381,-0.801544576594225,0.323674196018054,0.707431349661732,0.85593309639431,-0.0479542389761747,-1.01455256489518,-0.0373888058147416,0.0534870394276741,-0.0844342561383895,0.123051922079164,-0.0204060039350442,-0.00944185482942572,0.213915556759527
70.5652899735483,-125124.6512,-186794.2496,-177658.0128,-118272.4736,-120556.5328,0.90939947932894,1.39888829388909,2.31437976175472,0.293550923288393,-0.578813475418855,0.707323682745098,1.54949028664689,2.17380597510905,0.670462431346387,0.0260523544725828,-0.144251530892951,-0.303010329304697,-0.385432444560378,0.184970577990088,0.0380953067071124,0.0661961691811328,-0.358824607283356
88.0463982812657,-125124.6512,-186794.2496,-177658.0128,-118272.4736,-120556.5328,1.04051688590383,2.05699799204818,1.49056035986597,-0.0538612996757166,-0.00741802016698045,0.742334773727656,1.32320537404789,1.45164755243707,0.177536276262522,0.0723038681095645,-0.126324367249653,-0.337533324782167,-0.277629956775264,0.200357043433242,0.0503201968929896,0.216934984894507,-0.499538955166202
88.0007900816049,-125124.6512,-186794.2496,-177658.0128,-118272.4736,-120556.5328,-4.51457193317803,-1.79847764464398,1.55059575055991,-0.0216497790162578,0.41092230309377,-0.277695479788598,0.818195475452619,1.6515847995552,0.572259264482874,0.794169855614641,-0.122082892113549,-0.0796421078135943,-0.18874730739733,0.339013841038321,0.194067848586693,0.318394458279762,-1.8121299872544
88.0187922461471,-125124.6512,-186794.2496,-177658.0128,-118272.4736,-120556.5328,-1.810520465173,0.789213676561445,0.379239794509374,-1.20985627709874,0.0560750173233373,-0.19556031708651,0.562767665525172,1.60176380366813,0.305080691508053,0.575396781939517,-0.35262601059734,-0.234235324424416,-0.00130122590521076,0.51547836017342,0.367471196826486,0.338954539572825,-1.07464229213969
87.9895704681343,-125124.6512,-186794.2496,-177658.0128,-118272.4736,-120556.5328,0.195449592246462,2.20873602275999,0.507960060247953,-2.36524988217252,-0.586021362302546,-0.209718222134981,0.244889990261726,1.45967096893987,0.073820004278268,0.4887278163906,-0.396807790001191,-0.21540689538632,0.00359712334502316,0.622913563979248,0.386663789064278,0.30828976329353,-0.525570897216314
88.0354362724809,-125124.6512,-186794.2496,-177658.0128,-118272.4736,-120556.5328,1.19860863872712,2.61160553515566,1.22310763756079,-3.18153720925012,-1.064543757764,-0.242695418186884,0.0197962549308386,1.19819329042267,-0.00583846638965468,0.544176384106891,-0.38225144972598,-0.153121639923974,0.00814339393689023,0.638814795587012,0.275479627870064,0.249349856218721,-0.24865984861691
88.0355203533021,-125124.6512,-186794.2496,-177658.0128,-118272.4736,-120556.5328,1.64189327921521,2.53536711874195,1.93590995578184,-3.52278694309359,-1.29306475993238,-0.269605120464767,-0.121785901263941,0.915963535409986,0.051089811155471,0.564789449100992,-0.355428626258118,-0.0896175824888024,0.0379295216898665,0.559632664451584,0.137108748908274,0.184055351972937,-0.131894683844479
88.0794521292422,-125124.6512,-186794.2496,-177658.0128,-118272.4736,-120556.5328,1.83088559951959,2.30055332662705,2.44728708096108,-3.4454864054985,-1.32309834701914,-0.285954903122388,-0.207115370174883,0.666711164448586,0.16299394562251,0.501492022513325,-0.330570719318322,-0.0367355380733521,0.0778789434892564,0.422336392285215,0.0305604216650082,0.126361658897416,-0.076425205100481
88.0397213945209,-125124.6512,-186794.2496,-177658.0128,-118272.4736,-120556.5328,1.90518779198456,2.0341099885505,2.7562742241217,-3.11519509910136,-1.23597151656935,-0.295334268317177,-0.261117531112745,0.464510716823177,0.255393369215632,0.383827172120675,-0.31084980760529,0.00572160995109572,0.116588202640825,0.279666763674707,-0.0359600655459944,0.0824366302252102,-0.0316729385385681
88.029616108772,-125124.6512,-186794.2496,-177658.0128,-118272.4736,-120556.5328,1.94527496531863,1.80213517217823,2.9521351889733,-2.67739625926085,-1.07174984880402,-0.298257898048831,-0.293879892302357,0.310161223179428,0.301541136807167,0.249826832133813,-0.296849848839506,0.0375142637372476,0.147119250195631,0.162612571880175,-0.074846726144238,0.0532928714791794,0.00874780298991418
88.0383470333088,-125124.6512,-186794.2496,-177658.0128,-118272.4736,-120556.5328,1.96782398367526,1.60818844142841,3.07285348234895,-2.2102435252268,-0.871194183000057,-0.297951862955998,-0.315358153443206,0.195166763204575,0.306276813617103,0.119560281064821,-0.287179754092755,0.0618063375576432,0.169735617055146,0.0770803281069856,-0.0962258879951117,0.0371120721459732,0.0404400194758647
88.0209001033368,-125124.6512,-186794.2496,-177658.0128,-118272.4736,-120556.5328,1.98119614965445,1.44981782588363,3.14254171701157,-1.75849273638104,-0.667869742235027,-0.296238777121673,-0.330572756638709,0.110588023460338,0.281546832395492,0.00102609648990892,-0.280644100076494,0.0806589158911235,0.186104839848356,0.0191807961025403,-0.106596653305704,0.0301959434535988,0.0626569947511157
88.0397717686369,-126159.8205,-190370.289,-180857.627,-119025.324,-121403.4895,1.99074586271236,1.32342097640048,3.18531515421375,-1.33413226004471,-0.470293550384966,-0.304977585359993,-0.375379756154906,0.0160361430053086,0.225078703761824,-0.116217435208476,-0.266686958699932,0.127044056395892,0.226619443514542,-0.00914445824847743,-0.101652043896766,0.0311225904985619,0.164790728000491
88.0311387174694,-126159.8205,-190370.289,-180857.627,-119025.324,-121403.4895,1.98004671221294,1.22009835459887,3.26967695409841,-0.954972302024004,-0.304836105180499,-0.3011159967906,-0.365443479706805,-0.00519493757159495,0.187537372089693,-0.1930690215341,-0.267835683899346,0.13506494917335,0.224661928393896,-0.0345188457338379,-0.104355269273623,0.0341064248550182,0.170541144335337
75.5918818724031,-126159.8205,-190370.289,-180857.627,-119025.324,-121403.4895,1.96697526279584,1.13545801371143,3.32047230253764,-0.613102296734723,-0.155592657872816,-0.298572138195425,-0.362420928477341,-0.0212239728151431,0.140870468014143,-0.261527455864226,-0.268233284919515,0.142448212121619,0.224021903089529,-0.0499932325024246,-0.104169401549467,0.0397866591001588,0.155959446821379
75.591301063408,-126159.8205,-190370.289,-180857.627,-119025.324,-121403.4895,3.01024279377887,1.96395930037235,3.3387015157076,-0.314271294424941,-0.0320059763715079,-0.0396139318026414,0.148239006070568,-0.0358709991857893,0.0890593425417023,-0.323062336693368,-0.305003375326741,-0.0426832259355909,0.224733679864625,-0.0587185323074864,-0.102100060916414,0.0456631718902472,0.19897169267813
75.5736428089993,-126159.8205,-190370.289,-180857.627,-119025.324,-121403.4895,2.77063890090537,1.51705976909832,3.64196574298788,0.0437193524609683,0.167125113364847,0.151650434393964,0.36214264882689,0.0065051656611459,0.0537339995617714,-0.329438617885458,-0.305378582485246,-0.0894076762447114,0.162437346070938,-0.0745968742782497,-0.106645334942605,0.0491244537882594,0.0377996466420232
75.6013003371968,-126159.8205,-190370.289,-180857.627,-119025.324,-121403.4895,1.62105927058055,0.239687331224587,3.90602486868812,0.448474831982409,0.417481449673176,0.264233267191116,0.382583175322509,0.0731949888283054,0.0312507535789734,-0.299259248971154,-0.254521038534604,-0.0202358473313859,0.0755666237352293,-0.0965487483909615,-0.115170447974642,0.0575661997800196,-0.0207823632025388
75.6118252217606,-126159.8205,-190370.289,-180857.627,-119025.324,-121403.4895,0.224934693438826,-1.12730730487336,3.97104386314487,0.894333681692103,0.699077815083669,0.307513168858037,0.290541625057244,0.145474584680386,0.02053468123475,-0.246186427418166,-0.164503537362457,0.116127387108561,-0.0136231489903564,-0.123471900901523,-0.125328587329686,0.068054772235655,0.0277214178518825
75.6095939885336,-126159.8205,-190370.289,-180857.627,-119025.324,-121403.4895,-1.00622916610148,-2.16409694928301,3.76881280619122,1.3657084278662,0.982603408607758,0.301876308445948,0.157310174373897,0.209102930047209,0.0201492569113242,-0.182229152049302,-0.056524448814828,0.265732235729595,-0.0882940813436877,-0.153298779767772,-0.13428039108893,0.0779770783188098,0.125583568452228
75.6295396881416,-126159.8205,-190370.289,-180857.627,-119025.324,-121403.4895,-1.82747245071305,-2.67211422491914,3.29911828986627,1.83888555648144,1.22714737120882,0.284650815660235,0.0527306026350871,0.253841222710427,0.0292031099530305,-0.116755571572959,0.0354093778821278,0.372139561399435,-0.13479176653424,-0.183529113683511,-0.138695319133218,0.0784788777457308,0.194197988425438
75.6215197749863,-126159.8205,-190370.289,-180857.627,-119025.324,-121403.4895,-2.24604188280072,-2.7397976824156,2.65663873239293,2.29084376359708,1.40302314167846,0.280422134797995,0.00345191061165906,0.276690935163657,0.0461781041207701,-0.056640707986638,0.0914114381754971,0.417957187790281,-0.147871770246218,-0.212116559894427,-0.136134255600282,0.0648797082455275,0.204026220228416
75.610900380606,-126159.8205,-190370.289,-180857.627,-119025.324,-121403.4895,-2.37334886026719,-2.53990034770403,1.95395040297295,2.69330084125407,1.4889801659334,0.295590619954361,0.00326638704889604,0.278854242005721,0.0678146865495322,-0.00727882404579816,0.111599019941862,0.415474732935659,-0.129179510740494,-0.237139288682144,-0.124921856000323,0.0413106382136803,0.177775582304173
75.6215133123924,-126159.8205,-190370.289,-180857.627,-119025.324,-121403.4895,-2.34075543822567,-2.22654365580078,1.29671918061975,3.01183141777489,1.47247717196007,0.321892998003094,0.0305167920399541,0.267553087197996,0.0901340823838055,0.028808176166855,0.107952705182641,0.386544282032867,-0.0884135596619271,-0.256732399224802,-0.104210126501539,0.0176962650364345,0.147661973320274
75.6394269266166,-123458.1589,-181037.2762,-172507.0366,-117060.4792,-119193.0391,-2.25481096524067,-1.90411833690519,0.776667274866398,3.21792524840708,1.37045044448824,0.409179249105875,0.225793523329934,0.399338928771222,0.149697755486322,0.0986627070255395,0.0554372709718765,0.226290373246115,-0.142814905423316,-0.288862090004492,-0.0976434916882534,0.00584018647190732,-0.173416459465646
75.615223401556,-123458.1589,-181037.2762,-172507.0366,-117060.4792,-119193.0391,-2.24993879293733,-1.62719251956919,0.222754252724002,3.26649917315348,1.18128804248514,0.395175039644471,0.155142095713884,0.317760019491068,0.128246987828867,0.0850101621969586,0.0650593532855153,0.211793747943127,-0.0766247978835461,-0.28918152973778,-0.0557893317708693,0.0143672832187036,-0.167182757006435
75.6075649446031,-123458.1589,-181037.2762,-172507.0366,-117060.4792,-119193.0391,-2.20532001800213,-1.40406069354168,-0.197218401001081,3.18125345469069,0.920890679377635,0.391514224092006,0.126014394979769,0.252201124793672,0.114398928848018,0.0775304742840319,0.0656612446957867,0.192787169943596,-0.0201376615054167,-0.282160277887331,-0.0102006295281201,0.0222855208746893,-0.0323475580983725
75.606755692512,-123458.1589,-181037.2762,-172507.0366,-117060.4792,-119193.0391,-2.15052411696648,-1.22850351728883,-0.468734456243965,2.94454614171129,0.600852888869852,0.391554928774283,0.114844352302129,0.207543279065156,0.0995407426733479,0.0781514879260286,0.0619839335011267,0.173972902467845,0.0183204323459565,-0.266100244735537,0.0376892378181921,0.0280984632994716,0.102145596661792
75.6156214640203,-123458.1589,-181037.2762,-172507.0366,-117060.4792,-119193.0391,-2.10014516474986,-1.0931252701799,-0.623677626260033,2.57984228246721,0.256170061584854,0.391697246482387,0.110221817524227,0.180190046712347,0.0795884418870116,0.0886544628850672,0.0568005213613203,0.157226457680343,0.0400455945007518,-0.241265592674481,0.084985939357533,0.0314960574328964,0.203715988827632
75.5785425974099,-123458.1589,-181037.2762,-172507.0366,-117060.4792,-119193.0391,-2.06134942945118,-0.991530783312129,-0.704382148721692,2.13581124152188,-0.0802750311045486,0.389940515507739,0.106517040380005,0.163455596503816,0.0538672297560865,0.108860790720037,0.0515642829634491,0.143173490092716,0.0501593436595749,-0.209531453269605,0.129085118805349,0.03415719751154,0.269596651564628
75.6214026216618,-123458.1589,-181037.2762,-172507.0366,-117060.4792,-119193.0391,-2.01728413920287,-0.903242597443523,-0.735857727554659,1.65847472939505,-0.374784719686261,0.389740058777328,0.105735337748584,0.153579377716547,0.0233470464373653,0.138028029295228,0.0457497446445529,0.129836229478846,0.0521683215544777,-0.1730662275303,0.167332443802019,0.0373186147033522,0.30317979090432
75.5557299472652,-123458.1589,-181037.2762,-172507.0366,-117060.4792,-119193.0391,-1.9990684234849,-0.847729623113537,-0.734998422771028,1.19217855956853,-0.602916647270277,0.384685088211825,0.100003176345723,0.148149395453693,-0.00921487071506277,0.175822491734884,0.0415890072228478,0.120559252027091,0.0487375611713943,-0.13470482780454,0.197651068635736,0.0423880805888288,0.305194763135919
75.6024020069341,-123458.1589,-181037.2762,-172507.0366,-117060.4792,-119193.0391,-1.96327493275642,-0.787802615028596,-0.721552837850595,0.768423013908389,-0.747467058487175,0.384045076820421,0.0993720433499945,0.144391872271854,-0.0411597012089899,0.22109796827597,0.0367036824517868,0.110444741214054,0.043328456837386,-0.0969065190665894,0.218296523325947,0.049278285366853,0.287338772636893
75.5834753372179,-123458.1589,-181037.2762,-172507.0366,-117060.4792,-119193.0391,-1.95328390390408,-0.755027230115175,-0.696179654350971,0.403144556010034,-0.806586347774243,0.378989622760095,0.0936889560904035,0.142776231509771,-0.0696421670603016,0.274651252447534,0.0336309783475044,0.104197079180808,0.036128957106774,-0.0616170509308978,0.228786033981975,0.0581955747606102,0.246408360476742
70.2098325850725,-123458.1589,-181037.2762,-172507.0366,-117060.4792,-119193.0391,-1.94624949431135,-0.732053690543495,-0.672790322570492,0.0944972168394287,-0.79155934068838,0.374313406767897,0.0883724128140386,0.140948762060077,-0.0944495255759392,0.333200077874324,0.0316839420436192,0.0996356753908532,0.0295501487924494,-0.0292909633771052,0.230074790356001,0.0679892125650454,0.199969485922898
70.1894667676115,-123458.1589,-181037.2762,-172507.0366,-117060.4792,-119193.0391,-0.711497060649947,-0.104322778498485,-0.678752187330005,-0.162919360304556,-0.714083804936081,0.642765474286882,0.375554473438505,0.108579790524644,-0.133134815915767,0.373539004599408,-0.00126747368670266,0.0182124222714508,0.0229464235988934,-0.00214504761400436,0.219750797608409,0.0769131815584743,0.356497790604589
70.1887569638106,-125201.8129,-187060.8082,-177896.5126,-118328.5912,-120619.6651,-0.572951554074422,-0.608102922300773,-0.369160402728014,-0.279002912344524,-0.4751886207886,0.623518030145867,0.121296107707813,-0.0385394503790693,-0.220589577974089,0.403027336935956,0.132928940448454,0.252638793857814,0.0156843786087548,0.0177469959633798,0.198291173210704,0.126038140242684,0.572103305134466
70.1841376828083,-125201.8129,-187060.8082,-177896.5126,-118328.5912,-120619.6651,-0.546838359143663,-1.11281929021507,-0.0929394552129565,-0.269099317565534,-0.151835017031331,0.57114659930248,-0.0560966908618923,-0.0426862713024647,-0.224563310512444,0.540025028265802,0.248399320753494,0.414801443843259,-0.0526336775008907,0.00927535443417771,0.142444261883503,0.169174524371279,0.581387541245794
70.248099266309,-125201.8129,-187060.8082,-177896.5126,-118328.5912,-120619.6651,-0.304333964640335,-1.15962832997525,-0.0923619791766583,-0.207725310661061,0.200646163417318,0.542480298084079,-0.16439946105389,-0.0881951724461487,-0.231629456067502,0.66844466463904,0.298535749650561,0.476586935927894,-0.0635774349177303,-0.00226092434633562,0.0907416956116998,0.180675156652725,0.443066632474629
70.1961966814302,-125201.8129,-187060.8082,-177896.5126,-118328.5912,-120619.6651,0.0492887260852228,-0.907193428064971,-0.253219221224697,-0.134468571549078,0.47281351903068,0.562410437794512,-0.172700285048336,-0.144629619187938,-0.234822865596158,0.772519780187274,0.281579510499355,0.452873598440794,-0.030629834809655,-0.010612427776991,0.0534720238921578,0.164212902844078,0.275549877190363
70.1569075367495,-125201.8129,-187060.8082,-177896.5126,-118328.5912,-120619.6651,0.403838843527723,-0.545992883418606,-0.418121183742315,-0.0873073623452001,0.604518334244162,0.605168189801134,-0.122421249650415,-0.181454021772019,-0.241357043443223,0.827966730517872,0.234687406776688,0.390688424100479,0.0119135200018734,-0.0120044813765379,0.0349198287188028,0.146080769972642,0.156408814649639
86.1918723295909,-125201.8129,-187060.8082,-177896.5126,-118328.5912,-120619.6651,1.08256576430917,0.2673833586028,-0.512077204831002,-0.0836948937371886,0.60664551615389,0.791248614341697,0.135041479506015,-0.139919536496322,-0.220047745109092,0.87339985518431,0.100657757142371,0.217551971113533,0.056351701692209,-0.000208888189938694,0.0408865249035344,0.138021697927904,-0.0780761350156123
86.220959404522,-125201.8129,-187060.8082,-177896.5126,-118328.5912,-120619.6651,-4.34634011396929,-2.42768725524968,-0.00856138092331094,-0.146224380575049,0.516259544183271,-0.136117107053209,0.0690930566640091,0.449335960197182,0.0671494156331605,1.22190926155383,0.0335426241318717,0.227240365431955,0.0826435588787287,0.065435536793824,0.132974798675238,0.185539903883196,-1.64796795366331
86.2060407415915,-125201.8129,-187060.8082,-177896.5126,-118328.5912,-120619.6651,-2.82194682336598,-0.395904071194238,-0.774912935075918,-0.966221180721263,-0.140341833012656,-0.131959033534471,0.156531181103276,0.678534120185326,-0.0353669936072691,0.85432367179277,-0.218297415425287,-0.0375172233208243,0.206558982905614,0.206788049468313,0.299056438596597,0.0453524718175657,-0.973429329475128
86.1826182258434,-125201.8129,-187060.8082,-177896.5126,-118328.5912,-120619.6651,-1.11157546930644,1.03004449477996,-0.864209098047624,-1.88662096842641,-0.995707588450273,-0.154643247098129,0.0703293190032284,0.774832373774991,-0.192824982057914,0.516516020886144,-0.301087091570942,-0.111178651732725,0.195367850615961,0.338291224304526,0.396772630598976,0.00816533046153722,-0.567974193060577
86.1251596902178,-125201.8129,-187060.8082,-177896.5126,-118328.5912,-120619.6651,-0.111973622544852,1.57730963083567,-0.34978178087735,-2.74212510752821,-1.63028773077333,-0.194466021635478,-0.0356880719937109,0.731029777763389,-0.325186572081734,0.376630396358635,-0.309080433865971,-0.100371260509021,0.159172415934863,0.441799923890885,0.380368197484403,0.00639349302952041,-0.354925586314895
86.1446437134917,-125201.8129,-187060.8082,-177896.5126,-118328.5912,-120619.6651,0.400785496021058,1.64705329892064,0.35428988249619,-3.46191844046696,-1.94728855554169,-0.227119942644151,-0.116791551703024,0.608804250921203,-0.41660718006186,0.348161867640535,-0.294845556535408,-0.0661692123799149,0.143435963289955,0.511657984774141,0.291347583039996,0.00439356834282734,-0.224073170598793
86.1632699654621,-125201.8129,-187060.8082,-177896.5126,-118328.5912,-120619.6651,0.598466142442049,1.46276160462777,0.930528119565651,-3.92143238056566,-1.98159626115211,-0.253044148997233,-0.178626880761215,0.459795416427376,-0.449632956769321,0.336363597266306,-0.273826134105446,-0.0247516863441239,0.152361129318613,0.533387983736546,0.183754587884054,-0.00581807787997946,-0.118836707396566
67.2342765771247,-127992.6614,-196701.9212,-186522.7716,-120358.2992,-122903.0866,0.144494210090556,0.592611148831836,1.3746836733802,-4.08441554559799,-1.84443217631141,-0.340344846410986,-0.384871048139324,0.205827248510246,-0.496917934559633,0.233989260563519,-0.19690938857498,0.15459505183232,0.254773619892452,0.534524721576071,0.120931341600466,-0.0153015794102345,0.312561571907137
67.1860118427491,-127992.6614,-196701.9212,-186522.7716,-120358.2992,-122903.0866,-0.269215938337467,-0.931602798758931,1.54868437380964,-3.95938468953639,-1.71691128903166,-0.0557505134653553,0.39591892985662,0.117486914480693,-0.429139716236065,0.186909635673871,-0.0919061586039847,0.0987346411017427,0.26630732288453,0.460064779589248,0.0452977740038598,-0.026406597614347,0.962161870082333
67.1916542269136,-127992.6614,-196701.9212,-186522.7716,-120358.2992,-122903.0866,-2.29944267193626,-3.84528929894293,1.67425433415302,-3.43404184908053,-1.27123465344263,0.00349665660117182,0.338940223403384,0.0532566078713685,-0.3615634493732,0.175808349282406,0.174986633660727,0.460545408973355,0.195778743231018,0.345040730241818,-0.0210025952060087,-0.0197098304176677,1.24919790730409
67.2011508876636,-127992.6614,-196701.9212,-186522.7716,-120358.2992,-122903.0866,-4.03812225230222,-6.10972331239272,1.30212527017051,-2.6133147342687,-0.67604239699142,-0.231225569442984,-0.293993670847293,-0.0734547239642396,-0.327888550098926,0.175625330017382,0.615547527243325,1.05986515685827,0.114901371672315,0.209524593251126,-0.0787932365820658,-0.0244431744549658,1.83277285165384
67.2385596881736,-127992.6614,-196701.9212,-186522.7716,-120358.2992,-122903.0866,-4.31401844858546,-6.63811373119994,0.509461642810194,-1.61420852852929,-0.0701837605261204,-0.552361049454021,-0.938567642014903,-0.294143614263362,-0.308747442544622,0.186312380202388,1.00237729578853,1.45211694441409,0.0636336818311243,0.0734071116890793,-0.122566580222252,-0.136394089833232,2.21506299112811
67.1927863532143,-127992.6614,-196701.9212,-186522.7716,-120358.2992,-122903.0866,-3.23020070044181,-5.77776001383828,-0.401348091980381,-0.542445940937824,0.457540371833673,-0.611686830028482,-1.18061805568041,-0.57969314505528,-0.256511179892968,0.22663483667781,1.10591639095457,1.47556505308587,0.0763234175917105,-0.0487176032958745,-0.146367571446778,-0.380429065918108,2.05348155640909
85.9707685633554,-127992.6614,-196701.9212,-186522.7716,-120358.2992,-122903.0866,-1.58580717126203,-4.30093530773217,-1.22462863405904,0.494419868870423,0.838602639930983,-0.403365851286026,-1.06993743681172,-0.896543809719596,-0.171043329928906,0.281372188637057,0.978440852345881,1.28058496462328,0.168954781263457,-0.151274282247065,-0.148626204934514,-0.626510178795392,1.58985419676668
85.9696532487023,-127992.6614,-196701.9212,-186522.7716,-120358.2992,-122903.0866,-7.81917709812348,-6.93440171565203,-1.67385687225519,1.36240431548245,0.99265180933115,-1.06071979038603,-0.937889828782822,-0.665452373929647,0.218325547300573,0.636450478715702,0.776621436194197,1.16671133924731,0.41807902718725,-0.200201090261596,-0.0992708833954759,-0.706885241333445,-0.467922566989204
85.9144053473459,-127992.6614,-196701.9212,-186522.7716,-120358.2992,-122903.0866,-5.26802681108521,-3.25550273343316,-3.1947882120091,1.107651734416,0.115070252559377,-0.436324835236263,-0.125400265134687,-0.482463555927104,0.300655567573678,0.469190900125646,0.0772265862283774,0.400701848270395,0.822737960902661,-0.125968687111402,0.0722719710871473,-0.885690881665354,-0.3425952957649
85.9487821791346,-127992.6614,-196701.9212,-186522.7716,-120358.2992,-122903.0866,-2.57273045432926,-0.602144894649541,-3.52689040322633,0.203597331980774,-1.38912472714195,-0.26592534989696,0.0137100104228267,-0.163572785735902,0.1881640661624,0.139123180542498,-0.178109742052049,0.114674010504777,0.821397750223485,-0.010162304734985,0.265063773222081,-0.831931536313384,0.159909920396135
85.9545386272545,-127992.6614,-196701.9212,-186522.7716,-120358.2992,-122903.0866,-0.963320268904496,0.66514637582668,-2.67531156101796,-0.939759389394055,-2.90160123742045,-0.245455705487331,-0.027934911502598,0.136958486225566,0.0230710007257429,-0.151253158309757,-0.25103777155808,0.0412564595549121,0.628509753214775,0.118670088677402,0.425899335188353,-0.689900692582896,0.500985536433232
86.0084603872533,-127992.6614,-196701.9212,-186522.7716,-120358.2992,-122903.0866,-0.160004567364737,1.08833772334062,-1.44775353090374,-1.95095784485132,-3.89999624081348,-0.262129006001281,-0.0979250056782632,0.282711634749305,-0.128833163236308,-0.311377785115582,-0.262254780661939,0.042141677640124,0.464905631514488,0.226814053385421,0.49735978220624,-0.56516475194217,0.700454582821877
85.9614825488824,-125595.6382,-188421.2956,-179113.7908,-118615.0096,-120941.8858,0.18464520716374,1.09117391776047,-0.36563384457105,-2.69260104662082,-4.24833797011642,-0.251201009418438,-0.0669238008808932,0.419508837475647,-0.188906704799457,-0.274973774660225,-0.277288921663093,-0.0105066087167474,0.29028986947114,0.277165321289938,0.445902210719621,-0.48045892052491,0.547400890272598
85.9633545008931,-125595.6382,-188421.2956,-179113.7908,-118615.0096,-120941.8858,0.3623870036227,0.965089522680088,0.329111098589209,-3.2133030817791,-4.07866307289642,-0.271868324041854,-0.164396932943575,0.303837352973019,-0.297930434103641,-0.27852529454865,-0.255197313266591,0.0280440453517232,0.267573084408747,0.323886880677202,0.373454580733604,-0.413481129802477,0.554297929248936
86.0118787269175,-125595.6382,-188421.2956,-179113.7908,-118615.0096,-120941.8858,0.449732210879077,0.799987843857423,0.859552659766649,-3.54866470867223,-3.68659534694567,-0.28291025832862,-0.221509902974425,0.201554551454336,-0.362530973508328,-0.251148754535265,-0.238323378831912,0.0587261411698687,0.258194217678286,0.347265490173838,0.284440000961304,-0.356304506793627,0.578803163202242
85.9653177018201,-125595.6382,-188421.2956,-179113.7908,-118615.0096,-120941.8858,0.484821099329849,0.629490171224091,1.21959278059614,-3.70318313301411,-3.20776122950029,-0.288977523531109,-0.257958454349897,0.115933090941255,-0.39436644027019,-0.228054378878724,-0.225732654547933,0.0839372833136904,0.256958735162965,0.349182855156493,0.202432696463483,-0.304695335983403,0.586635320924616
85.8885850038378,-125595.6382,-188421.2956,-179113.7908,-118615.0096,-120941.8858,0.507921746929014,0.488104017993379,1.44919406813021,-3.68780294391031,-2.73414116072969,-0.289705123523895,-0.278666693520492,0.047582435621095,-0.401984308955022,-0.220405752596712,-0.217195997872928,0.102591158988502,0.259535689402815,0.332881498029921,0.136530779662021,-0.257985904004869,0.58017804629903
85.9740592613532,-125595.6382,-188421.2956,-179113.7908,-118615.0096,-120941.8858,0.530333961661313,0.380659477148455,1.58523230488112,-3.52543255064781,-2.31437928851304,-0.286497847178694,-0.288922473854257,-0.00534422236412269,-0.393184332012055,-0.227605069341152,-0.211851170801061,0.115707072057286,0.263514017035799,0.303099606915166,0.0875654751100499,-0.218455228655912,0.563242627803309
85.9401530003311,-125595.6382,-188421.2956,-179113.7908,-118615.0096,-120941.8858,0.536267634454717,0.282732807526898,1.67171145217077,-3.26453386026128,-1.95379484994911,-0.28450905474245,-0.298879109984966,-0.0442025502306223,-0.376838681058992,-0.244314155736603,-0.208081185349967,0.127601015143325,0.266516349666318,0.266831445292453,0.0519910809101776,-0.185890715569919,0.538979503152106
85.9425559234265,-125595.6382,-188421.2956,-179113.7908,-118615.0096,-120941.8858,0.544895827654415,0.209295705549152,1.72334507878439,-2.94668670373525,-1.65391397245835,-0.28118416289098,-0.304062711902532,-0.0726818161738478,-0.359061200305284,-0.267299344278378,-0.205828713902523,0.13619427285357,0.26911133389303,0.229176100639171,0.0267493075769372,-0.159938429469648,0.516307619833833
76.8900864877507,-125595.6382,-188421.2956,-179113.7908,-118615.0096,-120941.8858,0.408680926624058,-0.0192594859802711,1.75330187336036,-2.60400808945229,-1.40829489840667,-0.286597690277674,-0.32185045903973,-0.0940069267557391,-0.343921751047141,-0.293931246075346,-0.19626725154566,0.156513579068466,0.271009037318755,0.193163829711218,0.00903324281089191,-0.139667202493079,0.516138492940073
76.9409841078262,-125595.6382,-188421.2956,-179113.7908,-118615.0096,-120941.8858,0.604081995659186,-0.0431774805873602,1.72053931016831,-2.26277306186262,-1.21724273123553,-0.115906906632361,-0.00787294359502511,-0.118788853539861,-0.337406110684896,-0.326577276465414,-0.188250662797155,0.075854285787142,0.275780429919249,0.160317625981296,-0.00298451077503969,-0.12397421163849,0.657549617783781
76.9059841311768,-125595.6382,-188421.2956,-179113.7908,-118615.0096,-120941.8858,-0.148131561126888,-0.930559665822798,1.80549997855884,-1.86723064069217,-0.984574759449842,-0.0239691136547293,0.0642868918067236,-0.107094934165552,-0.324549993455243,-0.318815556573234,-0.135243334226619,0.116967819474758,0.237296586426035,0.121780169830832,-0.0168253509109761,-0.106404549325113,0.634551294139307
76.9153257947928,-125595.6382,-188421.2956,-179113.7908,-118615.0096,-120941.8858,-1.1693440018349,-1.94526567809406,1.78506546590094,-1.43249233015308,-0.724568070022372,0.0133883956381311,0.0209476028873894,-0.0844310307247298,-0.306580875561266,-0.285299762221385,-0.0559102456460541,0.214895759247733,0.188339531766877,0.0804343493519355,-0.0308319727879072,-0.0829886592870679,0.641747626041816
76.9067027088289,-127122.8386,-193697.0788,-183834.2284,-119725.7008,-122191.4134,-2.04145909103448,-2.66749052291161,1.54082641074568,-0.976308687139181,-0.472448191520257,-0.00429312938280191,-0.130383559843516,-0.128239154746524,-0.3058405517381,-0.260071040872241,0.0441824302885596,0.376492225488235,0.197775297675141,0.051072873470015,-0.0291994640302236,-0.0667898803857554,0.825848190821679
76.8896450557368,-127122.8386,-193697.0788,-183834.2284,-119725.7008,-122191.4134,-2.55154646735656,-2.94775712305034,1.22720833022076,-0.521017926321662,-0.264167355738181,0.017835769220369,-0.132467265829227,-0.0899454306588865,-0.26608883317445,-0.190812965167638,0.0898748931783859,0.426026186560641,0.161920661918271,0.00835833468842773,-0.0386767248211444,-0.0678418535869483,0.833814032409595
76.8966329629143,-127122.8386,-193697.0788,-183834.2284,-119725.7008,-122191.4134,-2.74989421039149,-2.87644693372505,0.803004461083162,-0.0939812773921034,-0.126622461945857,0.0498601993874814,-0.114123173147178,-0.067564746970433,-0.227591182073688,-0.131496645208919,0.107659092248148,0.432245263207719,0.149294272618589,-0.02914461437587,-0.039127960219439,-0.0796715805554484,0.744845109161638
76.9299837908157,-127122.8386,-193697.0788,-183834.2284,-119725.7008,-122191.4134,-2.76188489472092,-2.62768600087671,0.376684871873337,0.277934606618544,-0.0763151948763152,0.0876456356758695,-0.0793893231233511,-0.0543813199929559,-0.192011275885577,-0.0855137638764134,0.104369753955279,0.410797060726912,0.153480143452578,-0.0601052963772872,-0.0297175846382436,-0.0957289264339849,0.636608917392573
76.9154280257497,-127122.8386,-193697.0788,-183834.2284,-119725.7008,-122191.4134,-2.70061432365709,-2.33000003432188,0.0121189218811679,0.571580642062003,-0.109296519879933,0.121794702413446,-0.0409026264058099,-0.0440643417487365,-0.161317701960861,-0.0538237559879136,0.0911995088481325,0.378490214693051,0.167035724578527,-0.0835668789075734,-0.0109038910479453,-0.108213265960536,0.547060463257848
76.9024793034099,-127122.8386,-193697.0788,-183834.2284,-119725.7008,-122191.4134,-2.60926614993113,-2.03467434277336,-0.261252435838983,0.76272941626587,-0.217564545468065,0.150984095503198,-0.00205951250771363,-0.031094113393479,-0.137621802516783,-0.0355574009861357,0.0746253607955505,0.343172674477465,0.18273220139997,-0.098442327250698,0.0164563860626645,-0.11387267586499,0.49009780949258
76.8984783884033,-127122.8386,-193697.0788,-183834.2284,-119725.7008,-122191.4134,-2.52261700404449,-1.77575738130655,-0.421051557358979,0.824621308034935,-0.386310090257268,0.172861079629456,0.0316446317701917,-0.00918281132137366,-0.123173237230596,-0.0272204005557342,0.0591747679738313,0.310777920953966,0.192323550258733,-0.103376105918246,0.0507530749259264,-0.112818501634926,0.461371473097104
76.9020808021514,-127122.8386,-193697.0788,-183834.2284,-119725.7008,-122191.4134,-2.45716335869091,-1.56374612658072,-0.524452949261075,0.787599232840307,-0.578722872803013,0.18655313727907,0.0577146958986958,0.0145255037143102,-0.11637058640099,-0.0229489332281432,0.0468783065383591,0.283436821359072,0.199547305573006,-0.100573180277138,0.0883468861203265,-0.10934180332714,0.456155833658688
76.9084059531721,-127122.8386,-193697.0788,-183834.2284,-119725.7008,-122191.4134,-2.40837288740531,-1.39200985489838,-0.557541426806239,0.638062664182641,-0.781901490915587,0.194177538928876,0.0773144820090366,0.04375695871353,-0.118852784973782,-0.0183992250773528,0.0371158364534927,0.260566471538945,0.199587246791247,-0.0888983823438445,0.127051818807477,-0.104607331918515,0.461700608581259
82.0255952526059,-127122.8386,-193697.0788,-183834.2284,-119725.7008,-122191.4134,-2.30743118564405,-1.17638499269556,-0.55279628882036,0.407140596295605,-0.970474083209282,0.207521210518692,0.106946665129783,0.075562102602369,-0.127898801974851,-0.00739345978684014,0.0211451834638923,0.229046902776443,0.195907312704805,-0.070036639432641,0.163636677726131,-0.100357184848988,0.45029047170592
81.933308786621,-127122.8386,-193697.0788,-183834.2284,-119725.7008,-122191.4134,-3.19676446797516,-1.70368912307147,-0.485295398823439,0.122293054056868,-1.12551980726703,-0.0319369797542279,-0.0932097987670772,0.133006897031642,-0.130176623679318,0.0275118393160767,0.0318847631930419,0.282015222360993,0.187128018255605,-0.0445350280910861,0.196820271949723,-0.0953505168225632,0.229625480183898
81.9858281535974,-127122.8386,-193697.0788,-183834.2284,-119725.7008,-122191.4134,-2.85063044085841,-1.1741118033642,-0.814611173223554,-0.293382071727947,-1.39224058764466,-0.0837873432930323,-0.0788336069585824,0.124203631892755,-0.15870451036951,0.00275643927388813,-0.0344127282900559,0.200956069102784,0.254278450058711,5.31311435203463e-06,0.234273066666036,-0.108852173396464,0.281829179542679
81.9992042930999,-127057.7021,-193472.0618,-183632.8974,-119678.3288,-122138.1199,-2.31534066099695,-0.65437723540218,-1.01123259123864,-0.759135319294359,-1.70474723863619,-0.100931641159896,-0.0508250552688736,0.112031480387913,-0.19916259800145,-0.0274087932209426,-0.0868068473017651,0.135377913957248,0.301664777038319,0.0490305745449022,0.262410429716804,-0.126368103532144,0.373815746433269
81.9731090260355,-127057.7021,-193472.0618,-183632.8974,-119678.3288,-122138.1199,-1.91864002801601,-0.374984897727359,-0.993766342947879,-1.22636793640673,-1.99435629357467,-0.118690625639339,-0.0481621567219008,0.0981109214962785,-0.245977263212502,-0.0491788810520433,-0.11140991136833,0.108055131258396,0.321544135022811,0.0974181528096367,0.277587333636369,-0.131231110763579,0.450440461637211
81.9283584191506,-127057.7021,-193472.0618,-183632.8974,-119678.3288,-122138.1199,-1.72734358672639,-0.331839268455738,-0.832539185023933,-1.64929392847969,-2.17111286704429,-0.139648738509734,-0.0621338300468537,0.0838438341283378,-0.28949697176003,-0.0489311000180095,-0.115302395944346,0.107921159126732,0.322713981939706,0.139891115061448,0.273074780363543,-0.124944835621861,0.497226180405047
81.9179668003474,-127057.7021,-193472.0618,-183632.8974,-119678.3288,-122138.1199,-1.63399009319137,-0.381515012828416,-0.625151842772894,-2.02123160832919,-2.24575685155745,-0.15595525465055,-0.0775570848471645,0.0651632570656773,-0.327679271520097,-0.0338024369758259,-0.112129321793813,0.116719161901128,0.317712207913043,0.175804966545777,0.254563568689058,-0.115073546099389,0.513368575366171
81.930623265513,-127057.7021,-193472.0618,-183632.8974,-119678.3288,-122138.1199,-1.60523010111829,-0.476762339157773,-0.438637344835996,-2.32495741093979,-2.21782203789168,-0.168876861014645,-0.0933687995300545,0.041550306109059,-0.358236957399619,-0.00912167465763503,-0.10598214149599,0.12951255518398,0.313392390151244,0.203715263175934,0.225772666551632,-0.105695892058598,0.510636519273241
81.9582735431565,-127057.7021,-193472.0618,-183632.8974,-119678.3288,-122138.1199,-1.60248068191611,-0.578246730398106,-0.288123241548234,-2.56142862936419,-2.12712824537877,-0.178275150597464,-0.107567015415079,0.0166394489867372,-0.38127546956089,0.0161787911465723,-0.0999735757467397,0.142402566989115,0.310551685360119,0.224000362942222,0.193530514051116,-0.0978656149938217,0.499658552885784
81.9946565884759,-127057.7021,-193472.0618,-183632.8974,-119678.3288,-122138.1199,-1.61515687741009,-0.676781398346321,-0.190323280959845,-2.71999807322379,-2.00021125329569,-0.185509388823817,-0.12050258798098,-0.00903547261967219,-0.395803397348665,0.037302114697134,-0.0945431310791731,0.154656395981321,0.310849633367261,0.235878317994691,0.161814138825032,-0.0921565983556221,0.489154698807221
81.9943997241143,-127057.7021,-193472.0618,-183632.8974,-119678.3288,-122138.1199,-1.63338687705907,-0.765743667954354,-0.136802440300443,-2.80239497355264,-1.86783091749427,-0.191185981102663,-0.132033808599864,-0.0336272461928218,-0.402257023893583,0.0508769657348367,-0.0900238370516084,0.165695065914197,0.313544356944226,0.239810295436224,0.133939020481171,-0.0882757006363519,0.482714824799416
81.9565551042387,-127057.7021,-193472.0618,-183632.8974,-119678.3288,-122138.1199,-1.64830868848347,-0.839227223567804,-0.113198210731056,-2.81961864225936,-1.74832765900763,-0.194590369541466,-0.140444381170255,-0.0557545061420086,-0.402228981460425,0.0561594874528524,-0.0865311028183131,0.174690669684848,0.317511015290246,0.237215280164965,0.111244325197266,-0.0858898639611567,0.481917688442268
82.0048956194232,-127057.7021,-193472.0618,-183632.8974,-119678.3288,-122138.1199,-1.65198365877899,-0.890384841619792,-0.109710609376492,-2.78190115289298,-1.65220088641013,-0.194939629674792,-0.144368708467375,-0.0749282224857879,-0.397111899420395,0.0540121334436492,-0.0843611983909716,0.180796142803461,0.322004486471895,0.229408322299573,0.0940339939980044,-0.0849737659879892,0.484489349206488
81.9758150743949,-127057.7021,-193472.0618,-183632.8974,-119678.3288,-122138.1199,-1.66072576757301,-0.937490649877759,-0.114135915843079,-2.70534664185649,-1.58156619836774,-0.196075096485416,-0.149531571471002,-0.0904228769824087,-0.38883709758958,0.0462789441361409,-0.0826219638585446,0.186698794562162,0.325904601676438,0.218229455122552,0.0818017732035476,-0.0852829798523018,0.48719235287772
81.9517379414173,-127057.7021,-193472.0618,-183632.8974,-119678.3288,-122138.1199,-1.65985128754846,-0.967753351883815,-0.12463157610739,-2.60674581446268,-1.53720656023363,-0.195266305594572,-0.151315428194955,-0.103083259496714,-0.379514767740645,0.0338010656417396,-0.0817459116970669,0.190398476712224,0.329616309749213,0.205522732017344,0.0739125951280335,-0.0866730728963319,0.494063228342277
81.9410017735443,-126648.8453,-192059.6474,-182369.1582,-119380.9784,-121803.6007,-1.65540026542365,-0.988432683261919,-0.133938681070276,-2.49895894500351,-1.50994995891656,-0.187028352621077,-0.133385366604323,-0.0949770850989538,-0.363521123938526,0.0262064336747514,-0.0860343327542783,0.177638358638994,0.318757441285448,0.188975779422003,0.0651542192929198,-0.0886357513766498,0.46057662283917
81.9630931864363,-126648.8453,-192059.6474,-182369.1582,-119380.9784,-121803.6007,-1.6503352563161,-1.00464255415766,-0.16695068256972,-2.39005472775737,-1.49409909402617,-0.186998697232816,-0.144221983911322,-0.112210914621024,-0.359440507434016,0.00349197765840614,-0.0834508753544831,0.181718113294002,0.324748531045997,0.177192731011628,0.063989244030108,-0.0903075170983527,0.46823609711722
81.9641421305091,-126648.8453,-192059.6474,-182369.1582,-119380.9784,-121803.6007,-1.64915414548165,-1.0221712283589,-0.189472795943843,-2.28637859704136,-1.49285197954987,-0.186929260635985,-0.151027179214708,-0.124796645611241,-0.355188203313936,-0.0171224808525494,-0.0818009251858145,0.185035238699568,0.32868662027666,0.166231266428659,0.064229138052855,-0.0927978731612384,0.48803649380654
81.934021301179,-126648.8453,-192059.6474,-182369.1582,-119380.9784,-121803.6007,-1.64702820696725,-1.03582285854532,-0.205554369989088,-2.19214250842472,-1.50169275780775,-0.186342071214355,-0.154682639253551,-0.134012975670892,-0.351571133927209,-0.0361795450612021,-0.0808784779952558,0.187330458723806,0.331397893832237,0.156464400272973,0.0654916828402594,-0.0954247752194988,0.507938127681808
81.9876007016766,-126648.8453,-192059.6474,-182369.1582,-119380.9784,-121803.6007,-1.6407984578008,-1.04260340982256,-0.217090383250905,-2.11247414357609,-1.52030525012523,-0.184603893489104,-0.155284209990015,-0.140760379815092,-0.349283452617449,-0.054133678363975,-0.0805587133573245,0.188364616652478,0.333247073525258,0.148279143118639,0.0677104779586148,-0.0981209045840572,0.52562403073815
68.2821470595004,-126648.8453,-192059.6474,-182369.1582,-119380.9784,-121803.6007,-1.72716988886002,-1.15625074695498,-0.223872147466921,-2.0442556638841,-1.54155881662496,-0.192252414237153,-0.170147297579092,-0.14630697473914,-0.34870050127855,-0.0711117421105314,-0.073431254139912,0.201223778841996,0.334105693890015,0.141246262587451,0.0702077048889604,-0.100488440561719,0.55566471296356
68.3118734661739,-126648.8453,-192059.6474,-182369.1582,-119380.9784,-121803.6007,-0.585539557889703,-0.769013524934422,-0.28191442864717,-1.98999514713192,-1.5669188684614,0.177686862893495,0.520990216186568,-0.173939139468914,-0.36318575720739,-0.10114508896153,-0.0817296575058386,0.0415073491195286,0.3383297323106,0.134346384606874,0.0718611959224253,-0.102677600332889,0.8793608160638
68.3351863407675,-126648.8453,-192059.6474,-182369.1582,-119380.9784,-121803.6007,-1.21245700632031,-2.18339242648693,0.124077981857781,-1.80841940489424,-1.38914536453153,0.346479587555045,0.552160642606445,-0.141631907316636,-0.374771053191722,-0.0619694667792174,0.0641529755929331,0.24516412541136,0.232821887508888,0.105989505268332,0.0577409153707178,-0.0662144722182205,0.934544414709684
68.2779791353805,-126648.8453,-192059.6474,-182369.1582,-119380.9784,-121803.6007,-2.16656078887816,-3.75455430748754,0.436099043846667,-1.49372923948151,-1.02927920852785,0.285118372627515,0.138031045321149,-0.12986924769578,-0.3945929191216,0.00814321687914799,0.354334252723842,0.668107387557232,0.0983272714459256,0.0594950041160107,0.0324813825051886,-0.00229793833910463,1.17293483767502
68.279666096608,-126648.8453,-192059.6474,-182369.1582,-119380.9784,-121803.6007,-2.34012101773573,-4.31093645642764,0.405661500798558,-1.06408809612702,-0.56320278873531,0.129153892198801,-0.334107609792326,-0.182160193425588,-0.414533026570552,0.0906196239409809,0.632716938657152,0.998268492813545,-0.0047916975375486,0.00138715001460299,0.00485878807005391,0.00863865133838715,1.33512911701496
68.2604216110398,-126648.8453,-192059.6474,-182369.1582,-119380.9784,-121803.6007,-1.69339324719425,-3.89767376905962,0.0919998674779379,-0.558350495283165,-0.0718299339569626,0.0709231349059749,-0.58279354795571,-0.292582537870771,-0.41358778625677,0.186879720608459,0.749973744733772,1.08714272364701,-0.0370580022285845,-0.0598805862557257,-0.0170863359433711,-0.0643348064847444,1.20890612182099
68.3101330543962,-126648.8453,-192059.6474,-182369.1582,-119380.9784,-121803.6007,-0.655617707619939,-2.95780372295366,-0.395470160791746,-0.0520515183758619,0.324444491922023,0.164793818333408,-0.575327329166178,-0.441776580614949,-0.38797461523184,0.290466873832457,0.699612260472678,0.990809487347195,0.0190462744590993,-0.115760219705312,-0.0265137092685817,-0.180726161528902,0.904167475229762
68.3120325228796,-126335.188,-190976.104,-181399.672,-119152.864,-121546.972,0.229472449519832,-1.97602309687629,-0.876208413479532,0.357075727717302,0.531770293894041,0.29840979107658,-0.431874737093047,-0.562257913808956,-0.346894169748339,0.397572172227967,0.585378617194439,0.821253013543848,0.115636019340349,-0.161512835313816,-0.0253582238901064,-0.253058714864309,0.598129721099149
68.2791795594391,-126335.188,-190976.104,-181399.672,-119152.864,-121546.972,0.798987263985197,-1.14766678965864,-1.22122712746911,0.542916598243025,0.475626086393547,0.370975454798433,-0.312043550837544,-0.670741141713897,-0.342970603586096,0.460274686320325,0.484209050005274,0.668105640872047,0.21521005051466,-0.183967348364111,-0.00759227625795256,-0.254713117076946,0.431302245374688
68.2900965795891,-126335.188,-190976.104,-181399.672,-119152.864,-121546.972,1.12416147498516,-0.51079332112252,-1.36889057317212,0.43969955677187,0.165997728019832,0.395681454418899,-0.200406995078765,-0.708213314889527,-0.378253420254524,0.467903340964,0.406038792606298,0.534431029179195,0.266497262357485,-0.179095063084153,0.0223121095753547,-0.224882360632243,0.361469848644873
68.2849085979418,-126335.188,-190976.104,-181399.672,-119152.864,-121546.972,1.27422426403946,-0.0525431510416752,-1.36983193814248,0.073174727081053,-0.310215687598728,0.381756701532467,-0.115461691449354,-0.699095498330017,-0.469763653891363,0.38512417029262,0.350150893686799,0.424403175341126,0.26838327174063,-0.146397732897432,0.0600288574498644,-0.196540198582191,0.330391948087364
68.2691378648523,-126335.188,-190976.104,-181399.672,-119152.864,-121546.972,1.33551379407137,0.269426615202889,-1.25780843382138,-0.470760022640249,-0.823390516012708,0.347949862857881,-0.0563178765274017,-0.660791445933476,-0.624161732368329,0.194408219892928,0.310767733150902,0.336133628714954,0.228941452305053,-0.0898205895744757,0.0954596240145729,-0.18183463861736,0.311401206362504
68.289810132462,-126335.188,-190976.104,-181399.672,-119152.864,-121546.972,1.36040839244687,0.495967791489434,-1.1177961195822,-1.00432428817469,-1.25008031549092,0.308729697622567,-0.0159664662074235,-0.625702272607825,-0.815818979225767,-0.0803285197739854,0.282474094509657,0.266204021447983,0.174321628481791,-0.0257460737376203,0.114871287975873,-0.177937619137644,0.288579947267923
70.6593937159114,-126335.188,-190976.104,-181399.672,-119152.864,-121546.972,1.36171934656464,0.653406704016774,-0.981005348746748,-1.38770569487245,-1.51853236974179,0.273493887986113,0.0140220447627186,-0.595031630412819,-0.998942960474309,-0.375281467976819,0.261798432628777,0.212481578503994,0.120317637285783,0.0301663440830717,0.111896663846633,-0.17546604759157,0.249651812271182
70.6379051370478,-126335.188,-190976.104,-181399.672,-119152.864,-121546.972,0.643642545689758,0.526833444810592,-0.818829977648605,-1.55618461581378,-1.61051071648826,0.236868093476595,0.0554682419571506,-0.451813521814152,-1.03830887741544,-0.498398413737739,0.209615437913738,0.168741996545499,0.102322921997304,0.0837952038912477,0.119018484729058,-0.163106579476796,0.0151196875157744
70.6499947992416,-126335.188,-190976.104,-181399.672,-119152.864,-121546.972,0.769989178117115,0.972523318121517,-0.646738908637474,-1.63152025854677,-1.56893648735094,0.422282894560361,0.281010756798295,-0.24164049689319,-1.00204616574189,-0.545253430508239,0.0866235679014822,0.0427236819225545,0.0944529262994975,0.143366822292245,0.147505198854765,-0.187604823064518,-0.0467541357469834
70.7008450787517,-126335.188,-190976.104,-181399.672,-119152.864,-121546.972,0.86340422769409,1.18209934455321,-0.331486343234218,-1.59879897722483,-1.40490726494168,0.521916019824133,0.368734332287069,-0.022970783902494,-0.948797785545104,-0.553166010972127,0.0262890520372649,-0.0115052328664209,0.0397799491595361,0.187173985998737,0.161458170772408,-0.178768662683865,-0.0479245243204716
70.6866354658402,-126335.188,-190976.104,-181399.672,-119152.864,-121546.972,0.827357011049315,1.17080550396673,-0.00378448275482413,-1.48492981988322,-1.12281459916038,0.546168048693467,0.358106926913116,0.148603950331406,-0.882469413107295,-0.49433997228558,0.0142390667160797,-0.0119851497352848,-0.0266910092750083,0.213782971259315,0.154334118531341,-0.158459649280175,-0.0223656832682906
70.6947290633912,-126335.188,-190976.104,-181399.672,-119152.864,-121546.972,0.777363773459896,1.09624280359428,0.243381674670601,-1.33666934732004,-0.765771612307674,0.547806923732651,0.320085685177993,0.255599252767659,-0.809657252513496,-0.37798921034728,0.0186514801831099,0.00417616828376222,-0.0792083423246432,0.228830777352378,0.131308688462028,-0.152919396840225,0.0188216143855975
70.6889619318107,-106563.755,-122674.79,-120287.97,-104773.64,-105370.345,0.732075820954364,1.0091568628705,0.364708068357629,-1.07095957240261,-0.373542591464513,1.32135376128974,2.09866338793567,2.40348008830587,0.526836667203327,1.36090471921177,-0.231444473139082,-0.923755619637208,-0.815651435716767,0.187565466422011,0.156378918863252,-0.109764935264678,-1.83484072407629
70.6704776028736,-106563.755,-122674.79,-120287.97,-104773.64,-105370.345,-0.519340084400966,1.02596116344023,-1.86573630886446,-1.55601151488844,0.534273833596146,0.972868448151893,1.10610159537217,0.453488503607787,-0.440647190342133,1.06499174770542,-0.042529785599914,-0.727982491433906,-0.560219764300393,0.168261409167888,0.136154150063538,0.0812456511056965,-1.80631365255782
70.6797300707114,-106563.755,-122674.79,-120287.97,-104773.64,-105370.345,-1.13587111601099,0.831508492844961,-2.76910605238541,-1.40597323453997,0.981253194408808,0.779612364348225,0.534794075083255,-0.221526551420347,-0.600836772580323,1.04193488706309,0.0762712556246115,-0.597440986669096,-0.448705289284409,0.155068287181742,0.0960323207462861,0.194084079422893,-1.38409175718351
70.6586387854689,-106563.755,-122674.79,-120287.97,-104773.64,-105370.345,-1.40117123030834,0.597918053374556,-3.27956417388893,-1.14137637641278,1.22987299858164,0.676633391565687,0.215274167526331,-0.535970538947126,-0.568597035963464,1.08098959225808,0.150746175646229,-0.513793966846453,-0.38042939805754,0.14315711596727,0.0593561755621859,0.164283752780669,-0.906426280231278
70.6619277441223,-106563.755,-122674.79,-120287.97,-104773.64,-105370.345,-1.44676116771994,0.38922575723295,-3.5943700326813,-0.870365287119242,1.36916488849272,0.632120073257418,0.0383112260825982,-0.700805657408836,-0.490479749267116,1.11741226178145,0.195445186970693,-0.460507382525837,-0.335795925209343,0.12775191938111,0.0324692087305052,0.0848541102083331,-0.514058210448431
70.6746107974279,-106563.755,-122674.79,-120287.97,-104773.64,-105370.345,-1.36395314764599,0.217738595609575,-3.78082547096631,-0.60886000683557,1.43872191531662,0.624744334363569,-0.0611349644397308,-0.789342355573496,-0.398795861902904,1.13693855304636,0.219596364065058,-0.42594836506197,-0.308357452018657,0.107298717573395,0.0158074973948716,0.00382148109842007,-0.228692710068854
70.6973665387143,-106563.755,-122674.79,-120287.97,-104773.64,-105370.345,-1.20796640883084,0.0834528533696357,-3.87497863944913,-0.371794791438958,1.46653839229958,0.640870998625864,-0.118087795177232,-0.833799647598269,-0.307187635581066,1.1405632872629,0.229434805971078,-0.403269412430465,-0.294294838244407,0.08474765983618,0.00688118101824209,-0.0603592422140977,-0.0272137069572711
70.699254834029,-106563.755,-122674.79,-120287.97,-104773.64,-105370.345,-1.02205030187267,-0.0241349242024853,-3.90314912474716,-0.16166524454259,1.4640489560872,0.669133247050532,-0.1530170122968,-0.851365535297774,-0.220916820509906,1.12964121088685,0.230563797642275,-0.387271437142167,-0.290313662409425,0.0617456481479008,0.00417975257039904,-0.107650357948522,0.117542991860146
70.6148173470289,-106563.755,-122674.79,-120287.97,-104773.64,-105370.345,-0.826193307269747,-0.109366680470742,-3.88683219046304,0.0167529234498147,1.4428171253286,0.703315416119224,-0.175671216957781,-0.852634556000908,-0.144782421912851,1.10789698028115,0.226693988190345,-0.375322106586216,-0.293414752126,0.0403553358426838,0.00554839892907211,-0.139538971638963,0.227217127895914
70.6912477357707,-106563.755,-122674.79,-120287.97,-104773.64,-105370.345,-0.605668315599289,-0.160303521114528,-3.84295936039474,0.165379298413143,1.40833038748923,0.745137959569746,-0.18692515918918,-0.844717532486726,-0.0802655725775239,1.07835279245172,0.218473389031673,-0.36796067529984,-0.301042305622688,0.0212562295214149,0.00962271791285829,-0.16059143927815,0.314421724351197
70.67091288576,-106563.755,-122674.79,-120287.97,-104773.64,-105370.345,-0.436441828560419,-0.21862446969125,-3.77998893486179,0.288859315246441,1.36625674888421,0.778196921004344,-0.200713576335019,-0.830567144344215,-0.025795631876278,1.04737052455672,0.211004151276126,-0.35969252519766,-0.311622711243091,0.00491907110482881,0.015249257083882,-0.174028404079522,0.375634076515761
70.6776136653854,-106563.755,-122674.79,-120287.97,-104773.64,-105370.345,-0.274672704380436,-0.255028758804954,-3.71399736994394,0.38631972054101,1.32059968082683,0.811526585759914,-0.208013410663071,-0.814336610322115,0.0174187814076703,1.01345460836318,0.201634717781705,-0.354886880268753,-0.322511018536625,-0.00817028531707908,0.0220529349992464,-0.183706671370039,0.429659724140251
70.6184806575432,-103730.8183,-112888.2814,-111531.6202,-102713.3224,-103052.4877,-0.137986464910853,-0.282691325337311,-3.64833477721618,0.462505096516054,1.27250545299975,0.949406516837804,0.0519873304919116,-0.512338377842063,0.206103543213494,1.15431542824189,0.150948165403664,-0.516613870455425,-0.466148233219144,-0.0268459059303812,0.019385116619326,-0.184619493245584,0.115289905463539
70.661281982173,-103730.8183,-112888.2814,-111531.6202,-102713.3224,-103052.4877,-0.177340397275756,-0.281248369442523,-3.71938523791546,0.461805430441601,1.29648663483189,0.932854999955588,-0.0341319564084941,-0.58946947473612,0.112492257461625,1.05998771638208,0.163232706617079,-0.499860597217524,-0.45886108516957,-0.0353251814580733,0.032007218239321,-0.166153960342307,0.152319628320566
70.6801487331471,-103730.8183,-112888.2814,-111531.6202,-102713.3224,-103052.4877,-0.199897103477667,-0.307446224737987,-3.74902116623322,0.518710540706991,1.26643869370176,0.921176184662968,-0.0796466703157463,-0.621370773215027,0.106627187064113,1.00289948942452,0.172940021206283,-0.4884298311882,-0.455816694503526,-0.0410433440673552,0.0415551275108252,-0.15367437761676,0.230871286746755
70.6126428508557,-103730.8183,-112888.2814,-111531.6202,-102713.3224,-103052.4877,-0.199436521433384,-0.336396351198275,-3.7629326891165,0.572719209319615,1.21736017041398,0.916033824051731,-0.103609940754183,-0.635058949693637,0.117905865074846,0.962275031049977,0.179046144387829,-0.481164474890144,-0.454233963780382,-0.0453410025043928,0.0498582973601582,-0.155678737579173,0.310837276128773
70.6790708374497,-103730.8183,-112888.2814,-111531.6202,-102713.3224,-103052.4877,-0.148426404506196,-0.342470036387454,-3.7684614319337,0.613402138342167,1.16345099331497,0.923297358090046,-0.111230375724901,-0.640772835019007,0.129912475952061,0.93006192329274,0.179713736145865,-0.479188900378371,-0.45358355105307,-0.0485539320236423,0.0574133483286108,-0.163935661648019,0.376771625949617
70.6379322138614,-103730.8183,-112888.2814,-111531.6202,-102713.3224,-103052.4877,-0.119038701569252,-0.363114162836837,-3.76302421801098,0.643865687750875,1.11140759831555,0.926922204703153,-0.119258251441593,-0.641383671179021,0.140431382145309,0.905244825446346,0.180670489819236,-0.476001611963059,-0.454604669131828,-0.0510315021877354,0.0640860907803691,-0.172634202449181,0.420577378788673
70.6935892330062,-103730.8183,-112888.2814,-111531.6202,-102713.3224,-103052.4877,-0.06810350948615,-0.371132771624858,-3.75443982788984,0.663956829202277,1.06404150092258,0.935822583944642,-0.121727560504972,-0.640233152458151,0.147551272801962,0.882987948835058,0.179442516873487,-0.474800333967491,-0.456147105572142,-0.052722767377829,0.0701083698042044,-0.18063620365615,0.458490880945877
70.6584701465102,-103730.8183,-112888.2814,-111531.6202,-102713.3224,-103052.4877,-0.042078402701236,-0.390800448614186,-3.74125623295251,0.677871294466854,1.02193987543637,0.939915396229267,-0.127010424650159,-0.637514842282364,0.152781232777862,0.864492226104758,0.179306109238833,-0.472107003399191,-0.458421556097904,-0.0538432518235545,0.075388526483835,-0.186922909451646,0.484666359172621
70.6754769027528,-103730.8183,-112888.2814,-111531.6202,-102713.3224,-103052.4877,0.00226047681084651,-0.395158110900098,-3.72877543374841,0.685555617365921,0.984867350213094,0.948673925275529,-0.127327721170921,-0.634559545029624,0.155741812698409,0.847313178019547,0.176981508382811,-0.471826320017954,-0.460527783926839,-0.0543119645821584,0.0802195512703761,-0.192442172802743,0.508382631546647
70.6788276321065,-103730.8183,-112888.2814,-111531.6202,-102713.3224,-103052.4877,0.0351397875485588,-0.402427502741631,-3.71409767976304,0.690137634916965,0.95222175446294,0.955287516143372,-0.1286717338049,-0.630949138391415,0.15759606201479,0.832730387465091,0.175119083169693,-0.471074069842667,-0.463018798008156,-0.0544243239425608,0.0844499596475687,-0.196859618733185,0.524782022578416
70.6582629123194,-103730.8183,-112888.2814,-111531.6202,-102713.3224,-103052.4877,0.0649589712175356,-0.406791550450222,-3.69944230479982,0.691985729278869,0.923772833793109,0.961657179344016,-0.129113889654349,-0.627112238883328,0.158441274114864,0.819893972839765,0.172969823523604,-0.470848656491,-0.465488977274551,-0.0541871056141972,0.0882307883599132,-0.200561940083873,0.537945945873117
70.6408550283403,-103730.8183,-112888.2814,-111531.6202,-102713.3224,-103052.4877,0.0985506834642109,-0.406003943425247,-3.6852546515549,0.69196910714119,0.899037787923305,0.968919854439378,-0.128237798252073,-0.623380673555019,0.158394171528933,0.808468110556092,0.170549281104457,-0.471179632357321,-0.467926161729737,-0.053759177731231,0.0915225678916722,-0.203848295918405,0.549343302284889
70.6543268971681,-103057.4071,-110561.9518,-109450.1674,-102223.5688,-102501.5149,0.134620455819658,-0.400463907149117,-3.67118808161956,0.691364607374851,0.877754719471795,1.00262012983093,-0.0630102899882701,-0.552254179784761,0.194025033811833,0.839596633540623,0.15764533607917,-0.512725043352692,-0.503232360974164,-0.0555654789518516,0.0915735786317744,-0.204988868892201,0.46804724269294
70.6306594626744,-103057.4071,-110561.9518,-109450.1674,-102223.5688,-102501.5149,0.11539548231778,-0.39773739028422,-3.68543609589139,0.678933624389686,0.876039136921122,0.996787038790274,-0.0816332141784173,-0.568506649630272,0.167668295771541,0.818294250123046,0.161007509540252,-0.509380268817218,-0.501919657221302,-0.0552311234519847,0.0950892232068052,-0.201393807234837,0.47205623897548
70.6650308940618,-103057.4071,-110561.9518,-109450.1674,-102223.5688,-102501.5149,0.114535069633533,-0.395444639968986,-3.69241869613334,0.681684947705762,0.865131563571893,0.995024986859612,-0.0894824569122505,-0.575397566336569,0.161873084500947,0.805304529074064,0.163045988269828,-0.507873333543584,-0.501235126938624,-0.0547390562023491,0.0975951901538261,-0.199171900548485,0.489108904049008
70.6563887325389,-103057.4071,-110561.9518,-109450.1674,-102223.5688,-102501.5149,0.101234498504283,-0.407032960290252,-3.69558186458741,0.686605948240754,0.851886481689718,0.990504712305736,-0.0966613482726686,-0.578536643072418,0.160856342997576,0.796912056829918,0.166132573002756,-0.505098469712831,-0.500948802729404,-0.0544761003696976,0.0994370527596393,-0.199807288954574,0.505682724705686
70.6379979056878,-103057.4071,-110561.9518,-109450.1674,-102223.5688,-102501.5149,0.100251492353365,-0.413279811407207,-3.69957644062674,0.689799229566219,0.838723171218163,0.989081284508153,-0.0998908127394884,-0.580603696536791,0.160535000276575,0.790124979505457,0.167710845021481,-0.503729347828922,-0.500320517830234,-0.0542373555513773,0.101067560232983,-0.202087597882461,0.521127911294583
70.6883539106018,-103057.4071,-110561.9518,-109450.1674,-102223.5688,-102501.5149,0.115772594593054,-0.409251221519597,-3.70249899954102,0.69159144294558,0.826067873349643,0.991945830859436,-0.0991733446240062,-0.581679124284889,0.1605677437691,0.784825292636242,0.167073978530918,-0.504379340186534,-0.499736297793763,-0.0539462302725053,0.10263938346838,-0.204763840784985,0.530874551415762
70.6985698375042,-103057.4071,-110561.9518,-109450.1674,-102223.5688,-102501.5149,0.112147511381025,-0.415822785153097,-3.70168350710865,0.692693072365373,0.814477973377052,0.990989664653362,-0.101045515669874,-0.5814376404442,0.160859368745989,0.78099534622126,0.167380280231307,-0.503778148893696,-0.499783920715077,-0.0536301718125323,0.104095551467654,-0.206921810053366,0.535039518991599
70.6909785526896,-103057.4071,-110561.9518,-109450.1674,-102223.5688,-102501.5149,0.102617987729488,-0.42799104295942,-3.70109699878513,0.691607495682632,0.804096772371125,0.988351574773041,-0.104072265373333,-0.581322934473256,0.160043717269808,0.776245417041878,0.168789397372759,-0.502074479417144,-0.49992990403941,-0.0532482944277213,0.105427541214074,-0.208973864291757,0.543392680548012
70.6944455104934,-103057.4071,-110561.9518,-109450.1674,-102223.5688,-102501.5149,0.0989101048969445,-0.43684578048412,-3.70189836025526,0.688898516760588,0.794489231686896,0.986960479797219,-0.105991499480645,-0.581589782798339,0.158613178162476,0.771232616907767,0.169824691553821,-0.50079259093109,-0.499849782106768,-0.0527498335567698,0.106662505587048,-0.211008300274564,0.552076958803466
70.7139458453285,-103057.4071,-110561.9518,-109450.1674,-102223.5688,-102501.5149,0.097521565333679,-0.443046940992517,-3.70313407855357,0.685511406651059,0.785473737327649,0.986308789740377,-0.107178852317297,-0.581918210006286,0.157131978864349,0.766806125053975,0.170337076732725,-0.500021615508872,-0.499639711163288,-0.0521593495770047,0.10780986119336,-0.212990179185695,0.55802183765277
70.6513569363157,-103057.4071,-110561.9518,-109450.1674,-102223.5688,-102501.5149,0.0903947312741167,-0.451524622981069,-3.70421984380025,0.681711292236542,0.777012942627451,0.984546235085922,-0.108994098022215,-0.582153679840829,0.155616384303485,0.762842712862827,0.171069053694216,-0.499015136490141,-0.49943269072846,-0.05151031710334,0.108891939576263,-0.214922362847119,0.562405607144353
70.6571363580514,-103057.4071,-110561.9518,-109450.1674,-102223.5688,-102501.5149,0.11344707469371,-0.441957595473212,-3.70578672584142,0.677207388422246,0.768937830202418,0.989533411913136,-0.105740597586667,-0.582446218126435,0.153858929948264,0.758790894825147,0.169371898442229,-0.500557641718781,-0.499151464189547,-0.0507858725517951,0.109962924303616,-0.216958010175972,0.567328960848108
70.6789434647221,-103011.3105,-110402.709,-109307.687,-102190.044,-102463.7995,0.131397672991127,-0.434667540072098,-3.70315468510972,0.674236558180894,0.761784544999657,0.995355928541649,-0.0993820199994815,-0.577080687227806,0.155356920811784,0.759557046183609,0.167120239267037,-0.504522528717279,-0.501858898919004,-0.0503407101695261,0.110602723257559,-0.218134467636929,0.55949438347791
70.6733568722516,-103011.3105,-110402.709,-109307.687,-102190.044,-102463.7995,0.131579199213689,-0.436470755398517,-3.70058601550132,0.671248337476129,0.757437019376894,0.9952202311772,-0.101418957055216,-0.577309523856655,0.152752089458936,0.75734906780918,0.167355771788015,-0.503927836055577,-0.502409045228596,-0.0498750024357584,0.111262779622962,-0.218531065232597,0.558157163414631
70.6795226631849,-103011.3105,-110402.709,-109307.687,-102190.044,-102463.7995,0.135105605824535,-0.436378778825429,-3.6984670155118,0.669223982203306,0.753717031304433,0.995892209123618,-0.101983908490311,-0.577083631811725,0.151437352124312,0.755584602177137,0.167238447696571,-0.503812821245794,-0.502817961077785,-0.0494034572181157,0.111785655076947,-0.219004727999511,0.559591018956333
70.7032306596098,-103011.3105,-110402.709,-109307.687,-102190.044,-102463.7995,0.134624059096822,-0.439054179974761,-3.6965764911596,0.667578638031216,0.750586890049675,0.995611225985549,-0.103015461077973,-0.576782163856649,0.150446027817502,0.754173186474887,0.167541333447467,-0.503293074046001,-0.503175262108776,-0.0490072706489992,0.112167049736674,-0.219666082114799,0.561325761640777
70.6618937738775,-103011.3105,-110402.709,-109307.687,-102190.044,-102463.7995,0.123315237059771,-0.448081372663424,-3.69571326982046,0.665947782329567,0.747880945038759,0.992872567451684,-0.105614075849182,-0.576726798582392,0.149455952625679,0.75276974439484,0.168767321106325,-0.501877033081662,-0.503340907728617,-0.0486696045693362,0.112474913676397,-0.220478004204509,0.563605092048016
81.5982239052085,-103011.3105,-110402.709,-109307.687,-102190.044,-102463.7995,0.364885881812285,-0.207799406093159,-3.69419031524033,0.663688062514268,0.745144512920916,1.06556272574942,-0.0304088205865156,-0.563406062691769,0.16379060394965,0.767603045939836,0.119325890293312,-0.553315836014811,-0.499781759067392,-0.0437799157969394,0.117526523643821,-0.221621129677082,0.480036804812725
81.5980135691577,-103011.3105,-110402.709,-109307.687,-102190.044,-102463.7995,-2.44630489794943,-1.43883704381717,-3.42658465415218,0.663188833800064,0.753139078410925,0.518836070278113,-0.0658967527125256,-0.365739266960318,0.311185729911919,0.928938979165672,0.0747317665661309,-0.575885244334888,-0.52090148281115,6.63683368711254e-05,0.16086463507344,-0.213993860482418,-0.420928667760604
81.5449008666972,-103011.3105,-110402.709,-109307.687,-102190.044,-102463.7995,-1.91512736231009,-0.355700920953467,-3.39000289031581,0.226737858643887,0.60959270751755,0.476389813036683,0.137878040289053,-0.179797075577426,0.276819779604899,0.719214014662732,-0.133721193159779,-0.76828724924309,-0.532432809479332,0.0827688139451928,0.236925088589215,-0.249762822540937,-0.404806856162359
81.5615020395837,-103011.3105,-110402.709,-109307.687,-102190.044,-102463.7995,-1.149159368534,0.560094531565753,-3.04998553672719,-0.308291985102727,0.30328440275224,0.418655968125606,0.22869058801561,0.00350184955969723,0.209757996940006,0.508280011154369,-0.228994170417336,-0.849276832394786,-0.589593029113082,0.161467585655342,0.273766147886995,-0.259491434843007,-0.351726889304313
81.586987177472,-103011.3105,-110402.709,-109307.687,-102190.044,-102463.7995,-0.788666938595213,0.892343577261613,-2.5513966566772,-0.791079245632389,0.0558731751050203,0.338447120938625,0.244701824313417,0.120852996776364,0.166949334674065,0.402147695979124,-0.248352206443615,-0.854225069213086,-0.625131147008002,0.215583724007581,0.246276395443271,-0.262114313416404,-0.344675343661313
81.5672235226153,-103011.3105,-110402.709,-109307.687,-102190.044,-102463.7995,-0.73847533987032,0.831089588526822,-2.14858165577698,-1.1100516653478,-0.0454998367115422,0.261100123098551,0.22982285655867,0.161070815737212,0.175211261984174,0.372060860347297,-0.235250286614937,-0.827022338506552,-0.610877582852382,0.226973670424614,0.171790274863649,-0.273302133288475,-0.354647476697993
81.5699237131668,-103011.3105,-110402.709,-109307.687,-102190.044,-102463.7995,-0.816932051941762,0.608069137646396,-1.93905592845279,-1.22347870703769,-0.047568887784621,0.198854352843291,0.207513408387911,0.150752714070137,0.231740616173497,0.359151908027798,-0.212642129623562,-0.791860157116832,-0.56049842531833,0.19346807566848,0.0862141753207721,-0.292588804498287,-0.364801612770361
81.5994846036661,-102933.1467,-110132.6886,-109066.0898,-102133.1976,-102399.8473,-0.923842168578972,0.345247598597183,-1.88082016273859,-1.17409939201823,-0.00841169090925575,0.1533564051499,0.188564170756443,0.12184281531718,0.311009480244699,0.33503783436521,-0.19068177102957,-0.760964727473377,-0.499120663120572,0.131653714676713,0.0113017852649615,-0.314389994738335,-0.376330633265718
81.5917886405044,-102933.1467,-110132.6886,-109066.0898,-102133.1976,-102399.8473,-1.0264507121223,0.0868232117525309,-1.93219079893512,-1.01734799359909,0.040960872605055,0.118491993498914,0.166174466750888,0.080013571226651,0.384295405923837,0.288652337685917,-0.169916065280174,-0.729797459485963,-0.431812755825068,0.0616406123344175,-0.0439505170737782,-0.333833442059614,-0.36495296442893
81.587530603551,-102933.1467,-110132.6886,-109066.0898,-102133.1976,-102399.8473,-1.10591194432922,-0.142732391401509,-2.04892119513123,-0.809805687486843,0.0793219352458436,0.0942748479948889,0.147639164147449,0.0377355503236743,0.441364280880506,0.227626063727037,-0.152592891794092,-0.703459779113537,-0.368330780343848,-0.00361654956193558,-0.0813966111147486,-0.348084238503638,-0.338686706221354
81.5832362168788,-102933.1467,-110132.6886,-109066.0898,-102133.1976,-102399.8473,-1.16225390297689,-0.340751979853707,-2.20171666696427,-0.593098731662778,0.0952420220704511,0.07797782962637,0.132023955198221,-0.00193871916295763,0.476541731999333,0.157249490534184,-0.13849928280472,-0.681418637925751,-0.311261175613115,-0.0570165855479887,-0.103860426124715,-0.356024096638279,-0.302457107796554
81.5854302249571,-102933.1467,-110132.6886,-109066.0898,-102133.1976,-102399.8473,-1.19695153755143,-0.5072857798706,-2.36497687682767,-0.393898779838381,0.0868740661667999,0.0677060987948579,0.118975339435224,-0.0372553737983949,0.490544874551112,0.0826805630199487,-0.127326047430753,-0.663207257113662,-0.261788108673846,-0.0964642936952524,-0.115008731302389,-0.357540596535465,-0.26165886359203
81.5396740951927,-102933.1467,-110132.6886,-109066.0898,-102133.1976,-102399.8473,-1.21404317446773,-0.646056970412673,-2.52557885176185,-0.228916815323103,0.0511356169737383,0.0617856736021309,0.107941557766431,-0.0678755816678631,0.486431606475037,0.00711731991503228,-0.118606513418144,-0.648167751305629,-0.219758307453401,-0.122506918774993,-0.117568694746189,-0.353295996056794,-0.219541097775507
66.9824353979525,-102933.1467,-110132.6886,-109066.0898,-102133.1976,-102399.8473,-1.21558439075685,-0.756839852185465,-2.66988227309098,-0.0962263131649195,0.000985944481584511,0.0600014467797862,0.0999878711390778,-0.0933900291162928,0.469431736127106,-0.0659679320771076,-0.112030131521882,-0.636467504410283,-0.185026974827213,-0.138170213564988,-0.114935998285749,-0.343934933778968,-0.180366641384285
66.961450678716,-102933.1467,-110132.6886,-109066.0898,-102133.1976,-102399.8473,-0.0168822062307896,0.307209061949678,-2.80509667516947,0.00213337275148717,-0.0636452993299912,0.38436358658636,0.599938100400614,-0.116923781531753,0.440660924492377,-0.137409439865181,-0.188545798692916,-0.836790323529039,-0.156230881056888,-0.145803376427277,-0.108755540993725,-0.330106512847934,-0.0716049119894278
66.9815370291338,-102933.1467,-110132.6886,-109066.0898,-102133.1976,-102399.8473,-0.0631142563765508,0.0204158619875017,-2.71594247721187,0.226896176228664,-0.00442370941260606,0.622339863662333,0.763352939442079,-0.102373587519722,0.42917779031481,-0.103269622335006,-0.166249940593656,-0.874058664531796,-0.181236245550612,-0.164851130411419,-0.114216263969705,-0.30775891794066,-0.179792338190888
66.9923282115086,-102933.1467,-110132.6886,-109066.0898,-102133.1976,-102399.8473,-0.979792251402287,-1.27283176965807,-2.62454502970891,0.568921017370897,0.1940166002707,0.734714028393434,0.679093815274342,-0.0741836205989657,0.42734341907461,0.0097178858754603,-0.0137866355647533,-0.736782412923556,-0.237890086336951,-0.197018900400716,-0.131559730100664,-0.268898126984041,-0.0658284493844317
66.9876144936728,-102933.1467,-110132.6886,-109066.0898,-102133.1976,-102399.8473,-2.05033554719374,-2.85501484147406,-2.7044084175733,1.01239179105862,0.510868588753041,0.688551750083981,0.366582779541268,-0.0579282216838592,0.428989532540946,0.176096777840534,0.280260781385696,-0.425064345392358,-0.306926142323694,-0.241712513212998,-0.159034808418898,-0.215402711327862,0.353615090959934
66.9759265778074,-102933.1467,-110132.6886,-109066.0898,-102133.1976,-102399.8473,-2.64312715099635,-4.0754447032584,-3.00473868291282,1.53666023861481,0.905390573236616,0.512892065308577,-0.107200474983109,-0.0766549354507688,0.430545101252861,0.372361351687246,0.654444445486558,-0.0179058089302915,-0.371917203609696,-0.296563487756115,-0.193421275824021,-0.164736793064051,0.94342107311885
66.9892868854336,-103619.5852,-112504.0216,-111187.8088,-102632.4256,-102961.4788,-2.42439272681791,-4.56553313094057,-3.52241945981859,2.10752925096686,1.30596439848881,0.339627678380253,-0.615748588194656,-0.193934075423236,0.422552543182668,0.566566131902242,0.958228830565819,0.354933762496849,-0.378366514972817,-0.350440308012056,-0.221714016988092,-0.168375144473508,1.47950813290665
66.9644237752199,-103619.5852,-112504.0216,-111187.8088,-102632.4256,-102961.4788,-1.53065680534102,-4.40948452843227,-4.09477175276511,2.68580267034999,1.64605187425325,0.346526853542379,-0.869321666533573,-0.323793874600035,0.449637125011655,0.788640818460102,1.07026661273217,0.501621206181307,-0.372966623993941,-0.41092076515843,-0.252777726741762,-0.249036205200156,1.590127648602
67.0220414819537,-103619.5852,-112504.0216,-111187.8088,-102632.4256,-102961.4788,-0.363777437030478,-3.86195785444168,-4.6684874294906,3.2099327096695,1.84848738568972,0.489720001882354,-0.950686440380345,-0.523038348909083,0.479599069500971,0.987149431413741,1.03306582936204,0.499086477449032,-0.308090703015632,-0.464951803554603,-0.270504412378181,-0.364263362288106,1.43059737174307
66.992518770946,-103619.5852,-112504.0216,-111187.8088,-102632.4256,-102961.4788,0.668287657221285,-3.22290232614978,-5.15483260337793,3.61600183489126,1.84630950236229,0.65449345395615,-0.951467392793155,-0.776985870817853,0.501873937057468,1.13630866526654,0.935519197675287,0.428644202327191,-0.198437540111775,-0.507862996945474,-0.268611545626885,-0.432762146709379,1.19986574115698
66.9627513786371,-103619.5852,-112504.0216,-111187.8088,-102632.4256,-102961.4788,1.42742790588592,-2.62421211016039,-5.51117347048756,3.83070773299067,1.60522123885826,0.780467987731086,-0.924218359729672,-1.04853610746976,0.502764903623302,1.21116156865531,0.830627038269347,0.337230348037798,-0.0791870499178322,-0.534276508860745,-0.240599645551981,-0.42248576440501,1.01536937177212
66.9737813354399,-103619.5852,-112504.0216,-111187.8088,-102632.4256,-102961.4788,1.90042922690951,-2.11741281152941,-5.72620715214765,3.7930182086848,1.13176333187845,0.849903433766329,-0.896468498682623,-1.29389887948807,0.470233073344446,1.1908138903658,0.740593367348532,0.247224805043767,0.0127027149452115,-0.538736187555328,-0.181223099052757,-0.353895172212475,0.902937295161136
66.954636943857,-103619.5852,-112504.0216,-111187.8088,-102632.4256,-102961.4788,2.13233928775421,-1.71635399621078,-5.83598791779519,3.50317208685973,0.485682297144237,0.866734128669052,-0.880757358784599,-1.49642905521744,0.395354728913198,1.0569618821396,0.670329413928287,0.167118809022096,0.063047395555003,-0.519232901416744,-0.0911562725794299,-0.26914253642321,0.859296927716338
67.0289435355571,-103619.5852,-112504.0216,-111187.8088,-102632.4256,-102961.4788,2.21729908913798,-1.40281808655382,-5.86753544760127,3.01048435780982,-0.238988892919465,0.850191299645317,-0.87502437798242,-1.6534938786803,0.272761596266989,0.801688609011812,0.61591558146072,0.0972990548974924,0.0715076768291647,-0.476784957086526,0.0193839238441389,-0.200332554012256,0.869525233656484
71.0293892075603,-103619.5852,-112504.0216,-111187.8088,-102632.4256,-102961.4788,2.56718060498184,-0.788576213903482,-5.85041325158828,2.42792982866862,-0.930946898220355,0.996130443102693,-0.690926725121706,-1.7307008364216,0.146387479778099,0.497288466704127,0.47133636534988,-0.0654034570373851,0.070291726846301,-0.414258890220228,0.141735114165173,-0.16022631510026,0.729933573070122
71.0096865427908,-103619.5852,-112504.0216,-111187.8088,-102632.4256,-102961.4788,1.89664116893216,-0.249948738557833,-5.60803509237809,1.87099050106467,-1.47866403647411,1.13438697509419,-0.377611851357734,-1.580325095566,0.108874910939107,0.309858608941482,0.238460799479495,-0.322168636877236,0.0518258949601771,-0.329029810171497,0.286971047757461,-0.119296180853389,0.142917046442944
70.9843982108787,-103619.5852,-112504.0216,-111187.8088,-102632.4256,-102961.4788,1.67598951187001,0.262256497498697,-5.12022285592518,1.35326022063191,-1.73156220518402,1.24759614786674,-0.133882244469355,-1.3120858112195,0.0467741853512678,0.0845460397602054,0.0731477163936769,-0.508572236865616,-0.0664705943693176,-0.235565589689055,0.406763081858295,-0.0903673870032549,0.0581692269081397
70.9698892440746,-103619.5852,-112504.0216,-111187.8088,-102632.4256,-102961.4788,1.35760443927509,0.41846752482445,-4.53047496837084,0.931562907924402,-1.70251790720523,1.24287055458442,-0.0367020703780483,-1.03054541802746,-0.021363322095219,-0.0496323666428182,0.0191866161558036,-0.581360011136776,-0.225971261757805,-0.151004310856679,0.46668817166055,-0.044151239316335,0.0778791851613683
71.0051771285228,-103283.8817,-111344.3186,-110150.1798,-102388.2776,-102686.8123,0.997193926597816,0.373805443901887,-4.00975193810605,0.569045108087153,-1.44701991760901,1.20320179012912,0.0214334026406462,-0.769852744682659,-0.0741615801553976,-0.0230851458291212,0.014690269089503,-0.616906386386432,-0.380144501725141,-0.0760834181949162,0.468552453786187,-0.00434645983165183,0.0550853220340741
70.9770763621761,-103283.8817,-111344.3186,-110150.1798,-102388.2776,-102686.8123,0.611586505009967,0.230569451071176,-3.66771823852613,0.21822954859249,-1.0144695274635,1.12688238421236,0.00261639030753003,-0.637035010104078,-0.163035663673163,0.0891011911609993,0.0423971917221753,-0.603360839533801,-0.470659568082147,-0.00250707779512727,0.421206309712095,0.0120368120003889,0.0775444047933487
70.9907057352757,-103283.8817,-111344.3186,-110150.1798,-102388.2776,-102686.8123,0.31760780275404,0.0881448968698919,-3.48526122665048,-0.111147380766184,-0.539594075378645,1.06337953032241,-0.0166679763976418,-0.564674515451124,-0.25142882915631,0.250425137086651,0.0712518317126509,-0.586268741495145,-0.51984833070782,0.0675592377841876,0.350758754743661,0.0021640264581464,0.119546102507416
71.0276958574435,-103283.8817,-111344.3186,-110150.1798,-102388.2776,-102686.8123,0.0980882845728246,-0.0368385934458075,-3.41891786998673,-0.370783513143664,-0.105836723893361,1.01341127023377,-0.0339767239814677,-0.53291010692039,-0.323982279012398,0.409565026660395,0.0962115315832746,-0.570400238688922,-0.540587660448347,0.124160205195336,0.278743171441398,-0.0249491131535393,0.165315400596443
71.0049179825359,-103283.8817,-111344.3186,-110150.1798,-102388.2776,-102686.8123,-0.0659942350178824,-0.14324007078099,-3.41960108370419,-0.517863843173359,0.247657656939467,0.975339624769049,-0.0484579215425782,-0.522539699640141,-0.360544380093394,0.543541782909656,0.116570317953645,-0.556650247441498,-0.544838065009381,0.158615555600216,0.217179652078099,-0.0591636131532169,0.208185367940178
70.9747879935373,-103283.8817,-111344.3186,-110150.1798,-102388.2776,-102686.8123,-0.163478766003323,-0.219699905316375,-3.45407843337864,-0.544756973967907,0.513100910153014,0.952521825377119,-0.0563867102370494,-0.5219893643619,-0.353895485650078,0.646601113209115,0.131317089722472,-0.546519865194371,-0.540316724736722,0.168834659233351,0.169957237063716,-0.0941988890464884,0.24653588249503
70.983581408776,-103283.8817,-111344.3186,-110150.1798,-102388.2776,-102686.8123,-0.21050773583633,-0.273469231576499,-3.49676721756357,-0.478498635290705,0.701928278424859,0.941483160517357,-0.0600297566390822,-0.524069339653217,-0.312529503966452,0.72343353084289,0.141776474441193,-0.53884049083273,-0.532743293252297,0.159918231173713,0.135792285295928,-0.126004503454993,0.275337513362958
70.973228800651,-103283.8817,-111344.3186,-110150.1798,-102388.2776,-102686.8123,-0.233033105659857,-0.315550754247568,-3.53645649203928,-0.349095585562168,0.825280603416815,0.936664061617741,-0.062343098775024,-0.52593317344521,-0.248200486520027,0.777952753322921,0.149220941166817,-0.532568290437229,-0.524722473022929,0.137945258271725,0.113080786057418,-0.152859339792485,0.293806355838576
71.0042884708791,-103283.8817,-111344.3186,-110150.1798,-102388.2776,-102686.8123,-0.231623500898436,-0.344686760412785,-3.56793552947573,-0.195681743140355,0.902211645281398,0.937525323110783,-0.0626859639449648,-0.52658879559575,-0.176842555873392,0.815162500039726,0.153834725372092,-0.528007766983416,-0.517792739779906,0.110657120760001,0.098588321707886,-0.174933595300004,0.308662443537271
80.4320286104087,-103283.8817,-111344.3186,-110150.1798,-102388.2776,-102686.8123,-0.0470017071884143,-0.185463321630465,-3.5876480482049,-0.0409582627107596,0.946013833597462,0.992306083584396,-0.00773714263648628,-0.515632319031624,-0.0956588471291653,0.851977379047554,0.119751139370773,-0.563109518745924,-0.510109494475685,0.0862133546329686,0.0934182208461682,-0.192618982724163,0.252493368390592
80.4763068100025,-103283.8817,-111344.3186,-110150.1798,-102388.2776,-102686.8123,-2.29566266323521,-1.18246772872793,-3.40447916879155,0.100796758969068,0.971474539701859,0.553296978951472,-0.0465267672965837,-0.359110973894623,0.0891200412301885,0.997024006597798,0.0730903677152601,-0.584203350704407,-0.51869095306774,0.097001544015245,0.124056098413493,-0.20151729653665,-0.49938731243104
80.4667187093063,-103283.8817,-111344.3186,-110150.1798,-102388.2776,-102686.8123,-1.84653072000501,-0.212422423061597,-3.39603849228203,-0.133034207638389,0.841919310716634,0.525252887034974,0.154077627633498,-0.200404527188702,0.126119414525299,0.825114097236231,-0.121727423843721,-0.768903999249143,-0.519197768814415,0.146461623944977,0.18955655729465,-0.248162975574623,-0.524675541686664
80.4514520463934,-108859.5661,-130605.7738,-127384.1134,-106443.3208,-107248.7359,-1.19001543926551,0.651699503191978,-2.99041937421902,-0.488632674924375,0.570393885932006,0.357937281189407,-0.0654925410447191,-0.421535877582933,-0.0934648981312236,0.404514565154777,-0.141620179820341,-0.59942545852389,-0.316550992367607,0.240298610560833,0.275902422483069,-0.265721234842616,0.177006380758987
80.4775850143051,-108859.5661,-130605.7738,-127384.1134,-106443.3208,-107248.7359,-0.892487848169523,0.8037182669526,-2.31079824061302,-0.828982505676265,0.21272401358425,0.318919835718518,0.0526667525316427,-0.150024399581959,0.0598746146233466,0.441513590425323,-0.175165420770671,-0.623123732631728,-0.396256337668845,0.27758488407884,0.246279309699284,-0.2833035529559,0.17234995141246
80.411837108094,-108859.5661,-130605.7738,-127384.1134,-106443.3208,-107248.7359,-0.924704916870837,0.619106019088065,-1.840492484131,-1.13013798423086,0.0911121747008963,0.26058980055322,0.0779926803748126,-0.0284644355127952,0.115714334636834,0.481078324752332,-0.168841560578872,-0.600974208980086,-0.416937026847962,0.277284595456269,0.177799126384761,-0.308305043920562,0.112538360545335
80.4560765087184,-108859.5661,-130605.7738,-127384.1134,-106443.3208,-107248.7359,-1.04635981714115,0.353016840227355,-1.59944488063502,-1.2702188826098,0.091519302824338,0.211059610612089,0.0759146307225294,0.00604998358546993,0.174323772171981,0.506329647665225,-0.151938880863863,-0.569430444201916,-0.395523659554691,0.241880569060403,0.0995030657019096,-0.329175184505857,0.051267319339523
80.4452816399025,-108859.5661,-130605.7738,-127384.1134,-106443.3208,-107248.7359,-1.20260733102855,0.0602940675155565,-1.55174046129936,-1.24018819843704,0.141059720499854,0.169165620724968,0.0608788884331091,-0.00489982575444259,0.24725704577201,0.507124006366489,-0.131748955530741,-0.535379790846292,-0.350903605485512,0.180500732634009,0.0300464936390266,-0.347419006542474,0.00838539836073515
80.4175146008541,-108859.5661,-130605.7738,-127384.1134,-106443.3208,-107248.7359,-1.33957168354648,-0.202377294804435,-1.62950795653104,-1.09513400052411,0.190826901315347,0.137916304242772,0.0450827534000382,-0.0358009589109116,0.318402973478427,0.482008937352312,-0.113358277463399,-0.505295458433242,-0.297444199534255,0.109589734491898,-0.0226097213688998,-0.361781708552137,-0.00819028663393695
80.4373648528832,-108859.5661,-130605.7738,-127384.1134,-106443.3208,-107248.7359,-1.44586825557873,-0.423212810207446,-1.78146646642101,-0.890842570551683,0.215492899905016,0.115976175411092,0.0314314489276839,-0.0738458786506015,0.375139450910126,0.436868590278863,-0.097998676300121,-0.480334217388303,-0.243083946450045,0.0419963343191601,-0.0578313177364613,-0.370983508890021,-0.00205741446112384
80.3934162691418,-108859.5661,-130605.7738,-127384.1134,-106443.3208,-107248.7359,-1.52786159697456,-0.610557679282692,-1.96887909439381,-0.678099555078731,0.199497308766382,0.0998540424687775,0.0184302198914139,-0.112463589098745,0.410834931797623,0.378022199946152,-0.0853885904076346,-0.459198003439171,-0.19215615229867,-0.0139832016264023,-0.077491495522531,-0.374556996134963,0.0216582673771324
80.444286031606,-108859.5661,-130605.7738,-127384.1134,-106443.3208,-107248.7359,-1.57806518484296,-0.755287290746821,-2.15535363441771,-0.484078523883483,0.155163534978357,0.0904407980010262,0.00939483098743921,-0.147308898771257,0.42636944581583,0.312990025483771,-0.0760172075906875,-0.443070798758684,-0.147501792661519,-0.056280656883295,-0.0863877833853168,-0.372682361941749,0.0552553218124086
80.4342339639646,-108859.5661,-130605.7738,-127384.1134,-106443.3208,-107248.7359,-1.6174364626103,-0.881756207572153,-2.3262412005294,-0.320826374920742,0.0885394144941642,0.0830372576357377,-0.000414810311234248,-0.177107938291655,0.425336821971257,0.246613437724669,-0.0683552788571336,-0.428792514256271,-0.109784799716038,-0.0858388047006435,-0.0876435016820314,-0.365800042654776,0.0909934562481425
70.40043257014,-108859.5661,-130605.7738,-127384.1134,-106443.3208,-107248.7359,-1.64246915944065,-0.98496262639668,-2.47762946728724,-0.193392419332241,0.00542835137797226,0.0787438851976674,-0.00805030063489198,-0.202145975308376,0.411377014735237,0.180861942366434,-0.0624738395496731,-0.417291194892551,-0.078273823486176,-0.104625232382531,-0.0836541311241465,-0.354362094130082,0.128528200389738
70.413547051235,-108859.5661,-130605.7738,-127384.1134,-106443.3208,-107248.7359,-0.649458481115786,-0.157723287416644,-2.62399721503671,-0.106150391316334,-0.0935448674835158,0.356331709470183,0.376501214568755,-0.22818150480088,0.383341012008991,0.113263035432148,-0.118805780954788,-0.567023870967191,-0.0512657819373425,-0.114837560048501,-0.0761671040857583,-0.338923576346758,0.263693377466105
70.3634659700616,-153778.6986,-285780.9588,-266225.0684,-139111.7808,-144000.7534,-1.71459185046595,-1.82320597827007,-2.65382618874159,0.193233825916181,0.00806852993675022,-0.604268020533333,-2.37896183934065,-2.67878625099186,-0.737943720602352,-1.00047101649034,0.613324421212949,1.48040010971865,1.42730756110238,0.229991320291068,0.321652687346119,-0.346159400681046,5.23200349277457
70.4144082433825,-153778.6986,-285780.9588,-266225.0684,-139111.7808,-144000.7534,-3.04459245641114,-3.33983211203697,-0.125182431066818,0.11832516414934,-0.344971927819159,-0.442369787052293,-1.52987435625991,-2.39284189808269,-0.525273292329082,-0.345454963034257,0.341845414187771,1.56428660428763,0.915408387921986,0.121472577548314,0.135418880450751,-0.617131906980838,5.88154608071647
70.4331756307914,-153778.6986,-285780.9588,-266225.0684,-139111.7808,-144000.7534,-2.78902206307694,-3.45828737967143,0.475344500300352,0.382035122595539,-0.217375734884399,-0.471470427690726,-1.11069260121614,-2.50912279104722,-0.357863797978176,-0.137781933017976,0.355691799603875,1.52542445933451,0.722129710236944,0.0414396851339742,0.0439461439780269,-0.774340750217092,4.03220548810222
70.3726605460352,-153778.6986,-285780.9588,-266225.0684,-139111.7808,-144000.7534,-1.760076520982,-2.60895840100258,0.272486664107419,0.814996804646754,0.0153460737638795,-0.371888208235539,-0.681241154466086,-2.78121287169427,-0.16114900985071,-0.0672946167676258,0.286236803394353,1.32954902698382,0.692195561938878,-0.0212621318593604,0.00314624260364638,-0.805873956795701,2.08741796563526
70.4631568122966,-153778.6986,-285780.9588,-266225.0684,-139111.7808,-144000.7534,-0.67834003470243,-1.54754030583486,-0.157861282826715,1.26929204537714,0.222751245289814,-0.209355823907266,-0.270524062247894,-3.07029335320303,0.050452496996833,-0.0599049442094,0.165295315647636,1.10012286991035,0.731191395048667,-0.0688510540697715,-0.00888188505531806,-0.671760548508004,0.856073576754831
76.0485800757224,-153778.6986,-285780.9588,-266225.0684,-139111.7808,-144000.7534,0.259430400391039,-0.451728721901944,-0.484947522966635,1.60890872836994,0.308863291335342,-0.00714993695444832,0.169689796473506,-3.22972906817062,0.273892429345544,-0.0549565641316079,0.0212043624388558,0.861384099400817,0.778774554774466,-0.09529081211525,-0.00362263966048371,-0.462098458597957,0.173886131350692
76.0109186565775,-153778.6986,-285780.9588,-266225.0684,-139111.7808,-144000.7534,-0.978592059210314,-0.586291656674987,-0.333091127544975,1.7018842121216,0.2022030815682,0.0313662449510304,0.733791439233173,-2.82786111465262,0.68599489354115,0.221876571932341,-0.162148154057213,0.691488095988878,0.844244905607188,-0.0666202890188425,0.0480142845227132,-0.216825908727927,-0.684469750274527
76.058522040212,-153778.6986,-285780.9588,-266225.0684,-139111.7808,-144000.7534,-0.694214328494496,0.195988079334199,-0.11093406427068,1.21303573226221,-0.375153150459695,0.19097461006416,1.18913026060184,-2.21807407475615,0.914414087433258,0.331403595373779,-0.290365694038674,0.486130443576885,0.880987704259435,0.0253239648764314,0.132822905716354,-0.110742487082341,-0.71715106952016
76.0721160984969,-153778.6986,-285780.9588,-266225.0684,-139111.7808,-144000.7534,-0.607870838624294,0.439886095051179,0.669927075791932,0.477153633537867,-0.983396005184346,0.212433105973396,1.29464542496941,-1.51266064680458,0.976700962442159,0.32483299893169,-0.322659513554016,0.42844548661055,0.775673553727074,0.131780880585328,0.203727290203512,-0.0131782117282242,-0.547226052234864
76.034188651423,-153778.6986,-285780.9588,-266225.0684,-139111.7808,-144000.7534,-0.771797672161128,0.342411976158388,1.58153498263869,-0.194124999321957,-1.30486804679086,0.166897141193637,1.24874330146204,-0.866620880693652,0.977316393512567,0.339052096082497,-0.305007474408656,0.445921265153319,0.639740072279366,0.22331175838071,0.235397348655335,0.0633106039737967,-0.378064343201407
76.0553544192196,-153778.6986,-285780.9588,-266225.0684,-139111.7808,-144000.7534,-0.956365854141168,0.196874025039548,2.36367580914043,-0.674480201057136,-1.32475896265935,0.121859645124438,1.18192473125691,-0.321039564646192,0.983154382694522,0.419362430907306,-0.279314027984169,0.477035584957643,0.531199827540555,0.288588414589717,0.232225092789814,0.110749800850911,-0.249355464398171
76.0314981420742,-153778.6986,-285780.9588,-266225.0684,-139111.7808,-144000.7534,-1.13370132817148,0.0548656672645791,2.96181286142199,-0.944148363597719,-1.11588205397959,0.0847489734151239,1.12384898101214,0.138030183112804,1.01985317329447,0.553204820674452,-0.255776257571363,0.50800329761648,0.457422124696421,0.326592547463604,0.205258867926522,0.142608176672105,-0.158337498923682
88.9725285629739,-136362.2006,-225614.8748,-212392.2564,-126445.2368,-129750.8914,-0.336587716604512,1.04403998954274,3.40577493372862,-1.02123916892789,-0.81632638528221,0.745977040938619,2.56289773644566,2.00755173081289,1.9472025884886,1.71406063769301,-0.563902321349658,-0.260269171419027,-0.0678746551740042,0.266296615785202,0.105861842337558,0.194235403733387,-1.82303981518808
89.0043781931882,-136362.2006,-225614.8748,-212392.2564,-126445.2368,-129750.8914,-3.15369625851227,-0.340312669241285,3.87654128138706,-1.21926764046802,0.07933171000073,-0.228329484445695,1.52292732339139,2.33610613634506,1.5608336964327,1.68628098563041,-0.351236618687599,0.00799449791393991,-0.102486392364805,0.29668364820724,0.124602992956644,0.363007024909479,-2.74588067489182
89.0098952301937,-136362.2006,-225614.8748,-212392.2564,-126445.2368,-129750.8914,-1.33962911607773,1.02381511968986,2.52125160433776,-1.82941162265189,-0.102858283052157,-0.352074695694562,0.90540409954977,2.21586781718382,1.15777887215532,1.38066736743333,-0.359549444392865,0.0403392478866285,0.183864473808311,0.358892675539982,0.155270282544659,0.385505846521603,-1.7922868676834
89.0289285921227,-136362.2006,-225614.8748,-212392.2564,-126445.2368,-129750.8914,0.242846471587868,1.989162210134,2.46729029722084,-2.47103650800489,-0.707943288177802,-0.389713113195384,0.480776859084827,2.09631764552711,0.847885636448197,1.14444964898119,-0.361953961314012,0.0885714375145716,0.273044901738329,0.403199523988833,0.14556231943031,0.370720927225562,-1.04896728996729
88.9832020814815,-136362.2006,-225614.8748,-212392.2564,-126445.2368,-129750.8914,1.15294242355407,2.35861795301336,3.14634187388238,-3.00171303255892,-1.2852621481117,-0.41369346557866,0.197189442033498,1.97021557842098,0.622820647435056,0.957111412254584,-0.352459152100324,0.146777937736907,0.266433930856542,0.424588243518899,0.1100936355235,0.365424617956364,-0.593539778531516
88.9946275722931,-136362.2006,-225614.8748,-212392.2564,-126445.2368,-129750.8914,1.62598130952775,2.40542853225138,3.9829352851132,-3.34236032487654,-1.63137123512885,-0.428198959931507,0.0173818056928852,1.83200799357008,0.466916454580115,0.783320737021867,-0.340700592778977,0.198505819010732,0.238902993809341,0.421687901135012,0.0677524228676931,0.361947300013107,-0.310764748525045
90.8811190217142,-136362.2006,-225614.8748,-212392.2564,-126445.2368,-129750.8914,1.84250827883093,2.30072460536556,4.71429018512436,-3.45570318585597,-1.71710651360955,-0.437484808195919,-0.0965605531309066,1.69120773760596,0.365876767951633,0.617780681445041,-0.329905738990432,0.241513791504941,0.214735670570948,0.39526854842266,0.0283337019553389,0.354355190203272,-0.123691102182633
90.8847223087586,-136362.2006,-225614.8748,-212392.2564,-126445.2368,-129750.8914,1.82783624885448,2.06235897708275,5.25017962458975,-3.34786239942878,-1.61124909313872,-0.47457011778944,-0.227491848225853,1.55614478163623,0.304930433326724,0.464998075469623,-0.322189823976202,0.298389994195402,0.200186651116862,0.350551482595109,-0.00365852556106772,0.342494660433147,-0.0105505734874178
90.9202845016718,-136362.2006,-225614.8748,-212392.2564,-126445.2368,-129750.8914,2.06480112840329,2.12692711059063,5.5775258516107,-3.09256289506148,-1.42301729948133,-0.483174999425017,-0.288323124948526,1.4241488698388,0.262824676335107,0.320552940518304,-0.325550729509049,0.319722791403189,0.202800266802348,0.299154123493448,-0.0262798767431496,0.329769399620119,0.0845625953597917
90.8899062950984,-136362.2006,-225614.8748,-212392.2564,-126445.2368,-129750.8914,2.39856562766343,2.3106577054449,5.82938918816409,-2.7391832390273,-1.18590214930632,-0.478463042818518,-0.314189394698381,1.30785530182158,0.229313705740267,0.19150700468586,-0.334551455895894,0.324745298002252,0.206755374593738,0.247632816038985,-0.0422545055073449,0.314632059229289,0.138918296706974
90.8519689140084,-136362.2006,-225614.8748,-212392.2564,-126445.2368,-129750.8914,2.71527618965578,2.48843663268727,6.06824491267707,-2.33058154581622,-0.917111861320009,-0.468951041565063,-0.32366289650848,1.21048231509899,0.198401685955403,0.0801105498225283,-0.343920230010702,0.324721759669114,0.206907035586,0.200037208974936,-0.0543415806565719,0.300124343948106,0.162282478429244
90.8602821770985,-136362.2006,-225614.8748,-212392.2564,-126445.2368,-129750.8914,2.95500969336734,2.6027472722438,6.30155192527739,-1.89992456477246,-0.640357684560215,-0.459698255639594,-0.327502573039759,1.130152246338,0.167424930586613,-0.0147370748804505,-0.351034010617324,0.325279429038387,0.203354143205527,0.158171682239836,-0.0635672895868014,0.285938970935852,0.167241347358219
90.8825504226574,-131632.2886,-209275.1788,-197772.5284,-123005.3008,-125880.9634,3.10750058965819,2.64954014562265,6.50598524183887,-1.49330178993235,-0.382042432384239,-0.405816634081731,-0.18863021199369,1.20440795280466,0.193011936868025,-0.0392250396406268,-0.395633533738586,0.195881950367783,0.0749892324713708,0.0845615133786111,-0.109106998980745,0.267699171705978,-0.209116813924638
79.4593685268105,-131632.2886,-209275.1788,-197772.5284,-123005.3008,-125880.9634,3.2962281683769,2.61653867177553,6.31889769927827,-1.11161071262151,-0.0976446105486275,-0.402317549862943,-0.286373295589712,0.974871479912437,0.101343364631546,-0.15724631295344,-0.375443082218607,0.220575449451635,0.126773002507623,0.0651071745303617,-0.104893744786233,0.254184815673668,-0.21150623649721
79.4915069520951,-131632.2886,-209275.1788,-197772.5284,-123005.3008,-125880.9634,3.99501968395357,2.94700827422179,6.24262258787455,-0.750227631289491,0.172594965201029,-0.211143719999811,0.0734237860054705,0.803669927924837,0.0272819952864225,-0.245610303948595,-0.361930816177811,0.0961298141899987,0.153559981398827,0.0470634173544198,-0.104523786002237,0.239499475273682,-0.0541264491794387
79.5115194011342,-131632.2886,-209275.1788,-197772.5284,-123005.3008,-125880.9634,3.39875378628669,2.13145358234493,6.44907478350353,-0.342962680829316,0.504657507408155,-0.0888800802727943,0.211568570138425,0.72278342167052,-0.0233361166825077,-0.2806941569348,-0.33550903938327,0.0842955801740726,0.113128362451744,0.0217829405695591,-0.111844821022307,0.229396982957589,-0.0999876585154418
79.4941603206481,-131632.2886,-209275.1788,-197772.5284,-123005.3008,-125880.9634,2.07052730162036,0.747349440308767,6.56834457406353,0.0999663533715136,0.865152252621471,-0.0322182212866409,0.212661022881328,0.685445098756105,-0.0566100568728203,-0.28285866865869,-0.281395763749722,0.152795227701198,0.0555665901560252,-0.00795424542631995,-0.122826560454697,0.23115088160052,-0.114587929840621
79.5333964161738,-131632.2886,-209275.1788,-197772.5284,-123005.3008,-125880.9634,0.591740131710495,-0.600357786501178,6.42596073928908,0.567107386830017,1.22102241064903,-0.0247667912909932,0.146709656626221,0.664147148885526,-0.0759166273699421,-0.265228398627059,-0.207382200109626,0.257389379653941,0.00624772201098378,-0.0400176272593784,-0.134502389065777,0.233668114520682,-0.0716368662077222
79.5026124133935,-131632.2886,-209275.1788,-197772.5284,-123005.3008,-125880.9634,-0.679392363225617,-1.58012097228271,5.97052525108673,1.04328772946128,1.53417977631638,-0.0459974823673761,0.0659618170667144,0.641937759739925,-0.0834834574129815,-0.236832409894937,-0.130270985852033,0.356689935297167,-0.0209186304635782,-0.072553399974153,-0.144222444151748,0.228966843005971,-0.00706891759385186
79.4756603286255,-131632.2886,-209275.1788,-197772.5284,-123005.3008,-125880.9634,-1.56323177455407,-2.09127236948065,5.2479088132919,1.50947182620112,1.76532960958194,-0.0689701688976712,0.0133537993350856,0.609581044189291,-0.0813490977330957,-0.204484524354037,-0.0688439735717596,0.41966066491082,-0.0196529383400035,-0.103845838196173,-0.149619184249484,0.211195777271421,0.0448878450243733
79.4981277413095,-131632.2886,-209275.1788,-197772.5284,-123005.3008,-125880.9634,-2.09016719590747,-2.24408024166506,4.38236370240098,1.94610970893693,1.88942797355956,-0.0818846432030682,-0.00450911745003424,0.56641332302317,-0.0718183954017348,-0.172535268453203,-0.0300291370106591,0.444280012898173,0.00712840421259209,-0.132651417103485,-0.149287451147196,0.18064230073162,0.0734778807935452
79.498072507741,-131632.2886,-209275.1788,-197772.5284,-123005.3008,-125880.9634,-2.38680236281485,-2.20670766764135,3.48319313878663,2.33847476797641,1.9050323148016,-0.0877436108716196,-0.00204154828998071,0.514359276869541,-0.0573635532810357,-0.143600721962656,-0.00896851650053154,0.445002951906122,0.0534543551874882,-0.158246580250184,-0.143007072955532,0.143510860961243,0.0918092167066558
79.4943667382149,-131632.2886,-209275.1788,-197772.5284,-123005.3008,-125880.9634,-2.51661167128225,-2.06278837986926,2.64884171847609,2.6540932370779,1.79507693342153,-0.0861182128853812,0.0146019484321727,0.459312813674202,-0.0412378863859644,-0.120576665675387,-0.00199308558362166,0.43031058301443,0.110230793248853,-0.179024429613,-0.129682203012427,0.105382639064899,0.110174375740968
79.5021368485872,-131632.2886,-209275.1788,-197772.5284,-123005.3008,-125880.9634,-2.56380190785173,-1.89273327638641,1.93503945779634,2.87308791935251,1.57533794869295,-0.0821825045081681,0.0349754708889449,0.407154011913583,-0.0258892766738796,-0.103915911047849,-0.00187086649683099,0.410677565718615,0.168537233426697,-0.194182297089125,-0.109787209613266,0.0718297517943185,0.137673594463799
79.4644206305742,-123845.9716,-182376.9928,-173705.7304,-117342.5248,-119510.3404,-2.57346837961418,-1.73194998051967,1.40539006608746,2.98971495536544,1.29828353360324,0.0560831010636136,0.426914539361469,0.705170383762145,0.0795468299047783,0.0126826529797697,-0.102810522455015,0.0770285054113344,-0.0485667143489681,-0.257247385441062,-0.147437029985647,0.0480349499377652,-0.625355069620827
79.4629489615239,-123845.9716,-182376.9928,-173705.7304,-117342.5248,-119510.3404,-2.61921097602325,-1.59499226849903,0.47275309383852,2.96447502483613,0.969982217451388,0.0071889576624713,0.188642868669291,0.439643566106795,0.00786577667817312,-0.0640543174497168,-0.0544996750386497,0.110317238621047,0.0664650796554773,-0.246157390036578,-0.103376336175359,0.0479908116163941,-0.592426305782181
80.1867727976435,-123845.9716,-182376.9928,-173705.7304,-117342.5248,-119510.3404,-2.60274587842376,-1.5013474527309,-0.205038495821327,2.84890283194552,0.600243812732032,-0.0154801490832099,0.0696624863813113,0.24367480543301,-0.037048876318245,-0.115357631078382,-0.0277504425565758,0.123835255148272,0.151010473846739,-0.233889355253674,-0.0611619277327504,0.0423735263600307,-0.298386622299986
80.1916838922624,-123845.9716,-182376.9928,-173705.7304,-117342.5248,-119510.3404,-2.6747293841689,-1.54290480605401,-0.668224777244106,2.64014455785559,0.212329188284372,-0.0520074815916516,-0.0256366631179787,0.103483487064011,-0.0673513300523823,-0.147797391866646,-0.00858902317520771,0.143478183088253,0.208626980126943,-0.218878560318899,-0.0206636426113418,0.0346700428540103,-0.0354451234256938
80.1945324787333,-123845.9716,-182376.9928,-173705.7304,-117342.5248,-119510.3404,-2.61475533200357,-1.47918801666096,-1.01590811074739,2.34579046104665,-0.182569186844987,-0.0653060514574193,-0.0645512252396259,-0.0020207510358432,-0.0923258119868038,-0.173336875108539,-0.00562180056914996,0.141930713732839,0.253878475980506,-0.199274817473207,0.0186286546707339,0.025060365483732,0.177365232059104
80.2259925818125,-123845.9716,-182376.9928,-173705.7304,-117342.5248,-119510.3404,-2.49149173374542,-1.37268352904015,-1.24705689101343,1.98724474982815,-0.563409607182138,-0.0658739682499245,-0.0762985048919305,-0.0781657725814782,-0.115549888217181,-0.191400149044213,-0.0111640674596265,0.131371606079025,0.284981580346198,-0.175949877672473,0.0553474875897948,0.0142649634386842,0.32342186159114
80.1656408337236,-123845.9716,-182376.9928,-173705.7304,-117342.5248,-119510.3404,-2.37581805722166,-1.28789121449087,-1.37477453365128,1.58955665710832,-0.911225863040173,-0.0638900783582415,-0.0809929604808417,-0.130501775797072,-0.138823323085767,-0.20220072145856,-0.0179104322836614,0.121986801451425,0.30281255049913,-0.14995605733091,0.0882154335269025,0.00522032654060212,0.419617351681708
80.1781211582759,-123845.9716,-182376.9928,-173705.7304,-117342.5248,-119510.3404,-2.27466922019211,-1.22324122351512,-1.42503580061688,1.17569571057146,-1.21207677844711,-0.059274727033241,-0.0805500968029662,-0.165087727336257,-0.16278465006225,-0.206454985913254,-0.0239897135425629,0.114080456329616,0.310528372943419,-0.122304301899422,0.116219073050153,-0.000822872018055421,0.483522565638449
80.1693133826921,-123845.9716,-182376.9928,-173705.7304,-117342.5248,-119510.3404,-2.21327830119016,-1.19706477150703,-1.41794392453873,0.76904055877219,-1.44472243262534,-0.0571934455737235,-0.0830939927534189,-0.186099436313945,-0.186724281376272,-0.202747486447088,-0.0275653734388934,0.110687060809993,0.310449788651763,-0.0943601659014703,0.137641202097994,-0.0041249006927373,0.520123334573766
80.2006850747928,-123845.9716,-182376.9928,-173705.7304,-117342.5248,-119510.3404,-2.1721819397364,-1.18615695721539,-1.38417472960683,0.382468226746525,-1.61452911954385,-0.0557716957422016,-0.0857867615248651,-0.198843807455169,-0.210299344227174,-0.192838647968408,-0.0299463749665285,0.108995864806344,0.306656395970252,-0.0668769881553255,0.15285773297782,-0.00528741058694493,0.538703620631019
80.1911308702747,-123845.9716,-182376.9928,-173705.7304,-117342.5248,-119510.3404,-2.15293634480595,-1.19145783145372,-1.34057860374068,0.0263849440060113,-1.72014505291403,-0.0564549825133582,-0.0906337457709299,-0.206442960512867,-0.23281870475406,-0.177209558222877,-0.0310702398809177,0.109379214736655,0.301352038307362,-0.0406404600085495,0.161735066290116,-0.00534957862554108,0.543449829963341
80.1549361618746,-123845.9716,-182376.9928,-173705.7304,-117342.5248,-119510.3404,-2.13851582324622,-1.19667348675563,-1.29919069907879,-0.299355075770094,-1.77711303907044,-0.0568025763756239,-0.0941418674969441,-0.211391489889749,-0.254336599304125,-0.158309368724609,-0.0319297013868121,0.109667560667465,0.296243358906049,-0.0157536967986822,0.165644759739316,-0.00483444080833806,0.540951209400479
80.1920250381906,-123597.4508,-181518.4664,-172937.5752,-117161.7824,-119307.0052,-2.12192449571292,-1.19556107284001,-1.2642591373358,-0.589890714458207,-1.79034588928538,-0.0514104640654338,-0.0832799332447109,-0.20310384928591,-0.270368876558933,-0.132055547749985,-0.0360170845458363,0.0991326618474706,0.282885534334112,0.00519748618812854,0.162688153076871,-0.0041721741393701,0.505770454302411
80.2082517502943,-123597.4508,-181518.4664,-172937.5752,-117161.7824,-119307.0052,-2.12058347015336,-1.20468352837975,-1.2484580284934,-0.848446493105271,-1.77058403709863,-0.0538884667302639,-0.0937555227464912,-0.211123864650219,-0.290790871576966,-0.113359291243519,-0.0348219979973052,0.101401477021377,0.281130199576538,0.0266608525985428,0.159866906517818,-0.00289230333234514,0.491758677575357
80.2256775546218,-123597.4508,-181518.4664,-172937.5752,-117161.7824,-119307.0052,-2.12306776573067,-1.2173754082051,-1.236973643852,-1.07693686016411,-1.73423782968949,-0.0562879034157433,-0.101167459598699,-0.217343881058341,-0.308699556882722,-0.093648975317727,-0.0338176537230435,0.103470568982313,0.279808251510707,0.0461464004499412,0.154918883576439,-0.00212267538010735,0.485944431720155
80.1688394553949,-123597.4508,-181518.4664,-172937.5752,-117161.7824,-119307.0052,-2.12706914655953,-1.23049290447018,-1.22967523715667,-1.27892211879278,-1.69042739269156,-0.0586243516672909,-0.106824091722252,-0.222344234031276,-0.32457519427696,-0.0745669866341956,-0.0330343008559124,0.105288850421458,0.27896411025113,0.063806056210155,0.1489357336521,-0.00191385922691722,0.480847401636574
64.7701112701792,-123597.4508,-181518.4664,-172937.5752,-117161.7824,-119307.0052,-2.50216818351423,-1.68146421363002,-1.23115803828443,-1.45691251112709,-1.64521747043761,-0.0987160613097089,-0.170064204538598,-0.232873814575719,-0.343004642093526,-0.0619137811006425,0.00287943043231698,0.160267462147131,0.278417374244503,0.0793364548326856,0.14216265531514,-0.00229692848390073,0.566242722504233
64.7556508961295,-123597.4508,-181518.4664,-172937.5752,-117161.7824,-119307.0052,-2.13651759535519,-2.4531046548925,-1.40097031062805,-1.60849455830915,-1.60317726380299,0.171527267412195,0.425791251054982,-0.306810838828056,-0.392206273915875,-0.0869692648833933,0.124353385868175,0.178353080466388,0.291752059883512,0.0896796546684306,0.13195510000397,-0.00601061102853606,1.26651477020562
64.698716175535,-123597.4508,-181518.4664,-172937.5752,-117161.7824,-119307.0052,-3.20313744965209,-4.61539086673442,-1.24526672486888,-1.58237217524295,-1.35318865028739,0.0460326117653338,0.0576774817501189,-0.391795077699271,-0.467418626944749,-0.0631789326729759,0.528095392537906,0.695785936435969,0.203481077586462,0.068965973220227,0.100479530701203,0.0285537769603508,1.78881588859398
64.7623819066891,-123597.4508,-181518.4664,-172937.5752,-117161.7824,-119307.0052,-3.93346267982855,-6.20527380692104,-1.32836385339512,-1.37802903080494,-0.931432190947191,-0.540597525520816,-0.936145036238031,-0.629485601606838,-0.603065898033499,-0.0588940469210755,1.1204801306476,1.35817318596917,0.103851056709124,0.0190776341536614,0.0513743535061715,0.0251190335406974,2.44797425296803
64.7246087282648,-123597.4508,-181518.4664,-172937.5752,-117161.7824,-119307.0052,-3.22492325811126,-6.12262627810482,-1.85009939537449,-1.03191800293756,-0.464859032610107,-1.02630199915118,-1.6643580329924,-1.03766782095839,-0.742588215151549,-0.0464313258434998,1.43847547891142,1.58912783428787,0.0754864106847117,-0.0468664728665433,0.00108653019428528,-0.201788813856993,2.48634999009524
64.7374122955054,-123597.4508,-181518.4664,-172937.5752,-117161.7824,-119307.0052,-1.70185435603609,-5.03085675770743,-2.62600090398757,-0.615824038707601,-0.0748533485752603,-1.11167683118071,-1.85972488614711,-1.55303055151639,-0.839620256648217,-0.000826922688631271,1.40720562262164,1.46590347104135,0.151195488454374,-0.114827494338445,-0.0400470365826067,-0.57025513321031,2.03767782592191
92.3239190076794,-123597.4508,-181518.4664,-172937.5752,-117161.7824,-119307.0052,-0.197409560202956,-3.5654385389292,-3.43814879057219,-0.247115125629477,0.081210899924983,-0.935701573638745,-1.67061411827719,-2.08590040178021,-0.902420866078081,0.0482585042893291,1.1994280693764,1.18487558469961,0.302526427822988,-0.173640157343143,-0.0658641602090515,-0.859020407884849,1.47388960174275
92.3359138435967,-123597.4508,-181518.4664,-172937.5752,-117161.7824,-119307.0052,-10.4008352067522,-9.11817365691937,-3.38870228216567,-0.0859193878436031,-0.128180072136402,-1.60859991376044,-0.923604821621069,-1.2505759087477,-0.300107265829141,0.86043589894895,0.876351262903069,1.11447073498364,0.70882347577942,-0.143585856566829,0.0408765162938718,-0.869445456501353,-1.46313063488949
92.3213279028186,-139017.7656,-234788.6448,-220600.3664,-128376.5568,-131923.6264,-3.7524919458815,-1.91795817947715,-5.3447069552814,-1.40361195224857,-1.79008199723225,-0.785743951208438,-0.702528710665277,-2.12621739632578,-0.789267726541695,-0.273757157861382,0.0141816997320958,0.60092627903414,1.67197372684009,0.178915662555949,0.480244651148011,-1.05597842891682,0.782610874394456
92.3042695095422,-139017.7656,-234788.6448,-220600.3664,-128376.5568,-131923.6264,0.509183840153554,2.20614357566051,-3.34050089127359,-3.19444420491307,-4.46238209057877,-0.520614123706387,-0.245950597278465,-0.547167863436833,-0.730218725391687,-0.45841975361359,-0.327014802635944,0.264232968886611,1.17132148829854,0.430308222680387,0.741429308019419,-0.870799381452379,1.09724527927211
92.2913638806124,-139017.7656,-234788.6448,-220600.3664,-128376.5568,-131923.6264,2.64107633753201,3.8667134650387,-0.247615791886602,-4.57367979209731,-5.94717411191158,-0.480357537062119,-0.184964908989897,0.407349945704944,-0.752753189196106,-0.455090311581152,-0.415038216425837,0.202619869935093,0.70473114123405,0.614276027644884,0.799916927576788,-0.686604635280716,0.907950073891538
92.3051470590289,-139017.7656,-234788.6448,-220600.3664,-128376.5568,-131923.6264,3.5727776035495,4.32710282251976,2.51150543065108,-5.31264014509571,-6.00957305220351,-0.480229280738286,-0.208661757711319,0.868935855461743,-0.715639046177778,-0.210700781198895,-0.432023923386041,0.217125723398127,0.450955260481039,0.694549289149577,0.640280261477732,-0.586275259769835,0.689287748190164
92.2859965837613,-139017.7656,-234788.6448,-220600.3664,-128376.5568,-131923.6264,4.01919455015779,4.38224358063616,4.7061893462951,-5.6643890462956,-5.33391473212305,-0.482485842579877,-0.241234088597814,1.09833631592374,-0.648716958616191,-0.00919127248341312,-0.432293917033998,0.245294434646038,0.306152719919063,0.709202573024553,0.431330961137102,-0.518733678165489,0.520093657873453
92.3458726874089,-139017.7656,-234788.6448,-220600.3664,-128376.5568,-131923.6264,4.20193025250035,4.26815659329823,6.2355484734079,-5.64996001760757,-4.34828178466437,-0.484239107132709,-0.270382471702149,1.20432064698975,-0.555933924312178,0.0860000581016607,-0.427278759038699,0.274272011715544,0.226057784412601,0.669294977763381,0.25489143091176,-0.459134997238387,0.420368776115104
92.3320255099069,-139017.7656,-234788.6448,-220600.3664,-128376.5568,-131923.6264,4.26745370764279,4.11523070746097,7.26669451684279,-5.30458971011538,-3.32017517978848,-0.485180173328573,-0.294349729276419,1.25044900039261,-0.446117468032035,0.101094884772358,-0.422182451922184,0.299605392152464,0.179111078410571,0.590193237295312,0.129079560312905,-0.396669974067358,0.356686905776359
92.3363004827781,-139017.7656,-234788.6448,-220600.3664,-128376.5568,-131923.6264,4.29021103096724,3.97622044446138,7.94985081174291,-4.70912515697694,-2.35008169814398,-0.484078798898835,-0.310511923428564,1.26598975633576,-0.335738942825046,0.0740514105705756,-0.418112138184748,0.319313115660235,0.150835206434641,0.492037748523084,0.0427773146477139,-0.333538706696579,0.306185871003677
92.3172995527625,-139017.7656,-234788.6448,-220600.3664,-128376.5568,-131923.6264,4.29297597617378,3.85958608124567,8.40065969620025,-3.96350424118606,-1.46830313224147,-0.482190013427072,-0.321585485620744,1.26572293385997,-0.238929555406145,0.0292145856578898,-0.415151719953978,0.334523195693353,0.133281190951227,0.392375036866331,-0.0169769702444174,-0.274307660323409,0.259114959920584
92.2750896687158,-139017.7656,-234788.6448,-220600.3664,-128376.5568,-131923.6264,4.28897188162078,3.76701825431572,8.69037658749492,-3.1516779667883,-0.689721288009309,-0.479762520677937,-0.328457502034681,1.25669586834811,-0.161899590155606,-0.0212876015952901,-0.413034116323962,0.34587478575611,0.122760944975532,0.301312947392425,-0.0588055841529813,-0.222667208121287,0.215410242239901
92.296814572789,-139017.7656,-234788.6448,-220600.3664,-128376.5568,-131923.6264,4.28514946592806,3.69743397115681,8.86893711695427,-2.34125587783058,-0.0250245586903191,-0.476896962069773,-0.331805793629613,1.24296338361995,-0.105606431473383,-0.0718927124267452,-0.411573970476325,0.353943235473084,0.116912266990352,0.223435673871166,-0.0879409638770747,-0.1811512095423,0.176678062632964
92.3017800657989,-139017.7656,-234788.6448,-220600.3664,-128376.5568,-131923.6264,4.27532268168936,3.63997232280248,8.98401943599073,-1.55953193643379,0.559063819121931,-0.474898989548905,-0.334807614762937,1.22799221823571,-0.0661053356483237,-0.117780036832869,-0.410547828997533,0.360478755103781,0.113375871273675,0.158066755555827,-0.109779590160576,-0.147306143581922,0.139649121254084
79.6285298093227,-128893.5493,-199814.0794,-189307.3342,-121013.4904,-123640.1767,4.12883297279238,3.42903615963256,9.03762279327573,-0.883335601866477,1.0160313082084,-0.3859541702044,-0.06193123991644,1.48208973066095,0.0649902767623942,-0.059175390012868,-0.486368999284981,0.103837677820137,-0.133350450964331,0.028063719663195,-0.200749069343082,-0.129399118345944,-0.627381941486535
79.6545521871249,-128893.5493,-199814.0794,-189307.3342,-121013.4904,-123640.1767,4.67390866044259,3.47729829496086,8.25040221904017,-0.28889191755863,1.43338325366192,-0.217096366576897,0.140531237593805,1.09262811753032,-0.0223179193451628,-0.194307935011409,-0.424362916444515,0.0181740209501928,-0.0139519146060418,0.00709345547362572,-0.192267716278252,-0.110060040356409,-0.550657506442226
79.6710066545336,-128893.5493,-199814.0794,-189307.3342,-121013.4904,-123640.1767,3.9845097122286,2.50887146445334,7.95470192194513,0.305442132044575,1.85484765258109,-0.104462955069813,0.206076416211204,0.862422144810957,-0.0794873068576365,-0.260722026622133,-0.371406632591644,0.0181868100751847,0.0049186825756069,-0.020919669822673,-0.193523871223401,-0.0951540446058701,-0.492773367007035
79.6407975784273,-128893.5493,-199814.0794,-189307.3342,-121013.4904,-123640.1767,2.61718051785479,1.03913941992521,7.72579871796866,0.897436232586557,2.26163845443824,-0.0449819188296061,0.179468564494492,0.724541178811563,-0.115007873734143,-0.282767335038798,-0.305819237325234,0.0838719286765091,-0.0150853928604988,-0.0531250460607009,-0.199844659456604,-0.0669440905180068,-0.411306977153255
79.6923046168414,-128893.5493,-199814.0794,-189307.3342,-121013.4904,-123640.1767,1.09716748249089,-0.392771225815352,7.33704019021016,1.47725428047627,2.62882522661292,-0.0277298205857761,0.105185807706867,0.636949474253768,-0.134383105294333,-0.277041218712583,-0.227916610686175,0.182547358799121,-0.0428283976393264,-0.0870178527704659,-0.207835690723201,-0.0355604462671479,-0.301376669252058
79.6401047953631,-128893.5493,-199814.0794,-189307.3342,-121013.4904,-123640.1767,-0.224629278871959,-1.46043888302881,6.71452298326599,2.03622659547712,2.93096863961263,-0.0375721228816488,0.0204455870158853,0.573787649951939,-0.140987175701163,-0.254824072755639,-0.149605764420407,0.279263734122208,-0.0616569538166549,-0.120801423785695,-0.214931074003053,-0.00984644266612378,-0.193720026986671
79.6390972628262,-128893.5493,-199814.0794,-189307.3342,-121013.4904,-123640.1767,-1.18379703075341,-2.07383376853842,5.88375181337939,2.56355292961243,3.14376893393036,-0.0523861804807595,-0.0391884448117139,0.51895526748153,-0.13758930274723,-0.224626913718481,-0.0849438527068647,0.346691563509782,-0.062600394606446,-0.152984099723167,-0.219079689495838,0.0039830065622013,-0.109971230225359
79.6989850610676,-128893.5493,-199814.0794,-189307.3342,-121013.4904,-123640.1767,-1.8144333046061,-2.33624322546174,4.92584192960213,3.05069184542238,3.25609710886171,-0.0641246500700134,-0.0704547219405711,0.464354595168814,-0.126545202754109,-0.191746350117867,-0.0391849256083183,0.381928173916716,-0.0436618920416934,-0.182743320460384,-0.219177733016516,0.00480263442531736,-0.0571718778232526
79.6269626896366,-128893.5493,-199814.0794,-189307.3342,-121013.4904,-123640.1767,-2.19158813532658,-2.36945175770683,3.9252822030741,3.48170265037727,3.25388588877782,-0.0708667897932145,-0.0797652888587379,0.406088811641609,-0.110515747745488,-0.160577399524669,-0.0121784176811381,0.391354289645273,-0.00602648942809125,-0.209127857638782,-0.21412028373259,-0.00523359176003169,-0.0259749990123872
79.6144199158218,-128893.5493,-199814.0794,-189307.3342,-121013.4904,-123640.1767,-2.36342364051477,-2.25136861360232,2.96874870247673,3.83307259782943,3.12557711960022,-0.0670272687571583,-0.0667596462597189,0.344803426870719,-0.092440176479279,-0.134707024968058,-0.00143435159314209,0.3805158643975,0.0452813512443173,-0.230999444472375,-0.202935676584205,-0.0211349770572156,0.000329292047181795
79.6284230064436,-128893.5493,-199814.0794,-189307.3342,-121013.4904,-123640.1767,-2.43237761654656,-2.08264670072217,2.12151015491123,4.09030099673399,2.88395008963144,-0.0602873551526883,-0.0472370874824151,0.284825195847006,-0.0742865501613323,-0.114650605190093,0.000449675717912879,0.361990611100894,0.102068298352485,-0.247981001093614,-0.185805712222918,-0.0369688141222682,0.0275431721028614
79.6440344142074,-128893.5493,-199814.0794,-189307.3342,-121013.4904,-123640.1767,-2.4526582368326,-1.91086232611389,1.41498658065989,4.23624832668156,2.54147627731113,-0.0544488321283936,-0.0282095056088281,0.230203480734041,-0.0580109032757576,-0.100990539751002,-0.00184562117843856,0.342058933209966,0.157632865793915,-0.259412926262008,-0.162798022260461,-0.049248017668269,0.0612256606658494
79.7247778507329,-126255.02,-190699.16,-181151.88,-119094.56,-121481.38,-2.44933734639821,-1.75402519719901,0.878857915028334,4.25641469085548,2.12626478634276,-0.00554090541898944,0.113091859324861,0.299329241347969,-0.0166781064407289,-0.0601512969391962,-0.0390068965701125,0.21699615026165,0.114546293246312,-0.281873364678211,-0.154970810070867,-0.0554759644291138,-0.166713175242917
79.7237475384935,-126255.02,-190699.16,-181151.88,-119094.56,-121481.38,-2.47068323178338,-1.64163648928832,0.301018579708412,4.14318761235748,1.65999260542212,-0.0247792520763284,0.0380704885254559,0.19580793963911,-0.0310927161517611,-0.086509595894789,-0.0234732756353657,0.219961896552026,0.178132034411517,-0.275816523787434,-0.117161963120723,-0.0525783362901393,-0.121766569980361
79.6356393503574,-126255.02,-190699.16,-181151.88,-119094.56,-121481.38,-2.46606115632991,-1.55358059204482,-0.125258398491326,3.91353735064716,1.16099858905564,-0.0348831033762025,0.00105398903581744,0.115212498808567,-0.0436816253095884,-0.108163501804917,-0.0156329377246982,0.217491977118482,0.22661460686062,-0.265059108792946,-0.0775344414366232,-0.0524001018326743,0.0210312514051605
79.6801977565727,-126255.02,-190699.16,-181151.88,-119094.56,-121481.38,-2.43206128685395,-1.46705330605002,-0.423861939483345,3.58043270373548,0.654615272821275,-0.0362282089750749,-0.0121951641894071,0.0545332834073164,-0.0570887719719693,-0.125879695910086,-0.0132142615138515,0.210520345283697,0.260928989552563,-0.249420996653321,-0.0370131033102492,-0.0528866592147637,0.159947705869309
79.6395149662664,-126255.02,-190699.16,-181151.88,-119094.56,-121481.38,-2.41137401046906,-1.409897298087,-0.618381486969469,3.17009450129048,0.16730675524488,-0.0382993938789085,-0.021300371090426,0.0108638490124946,-0.0722765556167033,-0.138921146789038,-0.0125019332471192,0.205275994055698,0.282603217106171,-0.229546832721736,0.00302159574672944,-0.0534154039324335,0.267512792202217
79.6641448441057,-126255.02,-190699.16,-181151.88,-119094.56,-121481.38,-2.38293865954385,-1.355807733193,-0.74115760898971,2.70951350390848,-0.279780258124475,-0.0377335859368486,-0.0239089178653273,-0.020485802140783,-0.0898927525925401,-0.14780446169209,-0.0135438798184606,0.199056246632079,0.29560992078499,-0.206015399807817,0.0411836120608002,-0.0538800491089972,0.350737508459527
79.6545411961669,-126255.02,-190699.16,-181151.88,-119094.56,-121481.38,-2.36619216293687,-1.31948420455588,-0.810092813117691,2.23056886314481,-0.66535045561109,-0.0386732579633033,-0.0273187420534029,-0.0421297435404639,-0.109274540803931,-0.151063093298042,-0.014697770302541,0.194604738311502,0.301887319630875,-0.180128319569666,0.0756032038892003,-0.0541333655236045,0.410340684301014
79.6597232737521,-126255.02,-190699.16,-181151.88,-119094.56,-121481.38,-2.35098386669597,-1.28912372608009,-0.849585946651914,1.75557336317974,-0.993052649812185,-0.0394594872201282,-0.0295648787631393,-0.0578924356182995,-0.13000840190486,-0.149723038814528,-0.0160803996974852,0.190521258461987,0.304655584076624,-0.152850894411405,0.10599869722259,-0.0536154975119416,0.454593173171546
79.6786117414364,-126255.02,-190699.16,-181151.88,-119094.56,-121481.38,-2.34170433778047,-1.26772901777036,-0.866854594758479,1.30633285265841,-1.24703952042752,-0.0409093967514238,-0.0322228110257967,-0.0689179599219472,-0.150877346252344,-0.142131362024948,-0.0172197917270205,0.187451294308981,0.304815544429292,-0.125477416178348,0.130559674630241,-0.0524035175489672,0.483459573565312
79.6667802834839,-126255.02,-190699.16,-181151.88,-119094.56,-121481.38,-2.33930737166726,-1.25517781209504,-0.872083468118205,0.895580766031443,-1.42969828177137,-0.0434028121715215,-0.0358580629075291,-0.0768283159577479,-0.170961784445183,-0.128353240606621,-0.0179601623457637,0.185496788650076,0.303711323891138,-0.0989688221987013,0.148868126008737,-0.0503989544592045,0.499181304551882
79.6534680990957,-126255.02,-190699.16,-181151.88,-119094.56,-121481.38,-2.33403737482139,-1.2416886530508,-0.872826642465895,0.523991949100719,-1.5538445823949,-0.0451174512563313,-0.0380658844150972,-0.0829916451881729,-0.190056354209503,-0.109742497006927,-0.018806176412121,0.183333480466747,0.302363313904006,-0.0736356761500525,0.161546099998516,-0.0477777594072251,0.50529998702098
79.6489458842859,-126255.02,-190699.16,-181151.88,-119094.56,-121481.38,-2.32618951822681,-1.22724110365385,-0.8698808897757,0.191771638084788,-1.6261824940924,-0.0460393343121126,-0.039172024126195,-0.0876651133058246,-0.207773652112493,-0.086788031350153,-0.0197827406199418,0.181035154998249,0.300769027412568,-0.0498239393095661,0.168929258220662,-0.0447594034295946,0.501928672492593
79.6539657018248,-123102.4134,-179808.3372,-171407.4596,-116801.7552,-118901.9746,-2.31887417896405,-1.21458655812349,-0.865499710537662,-0.0915130005855929,-1.65336260367724,0.00993002395857445,0.115279792496992,0.0616774810029455,-0.174265572659927,0.000894834050512827,-0.0602050432224888,0.051364026834952,0.184931057592137,-0.0535999713543336,0.140895069144933,-0.040000284346128,0.152779144798096
79.6308617162224,-123102.4134,-179808.3372,-171407.4596,-116801.7552,-118901.9746,-2.34235544524378,-1.20712177700227,-1.05374650460071,-0.348095503267203,-1.60834311747006,-0.0123265860876103,0.0193562448402673,-0.0257378817103273,-0.220081378890953,-0.0227238204600582,-0.0411308200295526,0.0686789455025965,0.213023674740087,-0.0288855814932121,0.149013805728039,-0.0276943529486005,0.135121474193724
79.6763039130855,-123102.4134,-179808.3372,-171407.4596,-116801.7552,-118901.9746,-2.3343119668863,-1.20163431342118,-1.19115251670733,-0.575473997244615,-1.56246453714195,-0.0224408538015197,-0.0287162908211869,-0.0906197068440591,-0.251151808276937,-0.0252877609765534,-0.0302243144927394,0.0768890675509963,0.233492986721218,-0.00697658078358843,0.151001896032368,-0.0199046821043041,0.216592768424876
79.6819120867243,-123102.4134,-179808.3372,-171407.4596,-116801.7552,-118901.9746,-2.32549599116835,-1.21069298454289,-1.2831188924666,-0.783228940498475,-1.51603873858291,-0.0284420033947654,-0.0565282994174936,-0.137509617791196,-0.273541325113193,-0.0147579799000326,-0.023589125831321,0.0824659011185531,0.246946947033003,0.0129118084142177,0.148923164450096,-0.0146381384413417,0.286702439794778
79.6281986388207,-123102.4134,-179808.3372,-171407.4596,-116801.7552,-118901.9746,-2.31171233218211,-1.22054127490298,-1.34329307192672,-0.976681627416639,-1.47110501274723,-0.0308857949772587,-0.0720995925059853,-0.171208832673962,-0.291047453399749,0.00206155464049829,-0.0199606981937004,0.0857816986824558,0.255528391906716,0.0313945874945338,0.144512030009969,-0.0109580308329811,0.330817145008123
79.6426919140423,-123102.4134,-179808.3372,-171407.4596,-116801.7552,-118901.9746,-2.28602950089774,-1.21924286873053,-1.37999985991274,-1.15640564613724,-1.42804006612045,-0.0289940350733104,-0.0781821914632914,-0.195054984056689,-0.305596058554862,0.0212064428508469,-0.018781128552797,0.0863681013809763,0.260501214096633,0.0486186763415595,0.138888850425251,-0.00862852835468431,0.353181858686764
79.6904535184405,-123102.4134,-179808.3372,-171407.4596,-116801.7552,-118901.9746,-2.26771418930036,-1.22289964760739,-1.39630460923732,-1.32227332119319,-1.3870961582323,-0.0273080760134121,-0.0828445795906276,-0.210983533516305,-0.31809653450177,0.0407513665444199,-0.0184055547088333,0.0871576030903656,0.26225449447806,0.0645908516668816,0.132854578447984,-0.00710131993291441,0.35840363793185
79.6920549819892,-123102.4134,-179808.3372,-171407.4596,-116801.7552,-118901.9746,-2.26161328427396,-1.23514002202684,-1.40087821080161,-1.4714462545662,-1.34840082034988,-0.0275250586442226,-0.0885132318691433,-0.22140738898193,-0.32890936324565,0.0588821739449443,-0.0180804744509546,0.0889074379457466,0.262213626860123,0.0791634082336323,0.126895109096901,-0.00634846961895619,0.355831788980387
79.6632629758076,-123102.4134,-179808.3372,-171407.4596,-116801.7552,-118901.9746,-2.25464292966792,-1.24324305222592,-1.4014863332547,-1.60875555415542,-1.31556679669154,-0.0273774148545485,-0.0921783053677316,-0.228545465411031,-0.338946320951521,0.0739746775400079,-0.0182170687471086,0.0899234910675517,0.26168755398015,0.0927958587986646,0.121563575985003,-0.00623246256790821,0.35317549834434
79.6864055087069,-123102.4134,-179808.3372,-171407.4596,-116801.7552,-118901.9746,-2.24347286515624,-1.24466476362521,-1.39951821372682,-1.73083362849682,-1.28780021276386,-0.0259676726175115,-0.0932730859464144,-0.233377566454465,-0.347942518396778,0.0861903865458231,-0.0187742769574206,0.089924730746179,0.260875272996816,0.105151563971552,0.116882606284022,-0.00692484019656803,0.350998837791616
79.6212672396777,-123102.4134,-179808.3372,-171407.4596,-116801.7552,-118901.9746,-2.24105059548569,-1.25212921078528,-1.39414659112924,-1.83790709888383,-1.26445271433087,-0.0260052610281747,-0.0958028096019063,-0.236278898243455,-0.355823236470648,0.09610190384916,-0.0189336316897062,0.0907755188531896,0.259581436771203,0.116176945296197,0.112863970968968,-0.00816741368461038,0.348076406951837
79.6862278133354,-123102.4134,-179808.3372,-171407.4596,-116801.7552,-118901.9746,-2.2266240241153,-1.24563204981885,-1.38919453578612,-1.93109811598012,-1.2458451378054,-0.023298313457552,-0.0941467247574579,-0.238232130330175,-0.362740624906564,0.103538158486685,-0.0198242426191417,0.0896631136086654,0.25843124886208,0.125966214861571,0.109544912509153,-0.00988339567305019,0.34768301342096
79.6658093721065,-126002.4908,-189826.7864,-180371.3352,-118910.9024,-121274.7652,-2.22939730309342,-1.25354036418564,-1.37906751482079,-2.01213884994711,-1.22890940287351,-0.077067751798289,-0.241573284040896,-0.38192521886036,-0.421453819690583,0.0499513964546665,0.0163574434633329,0.207837822711823,0.361063811676507,0.159670725187195,0.135163712543479,-0.0132528725769561,0.656154593024784
79.6784002111056,-126002.4908,-189826.7864,-180371.3352,-118910.9024,-121274.7652,-2.20462193426374,-1.25099029801615,-1.19972904266189,-2.07799257260061,-1.26268304656672,-0.0567161000919398,-0.158054697529074,-0.314252489496958,-0.396981045794242,0.104759343167366,-0.00347084288343891,0.19102376369475,0.332703221189701,0.162485813508537,0.124349783835388,-0.0251434980820164,0.657535952219162
79.6168948618635,-126002.4908,-189826.7864,-180371.3352,-118910.9024,-121274.7652,-2.20797763417445,-1.24691066259138,-1.06554552783993,-2.13489911173545,-1.2767825347223,-0.0479956708842479,-0.115108292809609,-0.260998423674202,-0.383080861279346,0.136309326183003,-0.0147778808971182,0.182062222186276,0.311677360643656,0.165561501378316,0.1179783402276,-0.0323579884219001,0.565995777019358
79.6630056069898,-126002.4908,-189826.7864,-180371.3352,-118910.9024,-121274.7652,-2.20862081866643,-1.22812191337583,-0.972986865549842,-2.18317426032539,-1.27994245427354,-0.0425237803962943,-0.0888306017281479,-0.220641601912902,-0.375607989376483,0.15340332225437,-0.0216559779468519,0.175147819530958,0.29745255266723,0.168682692487511,0.114369291772764,-0.037794523386026,0.486411968290412
87.2736728170244,-126002.4908,-189826.7864,-180371.3352,-118910.9024,-121274.7652,-1.99288947908548,-0.946782300959654,-0.904453024495979,-2.2214830370276,-1.27539278444088,-0.0167442266888855,-0.0366788714054422,-0.185357545989497,-0.368155005520343,0.166388191837818,-0.0473631647010728,0.137346187324678,0.287826551464021,0.171778974294922,0.112653204032748,-0.0425742784152661,0.375202919728599
87.2452680499955,-126002.4908,-189826.7864,-180371.3352,-118910.9024,-121274.7652,-2.3379704474843,-1.20658716828298,-0.763717337791405,-2.25089668618824,-1.26545346019448,-0.223859718936076,-0.244004553506564,-0.127834555673275,-0.348608810892046,0.189523389055111,-0.067524999181279,0.191371493688139,0.272619064972226,0.175975982632956,0.113233466834967,-0.0453967622008165,0.0459668406999931
87.243511562808,-126002.4908,-189826.7864,-180371.3352,-118910.9024,-121274.7652,-1.41662166143227,-0.352299278589783,-0.91691781946372,-2.39669233735485,-1.4707370902938,-0.262755879711598,-0.26132066636891,-0.131941993159593,-0.35795450997788,0.1253910598871,-0.145095645200985,0.132477675162769,0.325495817970266,0.196043166060908,0.125285089781473,-0.0547755768104281,0.0762766918746944
87.2648126575331,-126002.4908,-189826.7864,-180371.3352,-118910.9024,-121274.7652,-0.398109830107302,0.449572663937374,-0.835898179693331,-2.60256177990614,-1.78208618380333,-0.268848753409742,-0.256067743716542,-0.135089990910238,-0.381412766113286,0.0406105024842347,-0.203251795326122,0.0872514489880505,0.358829306484691,0.219761111522467,0.136452090640907,-0.0716321573379091,0.177167815367127
87.2170540442316,-126002.4908,-189826.7864,-180371.3352,-118910.9024,-121274.7652,0.363663031261211,0.936216177540956,-0.467880365198724,-2.83167186815416,-2.08446077647986,-0.272824051356608,-0.259052545782247,-0.126478551774255,-0.410258642245282,-0.0411824672442407,-0.235666950874276,0.0693753383335227,0.361200329777467,0.242471629042103,0.141018331575208,-0.0815018279612261,0.258757425150376
87.2094648146875,-126002.4908,-189826.7864,-180371.3352,-118910.9024,-121274.7652,0.853615212015541,1.15443286065198,0.0711803362228096,-3.05131270680099,-2.29447538842909,-0.276800804227399,-0.267643771082618,-0.112698743244316,-0.439186944789633,-0.112175901494147,-0.250808351847355,0.0689296573275462,0.345139133992917,0.261509805722604,0.136435513369102,-0.0837352016530346,0.312671685019884
79.3869022206047,-126002.4908,-189826.7864,-180371.3352,-118910.9024,-121274.7652,1.1270400288706,1.18736812597898,0.649453968251166,-3.2289078718382,-2.3711133483671,-0.281691063862851,-0.28084180163458,-0.100303298458194,-0.464178336389217,-0.17031571533505,-0.255591971425517,0.0787961676190922,0.323160318182627,0.274540239098769,0.122693285711611,-0.0820989377848065,0.345929417217215
79.3447317712422,-126002.4908,-189826.7864,-180371.3352,-118910.9024,-121274.7652,1.86568279889877,1.73168017137982,1.15979595924634,-3.33640839559521,-2.31988247205931,-0.122084151735791,0.00965323815841401,-0.0957567035354714,-0.484409528564434,-0.219658960717503,-0.27580874001084,-0.0303126727460898,0.303731171954617,0.279484295856335,0.102299295658204,-0.0794516008640187,0.418658462871765
79.3797979763792,-131103.1798,-207447.3484,-196137.1012,-122620.4944,-125448.0562,1.43934335423725,1.10559533886617,1.78149143215826,-3.28380362097904,-2.04752590051685,-0.104522382477242,-0.0968753661895576,-0.246137718149988,-0.564638678878943,-0.302379665154227,-0.198702666038585,0.147085951955814,0.397298263225063,0.311615359298532,0.119401284475823,-0.0694190303041609,0.810787532564314
79.3953595206069,-131103.1798,-207447.3484,-196137.1012,-122620.4944,-125448.0562,0.35677184112032,-0.0494527095894597,2.51630159586396,-3.08874745160729,-1.69759191280431,-0.0608924469100458,0.00544644587976251,-0.0982411189005035,-0.514687029006836,-0.208887424884168,-0.167582114764544,0.207483430718291,0.28250893480621,0.274307301584202,0.071489068632296,-0.0574335331161606,0.808686799372429
79.3868167729364,-131103.1798,-207447.3484,-196137.1012,-122620.4944,-125448.0562,-0.762448238749073,-1.06378924843786,2.79065513776985,-2.76945715155402,-1.28627445229233,-0.0657783384052379,-0.000160359768266005,0.00695350396455297,-0.463675276706788,-0.134902864520996,-0.111545413091346,0.294656719350312,0.206727658978691,0.230653372368629,0.0325061140658789,-0.0372729982508986,0.68686949538759
79.3561016662403,-131103.1798,-207447.3484,-196137.1012,-122620.4944,-125448.0562,-1.60396710165951,-1.68107659274091,2.67086058309619,-2.36452777851741,-0.894448489469269,-0.0839073112405728,-0.025072212867066,0.0727064794379899,-0.411167879088879,-0.0763715420604001,-0.0593264643066018,0.36108354472125,0.170719836318617,0.184473582870366,0.00395392861991062,-0.0274517707265147,0.576620565616482
79.413811213142,-131103.1798,-207447.3484,-196137.1012,-122620.4944,-125448.0562,-2.13341034686216,-1.94688186068409,2.2967273026488,-1.91474123127259,-0.569785955641436,-0.096998413225073,-0.0357721624679286,0.107028290925825,-0.358600302394201,-0.0309897359247273,-0.0232156846556268,0.394760975447355,0.167818997889496,0.139055423338568,-0.0140187368800149,-0.0309484151224524,0.495348858686299
79.3394059590645,-131103.1798,-207447.3484,-196137.1012,-122620.4944,-125448.0562,-2.41757058632031,-1.97979853963679,1.80866245915179,-1.46316328955183,-0.355453399336156,-0.102295212916317,-0.031267170568519,0.119943852889513,-0.308400211864019,0.00168348170450372,-0.00521106324445686,0.401664532024917,0.187902401415671,0.0972915597616051,-0.0207608291284824,-0.0446274226865029,0.436382557061332
79.3589327725737,-131103.1798,-207447.3484,-196137.1012,-122620.4944,-125448.0562,-2.5267618926936,-1.87920927500257,1.31730926095588,-1.04943287857445,-0.256444100286117,-0.0969880345198035,-0.010681576484707,0.120929071468268,-0.26353366726245,0.0226471611377974,-0.000328199819306541,0.390694785372204,0.220322844989011,0.0614778206373428,-0.0175422563439316,-0.0619998477187096,0.405832172884145
79.3506509106343,-131103.1798,-207447.3484,-196137.1012,-122620.4944,-125448.0562,-2.5631119399616,-1.74491609083083,0.896098957736569,-0.702112214535617,-0.260027479796506,-0.090701374537602,0.010294558949326,0.11950383765577,-0.225454148416432,0.0350874626154436,-0.00156036991388975,0.374776216257487,0.254227318135382,0.0327313502653606,-0.00621911021127231,-0.0783204044016159,0.392586119209703
79.3617383425227,-131103.1798,-207447.3484,-196137.1012,-122620.4944,-125448.0562,-2.56287705827329,-1.60950340910595,0.564630109625114,-0.440661573607102,-0.347131266411722,-0.0846380499893584,0.0299444733377285,0.119814961426762,-0.195278633968428,0.040894060118795,-0.00518350296397818,0.358054737477722,0.284512463306618,0.0117394751053914,0.0114156152690941,-0.0916748205250428,0.396012234505093
79.3476529440061,-131103.1798,-207447.3484,-196137.1012,-122620.4944,-125448.0562,-2.55238264344177,-1.49224180188938,0.328388199812963,-0.278345509615178,-0.496769075155314,-0.0807557186267189,0.0453619880676897,0.124694754275424,-0.173639284339551,0.0423358963537197,-0.00912321898278279,0.343276792744835,0.307634132848863,-0.00113247415173268,0.033633260642417,-0.102104761091894,0.409531513227041
79.3542558725537,-131103.1798,-207447.3484,-196137.1012,-122620.4944,-125448.0562,-2.53579932593045,-1.3921720163669,0.172852660242228,-0.216324293439939,-0.683121023874278,-0.0779234441754824,0.0581112258399017,0.133816865014133,-0.160563832645394,0.0416499038028988,-0.0127630559094956,0.33035161252124,0.323346055560291,-0.00612608485870814,0.0584031474777862,-0.110545602869593,0.429813003774171
79.3433587873562,-131103.1798,-207447.3484,-196137.1012,-122620.4944,-125448.0562,-2.52365633119474,-1.31402251712139,0.0825855048331903,-0.247127527542929,-0.879812663404778,-0.0771446244707263,0.0667407927440848,0.146349966842408,-0.155504553274604,0.041435617018962,-0.0155971895028459,0.32008820543942,0.332171079702177,-0.00390361404936712,0.0835658054904116,-0.11775123729489,0.451259259345505
89.568628487051,-126291.0956,-190823.7848,-181263.3864,-119120.7968,-121510.8964,-2.20007098958047,-0.88403587995812,0.0425557012387827,-0.343323005270804,-1.05571999521722,0.0484372739557628,0.370498038040466,0.405178674341933,-0.07381292649589,0.139993754270257,-0.109104180440255,0.0718801799147712,0.165918705258178,-0.0342720154048621,0.0625488261632805,-0.120840062126987,-0.112436719056401
89.6173767231764,-126291.0956,-190823.7848,-181263.3864,-119120.7968,-121510.8964,-2.7862400008157,-1.41283365420776,-0.163732716069887,-0.508616207961722,-1.15452664445353,-0.275571092032479,-0.0825649554355152,0.31594805966418,-0.120872597476961,0.0959752388146242,-0.0973079083863881,0.191570783183716,0.201695388139318,-0.0132224543093358,0.0969962658012569,-0.107185626030471,-0.48774211351606
89.5785408747138,-126291.0956,-190823.7848,-181263.3864,-119120.7968,-121510.8964,-1.52456743069338,-0.320411461854349,-0.729962942082722,-0.853717109275351,-1.51815049289689,-0.332148040230933,-0.21345047627986,0.17015658976549,-0.185056392806523,-0.0233168398358288,-0.179034347247419,0.141663147512879,0.321543473023841,0.0302750069562994,0.1366755726102,-0.110239042719542,-0.215571895189376
89.5287279519046,-126291.0956,-190823.7848,-181263.3864,-119120.7968,-121510.8964,-0.0497726088850641,0.820138315623211,-0.828537215012986,-1.28510741095498,-1.98959889672845,-0.332338163017141,-0.262027692949182,0.0677052791888713,-0.251695654915224,-0.13602834435779,-0.246022749664839,0.0935509790883926,0.389062253174075,0.0785172107669228,0.165646130904853,-0.125351054207442,0.0795782063632977
89.5227906568835,-126291.0956,-190823.7848,-181263.3864,-119120.7968,-121510.8964,1.14112933687119,1.63031300290758,-0.441347985393719,-1.74549133070593,-2.43241598981874,-0.323990428873074,-0.286943256986639,0.0130824290284366,-0.315600741490968,-0.228110722474327,-0.287472635554177,0.0684504066105955,0.39969235826878,0.125266776743352,0.180945713616113,-0.129269973984485,0.259664364194899
89.5684637188942,-126291.0956,-190823.7848,-181263.3864,-119120.7968,-121510.8964,1.90919207406705,2.03476742721634,0.255948551656459,-2.18184700411331,-2.70714707140115,-0.320064149521244,-0.3096784661778,-0.0101642363850871,-0.373428312713465,-0.29624727941075,-0.307373523592984,0.0659511759708218,0.376720048582371,0.166577311899303,0.17849447807109,-0.120602514867798,0.346038557495108
79.9555013738615,-126291.0956,-190823.7848,-181263.3864,-119120.7968,-121510.8964,2.39907621353885,2.20796237117841,1.05902200902072,-2.56649783220547,-2.80130900033973,-0.317751909408102,-0.329537471981382,-0.0187724311906194,-0.423915216864643,-0.347102627470754,-0.317097446522493,0.0731883435264598,0.342234399598258,0.200893379218618,0.162722840330119,-0.105847699860163,0.37421582453704
79.9845865128446,-126291.0956,-190823.7848,-181263.3864,-119120.7968,-121510.8964,3.31365106734916,2.87362789401779,1.81298295378875,-2.86255046788636,-2.70717398632135,-0.14614883551927,-0.00336924568703978,-0.0250944611733956,-0.466313682227657,-0.385530451855047,-0.337544448440769,-0.0527371578860372,0.309226198329275,0.22557303711508,0.135966961743601,-0.0898687580838953,0.42304961311233
79.9801433881428,-126291.0956,-190823.7848,-181263.3864,-119120.7968,-121510.8964,2.96570569430848,2.31324787372358,2.64262235677543,-2.98400910903865,-2.36827842962629,-0.0468375956877338,0.112862653499398,0.00488972168650292,-0.488191523893612,-0.379096150895691,-0.320596562577208,-0.0677149542833981,0.239050246271065,0.230639615749744,0.098415538650134,-0.0690874276771183,0.297142122536765
79.9385447783504,-126291.0956,-190823.7848,-181263.3864,-119120.7968,-121510.8964,1.82734072442834,1.05580959629106,3.25199039467925,-2.93568606511414,-1.87848673402704,-0.0111215699997231,0.101543655580436,0.042066808871823,-0.49313395718508,-0.347283157084874,-0.267359622777469,-0.0041622834538515,0.167202730372231,0.219226697169615,0.0569605183133426,-0.0390324568844846,0.233865612830686
79.9872368003792,-126291.0956,-190823.7848,-181263.3864,-119120.7968,-121510.8964,0.505001234938277,-0.23850492782789,3.47521810873485,-2.73085492158972,-1.32646122025892,-0.0166868759765109,0.0323549959134937,0.0690061276115799,-0.483265001816996,-0.303439412118955,-0.194889230777562,0.092045888072589,0.113221870187658,0.194614895652729,0.0173364028019924,-0.00972565057693942,0.24598714945099
79.985649425929,-126291.0956,-190823.7848,-181263.3864,-119120.7968,-121510.8964,-0.611182054281556,-1.19375567123684,3.30954010140505,-2.39954737242005,-0.793234414399336,-0.0406392500863149,-0.0453713183070263,0.0792900758407029,-0.46107366608495,-0.256519368330629,-0.124297986300768,0.180769563197107,0.0842420865134512,0.160995496623632,-0.0160393746830705,0.0113632310197644,0.284853587323834
80.0043718553394,-128078.842,-196999.636,-186789.148,-120420.976,-122973.598,-1.42736072196917,-1.78249953620342,2.84971425632347,-1.98024905269773,-0.320907085489424,-0.0935699902466354,-0.183934548115772,0.00668769913195177,-0.455105104835539,-0.236536490297091,-0.0456816545763137,0.313370738285021,0.134155815626216,0.137371196433015,-0.0266248844374781,0.0210132568188186,0.500339393954395
84.9541195467457,-128078.842,-196999.636,-186789.148,-120420.976,-122973.598,-1.88046410155118,-1.97987217831887,2.33199394427005,-1.51412885230178,0.026396800267662,-0.0947975624282194,-0.156217132675202,0.0220741274238421,-0.405801690345569,-0.176620874079845,-0.02488017878522,0.328876301391629,0.135685909803728,0.0944295905142125,-0.0468838433326244,0.013932891216399,0.520155767658455
84.9991519437268,-128078.842,-196999.636,-186789.148,-120420.976,-122973.598,-2.66329109149609,-2.40247821696067,1.75767680109055,-1.04765376241421,0.236363255666078,-0.253045325428985,-0.324123454313344,0.0273132238265461,-0.355009543651072,-0.129777601632568,-0.000757929194584062,0.393959310234774,0.156399930899922,0.0553865751348259,-0.0551595449278801,0.0013985811673578,0.358330204704377
84.9739217689148,-128078.842,-196999.636,-186789.148,-120420.976,-122973.598,-2.44269853765741,-1.94690142810119,0.960927759071751,-0.679791204326889,0.226575481101733,-0.297869193703917,-0.332403006020087,-0.0195810145512922,-0.319728029147683,-0.134018989159365,-0.0375405286238408,0.350456265360287,0.239017791074165,0.0310778688341962,-0.0474726408401502,-0.0206430136456603,0.347959541359737
84.9402538488416,-128078.842,-196999.636,-186789.148,-120420.976,-122973.598,-1.8226713960303,-1.25640461742621,0.319851628145443,-0.424372564761484,0.0316782928426846,-0.294705856098297,-0.291767251074752,-0.0722994812824993,-0.298298005475928,-0.16202193783981,-0.0890832462794933,0.284409332679884,0.322823573159137,0.0170737167857555,-0.0299432201987233,-0.0492595132466249,0.380618321567281
84.9706532729832,-128078.842,-196999.636,-186789.148,-120420.976,-122973.598,-1.21856944165765,-0.696094975475546,-0.0170142151070678,-0.285973297670466,-0.288052504913225,-0.283264882236004,-0.255354254421079,-0.106607017512601,-0.288991927370077,-0.199616412099743,-0.129303563634267,0.235195484799719,0.378268542083697,0.0111778340071658,-0.00710062969424752,-0.0695900721126819,0.422609814448544
84.9562427754633,-128078.842,-196999.636,-186789.148,-120420.976,-122973.598,-0.789345552025821,-0.364482169453879,-0.0608742609500155,-0.263075336053305,-0.665062752742401,-0.277455861741672,-0.237465867828135,-0.117831741656289,-0.290004874005589,-0.2391538891548,-0.153394675275967,0.209445381643899,0.401115236083953,0.0123185660579759,0.0174013774493931,-0.0780705009903642,0.460632024516283
84.9934303174725,-128078.842,-196999.636,-186789.148,-120420.976,-122973.598,-0.521700499249988,-0.205094561321005,0.0797991462875984,-0.337297180337856,-1.03124899987698,-0.275880088761895,-0.231370003456362,-0.114647751952205,-0.299157368456179,-0.276035831532397,-0.165785410354504,0.199094792341053,0.402253747302203,0.0190992310953679,0.0399434826734999,-0.0790093333160016,0.493181326124764
84.9850739505185,-128078.842,-196999.636,-186789.148,-120420.976,-122973.598,-0.361416391172256,-0.145646877982273,0.306604137184024,-0.474035393451487,-1.35062603904127,-0.277041817408055,-0.232933249732341,-0.105184166454578,-0.313431756107896,-0.308134635516232,-0.171822733196631,0.197309853288164,0.39228251492827,0.0293283453507487,0.058718544681623,-0.0769067426083154,0.516752314885489
85.0250526587285,-128078.842,-196999.636,-186789.148,-120420.976,-122973.598,-0.271276121799076,-0.141860616310296,0.557540667572894,-0.651102448723975,-1.59745774015855,-0.278799874699537,-0.237033028500278,-0.094292578448929,-0.331108569052397,-0.334353852675761,-0.174115967615924,0.199589701391018,0.378047163517514,0.0417740238121738,0.0723007889225464,-0.074218241190394,0.535358207391724
84.9805614462566,-128078.842,-196999.636,-186789.148,-120420.976,-122973.598,-0.231891446881988,-0.172619332006263,0.788216538238771,-0.844080022514305,-1.75674336022621,-0.281878442758305,-0.244071833213553,-0.0850217956963633,-0.350259255516946,-0.353768105761219,-0.174118951799408,0.204627804102462,0.364027532293916,0.054977515234339,0.0798264265889579,-0.0722443583275734,0.548887450063377
84.9941297441813,-128078.842,-196999.636,-186789.148,-120420.976,-122973.598,-0.207299109148181,-0.204067707848452,0.978879447377295,-1.03026854827002,-1.83971105352477,-0.283110307332301,-0.248351065061421,-0.0784826051079861,-0.369130307572732,-0.367596850121707,-0.173670621254283,0.208777021726084,0.352374565094147,0.0675602108004032,0.0822336871166152,-0.0707811285554811,0.55914887422747
84.9547421133239,-127650.9453,-195521.4474,-185466.5582,-120109.7784,-122623.5007,-0.198332870396754,-0.239790575315169,1.12970614892751,-1.19486206634745,-1.86321380016821,-0.278873681835798,-0.236917649549497,-0.0582070920352749,-0.381022173427482,-0.370941822263866,-0.177305712844371,0.198655317628045,0.329714129357988,0.0751324463639005,0.0770389759076135,-0.0693231825373104,0.525092072841128
84.9518752316173,-127650.9453,-195521.4474,-185466.5582,-120109.7784,-122623.5007,-0.185674208467816,-0.267635951632585,1.21829108345416,-1.33062381396938,-1.84103859170877,-0.279813247953726,-0.248998814569738,-0.0652762791561656,-0.398944401295125,-0.382850180194275,-0.174602628412002,0.203659488835835,0.326813442618407,0.0848239318147821,0.0742387143399503,-0.0669157256364343,0.527658238461651
68.320650764759,-127650.9453,-195521.4474,-185466.5582,-120109.7784,-122623.5007,-0.181716116871414,-0.296993231094064,1.28551145558757,-1.43144867232674,-1.7903711846749,-0.280084621328356,-0.256496590402122,-0.0708099555295689,-0.413221642909292,-0.390580951220315,-0.172689699926439,0.207750732285956,0.324082305969481,0.0917575415245919,0.0695328916724129,-0.0645258157032487,0.537847748662216
68.296745862904,-127650.9453,-195521.4474,-185466.5582,-120109.7784,-122623.5007,1.69359499027622,0.908657231211691,1.3229474369186,-1.49803987443364,-1.72504608979037,0.160542318271737,0.64639072537932,-0.0810624430939058,-0.427967622858844,-0.399859062716729,-0.237453158783217,-0.0833041130373742,0.32231052000987,0.0958070473090027,0.0637634399225471,-0.0614752598643591,0.658623106522027
68.3321239757763,-127650.9453,-195521.4474,-185466.5582,-120109.7784,-122623.5007,1.63397316281348,0.0854726244438524,1.93521959413164,-1.41384765187155,-1.49011000793348,0.504568892287523,0.971235038818264,0.00464197822063284,-0.427912149921703,-0.342938620154086,-0.227177692284212,-0.0861659302513784,0.200667313633537,0.0783203123027161,0.0459402159958533,-0.0171710811075272,0.357247165201366
68.2985497595236,-127650.9453,-195521.4474,-185466.5582,-120109.7784,-122623.5007,0.400861258227508,-1.8791819677346,2.59060240809984,-1.17371970209574,-1.10084896252869,0.675786491220464,0.825276753114892,0.125074165370656,-0.422574240002469,-0.247502951197333,-0.0759241061095137,0.205477897518946,0.0241127213521257,0.0419995396216064,0.0193885758732606,0.0758112139185485,0.296514977487037
68.2901085699591,-127650.9453,-195521.4474,-185466.5582,-120109.7784,-122623.5007,-0.795487474907191,-3.57301714825979,2.96181779753996,-0.788460840230115,-0.594365155901116,0.626994267495974,0.342974946135875,0.228953777571917,-0.421100800570407,-0.141603745028213,0.215817976061597,0.671734931831903,-0.159281318091244,-0.00949544134384617,-0.0114742708363091,0.177984968972872,0.527664658428989
68.341963538357,-127650.9453,-195521.4474,-185466.5582,-120109.7784,-122623.5007,-1.19111755911318,-4.14929583179159,2.86732800124634,-0.285611308740002,-0.0362177200138234,0.452786781852893,-0.15914111259584,0.276454718098456,-0.417696823516692,-0.039474666952465,0.514611809231917,1.02825690432628,-0.293412645101573,-0.0703471013326109,-0.0397133677104844,0.212357700021471,0.716931192821265
68.3212677572171,-127650.9453,-195521.4474,-185466.5582,-120109.7784,-122623.5007,-0.831286707534332,-3.73965421005849,2.3294402103562,0.289591297203117,0.511205745202361,0.339457659901491,-0.41996328023653,0.254299764878773,-0.394493014796979,0.0635899768896735,0.666605925102367,1.13012814681864,-0.325737397672844,-0.13343914505286,-0.0594118952167724,0.137602593992511,0.647278756927305
77.3228443405299,-127650.9453,-195521.4474,-185466.5582,-120109.7784,-122623.5007,0.0925475938430935,-2.57685734047215,1.46056771516233,0.870136723750761,0.962633099729658,0.447575767485432,-0.305232946927774,0.174476017453095,-0.335014927282074,0.182947406997279,0.603218277145595,0.977608463981315,-0.225720761922079,-0.191707275415113,-0.065797723613755,-0.0140628086092818,0.332279095895117
77.3198840955535,-127650.9453,-195521.4474,-185466.5582,-120109.7784,-122623.5007,-2.18960993267734,-2.47500726377459,0.853804024048102,1.33330870107326,1.19776608968276,0.295913400568793,-0.0715037302420072,0.35670196551839,-0.141829413349896,0.439893262959011,0.3487172341927,0.688775586609291,-0.0405930594780952,-0.229428101835053,-0.0452497814621755,-0.0866490102278874,-0.963997695768876
77.3487875239926,-127650.9453,-195521.4474,-185466.5582,-120109.7784,-122623.5007,-2.11621206076461,-1.01986375132076,0.0857128399359794,1.32148428906687,0.981912616301187,0.438611838870536,0.31953397738409,0.473631802317641,-0.0483386500065279,0.48367905667736,0.0329000543522988,0.28647079212634,0.179998166812014,-0.208538872438132,0.0273406286223381,-0.22098244324598,-0.953678481270865
77.3497518741046,-127272.1515,-194212.887,-184295.741,-119834.292,-122313.5785,-1.83747635819242,-0.1287023783878,-0.481286629492445,0.866685542737756,0.363010504638382,0.445264839054644,0.451982075913023,0.563289111810676,-0.0483369128185629,0.417996141138808,-0.102716248134246,0.0805484688309739,0.285941626887171,-0.154049749547767,0.122213953843548,-0.238694966077247,-0.568202661161431
77.3578878841019,-127272.1515,-194212.887,-184295.741,-119834.292,-122313.5785,-1.77514836508303,0.171286672768332,-0.400924470875495,0.0805552745423626,-0.425681843463025,0.376584321491549,0.41527293331454,0.690987275664902,-0.119197138305196,0.303172715384683,-0.123679501494731,0.0281091220016507,0.238331320587365,-0.0677410850243063,0.230223250819127,-0.181849456318218,-0.226015444074218
77.3308054058523,-127272.1515,-194212.887,-184295.741,-119834.292,-122313.5785,-1.87338773791409,0.13062661038461,-0.16252270277144,-0.757727379410511,-1.10622571567325,0.296856727076353,0.339452783548502,0.756904914701579,-0.213415278990375,0.201068637831455,-0.104806125029799,0.0335516959120539,0.16551001643227,0.0269867429007744,0.319946855325862,-0.130047524790932,0.0301041778594442
77.3525150487208,-127272.1515,-194212.887,-184295.741,-119834.292,-122313.5785,-2.00429374992329,-0.0201448480508759,0.0423695326564939,-1.42018152337587,-1.50392599087368,0.231939191403157,0.268627138049389,0.75193121642031,-0.295980823294158,0.15305699282537,-0.0781032056155859,0.0553653693928915,0.114158618262745,0.108580226263909,0.369194205678734,-0.106083379149858,0.179370861987598
77.335430220114,-127272.1515,-194212.887,-184295.741,-119834.292,-122313.5785,-2.13334978096883,-0.197465149365428,0.146512069711108,-1.82711852350852,-1.57754257158966,0.183161493264627,0.211079736490589,0.700000978558101,-0.344961960492242,0.179674352959545,-0.0532563597383056,0.0806582414025483,0.0910723772739308,0.165160742262002,0.37043323214728,-0.0993196450931677,0.22832921418753
77.3483272392587,-127272.1515,-194212.887,-184295.741,-119834.292,-122313.5785,-2.22624999912514,-0.349767474364896,0.161266005379119,-2.04253161356101,-1.42667279596677,0.151827570348921,0.171137976801546,0.626502263326699,-0.363323515048371,0.259766560457109,-0.0341537658539006,0.102255241749275,0.0876793714271367,0.20004590357489,0.337660435877647,-0.0936806373615084,0.213444101720318
77.3267734157245,-127272.1515,-194212.887,-184295.741,-119834.292,-122313.5785,-2.29709362204007,-0.480064991024335,0.113113442009094,-2.13988353208582,-1.15072495665564,0.1311583034853,0.142024195690524,0.546746147287344,-0.36087060361632,0.365472743161284,-0.0198593057406073,0.12068123477767,0.095768348853591,0.219790365965719,0.286887415542807,-0.0827788222244266,0.165719315478855
77.3022649860697,-127272.1515,-194212.887,-184295.741,-119834.292,-122313.5785,-2.33716550480433,-0.576140105799595,0.0338074913810118,-2.17789792333893,-0.843664703333431,0.120068702293217,0.123509689487662,0.470305032290476,-0.34784616305609,0.470371371673671,-0.0103557063073607,0.134195758807772,0.108700245902154,0.23073690309152,0.232970010465432,-0.0679740489027125,0.111810395040576
77.3574162065568,-127272.1515,-194212.887,-184295.741,-119834.292,-122313.5785,-2.35286021326944,-0.642170018665126,-0.0468030001996596,-2.18457211301947,-0.556834288301445,0.115794231376384,0.11269562189306,0.403432253986679,-0.329618803271714,0.561811190837417,-0.00473201834305481,0.143429879274422,0.121378478298756,0.236329237112975,0.183902956549999,-0.0528774261698786,0.061429995162122
77.3142870276117,-127272.1515,-194212.887,-184295.741,-119834.292,-122313.5785,-2.37752583374878,-0.707553700867649,-0.120849383781447,-2.16326801483494,-0.31540232195637,0.110609987503729,0.100804536378952,0.347096523455619,-0.307517237471345,0.635065313310733,-0.000280915854779629,0.152548127037089,0.132575915540816,0.237285847355722,0.143242512711342,-0.041314566804509,0.019569968853018
82.9140310309277,-127272.1515,-194212.887,-184295.741,-119834.292,-122313.5785,-2.37246055750985,-0.73668816364372,-0.186408076110652,-2.12396993689944,-0.125819925917952,0.111555103691039,0.0975036373869358,0.301021760009391,-0.283653478889882,0.689640064443715,0.00104254666053727,0.156435276382823,0.142389533422004,0.235153996480712,0.111476843091871,-0.0345015254153438,-0.0083129983272503
82.9068031615227,-127272.1515,-194212.887,-184295.741,-119834.292,-122313.5785,-3.49021408717208,-1.72100866592876,-0.204736074735735,-2.06777770694887,0.0142404276408854,-0.161374775062981,-0.175398222997529,0.289936392466068,-0.242045539803328,0.746291654322015,0.0412476022905346,0.276173247140088,0.148441285760284,0.232605624995417,0.0905176658654154,-0.0320936581826246,-0.203432676058902
82.8880106079537,-126650.8495,-192066.571,-182375.353,-119382.436,-121805.2405,-3.09831748647362,-1.26691554120717,-0.658173317769041,-2.14842948081623,-0.132485582161834,-0.193409784520348,-0.13863568032135,0.260184433113025,-0.215784443570989,0.712062278780444,-0.0321317785102415,0.186704374520221,0.216120202209996,0.24155626133246,0.0880390773416155,-0.0540031445149225,-0.197973695024771
82.8548862285811,-126650.8495,-192066.571,-182375.353,-119382.436,-121805.2405,-2.33385079022987,-0.602695624690753,-0.964899135422471,-2.30492581188422,-0.449988828344075,-0.187718649400679,-0.112106581508435,0.182191110011402,-0.234215545922602,0.611272622233258,-0.0943735353323329,0.1177243703888,0.288929786551522,0.260003231375792,0.101344909078102,-0.0807662920974224,-0.110784755828952
82.9175081636951,-126650.8495,-192066.571,-182375.353,-119382.436,-121805.2405,-1.75733554498535,-0.21958167068658,-0.953680964784638,-2.49202779731583,-0.826249299075826,-0.186037675859957,-0.10264976757977,0.131558907715075,-0.255951045713104,0.513191911113665,-0.126808719067249,0.0866004115081132,0.317357178153743,0.276691111065322,0.110607020394537,-0.0976152051628816,-0.0153101677833067
82.9087594941613,-126650.8495,-192066.571,-182375.353,-119382.436,-121805.2405,-1.43972670213122,-0.113908133561438,-0.747823135635585,-2.67827650467848,-1.15374196393898,-0.194569769459449,-0.1133681901686,0.0950150084951886,-0.276613419812797,0.428859015143331,-0.136933037650967,0.0849929653613586,0.320160138012294,0.28921115104193,0.111152107178681,-0.106717452778867,0.0672422309274729
82.8968894206899,-126650.8495,-192066.571,-182375.353,-119382.436,-121805.2405,-1.28626314451715,-0.154174441871632,-0.489109500459406,-2.83501594193955,-1.38489006559534,-0.20469399488379,-0.129433552705152,0.0613966284100442,-0.293216685988241,0.358335427715659,-0.13622319802656,0.0960933721104937,0.31558695988445,0.295788740366951,0.103126244499713,-0.113079008147793,0.143355699748806
68.5400038706446,-126650.8495,-192066.571,-182375.353,-119382.436,-121805.2405,-1.31783640810171,-0.370989377608865,-0.245880378224712,-2.94215126558684,-1.51851967068873,-0.221141200731005,-0.158407450005051,0.0280828320992086,-0.305048862432493,0.29724613504326,-0.124310172957373,0.122997737462748,0.310164936481718,0.295380336100361,0.0896973126289138,-0.119086876415466,0.230259916222222
68.5355740508419,-126650.8495,-192066.571,-182375.353,-119382.436,-121805.2405,-0.517581196682613,-0.367147831670309,-0.165536109374941,-2.97874986179806,-1.57230391495925,0.113970302308807,0.503820844742073,-0.039301832564071,-0.330621472609288,0.222425924525155,-0.100961272123918,-0.00515345948512147,0.316098857827511,0.284059120693963,0.0719134567413828,-0.125053247536009,0.659757740875456
68.5077763068214,-126650.8495,-192066.571,-182375.353,-119382.436,-121805.2405,-1.44580260157042,-2.06197298160257,0.217746498943953,-2.76696193465048,-1.30657694985052,0.249070604805453,0.509805539636659,-0.0585380614526088,-0.339725180222374,0.233742878295942,0.0689149116310217,0.219263899670836,0.224005195028148,0.240393613495332,0.0362759686985534,-0.101292716430947,0.775139622525966
68.4623959096897,-126650.8495,-192066.571,-182375.353,-119382.436,-121805.2405,-2.55171013363761,-3.75391312079154,0.36701392758097,-2.32599643490526,-0.816160695641386,0.164761825036706,0.0836668560884277,-0.108729206187931,-0.349399374838953,0.285215673522821,0.371091782580193,0.647157270519399,0.114030670988373,0.170735840436185,-0.0084318859192607,-0.058347673578858,1.07780479762225
68.5086167734178,-126650.8495,-192066.571,-182375.353,-119382.436,-121805.2405,-2.81980378572032,-4.4003191202286,0.173022881374067,-1.7043313348866,-0.212964803060203,-0.0128929567079581,-0.409398111690038,-0.222905102066569,-0.353083762145978,0.356007034458806,0.660461596578366,0.986379367477426,0.0321459106409838,0.0860311282856605,-0.0519174156525206,-0.0543841921962951,1.31686255096499
68.5020064085861,-126650.8495,-192066.571,-182375.353,-119382.436,-121805.2405,-2.12678825324656,-3.96818162718687,-0.273791660917155,-0.97376714833554,0.380544097808922,-0.0512537352028772,-0.642591794870498,-0.389004227540333,-0.323945958028773,0.448573196627883,0.764857704341228,1.0641484462878,0.0171933792485892,-2.14921132102308e-05,-0.0834227458713426,-0.133357033391917,1.22515833067077
68.4882738725667,-126650.8495,-192066.571,-182375.353,-119382.436,-121805.2405,-0.989943654441049,-3.00176131848956,-0.78830884920346,-0.237311313303294,0.833546183265653,0.0817127907638167,-0.614284253801671,-0.574578064097174,-0.26484291112267,0.547893384766837,0.696396389318288,0.959991165102505,0.0763614908230306,-0.0765275138477413,-0.0966934480945223,-0.246607676895451,0.937026355330024
68.5047958285062,-105267.0376,-118195.2208,-116279.9344,-103830.5728,-104309.3944,0.03246926916907,-1.98499412050887,-0.880476631564335,0.405022604306211,1.16283417687509,1.13107020978489,1.54222561340012,1.28790345713178,0.502172860277504,1.42902548163666,0.312834035910147,-0.256044379259409,-0.7614199296014,-0.295813220956481,-0.282477059099967,-0.18853420529971,-1.93059481666006
68.5507819424687,-105267.0376,-118195.2208,-116279.9344,-103830.5728,-104309.3944,-0.436838030083976,-1.20496859762746,-2.65580605044883,0.512817278940972,1.37663120010816,0.920911908303964,0.653226621858828,0.17433633011786,0.0334407174337983,1.29225529501427,0.4157932405751,-0.16909188748863,-0.475017053158324,-0.31887852746378,-0.23408334456721,0.0997405799165847,-2.0883306479078
68.5083954025295,-105267.0376,-118195.2208,-116279.9344,-103830.5728,-104309.3944,-0.556226789860489,-0.820443083449888,-3.70224485284461,0.761700220300526,1.23396387763079,0.809821500699115,0.165370305120419,-0.409709139998697,-0.0478274210452696,1.26019447493815,0.462914294490309,-0.131934242688324,-0.275906121294033,-0.331234045226079,-0.180724902861118,0.238893970298513,-1.41669210150173
68.502633776208,-105267.0376,-118195.2208,-116279.9344,-103830.5728,-104309.3944,-0.457426665869079,-0.613767272638952,-4.35027027253379,0.868694274753238,0.853252730903463,0.760178761519732,-0.099962555133331,-0.771740632284853,-0.0640921272644164,1.22465829211599,0.476607267005306,-0.124570928302965,-0.145345223553416,-0.328301270183746,-0.111766413248666,0.245040561189128,-0.756529482203185
68.5202616389177,-105267.0376,-118195.2208,-116279.9344,-103830.5728,-104309.3944,-0.260892748815593,-0.503721643248639,-4.7098590127634,0.785985082061558,0.349070755258296,0.741461358615688,-0.253059812326498,-1.0031722570549,-0.0937167570105402,1.13343355903933,0.472092180093457,-0.130867273646794,-0.0785215377376076,-0.306800112964578,-0.0264201770300709,0.206062705659775,-0.302447019711957
68.5091549762335,-105267.0376,-118195.2208,-116279.9344,-103830.5728,-104309.3944,-0.0315504500095045,-0.446644705364974,-4.88688883868318,0.583740360547282,-0.156244068091738,0.738060031636124,-0.34959848691318,-1.15670374025675,-0.149779638454554,0.973873058558688,0.457276062263817,-0.143187041148952,-0.05611844970479,-0.270922549280808,0.0646430804524361,0.163092643356613,-0.0175489474264001
76.1235830590511,-105267.0376,-118195.2208,-116279.9344,-103830.5728,-104309.3944,0.22972767196157,-0.391248887584538,-4.94910824211416,0.346297479077307,-0.567705754843701,0.753711083226747,-0.40455026845877,-1.25735928491739,-0.223926927631894,0.769641859268589,0.431830840664395,-0.163240076378672,-0.0607711319105388,-0.227322774707328,0.145854019049843,0.126427939053201,0.149453062269703
76.1224067289484,-105267.0376,-118195.2208,-116279.9344,-103830.5728,-104309.3944,-2.23876353219936,-1.52672999389964,-4.85134854577439,0.133394707598654,-0.833977558755265,0.397583735294162,-0.490513659956193,-1.1703021188433,-0.198276959518971,0.70783829923478,0.394047821453639,-0.18545647852938,-0.0549051315137463,-0.164976311355947,0.244693712981035,0.104396027751861,-0.348073808690978
76.1130638006405,-105267.0376,-118195.2208,-116279.9344,-103830.5728,-104309.3944,-2.06530901069551,-0.584875358258358,-4.76928267053094,-0.262774484408695,-0.961094063542987,0.595151857177591,-0.0874396791088401,-0.952662550871111,-0.195817297538113,0.493601067434589,0.089334598575312,-0.50725267744772,-0.0699909685746061,-0.0556202143164768,0.381203625656076,0.016797664954602,-0.439344730488925
76.1102306560828,-105267.0376,-118195.2208,-116279.9344,-103830.5728,-104309.3944,-1.67137403502737,0.234524711206362,-4.3167082501129,-0.702446440211105,-1.02966899639974,0.668517072096307,0.142729175674624,-0.64462339786273,-0.230675075016187,0.295710005147555,-0.0749306570409778,-0.692840129321922,-0.204406700160499,0.0600682524701939,0.475179524707651,-0.00734909410716256,-0.484673059081123
76.1212546733017,-105267.0376,-118195.2208,-116279.9344,-103830.5728,-104309.3944,-1.63350347795082,0.49214450733669,-3.67747682578145,-1.13492438389633,-0.911321428122633,0.631654373818215,0.220732130105958,-0.364495882585999,-0.281001561281258,0.250204348367994,-0.115297502480962,-0.749062420025854,-0.36296250118709,0.168841806674432,0.484470342897226,0.0131582703124522,-0.519424121292543
76.139978796484,-105267.0376,-118195.2208,-116279.9344,-103830.5728,-104309.3944,-1.83351164728523,0.390995095335768,-3.16091898220206,-1.54164231066449,-0.582279789155933,0.558235994130939,0.229856518238115,-0.18893922776553,-0.334593932701857,0.349649954598959,-0.0998114253169577,-0.744228121022572,-0.464520493556834,0.265580496240352,0.412811235697413,0.0291914156817441,-0.531440036105787
76.0941861326722,-103966.3118,-113701.8044,-112259.5092,-102884.5904,-103245.1642,-2.08509388415484,0.165064347503446,-2.8742698410332,-1.86789971565381,-0.160043469060994,0.519149279133273,0.302584131080671,-0.0102181831158532,-0.323688801881538,0.559230013228337,-0.0875103344813646,-0.787362939285839,-0.566655669601383,0.328871695600839,0.291321287176384,0.0256305210085657,-0.692018632861116
76.1312981805876,-103966.3118,-113701.8044,-112259.5092,-102884.5904,-103245.1642,-2.35055140521767,-0.0643715936768103,-2.85504571617665,-2.01702485587322,0.290116208356082,0.450826411134422,0.261050882323758,-0.0151735724564688,-0.336343250525289,0.675016123609296,-0.0492812103069289,-0.755864610353298,-0.55364049714596,0.361563443862769,0.180378733693176,0.00991443589128238,-0.66851291014183
76.0639249647047,-103966.3118,-113701.8044,-112259.5092,-102884.5904,-103245.1642,-2.55445374142218,-0.281092349953823,-2.96144336487512,-1.95754460084756,0.645862978631413,0.40047852508431,0.234917044649656,-0.0344819542109036,-0.273566594394723,0.772553566136196,-0.0162792103200886,-0.728263964465154,-0.519531282982364,0.349834338417702,0.0867372598155791,-0.0120766834323121,-0.628512088041555
76.0633712494956,-103966.3118,-113701.8044,-112259.5092,-102884.5904,-103245.1642,-2.67946160898443,-0.450486131138462,-3.13804921212831,-1.74117537373255,0.903088353024572,0.370144351667506,0.221836777134833,-0.0607387855129602,-0.168098814830799,0.841091362505288,0.00929277057779587,-0.70735349665973,-0.476562955163716,0.303069234030159,0.0155800686906793,-0.036925948639265,-0.591130978019574
76.0925431043851,-103966.3118,-113701.8044,-112259.5092,-102884.5904,-103245.1642,-2.7536001808916,-0.589185975435427,-3.33656103992483,-1.43081946420838,1.07299595680688,0.352209965022432,0.213227208993651,-0.0879533286672967,-0.0461597724265701,0.884456084276934,0.028980845799828,-0.690311342789802,-0.433245604336174,0.236822347937752,-0.0350875063010383,-0.0600446393146683,-0.564545318850676
76.0993357533245,-103966.3118,-113701.8044,-112259.5092,-102884.5904,-103245.1642,-2.79289637132922,-0.705417035936165,-3.52731928241684,-1.08732656217366,1.17605387537496,0.342283754077265,0.206213855478381,-0.112811415748297,0.0719696681694089,0.908095747425023,0.0438775951202883,-0.676015410351872,-0.39393194358014,0.165576952759328,-0.0697865442047605,-0.0792315670456958,-0.542705489267467
76.0988605421338,-103966.3118,-113701.8044,-112259.5092,-102884.5904,-103245.1642,-2.80311751056162,-0.799124238256312,-3.70114072873056,-0.754920426000183,1.21621691667238,0.338767636544404,0.201013619426277,-0.135005837413352,0.174531459319212,0.913823752240802,0.054663080381318,-0.6645486255997,-0.359662949938315,0.0988313040377298,-0.0907417664408796,-0.0942343288852996,-0.517707756498806
76.1084096634369,-103966.3118,-113701.8044,-112259.5092,-102884.5904,-103245.1642,-2.79180375064585,-0.873743010282254,-3.84628250857062,-0.458919140354425,1.21663932447615,0.340036542110042,0.197222352925678,-0.153095238086777,0.25766566187275,0.908098946833427,0.0621653203700749,-0.655452792161693,-0.331669245031771,0.0413550212788989,-0.102571361657615,-0.104638550704486,-0.491444946243606
70.1877317491196,-103966.3118,-113701.8044,-112259.5092,-102884.5904,-103245.1642,-2.94745597540987,-1.12150542913649,-3.96406764906945,-0.210057461765231,1.18770683439749,0.318322738051506,0.165558827676534,-0.170093397870517,0.318523388350819,0.891275456251201,0.0899791260594383,-0.623050448662259,-0.309840834643336,-0.00606115098575533,-0.108134379877733,-0.110541921132494,-0.418502001321375
70.1779325838014,-103966.3118,-113701.8044,-112259.5092,-102884.5904,-103245.1642,-2.69568249898062,-1.16344910899809,-4.12401390913236,-0.0127352321543128,1.13599677321061,0.439855254466842,0.283746513217608,-0.208538388228504,0.344778082828228,0.851687092195981,0.141862155613216,-0.613132618590842,-0.286461301528951,-0.0459060448358275,-0.111130679322938,-0.112201553515142,-0.0887657958794144
70.1966890771327,-103966.3118,-113701.8044,-112259.5092,-102884.5904,-103245.1642,-2.98922984074062,-1.81704003822476,-4.20668839076532,0.249453841577136,1.15477981736026,0.430074409992365,0.156685173968143,-0.249674275626212,0.369884526425672,0.892552368142894,0.29533277234495,-0.463502454160924,-0.289877079693035,-0.0921310029611218,-0.125165060788633,-0.101873925461845,0.151027143167159
70.2021612798218,-103966.3118,-113701.8044,-112259.5092,-102884.5904,-103245.1642,-3.07073428769864,-2.30256634286238,-4.39069839980179,0.550368347164309,1.23315940987251,0.402433777191781,-0.0283206717441686,-0.316448485105809,0.393084038247338,0.973737824659999,0.441907055683877,-0.305101321880432,-0.286275454075862,-0.139999614093347,-0.142027855492454,-0.0932100708349566,0.359444632007435
70.1922096825125,-102602.4537,-108990.2946,-108043.9478,-101892.6936,-102129.2803,-2.76436201750252,-2.42828074130914,-4.60666816797163,0.866510705123076,1.33030771629768,0.474632567662162,-0.0487949227829176,-0.29751831862432,0.46027637300562,1.11299569536557,0.498866012632689,-0.293395994301384,-0.340948437213621,-0.19779508379716,-0.168732502298153,-0.0917047442666288,0.265914058306096
70.1711056592207,-102602.4537,-108990.2946,-108043.9478,-101892.6936,-102129.2803,-2.26293996464378,-2.29341335135365,-4.85840785324193,1.16603122055798,1.41850649222832,0.545995090196229,-0.151174024407908,-0.40655647534583,0.463304088716598,1.17201154322203,0.518099077163455,-0.252844962597653,-0.312252925074164,-0.235325671146099,-0.167391034889699,-0.0904237000300867,0.27724995255952
77.8909162140753,-102602.4537,-108990.2946,-108043.9478,-101892.6936,-102129.2803,-1.62311590690122,-2.01980173197751,-5.01875894759374,1.4307011402789,1.41017006819735,0.660371106698513,-0.181369407633476,-0.504969421045594,0.479940097909981,1.21223184680819,0.487099944353736,-0.260820559125837,-0.283966844826539,-0.263843563490922,-0.152020995322208,-0.0865582749056344,0.262695520133809
77.8752046810143,-102602.4537,-108990.2946,-108043.9478,-101892.6936,-102129.2803,-3.3471113649363,-3.02505608892238,-5.0250327602336,1.61627182909974,1.29511620562573,0.327800395421875,-0.378139114659518,-0.53380342925692,0.525868302443087,1.25800874389596,0.488984481329356,-0.215381599522904,-0.262165479009741,-0.274352441086866,-0.112313015599427,-0.0691082421441891,-0.171215462088128
77.9180236802332,-102602.4537,-108990.2946,-108043.9478,-101892.6936,-102129.2803,-2.84352531016403,-2.05285076077966,-5.1345512660225,1.47189401507521,0.98804173997604,0.468640262101978,-0.088817553589557,-0.503564197460584,0.523145758838481,1.07615227834847,0.205326926950895,-0.491201965085079,-0.220989145950403,-0.23455554898625,-0.016841202723942,-0.081645105194454,-0.396676403158738
77.9153977323875,-102602.4537,-108990.2946,-108043.9478,-101892.6936,-102129.2803,-2.0999586673037,-1.00929263239487,-4.93927126333178,1.11449712324804,0.486026193611181,0.550849759738661,0.123361608112425,-0.388337721747206,0.471015174480222,0.807930955572047,0.0129608277269908,-0.685526493347656,-0.262023033809635,-0.16928460987849,0.0951841183519671,-0.0656538169449945,-0.486629467560659
77.9363148004302,-102602.4537,-108990.2946,-108043.9478,-101892.6936,-102129.2803,-1.6852884967272,-0.407397317403351,-4.47025242594351,0.62318970234837,-0.0351488051093867,0.548164875801049,0.223351327990557,-0.233558113391325,0.387958665888675,0.558499622971951,-0.0722217585481244,-0.774107696371919,-0.356003452928712,-0.0894317619147449,0.188091423771794,-0.0216526972094755,-0.506818849239545
77.9271296051782,-102602.4537,-108990.2946,-108043.9478,-101892.6936,-102129.2803,-1.59406900285296,-0.206032047996658,-3.93872700189182,0.0775682050568918,-0.398615424633533,0.504203285167691,0.257112537768812,-0.102850148901908,0.292563542314639,0.390365956484807,-0.0960394607070378,-0.80005533523759,-0.441587971129039,-0.00494086122904935,0.233593597458967,0.0242800890257442,-0.491460307133337
77.8551965542036,-102602.4537,-108990.2946,-108043.9478,-101892.6936,-102129.2803,-1.66970405631339,-0.224491889743447,-3.50535644330128,-0.445662735874095,-0.557159752841443,0.451257276723261,0.261724544010988,-0.0200641867568692,0.201626322696754,0.308524597878808,-0.0926033493526803,-0.797784993786672,-0.491414059370488,0.0734624161109121,0.230125747619944,0.0557791064157271,-0.456211359339749
77.9308541175552,-102602.4537,-108990.2946,-108043.9478,-101892.6936,-102129.2803,-1.80431676684678,-0.336351057747422,-3.2433708501416,-0.864843306274977,-0.536641416649545,0.404141919960132,0.256461253863051,0.0181693045778104,0.133479824854049,0.290010124326692,-0.0786015395860604,-0.78495001277094,-0.504577178485845,0.132677035882597,0.191456187819702,0.0692599898770965,-0.414382606131504
77.8990936614406,-102602.4537,-108990.2946,-108043.9478,-101892.6936,-102129.2803,-1.96004635115074,-0.493760568870812,-3.13275654430191,-1.13463506566507,-0.42071850314143,0.361785514299591,0.243841357737374,0.0274022058738979,0.0984929512869854,0.301061080038622,-0.0609643298730898,-0.76679629538643,-0.493367213350412,0.164938341206227,0.139591825246151,0.0692704457173789,-0.379393831651155
