84.9527319412883,-103412.1505,-110546.647,-102481.564,-111787.429,-102791.7595,70,69.9999999999999,69.9999999999999,70,69.9999999999999,61.5194088035965,61.0388605928792,60.9054957200985,61.3186358552282,60.7505824001856,2.91373451521338,2.94772441477537,2.69259633720784,3.07687272682651,2.65551311055597,63.9999999999999,14.2864411045791
84.9904194395272,-103412.1505,-110546.647,-102481.564,-111787.429,-102791.7595,71.1386236941878,69.9908820831969,69.9498007160691,71.1606912032427,69.9495058887967,61.8809140303499,61.1022114153024,60.9669095483248,61.696851370607,60.8178658168955,2.669147356705,2.97175701536402,2.72605205334275,2.82247513071642,2.68976323069209,63.8802947628373,13.8791947868203
84.983044272491,-103412.1505,-110546.647,-102481.564,-111787.429,-102791.7595,75.6879611848326,70.6063769816863,69.9039167442676,75.7593009385186,69.9250151208273,62.8894154827066,61.4852010096536,61.1931178873644,62.7518936198833,61.0704575502342,1.93070305435331,2.89600480196514,2.81120357788738,2.05355701673377,2.7739330288943,63.5313989068923,12.4654014798339
84.9820124630749,-103412.1505,-110546.647,-102481.564,-111787.429,-102791.7595,79.866420374853,72.5399099153006,69.8755118909176,79.9596506484112,70.0970077454804,63.4297831359937,62.1068153830087,61.356231198346,63.3202091157367,61.3154097575234,1.5033605061232,2.53184415542462,2.87440099656958,1.60530943999803,2.79697951728127,63.2767023618567,11.3118946153967
84.946729927613,-103412.1505,-110546.647,-102481.564,-111787.429,-102791.7595,82.3949059692023,75.1956388262938,69.9316871806899,82.4890643928962,70.7324650540098,63.661956631155,62.6908068927049,61.4947443687751,63.5650337915723,61.652299079452,1.31907639488395,2.11238100238863,2.90245287406731,1.41150969005668,2.70501109452577,63.1594863271467,10.4504310559223
84.9762701050826,-103412.1505,-110546.647,-102481.564,-111787.429,-102791.7595,83.7176398152806,77.7410875991094,70.2076716975638,83.7951131668334,71.873253255358,63.7693804992992,63.0944068903669,61.6733319810177,63.6778301264796,62.0722407918634,1.23871415981538,1.80347820368671,2.86932905486614,1.32778628779625,2.50606249025791,63.0936343977378,9.74537019642239
84.9837404865968,-103412.1505,-110546.647,-102481.564,-111787.429,-102791.7595,84.3690247005014,79.7902755686727,70.8082399819077,84.4238688956214,73.3088256959162,63.8243251155174,63.3480600475149,61.9234215187782,63.7351081920311,62.4781590120564,1.20275262123744,1.60653346141736,2.75614285361082,1.29110935891207,2.26781512332174,63.0322451852192,9.12435341849942
84.992496911991,-103412.1505,-110546.647,-102481.564,-111787.429,-102791.7595,84.680889681256,81.2975582046041,71.7061963064262,84.7164837968531,74.8030978565031,63.8550686642373,63.5061135975148,62.2163863042704,63.7670217661181,62.8091282475403,1.18651702894124,1.4847006523602,2.58043405581574,1.27504241061222,2.04785825728285,62.9662582034819,8.57455240501225
84.9205429913617,-103412.1505,-110546.647,-102481.564,-111787.429,-102791.7595,84.82722807262,82.3574366821331,72.780428381114,84.8494603510636,76.2122566305978,63.8734475353178,63.606165439883,62.5019322227948,63.7861106609407,63.0589027318089,1.17927126488634,1.40870285930578,2.38243304619654,1.26814836964053,1.8673526075791,62.8998787477548,8.10590814760828
85.0354672484377,-103412.1505,-110546.647,-102481.564,-111787.429,-102791.7595,84.8939568216839,83.0884338199429,73.9084409632744,84.9078143817229,77.4748214241112,63.8849630367979,63.6708687970922,62.7494138066928,63.7981216206484,63.2432469963672,1.17617204952252,1.3603646689732,2.1944411971738,1.26536434570723,1.72587719131283,62.8386832714441,7.72221945268957
84.9730513919876,-103412.1505,-110546.647,-102481.564,-111787.429,-102791.7595,84.9224023916216,83.5894640594614,75.008808393624,84.9312756347519,78.5753543224288,63.8924546014974,63.7136401398384,62.9516858790169,63.805984179802,63.3797538700034,1.175000124821,1.32899997109035,2.0309844975961,1.2644300139319,1.61638559648979,62.7865371022164,7.41580020392914
84.9696578597749,-103412.1505,-110546.647,-102481.564,-111787.429,-102791.7595,84.9322645267742,83.9324975494916,76.0390353120666,84.9382439949679,79.5196406317779,63.8974897809158,63.7424902051306,63.1133625780824,63.8113052326327,63.4821396153876,1.17473049162271,1.30831896016886,1.89451097956398,1.26433142393155,1.53153223037753,62.7455156869528,7.17342408566462
84.9182374829105,-103412.1505,-110546.647,-102481.564,-111787.429,-102791.7595,84.9331429129116,84.1672520970796,76.9815720525326,84.9374636266359,80.3218841994507,63.9009766759026,63.7622867360639,63.2421525999924,63.8150152636766,63.5600731421318,1.17487618726092,1.29453635167852,1.78230448508917,1.26460020683679,1.46535178193585,62.7163824635902,6.98166901280127
84.9790431694965,-102956.195,-109137.33,-102149.96,-110212.31,-102418.705,84.929712214332,84.3263709068191,77.8304287716716,84.9330305660833,80.9965186513916,63.908895918333,63.7921026233026,63.3516486725482,63.8345600248583,63.6262308906057,1.17032759297719,1.2699851143319,1.68581830965652,1.24819853630304,1.40888908566888,62.6990022773003,6.78321863893752
84.9895601472221,-102956.195,-109137.33,-102149.96,-110212.31,-102418.705,84.9246887762666,84.4346221436057,78.590852065899,84.9274334284038,81.562885109551,63.9106749263935,63.8015899985577,63.43445747474,63.8364552574343,63.6728076797503,1.17070643970575,1.26390609341546,1.61044847742554,1.24864194701213,1.36795432759464,62.6926970739814,6.66165728515353
84.9555446705476,-102956.195,-109137.33,-102149.96,-110212.31,-102418.705,84.9191237913137,84.5075906389565,79.2680794473082,84.9215384961332,82.0361169719913,63.9120006385519,63.8083170808326,63.5019461210783,63.837874133157,63.7095102914209,1.1710904515204,1.25986136569167,1.54816606504173,1.24907509408257,1.33537044078351,62.6964098180534,6.56356341711987
84.9662176455676,-102956.195,-109137.33,-102149.96,-110212.31,-102418.705,84.9136011712663,84.5560439008444,79.8687560557406,84.9158263172317,82.429776303427,63.9130052275526,63.8131110491306,63.5574065493898,63.8389534229119,63.7386281496863,1.17145443891445,1.25720963569569,1.49641772945208,1.24947757572173,1.30932613875843,62.7088061426389,6.48388551854238
84.9658476117628,-102956.195,-109137.33,-102149.96,-110212.31,-102418.705,84.9084073073418,84.5874730223962,80.399803944319,84.910523871027,82.7558085797885,63.913777349959,63.8165370474898,63.6033185153524,63.8397855131049,63.7618403165691,1.17178732790483,1.25551468095943,1.45319642587242,1.24984134871991,1.28845160221149,62.7284608137778,6.41879138566809
84.9787627569324,-102956.195,-109137.33,-102149.96,-110212.31,-102418.705,84.9037386522083,84.6071210022705,80.8679283915743,84.9057956994698,83.024627137669,63.9143814642023,63.8189874687342,63.6415613500058,63.8404381845704,63.7804028018358,1.17208169443942,1.25447602170214,1.41693210957904,1.25016060274139,1.27169629775777,62.7539731744978,6.36534672621977
84.9366862264048,-102956.195,-109137.33,-102149.96,-110212.31,-102418.705,84.8997595737932,84.6186791569864,81.2794197295998,84.9017893499887,83.2452482193236,63.9148666484452,63.8207387101652,63.673575205956,63.8409634227846,63.7952721825602,1.17233103955447,1.25388449497889,1.38639146561888,1.2504295956301,1.25824365000974,62.784025785902,6.32128024579207
84.9721428031873,-102956.195,-109137.33,-102149.96,-110212.31,-102418.705,84.8965450046841,84.6247629613798,81.6400909950131,84.898567962677,83.4254392458038,63.9152675948589,63.8219879832473,63.7004781210331,63.8413980210574,63.8071884964581,1.17253305685725,1.2535930942471,1.36059750921355,1.25064669757632,1.24745111854151,62.8174151475855,6.28482147643574
84.9788306117492,-102956.195,-109137.33,-102149.96,-110212.31,-102418.705,84.8939324087521,84.627229124816,81.9552759570947,84.8959559105185,83.5718639611101,63.9155996680142,63.8228769803996,63.723149661565,63.8417580640972,63.816731795843,1.17269764199798,1.25349806005675,1.33876829268001,1.2508232438913,1.23880764939282,62.8530683675264,6.25459488801886
85.0316044575649,-102956.195,-109137.33,-102149.96,-110212.31,-102418.705,84.8916791104683,84.6273774216003,82.2298517844862,84.8937021519112,83.6902171439648,63.915868910804,63.8235073356319,63.7422912966688,63.8420498967768,63.824362091885,1.17283867006511,1.25352710558178,1.32027114170509,1.25097449495284,1.2319031210558,62.8900507371146,6.22951453336062
84.9374548215768,-102956.195,-109137.33,-102149.96,-110212.31,-102418.705,84.8897019775785,84.6260963370895,82.4682697123828,84.8917237456263,83.7853456880404,63.9160857336986,63.8239517002795,63.7584700289049,63.8422848677542,63.8304479152903,1.17296135545013,1.25363108030781,1.30458866505915,1.25110603663046,1.22640612444122,62.927566054642,6.20869326188877
84.9923804647651,-102956.195,-109137.33,-102149.96,-110212.31,-102418.705,84.887873049107,84.623982618018,82.6745863219698,84.8898913120131,83.8613561173232,63.9162552849373,63.8242616863468,63.7721492639271,63.8424685997541,63.8352862285977,1.17307313220937,1.25377716073367,1.29129341987186,1.2512258820388,1.2220475099249,62.9649516056255,6.1914171047786
84.9577439936316,-103318.9552,-110258.5888,-102413.7856,-111465.4816,-102715.5088,84.8863914808695,84.6217095149761,82.853005862818,84.8884755596766,83.9220349017423,63.9121731660725,63.8121175689598,63.7798863080307,63.8293582591326,63.8350534785531,1.17706042813854,1.26605742062657,1.28304304321764,1.2647502409382,1.22187247472534,63.0019683526779,6.21278360764629
84.9707667887108,-103318.9552,-110258.5888,-102413.7856,-111465.4816,-102715.5088,84.885222135665,84.6192405024509,83.0062346906608,84.8873631151278,83.969900644268,63.9122964979189,63.8122800955239,63.7897081624573,63.8294958114789,63.838103336785,1.17713297686299,1.26621754394715,1.27346809119286,1.26482531662613,1.21915243465079,63.0377307190769,6.20079636327992
84.9577201899672,-103318.9552,-110258.5888,-102413.7856,-111465.4816,-102715.5088,84.8843867720868,84.6167524723234,83.1373615066001,84.8865723649152,84.0073929131445,63.9124052839335,63.8123902017069,63.7979914632219,63.8296166117373,63.8404960273486,1.17718597088368,1.26637567452261,1.26537903263334,1.26488007060513,1.21703055459173,63.071871597485,6.1908513032365
84.9939357247652,-103318.9552,-110258.5888,-102413.7856,-111465.4816,-102715.5088,84.8837976562251,84.6143713269644,83.2491522761891,84.8860154601861,84.0365350216828,63.9125003498781,63.812463426322,63.8049658533413,63.8297216426938,63.8423623049072,1.17722437619605,1.26652509131873,1.25855784474854,1.26491983397773,1.21538673782489,63.1042037968417,6.18261388406594
84.9905456446853,-103318.9552,-110258.5888,-102413.7856,-111465.4816,-102715.5088,84.8833929718958,84.6121777521321,83.3440851699463,84.8856330774529,84.0589964881272,63.9125829462129,63.812511360251,63.810826022311,63.829812460188,63.8438085005795,1.1772517303457,1.26666158038711,1.25281875248098,1.26494826128836,1.21412324814555,63.1346404731277,6.1758035726477
84.9533026744246,-103318.9552,-110258.5888,-102413.7856,-111465.4816,-102715.5088,84.8830920245998,84.610215070385,83.4243769772946,84.885346504779,84.0761479612306,63.9126525947343,63.8125422762467,63.8157378921068,63.8298887319014,63.8449209078528,1.177272535087,1.26678299847521,1.24800264061741,1.26497005988243,1.21316070629618,63.1631409393304,6.17018894035823
84.9703415365132,-103318.9552,-110258.5888,-102413.7856,-111465.4816,-102715.5088,84.8829099398384,84.6084976344141,83.4920047556353,84.8851751177845,84.0891085863419,63.9127131670472,63.8125620258617,63.8198436093271,63.8299548758471,63.8457695989305,1.17728615792097,1.26688881901663,1.24397279867854,1.26498433043026,1.21243485161104,63.1896919266145,6.16556695765744
84.9708308587591,-103318.9552,-110258.5888,-102413.7856,-111465.4816,-102715.5088,84.8827850394146,84.6070233393818,83.5487250369773,84.885057114388,84.0987867053316,63.9127640459658,63.8125745837822,63.8232649551175,63.8300102745263,63.8464110303427,1.17729602641786,1.26697940460529,1.24061153735689,1.26499474840322,1.21189385853754,63.2143040304236,6.1617755753208
84.9456810411699,-103318.9552,-110258.5888,-102413.7856,-111465.4816,-102715.5088,84.8827505499499,84.6057781205563,83.5960916989951,84.8850288040813,84.1059149140922,63.9128091115389,63.8125827572111,63.8261066634334,63.8300592727726,63.8468907741876,1.17730049280276,1.26705577680997,1.2378174952186,1.2649993931458,1.21149614768314,63.2370110015773,6.15866930566027
84.9753315414054,-103318.9552,-110258.5888,-102413.7856,-111465.4816,-102715.5088,84.8827211122413,84.6047435422705,83.6354729949076,84.8850024232906,84.1110801123525,63.9128457466461,63.8125883190236,63.8284584614702,63.8300989805411,63.8472451095527,1.1773042022935,1.26711916203897,1.23550337765018,1.26500336381171,1.21120852483862,63.2578677888294,6.15613863063298
84.9294824584867,-103318.9552,-110258.5888,-102413.7856,-111465.4816,-102715.5088,84.8826833812904,84.6038941478452,83.6680679265945,84.8849660624455,84.1147491952378,63.9128747698607,63.8125923070306,63.8303974568393,63.830130374255,63.8475030315823,1.17730795006063,1.26717117115512,1.23359410544389,1.26500743459841,1.21100466748796,63.2769471435504,6.15408532874601
84.9725999490373,-103318.9552,-110258.5888,-102413.7856,-111465.4816,-102715.5088,84.8825747599748,84.6032005954293,83.6949219923848,84.8848558247984,84.1172906418933,63.9128941961893,63.8125950444604,63.8319896196847,63.8301512870477,63.847687385451,1.17731513908333,1.26721360947743,1.23202520645252,1.26501531437089,1.21086384330258,63.2943353699335,6.15243311268675
84.9641109580956,-103718.7931,-111494.4514,-102704.5768,-112846.7398,-103042.6489,84.8825166517331,84.6029540653341,83.7171701924934,84.8848701632185,84.1191964090331,63.9082605066799,63.7989902195362,63.8292268402384,63.8155670308059,63.8433769939288,1.18161344721527,1.28059470643124,1.23396960058979,1.27980376282265,1.21434793211818,63.3103347136264,6.19032944917713
85.0148598153418,-103718.7931,-111494.4514,-102704.5768,-112846.7398,-103042.6489,84.8824071894896,84.6027771233207,83.7353464056999,84.8848167559775,84.1204843650685,63.9082718660547,63.7990083286027,63.8303034233134,63.8155824571506,63.843477643836,1.18162025390582,1.28060671297596,1.23290954642248,1.27980794396568,1.21427682681347,63.3246470826263,6.18922128408341
84.9934402036363,-103718.7931,-111494.4514,-102704.5768,-112846.7398,-103042.6489,84.8824406679852,84.6026356840941,83.7501265607034,84.8848938815597,84.1213264215656,63.9082872801772,63.799023110486,63.8311774322116,63.8156015270944,63.8435477742889,1.18161923621377,1.28061632946931,1.23204880722502,1.27980441750328,1.21423060222823,63.3373197640979,6.1883193926396
84.9773262931155,-103718.7931,-111494.4514,-102704.5768,-112846.7398,-103042.6489,84.8826093043546,84.6025244233691,83.7620889779857,84.8850943264318,84.1218513627504,63.9083069714609,63.7990352870136,63.8318839678188,63.8156245195418,63.8435956962101,1.18161084516573,1.2806239279909,1.23135298921487,1.27979363866551,1.21420203905212,63.3485249198749,6.18758344008914
84.9652999038786,-103718.7931,-111494.4514,-102704.5768,-112846.7398,-103042.6489,84.8828378369481,84.6024514720287,83.7717253190062,84.8853434042898,84.1221549399023,63.9083275555199,63.7990460402035,63.8324525619555,63.8156478351858,63.8436275592709,1.18159913026797,1.28062908070615,1.23079300905076,1.2797799256508,1.2141857698331,63.3584638497653,6.18698691550878
84.9711428101944,-103718.7931,-111494.4514,-102704.5768,-112846.7398,-103042.6489,84.8830375569776,84.6024229307407,83.7794510808045,84.8855537144214,84.1223084305088,63.9083448567135,63.7990562623241,63.8329079897531,63.8156670627081,63.8436479493874,1.1815888537914,1.28063146693281,1.23034439616434,1.27976831933834,1.21417780043487,63.3673101467442,6.18651083666223
84.9149899965863,-103718.7931,-111494.4514,-102704.5768,-112846.7398,-103042.6489,84.8830813562578,84.6024338518329,83.7856153796153,84.8855980191566,84.122364854221,63.9083526157194,63.799066017563,63.8332708634875,63.8156754724617,63.8436602049964,1.1815868235012,1.28063139516423,1.22998665620962,1.27976613910916,1.21417515589069,63.3751992688534,6.1861461698749
84.9575791149469,-103718.7931,-111494.4514,-102704.5768,-112846.7398,-103042.6489,84.882943004759,84.6024631525326,83.7905099789359,84.8854543863096,84.1223629844303,63.9083497448171,63.7990745402992,63.8335584776311,63.8156721325976,63.8436669246893,1.18159445569152,1.28063011609797,1.22970271854045,1.27977466042215,1.21417567018103,63.3822367000424,6.18587762093312
84.9925899272192,-103718.7931,-111494.4514,-102704.5768,-112846.7398,-103042.6489,84.8827897156373,84.6024836056872,83.7943774524267,84.8852987072285,84.122329673098,63.9083451602401,63.7990809945251,63.8337855129867,63.8156670999773,63.843670302144,1.18160283295582,1.28062925434232,1.22947844379523,1.27978381072562,1.21417786690577,63.3885083220339,6.18567220872476
84.9555725215929,-103718.7931,-111494.4514,-102704.5768,-112846.7398,-103042.6489,84.8827913995906,84.6024838567753,83.7974183878901,84.8853046860726,84.1222817197822,63.9083478830356,63.7990853731849,63.8339641506282,63.815670278012,63.8436719086439,1.18160289147936,1.28062950843009,1.22930216500951,1.27978364060255,1.21418083429021,63.3940879777934,6.18549903981173
85.0333296075313,-103718.7931,-111494.4514,-102704.5768,-112846.7398,-103042.6489,84.8828199380422,84.602473177319,83.7997976484027,84.8853361104931,84.1222285297744,63.9083514052607,63.7990882084681,63.8341038956597,63.8156742343681,63.84367229203,1.18160148218284,1.28063034038,1.22916427642604,1.27978197217619,1.2141840420032,63.3990420561196,6.18536211316828
85.0059103424887,-103718.7931,-111494.4514,-102704.5768,-112846.7398,-103042.6489,84.8828632093521,84.6024606134315,83.80164984192,84.8853815970726,84.1221751646634,63.9083552280165,63.7990901966235,63.8342126783381,63.8156784738081,63.8436719304351,1.18159925984371,1.28063123618617,1.22905695477502,1.27977946680888,1.21418721561136,63.4034316748575,6.18525413322519
84.9996718530793,-108489.7912,-126241.1728,-106174.3936,-129328.3696,-106946.1928,84.8847883145858,84.6063174117246,83.8052653681385,84.8881804532998,84.1244910720044,63.8524685245165,63.6361303065701,63.7851849215853,63.6414078069476,63.7898833302347,1.23255479214577,1.43847809462346,1.26723893740854,1.45447201506707,1.25670709535518,63.4088184084325,6.64945093460002
84.9562295858939,-108489.7912,-126241.1728,-106174.3936,-129328.3696,-106946.1928,84.8857341284669,84.6099489716289,83.8085640176652,84.8897179658956,84.1268388538412,63.8525305771351,63.6363757932218,63.7853999513973,63.6415161297787,63.79004045501,1.23250300335494,1.43824585988886,1.26704377929278,1.45437418483498,1.25657172427963,63.4109793919001,6.6487385516512
84.9298312590842,-108489.7912,-126241.1728,-106174.3936,-129328.3696,-106946.1928,84.8866902326314,84.6131797425485,83.8115631724307,84.891072791691,84.129229315681,63.852592274397,63.6365948632687,63.7855957309165,63.6416122268114,63.7901987123196,1.23245059515584,1.43803936458296,1.26686640962626,1.45428803381894,1.25643381578487,63.4092712271541,6.64807821896886
84.9453628657436,-108489.7912,-126241.1728,-106174.3936,-129328.3696,-106946.1928,84.8879808255709,84.6159788984643,83.8143099732904,84.8926293031118,84.1316577933248,63.8526713968866,63.6367865381977,63.7857759135663,63.6417204080528,63.790358671972,1.23237961557354,1.43786063223535,1.26670406312667,1.45418891856418,1.25629369480739,63.4050206858482,6.64742692430712
84.9896173628985,-108489.7912,-126241.1728,-106174.3936,-129328.3696,-106946.1928,84.8893891824773,84.6184133997517,83.8168586773946,84.8941960224624,84.1341058597758,63.8527562390688,63.6369546787058,63.7859434517872,63.6418286427709,63.790518953477,1.23230208070513,1.43770531839439,1.26655348426068,1.45408912204962,1.25615241540489,63.3997919458332,6.64680242081472
84.9717767672188,-108489.7912,-126241.1728,-106174.3936,-129328.3696,-106946.1928,84.8906695290876,84.6205651579021,83.8192597102749,84.895553700602,84.1365492755615,63.8528335228226,63.6371040073707,63.7861010128366,63.6419231540236,63.7906777792775,1.23223161067861,1.43756811969773,1.26641164556679,1.45400270118023,1.25601136500906,63.3946097268359,6.64622544213242
85.008079699565,-108489.7912,-126241.1728,-106174.3936,-129328.3696,-106946.1928,84.8918296160344,84.622489941458,83.8215543929464,84.8967482971341,84.1389637056504,63.8529037935828,63.637238203085,63.786251253718,63.642006911798,63.7908339084154,1.23216778109119,1.43744545774311,1.26627609752755,1.45392671048597,1.25587196882433,63.3899482752345,6.64568801567215
84.9425642180252,-108489.7912,-126241.1728,-106174.3936,-129328.3696,-106946.1928,84.8928565413061,84.6242240578368,83.823773348798,84.897785027909,84.1413271025513,63.8529664179374,63.6373596039816,63.7863960718645,63.6420802890505,63.7909861149062,1.23211130833803,1.43733499862476,1.2661450209419,1.45386081545049,1.25573551056766,63.3859387618952,6.64518765392283
84.972974705315,-108489.7912,-126241.1728,-106174.3936,-129328.3696,-106946.1928,84.8936493407405,84.6257891750687,83.825937012782,84.8985671201426,84.1436204437077,63.8530159166532,63.6374693591835,63.7865365002646,63.6421371864694,63.7911330935517,1.23206778164364,1.43723533162903,1.26601718729442,1.4538112148201,1.25560308136738,63.3825506838215,6.64473459675457
84.9695874647943,-108489.7912,-126241.1728,-106174.3936,-129328.3696,-106946.1928,84.8941260372836,84.6271871113804,83.828057146273,84.8990177244712,84.1458276567768,63.8530478208343,63.6375673867479,63.7866730551821,63.6421727339193,63.791273715134,1.23204173666947,1.43714632216608,1.26589188434353,1.4537828279948,1.25547560037977,63.3796978109579,6.64433837155364
84.9574277328648,-108489.7912,-126241.1728,-106174.3936,-129328.3696,-106946.1928,84.8943661461732,84.6284037015457,83.8301386626801,84.8992306648848,84.1479346873513,63.8530664639185,63.6376529896086,63.7868061904225,63.6421928319259,63.7914073189784,1.23202876907148,1.43706888833497,1.26576882896289,1.45376963937548,1.25535389056827,63.3772865987533,6.64399001631309
66.2152095255238,-108489.7912,-126241.1728,-106174.3936,-129328.3696,-106946.1928,84.8946039171761,84.6294300365184,83.832181335878,84.8994567726769,84.1499283365486,63.8530846289004,63.6377261870506,63.7869364142362,63.6422133198303,63.7915336571685,1.23201591063992,1.43700363759108,1.26564806621707,1.45375557715944,1.25523874710168,63.3752334708068,6.64366193870918
66.1993932246794,-157325.1305,-277186.767,-141691.004,-298032.269,-146902.3795,84.286633264866,84.6545987213393,83.8566325626414,84.1028140274614,84.1745843032224,63.154207019751,61.8146635600414,63.1621842176788,61.6644931149353,63.1082188383767,1.77890713254367,2.89989427136591,1.63603639799534,3.17378477081091,1.66626377971564,63.3581091428963,11.1548863524315
66.2305916681825,-157325.1305,-277186.767,-141691.004,-298032.269,-146902.3795,80.4872499365661,84.4055173288961,83.8834257514297,79.4823472866643,84.1954605657054,62.7256197987753,61.6736882045675,63.0945213223797,60.832940502098,63.0362435089456,2.11650752119896,2.91368533391494,1.62860293308591,3.81858801287333,1.65895182464281,63.2059756083777,12.1363356257159
66.2120156864207,-157325.1305,-277186.767,-141691.004,-298032.269,-146902.3795,74.6853319986278,83.1501402727379,83.9084421901682,73.1548106710237,84.1759691579679,61.6164676740847,61.1771866847812,62.8924816807049,58.9636089614064,62.8184452738531,2.87650271988746,3.01431470591732,1.61100753465671,5.01820794686341,1.64354828466014,62.8863047822489,14.163581191985
66.1763079160853,-157325.1305,-277186.767,-141691.004,-298032.269,-146902.3795,69.8459731654221,80.4659916933874,83.9214367853524,68.7426894945913,84.0122097600775,59.9220991799585,60.1385659088693,62.5339333182953,56.7770938660718,62.4181562892613,3.78809967059776,3.25832684545141,1.58302116845674,5.95159684529257,1.62554574534904,62.2383123546117,16.2065902751475
66.2440365372432,-157325.1305,-277186.767,-141691.004,-298032.269,-146902.3795,67.3789439615385,76.8352433253592,83.8923815020682,66.921174039979,83.5596821460111,58.6234033239749,58.6986562887711,62.154761691002,55.4597370144313,61.9582770470294,4.29358109699197,3.65192177552479,1.55752428384811,6.21339200625586,1.62499252171239,61.1367818960586,17.3414116843331
66.1697545773198,-157325.1305,-277186.767,-141691.004,-298032.269,-146902.3795,66.5269901161205,73.4787929072603,83.7357008302052,66.3906021804411,82.6908764881701,58.0250739569336,57.1907711881558,61.8167264986197,54.8892097887179,61.4808290455238,4.42166484255049,4.06638683781533,1.54463754629271,6.19180693687069,1.65497610692498,59.9390099869486,17.8794722704542
66.2341435774496,-157325.1305,-277186.767,-141691.004,-298032.269,-146902.3795,66.2998010591958,71.0620960363556,83.3081105470999,66.2678979887519,81.3435467436902,57.7808337671129,55.9025595162215,61.4830063975044,54.6267793276384,60.921376829716,4.41281466244448,4.36909116876025,1.55128106132868,6.11748778342332,1.71882429204087,59.0380004105855,18.1694989679976
66.2158125091809,-157325.1305,-277186.767,-141691.004,-298032.269,-146902.3795,66.2555034352778,69.4121930783591,82.4684464809256,66.2514793488148,79.5505809586196,57.6584207929901,54.8585943147571,61.0845589405893,54.4675743412445,60.1826580730262,4.37271866975847,4.55099788089966,1.58328885077277,6.04336178448424,1.81238442303151,58.4428942240024,18.3627516089467
66.2412671589225,-157325.1305,-277186.767,-141691.004,-298032.269,-146902.3795,66.2563302359686,68.2814005235859,81.1346584154587,66.2587825527048,77.4426226984023,57.5748256789384,54.003323788237,60.5502938066448,54.3441230336763,59.1742173813006,4.33019686028337,4.63881784362731,1.64478580574192,5.97704039137749,1.92146611239595,58.0032428554608,18.512307013426
66.1625714091208,-157325.1305,-277186.767,-141691.004,-298032.269,-146902.3795,66.2635157005437,67.4401784863214,79.3267954804915,66.2669095542046,75.2268919353255,57.5046532945296,53.2569773998337,59.8096549289863,54.2360743910116,57.8525831341215,4.29195277112426,4.66984827534574,1.73472495314803,5.91932315826382,2.02034637152832,57.6193618236678,18.6361955294102
66.2082946592364,-157325.1305,-277186.767,-141691.004,-298032.269,-146902.3795,66.2684716129585,66.7790383092681,77.1739318537375,66.271683727405,73.1305063350205,57.4450809233675,52.6006206160018,58.8190141029142,54.1444062812693,56.3071387837959,4.26056434514866,4.67142374879196,1.8445667361966,5.87224968761931,2.08650982851349,57.2579249614075,18.73531434627
66.2233503150965,-157325.1305,-277186.767,-141691.004,-298032.269,-146902.3795,66.2713225493799,66.2974163527834,74.8887833251678,66.2742752008522,71.3205042010379,57.399108429768,52.0741512435449,57.5973665534091,54.0743483110118,54.7535636649546,4.23711863448947,4.6566942698407,1.95801600156272,5.83728098026944,2.118805320021,56.9124567825556,18.8079152061833
66.2127202084241,-137600.7962,-216220.6428,-127346.0336,-229893.6596,-130764.2878,66.2773574395159,66.2382334825759,72.8558287341385,66.2801833346484,69.7685995180197,58.2171407406752,54.5660059349706,58.5537523405608,55.9338543920331,56.2846523540621,4.07923538823366,4.4263723705689,2.12760433685807,5.30939760398566,2.3172700490206,56.7329293250791,18.2598797486669
66.2109502111547,-137600.7962,-216220.6428,-127346.0336,-229893.6596,-130764.2878,66.2835402271936,66.2152111649152,71.4311894069318,66.2861924492701,68.5919043635398,58.1942831581591,54.426739083905,57.7462618850109,55.9008952563023,55.3024382256507,4.06459096480013,4.38272450956057,2.22355286225003,5.28947540713288,2.35118149829443,56.8636358478197,18.311525242038
66.2076965880184,-137600.7962,-216220.6428,-127346.0336,-229893.6596,-130764.2878,66.2893852651596,66.208965082166,70.5434051063532,66.2919264022713,67.7434145847286,58.1823430365615,54.3475610127767,57.1929846523525,55.8831195689521,54.5720468707203,4.05567410007544,4.35577653517824,2.27926602505861,5.27752844083204,2.3722628950966,56.9502426916387,18.3405079962409
66.1844249124665,-137600.7962,-216220.6428,-127346.0336,-229893.6596,-130764.2878,66.2913753111344,66.2096099084766,70.0177637260142,66.2936134579386,67.1541311171027,58.1747570447939,54.3033309205389,56.8460865003381,55.8719455491726,54.0574349901538,4.05088919003302,4.33935955742815,2.31019628250033,5.27101559739425,2.38578849220765,56.9503687912333,18.3572491195634
66.2243062051897,-137600.7962,-216220.6428,-127346.0336,-229893.6596,-130764.2878,66.2899652283183,66.2116399337451,69.6968322030967,66.2919301443852,66.756800495069,58.168775445382,54.2769920173376,56.6268090690819,55.8636295034117,53.7063074443047,4.04860889519265,4.32904480145444,2.32816418525376,5.26766306315854,2.39423497519012,56.8936670474153,18.3677159202495
66.1993070670131,-137600.7962,-216220.6428,-127346.0336,-229893.6596,-130764.2878,66.2870386088653,66.2124930248508,69.475300872749,66.288898791502,66.4951325508763,58.1637315004562,54.258932789082,56.472789646912,55.8570096958295,53.4710306417604,4.0475536325232,4.32219560538236,2.34025252757224,5.26585104521065,2.39908648777889,56.7969904294145,18.3749392984673
66.2607238768717,-137600.7962,-216220.6428,-127346.0336,-229893.6596,-130764.2878,66.2847224912879,66.2118056370927,69.2933522024898,66.2866337592377,66.3258701233472,58.1599038595577,54.2446585968071,56.3460943964551,55.8521019733371,53.3145855047216,4.04680063458123,4.31728843522929,2.35023973546494,5.26451739523142,2.4014498046478,56.6740317550137,18.3802960051547
66.2212363921361,-137600.7962,-216220.6428,-127346.0336,-229893.6596,-130764.2878,66.2841012056361,66.2104346182804,69.1211339849669,66.286124634291,66.2177288649316,58.1574457282043,54.2324369478725,56.2269275872229,55.8488760064711,53.2102472422029,4.04588594730653,4.31337748940754,2.35990946805188,5.26314702818794,2.4021519162493,56.5377519179573,18.3844718492032
66.2518561588063,-137600.7962,-216220.6428,-127346.0336,-229893.6596,-130764.2878,66.2828994796131,66.2091820151419,68.9459665970369,66.2848859226698,66.1491648711562,58.1548449569813,54.2210283684036,56.1055850141877,55.8455038301469,53.1387005799024,4.04518954728869,4.30972333540035,2.36980182907456,5.26207141486984,2.40160121930622,56.3990162451244,18.3883873459397
66.2171735202711,-137600.7962,-216220.6428,-127346.0336,-229893.6596,-130764.2878,66.2828385265591,66.2080634446316,68.7640500320555,66.2849302372341,66.1058709843423,58.152983377134,54.2103169964539,55.979483386314,55.8430536836395,53.0885289374389,4.04429360553464,4.3062774949341,2.38014792399611,5.26081435803398,2.40033232537267,56.2657416258398,18.3918657078715
66.2409484586967,-137600.7962,-216220.6428,-127346.0336,-229893.6596,-130764.2878,66.2834964828289,66.2074373449301,68.5758230510099,66.2856296291744,66.078558776802,58.1515833974752,54.2002260105329,55.8484016923492,55.8411008909897,53.0518907052198,4.04327011979039,4.30288299929445,2.39083463205569,5.25947847672027,2.39861388452652,56.1433186128855,18.3950801123873
66.1989985062529,-137600.7962,-216220.6428,-127346.0336,-229893.6596,-130764.2878,66.2843308483306,66.2074268929177,68.3835772302002,66.2864603762489,66.0613412321728,58.1503357605152,54.1907045857752,55.7135020761479,55.8393123904299,53.0238488638344,4.04223519190421,4.29947736156007,2.40165582216924,5.25815985114167,2.3966224503031,56.0348205895943,18.3981506770783
66.2169870155514,-132412.9245,-200185.403,-123573.036,-211971.921,-126519.6655,66.2855532692919,66.2078131519727,68.2356738072843,66.2875922669476,66.0515250545251,58.3715639858269,54.8750558640964,56.2096834133019,56.3489363766584,53.754774997181,3.99796932326345,4.22086397741594,2.45531604475867,5.09630274377877,2.45851140325431,55.975173399848,18.2289634924711
66.1151192657086,-132412.9245,-200185.403,-123573.036,-211971.921,-126519.6655,66.2862302267855,66.2085232926487,68.096035548861,66.288201869086,66.0458387660245,58.3706160777568,54.8686667154078,56.1130508413241,56.3475873507738,53.7402298475756,3.99714864623744,4.21822151588739,2.4641279188053,5.09529860451268,2.45674151025752,55.9953096223017,18.2315381957003
81.3040963246752,-132412.9245,-200185.403,-123573.036,-211971.921,-126519.6655,66.3462587873595,66.2096027466488,67.9277686261887,66.3564216974503,66.0426795694289,58.4030707348003,54.8741094924732,56.0137545701787,56.3863912024784,53.7480896980886,3.98327298442017,4.21984521790213,2.4783928430539,5.08026523175612,2.45894336901966,56.0163012288276,18.220719646152
81.2766948136088,-132412.9245,-200185.403,-123573.036,-211971.921,-126519.6655,70.4736765725597,66.5101445630384,67.7418559971006,70.8269436447622,66.0471938377509,60.368431694678,55.7836971691264,56.9409794480993,58.7069954982144,55.0193335972472,3.13103608693158,4.45944731228944,2.73381581897524,4.17909372801905,2.74139312429008,56.0481242966845,17.2447860705054
81.2810844178596,-132412.9245,-200185.403,-123573.036,-211971.921,-126519.6655,76.3369772876042,68.7357651805982,67.6126203470334,76.7998933688569,66.2018638027444,62.0924815559771,57.6140586374723,57.9498022364094,60.7990883897325,56.410159577955,2.2212008747827,4.30096108144122,3.0557966454935,3.16549069557658,3.08748094763846,56.2903022837856,15.8309302449325
81.329147100223,-132412.9245,-200185.403,-123573.036,-211971.921,-126519.6655,79.4730561486421,72.4713645028116,67.6706236679441,79.7841650087641,67.0255242987333,62.6928176634787,59.4477456551525,58.6124722822896,61.5551180181499,57.6840555764983,1.88554449973423,3.67286754631893,3.25978291941794,2.77855443069697,3.23628983170385,56.6897845491506,14.8330392278719
81.2855122149972,-132412.9245,-200185.403,-123573.036,-211971.921,-126519.6655,80.7190470761154,75.832024449534,67.9729749589561,80.8825852658732,68.7839639903388,62.9170006549015,60.6395017333226,59.165880304727,61.842048924078,59.1492195934818,1.77731737303103,3.14852430335041,3.35270691728966,2.66013511247441,3.13777916607842,57.0804207257812,14.0764628722239
81.246533247444,-132412.9245,-200185.403,-123573.036,-211971.921,-126519.6655,81.156219202176,78.1331983226326,68.653236327616,81.232040219813,71.0075787122044,63.0215882328729,61.3122955465256,59.7760607651185,61.980338725332,60.4583154127617,1.74472182166187,2.84372531236195,3.32623895523721,2.63095702463881,2.86576411838595,57.4761467282996,13.4114072322858
81.2879488689346,-132412.9245,-200185.403,-123573.036,-211971.921,-126519.6655,81.2985183419542,79.5139779095587,69.7958939364195,81.3324386471866,73.1335375291328,63.083771480636,61.6963570266224,60.4713192821615,62.0670453133279,61.3755212038201,1.73704782288907,2.68464725540348,3.1666438699137,2.62908721381446,2.57115651165291,57.9007679555929,12.7885826736736
81.3331416021893,-132412.9245,-200185.403,-123573.036,-211971.921,-126519.6655,81.3407137884721,80.2898827172132,71.2292125679105,81.3569562183908,74.9213327159233,63.126040581978,61.9228821857856,61.1296809108547,62.1284664893386,61.9606395861601,1.73705484700367,2.60434614347325,2.92366103410647,2.6341329972799,2.33256816871345,58.3423334825191,12.2317631905767
81.3439691917911,-132412.9245,-200185.403,-123573.036,-211971.921,-126519.6655,81.3498116263076,80.7132016835754,72.7040017010949,81.3591171057827,76.3462630083837,63.1554673186216,62.0592475597333,61.6570197053144,62.1722153533424,62.3316705455605,1.73899569255499,2.56428351241932,2.67291167666764,2.63984253094494,2.15715871290193,58.7806399426929,11.7731921254888
81.2938910455257,-132412.9245,-200185.403,-123573.036,-211971.921,-126519.6655,81.3475411065574,80.9410773412744,74.0648119391644,81.3541915894244,77.4556974439128,63.1757488481001,62.1427418403004,62.0461303272372,62.2027303084204,62.5727017685442,1.74115386803428,2.54458842905087,2.45680916775063,2.64472765498023,2.03129134069308,59.2010607643516,11.4185704605091
81.3192763692457,-122040.1874,-168124.2156,-116029.2272,-176138.8292,-118032.8806,81.3430206886858,81.0499064549987,75.204801921667,81.3488495043711,78.2671412622896,63.3677770832227,62.6872900079595,62.5667342312843,62.7124285588472,62.9621906309588,1.62230541858639,2.18776286257714,2.1937708437539,2.25838058464192,1.8427889986012,59.5636696625312,10.1050087081606
81.2754156402997,-122040.1874,-168124.2156,-116029.2272,-176138.8292,-118032.8806,81.340181807956,81.1086198266599,76.1738760838458,81.3457784870266,78.8932089088256,63.3753799881113,62.7111873714128,62.7453087054413,62.7230312116379,63.0562245196661,1.62324836054358,2.18362265605833,2.06463010083535,2.2600387906358,1.78088163469154,59.9154747489677,9.9124215427646
81.2944273443134,-122040.1874,-168124.2156,-116029.2272,-176138.8292,-118032.8806,81.3316714072964,81.1393293038963,76.9868799764894,81.3365456647537,79.3735396898339,63.3803403360504,62.7270119082425,62.8778754510492,62.729927348733,63.1232204100478,1.62446645242164,2.18185736533432,1.9650588651069,2.26199788246029,1.73558403142476,60.2504383691626,9.76896459674791
81.2929852814828,-122040.1874,-168124.2156,-116029.2272,-176138.8292,-118032.8806,81.3206941362343,81.1533006526273,77.6634707062959,81.325137784087,79.7399519258386,63.3835885744705,62.7376152243909,62.9778140758602,62.7344821032615,63.1716250099998,1.62575477972968,2.18145832687737,1.88789817971707,2.26394011879825,1.70227173756386,60.5601243791662,9.66132314268623
81.2894975305113,-122040.1874,-168124.2156,-116029.2272,-176138.8292,-118032.8806,81.3106973834715,81.1569522010698,78.2231270878949,81.3151837384603,80.0176625813108,63.3858600969968,62.7447386559098,63.0541484958036,62.7377188501296,63.206916545957,1.62686749316029,2.18186967167459,1.82774497651442,2.26554761285125,1.67772415264836,60.840972904752,9.57975390684891
81.3156299107106,-122040.1874,-168124.2156,-116029.2272,-176138.8292,-118032.8806,81.3025081091558,81.1545459769288,78.6835466424698,81.3072673895041,80.2265314602579,63.3875167351973,62.7495178127725,63.1130352259797,62.7401105024302,63.232758789296,1.62776160439254,2.18272148047115,1.78061103318592,2.26680538579853,1.65965469784964,61.092969312275,9.51755420169778
81.301555939833,-122040.1874,-168124.2156,-116029.2272,-176138.8292,-118032.8806,81.2965018932557,81.1489903912259,79.0602847814137,81.301647427667,80.3821906828171,63.3887935889931,62.752726733841,63.1587843277629,62.7419698786808,63.2516933348787,1.62842361546685,2.18376139148526,1.74354769233015,2.2677188824805,1.64640839519729,61.3176100595804,9.46985997696006
81.2926070914759,-122040.1874,-168124.2156,-116029.2272,-176138.8292,-118032.8806,81.2924908572099,81.142243975564,79.3668252504297,81.2980286900747,80.4969575764009,63.3898176549223,62.7548958315482,63.1944861440613,62.7434637735314,63.2655301076529,1.62888160734716,2.18482023660681,1.71434844633155,2.26834374289528,1.63676484137505,61.5168799474743,9.43315887455586
81.2826861202843,-122040.1874,-168124.2156,-116029.2272,-176138.8292,-118032.8806,81.2898591097805,81.1355442760939,79.6147803901862,81.2957011119315,80.5805394738704,63.3906383736978,62.7563835400284,63.2224087715745,62.7446551399802,63.275585853556,1.62919579190212,2.18579351361507,1.69133698683788,2.2687740246141,1.62981047313772,61.6928669900377,9.40491079010689
81.3089399208225,-122040.1874,-168124.2156,-116029.2272,-176138.8292,-118032.8806,81.2874639614407,81.1295246979148,79.8141113572896,81.293438996523,80.6405701333696,63.3912302615088,62.7574156122325,63.2442498884632,62.7455073093287,63.2828310555167,1.62946771876723,2.18663247290907,1.67322004910602,2.26915496241794,1.62485416568662,61.8476307343776,9.38332936888686
81.301124370806,-122040.1874,-168124.2156,-116029.2272,-176138.8292,-118032.8806,81.2852311998988,81.1243249077307,79.9733318016187,81.2912904636083,80.6830151811574,63.3916451239359,62.7581317361327,63.2613151615048,62.7461065981262,63.2879988193304,1.62970882291317,2.18733680666635,1.65898736326059,2.26949118088409,1.62137212526246,61.9831511985287,9.36689629898666
81.3490369980398,-122040.1874,-168124.2156,-116029.2272,-176138.8292,-118032.8806,81.2837854045911,81.119902920018,80.0996855124745,81.289985507831,80.7124852794224,63.3919837149603,62.7586280952233,63.2746240080886,62.7466008126431,63.291644731116,1.62987135713971,2.18792271810733,1.64784089575674,2.26971137806937,1.61896864673918,62.1013080534764,9.35431499581234
81.2886279386391,-127043.6727,-183589.5338,-119668.1256,-193423.5966,-122126.6413,81.2829740226567,81.1186826850638,80.2040979734676,81.2894630543858,80.7348482024223,63.311416914454,62.53725670204,63.204011511666,62.5202354961638,63.2065523641322,1.68916420856881,2.36087730284554,1.68202286840123,2.46245097242073,1.66485055999723,62.207794242444,9.85936591223355
81.2464337396612,-127043.6727,-183589.5338,-119668.1256,-193423.5966,-122126.6413,81.28117313242,81.1177176509657,80.2863622376186,81.2878007013322,80.7500924259965,63.3115834938517,62.5378745149422,63.2128752820121,62.5205067918345,63.208657895222,1.68934915320888,2.36107842981577,1.67479169708555,2.46270468588654,1.6636035719301,62.2883032755853,9.85152753792684
81.2990674910505,-127043.6727,-183589.5338,-119668.1256,-193423.5966,-122126.6413,81.2810812835643,81.1166889831756,80.3502517774822,81.2880455521258,80.7603299326934,63.3118292592237,62.538320234461,63.219706751651,62.5209027512183,63.2101293568375,1.68938089344544,2.36126580601221,1.66921333503578,2.46272451500155,1.66277262849751,62.3480271772522,9.84535717799248
81.2601445169172,-127043.6727,-183589.5338,-119668.1256,-193423.5966,-122126.6413,81.2819874113457,81.1158224056156,80.3993819946233,81.2891937085056,80.76707011871,63.3121055393336,62.5386544328654,63.2249299031022,62.5213237523035,63.2111466052895,1.68932168033375,2.36141843160236,1.66494593487878,2.46262909750482,1.66223059241893,62.3955567472484,9.84054573673865
81.2844974823946,-127043.6727,-183589.5338,-119668.1256,-193423.5966,-122126.6413,81.2830875190623,81.1153402155635,80.4368887536909,81.2903996909004,80.7714023056898,63.3123522675198,62.5389296877514,63.2288987718482,62.5216842524549,63.2118402145568,1.68924145921191,2.3615147173964,1.66170100190204,2.46251816241281,1.66188615585753,62.4355171671183,9.83686149678068
86.0878687411257,-127043.6727,-183589.5338,-119668.1256,-193423.5966,-122126.6413,81.314362060296,81.1154308999913,80.4653630888154,81.3280835169739,80.7741241566437,63.3154440169625,62.5396056663461,63.2322228702784,62.5266735836281,63.2126419654243,1.6865964368714,2.36158912490033,1.65927589695988,2.45823599486323,1.6617044520744,62.4697266845224,9.82740190566924
86.0547795640306,-127043.6727,-183589.5338,-119668.1256,-193423.5966,-122126.6413,81.8299711935824,81.1353195162495,80.4869144973281,81.9230214489982,80.7759943077762,63.363340305238,62.5488977961151,63.2397369699245,62.6011581550453,63.2184007848998,1.64387923400726,2.36024273624995,1.65792542855868,2.39202099451735,1.66207248756228,62.4989463530582,9.71614088089554
86.0580400525999,-127043.6727,-183589.5338,-119668.1256,-193423.5966,-122126.6413,82.8909219470781,81.2739231550944,80.5033137143923,83.0777335979795,80.7807554476289,63.4544831201781,62.5783756386244,63.2516765134824,62.7355143142905,63.2295005308991,1.56185561098839,2.34646601385593,1.65749684279474,2.2720383655184,1.66267274224125,62.5254385027325,9.50052957539872
86.0825008480595,-127043.6727,-183589.5338,-119668.1256,-193423.5966,-122126.6413,83.9837556011178,81.6271826496057,80.5164829147238,84.1979663297392,80.8028920993217,63.5396517468148,62.632279410015,63.2636579199361,62.8548355299574,63.242584360088,1.4848736464933,2.30948619766545,1.65738273020141,2.16548842275765,1.66181558862862,62.5543806280949,9.27904658574643
86.0848523500403,-127043.6727,-183589.5338,-119668.1256,-193423.5966,-122126.6413,84.8171952797052,82.1787778225313,80.5301676002755,85.0044009377728,80.8683026540317,63.5999145412868,62.7042575743153,63.2742943878652,62.9355751156561,63.2583466775351,1.43076350893821,2.25260834663407,1.65708995665217,2.09428009559128,1.65713038585233,62.5886740647387,9.09187229366805
86.0403593723041,-127043.6727,-183589.5338,-119668.1256,-193423.5966,-122126.6413,85.3595735159765,82.8317994584377,80.551661834924,85.5002271034924,81.0025031986025,63.6377555077602,62.781520442533,63.2841588864633,62.9842635912133,63.2790216255175,1.39753086173284,2.1879230120951,1.65597389957865,2.05269042238074,1.64651583955662,62.6267119880978,8.94063403534397
77.6462589743955,-127043.6727,-183589.5338,-119668.1256,-193423.5966,-122126.6413,85.6800823422441,83.4831674757741,80.5915888031191,85.7766417083796,81.2177105590541,63.6602695050315,62.8531912226261,63.2944905193124,63.0121921251915,63.3057165666664,1.37861803203543,2.12644291585801,1.65314052821902,2.03028421501844,1.62918730067553,62.6650733823786,8.81767299180642
77.6407456498914,-142692.4663,-231958.5322,-131049.0664,-247483.0654,-134930.1997,85.6446180218808,84.1486890421936,80.6775025980164,85.6493006142103,81.5436331970548,63.4546734860904,62.3142140474098,63.06655640762,62.4141409014273,63.0828964820915,1.53655944089542,2.53847058754282,1.77809834987109,2.54509713631536,1.74648424535589,62.7041577211597,10.1447097599806
77.6944969877564,-142692.4663,-231958.5322,-131049.0664,-247483.0654,-134930.1997,84.3357945498354,84.5847292777452,80.8149452299048,84.0647308583207,81.9349102815207,63.3571695163518,62.3529857144941,63.074203015919,62.2331872843743,63.1152445132579,1.62528138593424,2.49310956700295,1.76508930591,2.70872914901932,1.71317526184328,62.7083340071196,10.3053846697098
77.6706550632067,-142692.4663,-231958.5322,-131049.0664,-247483.0654,-134930.1997,82.2385900981141,84.5577338640741,81.0062131128254,81.7504374723379,82.3459192697386,63.170668126326,62.3225618444823,63.0727713622098,61.9163477620993,63.1340405314552,1.7881428726141,2.49272515273823,1.74612295822899,2.98152016607586,1.67820056901043,62.6795229686076,10.6867117186676
77.6443339396511,-142692.4663,-231958.5322,-131049.0664,-247483.0654,-134930.1997,80.3161171259294,83.9594932013016,81.2455135323486,79.8249056812601,82.7090568929877,62.9606792030042,62.2186677703187,63.0691211816551,61.5945747115517,63.1408687500063,1.96458129842843,2.54940516148526,1.72278380421391,3.24381046866863,1.64764287806128,62.6203662549495,11.1282236108575
77.7023567872873,-142692.4663,-231958.5322,-131049.0664,-247483.0654,-134930.1997,79.0067455796436,82.9177214045849,81.5166263519113,78.65317708613,82.9508300660752,62.7889444540629,62.0566022467444,63.0691854019844,61.3618193084843,63.1369470170753,2.10239159460613,2.6569127068078,1.69747090915266,3.41995921935549,1.6272118771779,62.5278609007382,11.5039463071
77.6781914230135,-142692.4663,-231958.5322,-131049.0664,-247483.0654,-134930.1997,78.2783892872119,81.688961675155,81.7912192482419,78.0766086054651,83.0155459007689,62.6779573174446,61.8617577008765,63.073131733844,61.2279334178181,63.1203869009143,2.18559132436146,2.79546085472269,1.67292701974631,3.50981532899338,1.62056437099006,62.4115103249289,11.7843588988139
77.6600937592339,-142692.4663,-231958.5322,-131049.0664,-247483.0654,-134930.1997,77.929703025527,80.5145211479566,82.0300011566121,77.8335517426926,82.8791355782661,62.6159169347304,61.6619111725411,63.0766452580503,61.158630044864,63.0880932377971,2.22650156971344,2.93997343821229,1.65216094333926,3.54638777431468,1.62908983143445,62.2928848174842,11.9941135570141
77.6544366011812,-142692.4663,-231958.5322,-131049.0664,-247483.0654,-134930.1997,77.7809572224417,79.5419304757118,82.1886730376771,77.7426577982072,82.5502608902927,62.5825538836541,61.4809354100541,63.0745229514538,61.1214998141675,63.0385581137882,2.24340465306632,3.06883271753329,1.63826245056966,3.55785911568969,1.65241271864651,62.1893790876796,12.1607716555055
77.7157809951299,-142692.4663,-231958.5322,-131049.0664,-247483.0654,-134930.1997,77.7236124205685,78.8184049675065,82.2284292581525,77.7125199641357,82.063527992497,62.5633306925989,61.3329359704972,63.0624955445693,61.0984140022791,62.9724839723403,2.24904585424092,3.16984191720438,1.63383609840098,3.55936928430576,1.6888225597461,62.1054588693096,12.3009157138982
77.70425733086,-142692.4663,-231958.5322,-131049.0664,-247483.0654,-134930.1997,77.703830010451,78.3233059095245,82.127331139794,77.7041736696303,81.4695279172802,62.5504243453155,61.2207012643221,63.0377884829248,61.0811071219356,62.8922989540703,2.25006638922511,3.24080300740891,1.6403742574495,3.55745062303411,1.73553256485114,62.0364684457098,12.4242268419688
77.6851391356947,-142692.4663,-231958.5322,-131049.0664,-247483.0654,-134930.1997,77.6979226420437,78.0063595151819,81.8870593408046,77.7025881273503,80.8245434520236,62.540143489649,61.1392120291309,62.9994727652157,61.0660783405328,62.80179621178,2.24941717560437,3.28604303807357,1.65791400799105,3.55457600209462,1.78892737053725,61.976024670129,12.5368775943009
77.6012834883172,-142692.4663,-231958.5322,-131049.0664,-247483.0654,-134930.1997,77.6969619001543,77.8142302282742,81.5318496930728,77.7031557739186,80.181461208918,62.5310218408458,61.0806695321289,62.9486407463195,61.0521330809722,62.7058991053003,2.24820674722942,3.31227606455961,1.68506927143405,3.55147786038899,1.84494127508906,61.9202811106618,12.6419712187011
77.6995895104602,-131573.1647,-197589.7818,-122962.3016,-209070.9326,-125832.5893,77.7001460151242,77.7066357005074,81.1306593683285,77.7071234805215,79.6092910689484,62.7748994891881,61.6963646745685,63.1284068125756,61.678223890534,62.8964600348895,2.10644607275846,2.94896987098016,1.63211092232516,3.11669630284578,1.79906828853207,61.8828795957021,11.6032914574416
77.617898033883,-131573.1647,-197589.7818,-122962.3016,-209070.9326,-125832.5893,77.7055150654743,77.6438264989521,80.7102316474438,77.7125034604132,79.101631503951,62.769850288333,61.6722982580557,63.0765723005236,61.6706897441506,62.8219630804272,2.10497673847281,2.95612330702493,1.66622664329918,3.11418727173949,1.84693714532435,61.8981541181219,11.6884511058607
77.6665511597649,-131573.1647,-197589.7818,-122962.3016,-209070.9326,-125832.5893,77.7049849735387,77.6094047033768,80.2930550823141,77.7110854215746,78.6715405693998,62.7644218696865,61.6539742758871,63.0234905083394,61.6625521408452,62.7546333087305,2.10428661295933,2.95910581016827,1.70135575201348,3.11288335307175,1.889030565584,61.9393754310739,11.7666620937968
77.7153842093357,-131573.1647,-197589.7818,-122962.3016,-209070.9326,-125832.5893,77.702112468153,77.5909560882079,79.8965103789994,77.7076906105188,78.3217185864977,62.7592181261191,61.6395902792396,62.9713212622622,61.6548579076813,62.6965482341881,2.10395832359414,2.95985982938058,1.73597310021456,3.11204963108909,1.92430057701904,61.9770365869876,11.8361414612974
77.6948350657591,-131573.1647,-197589.7818,-122962.3016,-209070.9326,-125832.5893,77.6997706978433,77.5807773329677,79.531251474215,77.7053018659147,78.0470703409519,62.7546957099466,61.627993501613,62.9216980606865,61.6482449131513,62.6484695689041,2.1036513336314,2.95959673125659,1.76896225269783,3.11123092094424,1.95261405695704,62.0040015236048,11.8960552954871
77.6576282783997,-131573.1647,-197589.7818,-122962.3016,-209070.9326,-125832.5893,77.6983816288389,77.5749231143778,79.2019794981883,77.7040014958682,77.8378151157274,62.7509036298549,61.6185021783679,62.8756102585985,61.6427174927633,62.6100173075758,2.10331314296948,2.9589221211362,1.79964526046933,3.11041209912876,1.9745155999428,62.0215063158008,11.9468082236465
77.6322428569733,-131573.1647,-197589.7818,-122962.3016,-209070.9326,-125832.5893,77.6980879060924,77.5715238373566,78.9092576050425,77.7038534836699,77.6823302249501,62.7478193273819,61.6107103624449,62.8335315864734,61.6382247606756,62.5801049831166,2.10292054380081,2.95810780295968,1.82770426596978,3.10957093258966,1.99093337859129,62.0316738877752,11.9892369239112
71.8088083704945,-131573.1647,-197589.7818,-122962.3016,-209070.9326,-125832.5893,77.6982117044673,77.5697029220087,78.6513266498855,77.7040370506798,77.5691882662544,62.7452773667918,61.6043113483276,62.7955593368605,61.6345099785572,62.5573088672705,2.10254564218178,2.95725956133467,1.85305904423586,3.10881657354223,2.00291539292578,62.0361823811959,12.0245962142203
71.7543879562845,-131573.1647,-197589.7818,-122962.3016,-209070.9326,-125832.5893,77.4250503857149,77.5639944770894,78.4254719383177,77.3777249345777,77.4882815125698,62.7006101916076,61.5885566670318,62.7543510580527,61.5647689725959,62.532032050934,2.13517298553,2.95539987342296,1.8748928839992,3.15925828231672,2.0103652591578,62.0363759461839,12.1350892844267
71.7733127009467,-131573.1647,-197589.7818,-122962.3016,-209070.9326,-125832.5893,75.977676515867,77.4330792859293,78.2292545664222,75.7523994476141,77.42874846067,62.4484706356756,61.5018569515513,62.6793784526407,61.1927028697764,62.4688781234086,2.32380430957455,2.96360228303623,1.88951171107143,3.43119870827828,2.00987867188121,62.0294403959184,12.6179956838417
71.8122213935701,-131573.1647,-197589.7818,-122962.3016,-209070.9326,-125832.5893,74.150679535203,76.9112488697322,78.0583535258271,73.8611315367328,77.361327373115,62.0571484491987,61.2979459089759,62.5739193717035,60.6644995382723,62.3681777447759,2.59967305710195,3.02394739923969,1.89749736608073,3.78560318243536,2.00541747866894,61.98804244981,13.3121384835267
71.7942338908361,-131573.1647,-197589.7818,-122962.3016,-209070.9326,-125832.5893,72.856644844719,75.9588541542809,77.9007744222912,72.6481043529255,77.2240530538491,61.7115051727002,60.989390392963,62.462914165973,60.2458258205875,62.248741947847,2.82089124539572,3.15400789463976,1.90322185425115,4.02806725881383,2.00780632282952,61.8708682225435,13.91399457593
71.7783383119873,-130944.848,-195647.712,-122505.344,-206900.384,-125318.512,72.2062723711497,74.8193429240648,77.7347102843664,72.1014271519545,76.9497394324226,61.5211092483599,60.679830952167,62.3813768408859,60.061072639522,62.1397368467901,2.92827457641604,3.30632005292978,1.90658815167264,4.10607199597133,2.02192309469979,61.6859076070978,14.2691778716896
71.803086717294,-130944.848,-195647.712,-122505.344,-206900.384,-125318.512,71.9448970764701,73.7667710305105,77.5273498317213,71.9041400787627,76.5035076841876,61.4119367251062,60.3300711693907,62.2815383778023,59.9439385252797,61.980658961558,2.97058855949006,3.4792584827023,1.92003447769875,4.13358941017751,2.06190168556904,61.4902756853836,14.5653726156376
71.7988087910181,-130944.848,-195647.712,-122505.344,-206900.384,-125318.512,71.8560610156853,72.958790804261,77.2425655592463,71.8441819758497,75.8992002632182,61.3537369811881,60.0317101070806,62.1732210066901,59.8780981284251,61.786132748835,2.97925405982028,3.61641990689538,1.94251870278285,4.13155741806924,2.12177021260163,61.3216337645782,14.7915203001694
71.8398344378573,-130944.848,-195647.712,-122505.344,-206900.384,-125318.512,71.8305844738315,72.4181459197954,76.8566712804074,71.8294801361031,75.1913405079137,61.3169722172353,59.8030630293591,62.0483718785406,59.8325807484052,61.55748876461,2.97605530370335,3.70586165603143,1.97676200606324,4.12094499481774,2.19634823850579,61.1833275141795,14.9759721991216
71.815889483758,-130944.848,-195647.712,-122505.344,-206900.384,-125318.512,71.8252396837054,72.0923652696287,76.372534366893,71.8276155737302,74.4544815182037,61.2890347910268,59.6379800379524,61.9032306209771,59.7956012961845,61.3051663396217,2.96967379013919,3.75367800992888,2.02307478964089,4.10891820310827,2.27728104876737,61.0633390112315,15.1326258415846
71.7935901153134,-130944.848,-195647.712,-122505.344,-206900.384,-125318.512,71.8257305425204,71.9116373923775,75.8199060076558,71.8291010068277,73.7603493478005,61.2655744600455,59.5203736806128,61.7398021487135,59.7635317931595,61.0466587265706,2.96293835744053,3.77279937371845,2.07899628619769,4.09749110129506,2.35531028342399,60.9521451932737,15.2675354020757
71.7835370761817,-130944.848,-195647.712,-122505.344,-206900.384,-125318.512,71.8271487721711,71.8181175327566,75.2419628437,71.8307044020807,73.160475211112,61.2452124522355,59.435118128562,61.5650311345437,59.7353593931226,60.8018980650359,2.95683989879787,3.77531730765409,2.14028147939219,4.08740407557207,2.42298817303264,60.847397585585,15.3828309344489
71.7847709071726,-130944.848,-195647.712,-122505.344,-206900.384,-125318.512,71.8283860047038,71.7726913878215,74.6788483053285,71.8319189150699,72.6790611757933,61.2277710125358,59.3716301457308,61.3880692475933,59.711152109357,60.5873196727624,2.95162983849906,3.76981865170151,2.20246559700219,4.07883125527698,2.47645769246292,60.7504200122656,15.4792030349427
71.7624570737038,-130944.848,-195647.712,-122505.344,-206900.384,-125318.512,71.8292299020644,71.7520317496441,74.1579688714191,71.8326812510563,72.3160760165115,61.2131631598506,59.3232026447413,61.2171841249577,59.690881288293,60.4116075224818,2.94733372322403,3.76139631309958,2.262033115111,4.07176552378436,2.51541564207353,60.6623068290971,15.5579443172925
71.7590007768598,-130944.848,-195647.712,-122505.344,-206900.384,-125318.512,71.829514881138,71.7433244407239,73.6930170807127,71.8328920658087,72.0561037184947,61.2010878583458,59.2855362643995,61.0581276541711,59.6741724635637,60.2754283797603,2.94390613495538,3.7526526627072,2.31679776876618,4.0660994004613,2.54184801799921,60.5825169502785,15.6213039848893
71.7999001307323,-130944.848,-195647.712,-122505.344,-206900.384,-125318.512,71.8304968785102,71.7400650678724,73.2878530676908,71.8339185313839,71.8775138699414,61.1915777958238,59.2559529133579,60.9142552290923,59.6610289051082,60.1742463275134,2.94100286637607,3.74473982552459,2.36572127313738,4.06136620004755,2.55866031874389,60.5093497343294,15.6714904838295
71.7783017304547,-130944.848,-195647.712,-122505.344,-206900.384,-125318.512,71.8316218957265,71.7393675359091,72.9409048481485,71.8350561718159,71.7588957828177,61.1840538075546,59.2325558926167,60.7869124080074,59.6506274352876,60.1010961351037,2.93861389363471,3.73794323482908,2.40846649989189,4.05751993418051,2.56863963744017,60.4410306590975,15.7111831999764
71.7951459985011,-127200.0003,-184072.7282,-119781.8184,-193963.6374,-122254.5457,71.8350405778741,71.7393217489638,72.6538113216627,71.8385894055002,71.6822759572188,61.3192090938521,59.5911316580887,60.8983362729903,59.9639244334616,60.3196430603585,2.8903340026741,3.62061551282902,2.43475493873232,3.90304440324277,2.57093192994835,60.3899994478626,15.4196807874266
71.7558356744569,-127200.0003,-184072.7282,-119781.8184,-193963.6374,-122254.5457,71.8369441192382,71.7407468187001,72.4151320550834,71.8402290960486,71.6339085695141,61.3149266590224,59.5779002370288,60.8100030940933,59.9580242861974,60.285380685257,2.88863475275356,3.61625259354166,2.46629753345351,3.90056773142581,2.57412732477345,60.3778651806237,15.445879935948
71.7550149615015,-127200.0003,-184072.7282,-119781.8184,-193963.6374,-122254.5457,71.8367228973941,71.7425631170543,72.2153971590985,71.8397894848989,71.6041906782779,61.3109228911256,59.5672096533472,60.7343951315623,59.9526234757824,60.2610167060036,2.88759669446109,3.61253787226204,2.4929619264288,3.89893979977678,2.57534229786327,60.3703702423444,15.467378590792
71.7836533890307,-127200.0003,-184072.7282,-119781.8184,-193963.6374,-122254.5457,71.835392574014,71.7437357113653,72.0502195916478,71.8383243490553,71.5864744689289,61.3073280035715,59.5583318565877,60.6706211961777,59.9478547440896,60.2436018758569,2.88697557858748,3.60955828957391,2.5151767168948,3.89785653546788,2.57541072449867,60.3544871615581,15.4849778450228
71.7672574671875,-127200.0003,-184072.7282,-119781.8184,-193963.6374,-122254.5457,71.8338921890757,71.7439419466788,71.9158934353136,71.8368140720459,71.5761809331592,61.304306793955,59.5509036209272,60.6178932483297,59.9439024447412,60.2310831556676,2.88655860265341,3.60729822384997,2.53334222501376,3.89705617193776,2.57490559321372,60.3321873555704,15.4991608166686
71.7677054471014,-127200.0003,-184072.7282,-119781.8184,-193963.6374,-122254.5457,71.834000460577,71.7435635866876,71.8084123859934,71.8370476525279,71.5702422707808,61.3023240612987,59.5449460278743,60.5752790914106,59.9413018301595,60.2221576782599,2.88598549294035,3.60564836824816,2.54797127224531,3.89612768729036,2.57422787825114,60.3066917535135,15.5099606989753
71.7871333519832,-127200.0003,-184072.7282,-119781.8184,-193963.6374,-122254.5457,71.8339637900925,71.7432737416865,71.7235788167155,71.8369946192149,71.5667544231756,61.300731020432,59.5402558711824,60.5412846237313,59.9391830767248,60.2155975463298,2.88555906522885,3.60434819997534,2.55955535044472,3.89545123437029,2.57353114222285,60.2804303678921,15.518444992242
71.7749164390489,-127200.0003,-184072.7282,-119781.8184,-193963.6374,-122254.5457,71.8337429322244,71.7430936672972,71.6573399532118,71.8367687752103,71.5646561806628,61.2994339075684,59.5366046928095,60.5145093427582,59.937469930583,60.2107184553232,2.88526425734429,3.6033232478027,2.56862030237167,3.894964339048,2.57290082344059,60.2549453169682,15.5250729700072
71.7513669074885,-127200.0003,-184072.7282,-119781.8184,-193963.6374,-122254.5457,71.8342000193463,71.7429950977015,71.6060546664402,71.8372795135788,71.5633637813704,61.2986357295947,59.533863898261,60.4937159098649,59.9364065995894,60.2071584084144,2.88492049108612,3.60254343878571,2.575668503173,3.89444917145677,2.57238705742213,60.2310435700072,15.5299686619237
71.7507054473303,-127200.0003,-184072.7282,-119781.8184,-193963.6374,-122254.5457,71.8351947869249,71.7431513191638,71.5666157883716,71.8383294001895,71.562559911865,61.2982350073437,59.53191281848,60.4777300981183,59.9358465878317,60.2045929237549,2.88453841909486,3.60192174555881,2.58111605903353,3.89392241855441,2.57198808144101,60.20912791353,15.5334867236826
69.6361393426639,-127200.0003,-184072.7282,-119781.8184,-193963.6374,-122254.5457,71.8308919770583,71.7436159102617,71.5364631304947,71.8331366208462,71.5621020943711,61.2962994987193,59.5300078197697,60.4649178839227,59.9331978003024,60.2020772996241,2.88518662370242,3.6012229285512,2.58515864718718,3.89475486878006,2.57152217980438,60.189352002066,15.5378452480253
69.625500518064,-127200.0003,-184072.7282,-119781.8184,-193963.6374,-122254.5457,71.4019500201559,71.7202485530145,71.5134858988126,71.3566553044155,71.5615267799004,61.1535690945258,59.4734393439273,60.40542707969,59.7492098290492,60.1440345890476,2.96576264340907,3.59146000765505,2.57666090880141,3.99289789970219,2.5585789974285,60.1706840547333,15.6853604569962
69.669111450602,-133408.0098,-203261.1212,-124296.7344,-215409.4884,-127333.8262,70.5563817229635,71.5103972617762,71.4955923468924,70.4736089076608,71.5510271714969,60.5981018292345,58.6288468255739,59.8500200280351,58.8149473680015,59.5040554763629,3.20112117608136,3.77042855824944,2.55037134230981,4.41489798080428,2.52563412528673,60.1063616859065,16.4624531827316
69.6519087831111,-133408.0098,-203261.1212,-124296.7344,-215409.4884,-127333.8262,70.0095984233728,71.064626114278,71.4772053270838,69.9557335276163,71.4937943137047,60.3696597554006,58.3577159235493,59.7166727057055,58.5558905526723,59.3381838661016,3.30683230911743,3.82224828146067,2.52544122472995,4.51513248063627,2.50306168914729,59.9184920196125,16.6727159850916
69.690084026026,-133408.0098,-203261.1212,-124296.7344,-215409.4884,-127333.8262,69.7893123443662,70.5640244939814,71.442854946231,69.7678803243479,71.3499525363792,60.2630970757413,58.0933948469925,59.6102608768238,58.4419564614537,59.1707866006504,3.34630907934149,3.89466827369976,2.51006108488077,4.54460068012233,2.49822056618305,59.6932841647681,16.7938596842274
69.6690921457891,-133408.0098,-203261.1212,-124296.7344,-215409.4884,-127333.8262,69.7203632016323,70.1643795732166,71.3696714369592,69.7150505558807,71.1155832686322,60.2184796270386,57.8822465441503,59.5109414208522,58.3937484440096,58.9834821689589,3.35487805074735,3.95444061094656,2.50452905719835,4.54645594488207,2.50791207307144,59.4968153494767,16.8682157368458
69.6168413809299,-133408.0098,-203261.1212,-124296.7344,-215409.4884,-127333.8262,69.7030559715741,69.9050627466422,71.2408558314264,69.703599636811,70.8235305866633,60.1973793761055,57.7343277595496,59.4025974228431,58.3689103273161,58.7785827402394,3.35353936408455,3.99063537992539,2.50886007736373,4.54108620755982,2.52605849419493,59.3394713637914,16.9201795231284
86.3727772690934,-133408.0098,-203261.1212,-124296.7344,-215409.4884,-127333.8262,70.2930030425237,69.7664185330643,71.0564964630333,70.3861254325512,70.5193406524508,60.429409690002,57.7371803443182,59.3849045451014,58.6704686211444,58.6982187122798,3.23185065582736,4.03757618538354,2.54468577342727,4.39342002918762,2.57388790789801,59.2098553929005,16.7814205517238
86.3963888135912,-133408.0098,-203261.1212,-124296.7344,-215409.4884,-127333.8262,75.8203714644235,70.3479170471678,70.8269650115047,76.3634337222029,70.2479261747083,62.0750393159528,58.5965675442249,59.9732187677631,60.7804839070163,59.3685122532751,2.3191626292354,4.13305430385033,2.73643157300971,3.30308458287917,2.79668032113861,59.1474245730992,15.2884134101132
86.3855726156072,-133408.0098,-203261.1212,-124296.7344,-215409.4884,-127333.8262,81.3251175476634,72.9809601696355,70.5941657846265,81.8894656754787,70.2511722934231,62.9817511626879,59.90954252047,60.372247521973,61.9664121255611,59.9229691709546,1.73783044922831,3.71566167823335,2.90557341035713,2.58352973661186,2.94593768720553,59.2875783422496,13.8885329616362
86.3937729867388,-133408.0098,-203261.1212,-124296.7344,-215409.4884,-127333.8262,84.2780705556615,76.6650757261964,70.4855140452474,84.6627840821772,71.0062021146067,63.3177115220441,61.0746776352622,60.6325893798195,62.4130322056189,60.5611819667399,1.52085470454176,3.11531273004699,3.01438759711862,2.31336518159341,2.91299034265699,59.5330766031017,12.8769105559578
86.3795005341457,-133408.0098,-203261.1212,-124296.7344,-215409.4884,-127333.8262,85.5771702516562,79.9236633822298,70.6965727072169,85.7985105769951,72.5711208784751,63.4574628513945,61.8143551401656,60.9097082719749,62.5995981095037,61.3043596420712,1.44114296217065,2.68198900752994,3.03473437313179,2.21871613001041,2.70053142879108,59.7733884535409,12.0771139016339
86.3911641105989,-133408.0098,-203261.1212,-124296.7344,-215409.4884,-127333.8262,86.1038795120441,82.2715922585539,71.3929595044496,86.2205930584603,74.516916663444,63.5260278004851,62.2448638969703,61.2843231119119,62.6925013395563,61.9565265417073,1.41189963741507,2.42520719122326,2.93813455677713,2.18767428762473,2.42239632087055,60.0011298070829,11.3853119939107
68.8862042434416,-133408.0098,-203261.1212,-124296.7344,-215409.4884,-127333.8262,86.3078027578506,83.8025973137523,72.5402074830627,86.3675671441413,76.442334159185,63.5652396904405,62.4976327826065,61.7177157570323,62.7473589380352,62.435198257107,1.40167405717088,2.27970178350611,2.7443341754075,2.17914257322324,2.1721958744671,60.2282137808236,10.7770484637748
68.8192324866621,-134438.1686,-206445.2484,-125045.9408,-218968.2188,-128176.6834,85.8288032310286,84.751378302685,73.9400703658671,85.7432131208745,78.1678635851562,63.5390250737464,62.6016730122256,62.0921821900362,62.6779031383329,62.7381928836932,1.44119046176038,2.22710902072496,2.52193093851671,2.26843493841929,1.98498354126133,60.4579633560969,10.4436489006827
68.8791145309242,-134438.1686,-206445.2484,-125045.9408,-218968.2188,-128176.6834,82.6960552481601,85.0912979610238,75.3852194362401,82.1051127032989,79.6282316728947,63.308817680395,62.6351808713671,62.3845562691702,62.279207566719,62.9310906779614,1.65695682857065,2.19672030840553,2.29831012177887,2.63908026742907,1.8343045913537,60.6883633996512,10.6253721175378
68.9139234827959,-134438.1686,-206445.2484,-125045.9408,-218968.2188,-128176.6834,77.9839338079769,84.4516601769986,76.7491185058138,76.9715610591755,80.7967400882019,62.7750504114736,62.5073186890802,62.5514876176477,61.4162304745366,63.0086801781393,2.11217449943864,2.24795118531764,2.10454518659304,3.36361575507354,1.72180904181464,60.9191344660501,11.5500956682375
68.8691140180878,-134438.1686,-206445.2484,-125045.9408,-218968.2188,-128176.6834,73.6980035280091,82.6703010093094,77.9670283015541,72.7284015654406,81.6221925754644,61.9568808140535,62.1693248539102,62.6073419009209,60.2666235613792,62.985018356082,2.73600885176402,2.40621754227004,1.94532329419712,4.19861074501694,1.64336299210177,61.1083738481177,12.9295234253499
68.8598441408052,-134438.1686,-206445.2484,-125045.9408,-218968.2188,-128176.6834,70.92492623935,80.020122468885,79.0044653432345,70.334004661691,82.0420105437061,61.1329383467962,61.6222445435199,62.6043493774314,59.3180245681136,62.896885745098,3.28062248723347,2.68127708309068,1.82191124800691,4.74965954780305,1.59976196089946,61.1374373765274,14.1332323270336
68.8539300716801,-134438.1686,-206445.2484,-125045.9408,-218968.2188,-128176.6834,69.6071731818808,77.0571280390982,79.8354490359964,69.351333249488,82.0092453625359,60.6035979175924,60.9171925682014,62.587210915692,58.7983359558239,62.7753527165764,3.56789550062909,3.05638201266243,1.73232509536963,4.95803737780568,1.59237877393062,60.9382154441478,14.9070187603974
68.8501649638157,-134438.1686,-206445.2484,-125045.9408,-218968.2188,-128176.6834,69.1179685841173,74.3338466891009,80.4152813636981,69.0308744872937,81.5063438084872,60.340420840275,60.1231772555132,62.5498288434081,58.5481120655451,62.608117122886,3.65977111290178,3.4713219309843,1.67247684953851,4.99125640025153,1.62066223985036,60.627144233511,15.4154885335264
68.8604787229164,-134438.1686,-206445.2484,-125045.9408,-218968.2188,-128176.6834,68.9663372517785,72.2085153522218,80.6567152856857,68.9425111981602,80.5541469176741,60.2054814487601,59.3529007935168,62.4729108163162,58.4054333262518,62.3725587238172,3.66674402561925,3.83721900135673,1.64319605377667,4.96552798279667,1.68454163975811,60.3570667925305,15.7972287033074
68.9155323274819,-134438.1686,-206445.2484,-125045.9408,-218968.2188,-128176.6834,68.9271480743716,70.9086034276898,80.4562768881647,68.9232166459021,79.2171393692865,60.1259369455083,58.7755103203233,62.3481740825989,58.3097622014392,62.0590748107871,3.6499312656733,4.06572405092906,1.65006550203208,4.9297950355047,1.7850289748627,60.1699099982339,16.0805448290018
68.8582574799804,-134438.1686,-206445.2484,-125045.9408,-218968.2188,-128176.6834,68.9207289533402,69.9938666604796,79.7752097106616,68.922278908935,77.6046604462243,60.0595027905541,58.2848148216788,62.1412401103786,58.222347557443,61.6305679229657,3.62521112596562,4.21296353777468,1.69443162396258,4.88995240353318,1.91733222684744,60.0289807706433,16.3398909180835
68.8664674328195,-134438.1686,-206445.2484,-125045.9408,-218968.2188,-128176.6834,68.9218962566456,69.336562872741,78.6492151295244,68.9246910962405,75.8655932479196,59.9942864999285,57.8529604586938,61.8289512037738,58.1336386054639,61.0663505350271,3.59825491373655,4.29567366407944,1.77640231322239,4.848660969316,2.06954119096951,59.8958866326082,16.5885330513239
68.8457208281497,-134438.1686,-206445.2484,-125045.9408,-218968.2188,-128176.6834,68.9229264174876,69.0736540597565,77.2176161032929,68.9257673914448,74.1674543058651,59.9370214163736,57.577211528621,61.4211729304567,58.0546931937802,60.3958260849814,3.57491156105564,4.29087592315473,1.89153693776431,4.81297009647016,2.22396668703571,59.7558472453534,16.7942612054805
68.8792143397492,-129330.4649,-190657.8006,-121331.2472,-201323.4242,-123997.6531,68.925771908504,68.9462573489632,75.7899564461616,68.9286355779676,72.6639642344106,60.1102392052723,57.966039583373,61.2679850392082,58.4763413619494,60.0969527384167,3.50555524368239,4.14904517112364,1.9964186681247,4.60243029990705,2.35768614125518,59.6396283320327,16.611135524093
68.0492776211278,-129330.4649,-190657.8006,-121331.2472,-201323.4242,-123997.6531,68.9002661626284,68.8868527564838,74.5833821789408,68.8990977586735,71.4374167132054,60.0570957226574,57.8105897870292,60.8419581625041,58.405856097783,59.4389396165599,3.49459926204577,4.11306770377725,2.1098202617237,4.58447038179265,2.46940245853224,59.5920653547692,16.7713600678716
68.0696740661286,-129330.4649,-190657.8006,-121331.2472,-201323.4242,-123997.6531,68.6186847181366,68.8328330239602,73.6767723528157,68.5961199262588,70.5145176911733,59.8969888254107,57.6423224870981,60.4370503318758,58.2102803871105,58.8182291586867,3.5432715464709,4.07107605574733,2.18976914839763,4.63187934129108,2.53320262738082,59.5442970804423,16.9691987192878
68.0798549539926,-129330.4649,-190657.8006,-121331.2472,-201323.4242,-123997.6531,68.323931700328,68.6971459112624,73.0205715157916,68.3021978332375,69.8565188220579,59.7343029471868,57.4562339983744,60.0918852532756,58.0235573827627,58.3008877560522,3.59775000547803,4.05282239121324,2.2424501783194,4.68018662926603,2.5640372794751,59.4556849618057,17.1372464837518
68.0439330771612,-129330.4649,-190657.8006,-121331.2472,-201323.4242,-123997.6531,68.1833629999009,68.5008606183338,72.5077355470282,68.1735795502595,69.3843820136123,59.6467543783154,57.2807765586872,59.8113958619426,57.9271062697532,57.9080298337541,3.62009531695365,4.06034564946411,2.28348764556699,4.69487932934601,2.581749703804,59.3224885396172,17.2405576451348
68.0409671760277,-129330.4649,-190657.8006,-121331.2472,-201323.4242,-123997.6531,68.1359917081875,68.3202204883818,72.0542461118827,68.1338369544358,69.0261981565569,59.606905055704,57.1363418755443,59.5654082513442,57.8827493928655,57.602811496217,3.62328795014286,4.07349016162552,2.32142775321169,4.69276604208196,2.59372020943374,59.172841836887,17.3046921164958
68.0200703159074,-129330.4649,-190657.8006,-121331.2472,-201323.4242,-123997.6531,68.1232222538206,68.1929311280327,71.6209143249467,68.1241781538819,68.7402795427564,59.5867867954742,57.0293412519238,59.3329527654523,57.8589721977655,57.3549019373648,3.62016875128511,4.08089333304019,2.35937707604675,4.68631178068883,2.60237911012001,59.0252259680517,17.3491300511809
68.0489623487709,-129330.4649,-190657.8006,-121331.2472,-201323.4242,-123997.6531,68.1209798723249,68.1171306738161,71.1976078492239,68.1229399316341,68.5093175009987,59.5743128644535,56.9541677394873,59.1058985297011,57.8432562270032,57.1503249600031,3.61583490560783,4.08112252689721,2.39767050701471,4.67971165121301,2.60842400716131,58.8818390301943,17.382763597894
68.0246648421984,-129330.4649,-190657.8006,-121331.2472,-201323.4242,-123997.6531,68.1212133033241,68.0770191244408,70.7863765998813,68.1234066022109,68.3267169795014,59.5650075814179,56.90124447406,58.8827409644206,57.8311102005646,56.983197384794,3.61180386471391,4.0764439981488,2.43555294387947,4.67397689748331,2.61198198616621,58.7422313983869,17.4097596903917
68.0696560793924,-129330.4649,-190657.8006,-121331.2472,-201323.4242,-123997.6531,68.1216377541366,68.0575833634416,70.3930087470758,68.1238728006286,68.1876142309944,59.5572976119179,56.8623861800051,58.6650799080335,57.8209621614013,56.8496179157463,3.60837336916677,4.06937178074997,2.47204218346724,4.6691616852607,2.61325440732873,58.6084324192371,17.4322034259734
68.0185260562335,-129330.4649,-190657.8006,-121331.2472,-201323.4242,-123997.6531,68.1212663422023,68.0488047992781,70.023826679299,68.1234182225789,68.0858207801932,59.5503885587345,56.8321601086885,58.4558806519266,57.811903790807,56.7451260024094,3.60562099640211,4.06159067661553,2.50623012470956,4.66526579792399,2.61263259629756,58.4833982508404,17.4513401919488
68.0776607466247,-129330.4649,-190657.8006,-121331.2472,-201323.4242,-123997.6531,68.1204610535589,68.0448464698301,69.6843366121816,68.1225826592028,68.0140462711207,59.5442575672471,56.8075122427798,58.258754433497,57.8039469512266,56.6648960221155,3.60338195601256,4.05411270838086,2.53745799219768,4.66204612361304,2.61068610345485,58.3691324448542,17.467684883659
68.0421484565745,-129751.3469,-191958.7086,-121637.3432,-202777.3802,-124342.0111,68.1202219219538,68.0429279964703,69.3772231280697,68.1223898813936,67.964983547935,59.5211865538232,56.734131833989,58.0366531340742,57.7563641683482,56.5538768649167,3.60550977429404,4.05598164635724,2.5629290281566,4.67424813840645,2.60372228017836,58.263707889496,17.5023908673927
68.0723897337242,-129751.3469,-191958.7086,-121637.3432,-202777.3802,-124342.0111,68.1208627303478,68.0420551370786,69.1056557312732,68.1230998087212,67.932241004822,59.5173889680569,56.7170893782676,57.8716925766864,57.7513717982759,56.5081855749145,3.60364974961457,4.05019058373167,2.5872504327723,4.67167827222992,2.60077105668485,58.1640058580061,17.5135400950333
82.6862731686306,-129751.3469,-191958.7086,-121637.3432,-202777.3802,-124342.0111,68.1710525676112,68.0421127556421,68.8707611067821,68.1806762689725,67.9108412443353,59.5384137541992,56.7122484486804,57.7380040105628,57.7772534436185,56.4880084370068,3.5914749521463,4.04843945476343,2.61077069967901,4.65744565084779,2.60104942558604,58.0749576852366,17.5091801830226
82.6791856631308,-129751.3469,-191958.7086,-121637.3432,-202777.3802,-124342.0111,71.8473853817113,68.3009558840989,68.6683007413144,72.1836496660647,67.902147832233,61.0298477137108,57.3842198345407,58.3265884898292,59.5902135266081,57.3218720225667,2.86607793943795,4.20164685389416,2.81047038697857,3.84751038996151,2.80818319357251,58.0144873289328,16.5338887638447
82.6560956660088,-129751.3469,-191958.7086,-121637.3432,-202777.3802,-124342.0111,77.4017191157353,70.2439880097897,68.5099588100844,77.8614971703676,68.0286736024884,62.4205646672333,58.7830574196636,59.0136665776253,61.3085881732542,58.2880359620876,2.06952716333522,4.00214182580738,3.06067624310319,2.92718194731364,3.0502472023838,58.1311832554038,15.1097743819432
82.6900050139467,-129751.3469,-191958.7086,-121637.3432,-202777.3802,-124342.0111,80.5823634816603,73.62322360494,68.4717896798415,80.9092348250234,68.7275851774937,62.9390413844245,60.2236062640083,59.4609806683883,61.9660498435535,59.1914703513264,1.75726010659594,3.42310295214967,3.22557896816031,2.55782628102257,3.11566641694986,58.4026700024999,14.0794347248784
82.6743371580191,-129751.3469,-191958.7086,-121637.3432,-202777.3802,-124342.0111,81.9394573612894,76.8116205070725,68.7076835529887,82.1228426484253,70.2282431952368,63.141112241089,61.1988634465112,59.8755325163141,62.224902893481,60.2247064127282,1.64928911939057,2.93787122284028,3.29082642640089,2.43509513992955,2.97008481680379,58.6817695942324,13.2831667253651
82.7158536154131,-129751.3469,-191958.7086,-121637.3432,-202777.3802,-124342.0111,82.4537278254865,79.105821573844,69.4056622546423,82.5450634920995,72.1719210061102,63.2362319956429,61.7683375031223,60.3965564814129,62.3493525039825,61.1635874953379,1.61331665393928,2.6456127942392,3.22618878777287,2.39919141348305,2.69898733382241,58.9521196836753,12.5832969832568
82.6143247902539,-129751.3469,-191958.7086,-121637.3432,-202777.3802,-124342.0111,82.6362260988807,80.5535398065764,70.5715386960824,82.6798415390875,74.1012584632261,63.2909640381936,62.0989382932547,60.9972529469539,62.4239181248765,61.8510583385092,1.60266146677331,2.48546519112367,3.03574353168837,2.39205961639262,2.42537692524052,59.2328467370946,11.9413067312185
82.6653014500512,-129751.3469,-191958.7086,-121637.3432,-202777.3802,-124342.0111,82.6971963315296,81.4106577524577,71.9908956547967,82.7188779089695,75.7891289713114,63.3264261128533,62.2947174096654,61.5542628773969,62.4740974990601,62.3110560332632,1.60055102194144,2.39947754883604,2.7849093336303,2.3933762387543,2.20442142201151,59.5248979524548,11.3827355651736
82.5885629114644,-129751.3469,-191958.7086,-121637.3432,-202777.3802,-124342.0111,82.7143663190439,81.9045400325615,73.4350186107148,82.7265455490555,77.1838203290523,63.3502202709196,62.412710704057,61.9980114149504,62.5086233301514,62.6148442196309,1.60109854533443,2.35320497139499,2.54131833056961,2.39655568298561,2.03935763837607,59.8189294290824,10.9315351686607
82.6573762196871,-129751.3469,-191958.7086,-121637.3432,-202777.3802,-124342.0111,82.7150665716121,82.1860295735607,74.773165630514,82.7232171024532,78.3055696590937,63.3663137456305,62.4852332884997,62.3289192608852,62.5323409275702,62.8190995171223,1.60237232591359,2.32824445335751,2.33562364245606,2.39976591269233,1.91853614411092,60.1056774808044,10.5845424785304
82.6884518992611,-130110.0987,-193067.5778,-121898.2536,-204016.7046,-124635.5353,82.7096295582979,82.3454471203682,75.9581646538881,82.7161598144911,79.1964013647549,63.3716879557404,62.5150717733814,62.5645269244641,62.5330290721011,62.952842467273,1.60770106549938,2.32639229676674,2.17472062508192,2.41535923622063,1.83343380008828,60.379467138238,10.357607023657
82.6907243892413,-130110.0987,-193067.5778,-121898.2536,-204016.7046,-124635.5353,82.702228308378,82.4336580114499,76.9809495159873,82.7082202071658,79.8957098799491,63.3794630639449,62.5448027051048,62.7454089576108,62.5447311809884,63.0529680245609,1.60896377540751,2.31955191682176,2.046105667404,2.4177120929414,1.76820912961036,60.6350410516778,10.160542582185
82.6916929747616,-130110.0987,-193067.5778,-121898.2536,-204016.7046,-124635.5353,82.6949006800449,82.4806744545585,77.851604228267,82.7008789548073,80.440533634679,63.3850175828874,62.5643926032811,62.8811667189921,62.5531442561755,63.1250102996526,1.61003715882531,2.31635768130407,1.9456625898213,2.41960259968039,1.71993010780824,60.8707386442129,10.0115901374393
91.6447548661694,-130110.0987,-193067.5778,-121898.2536,-204016.7046,-124635.5353,82.688639801526,82.5039864982853,78.5859178190371,82.6948667048371,80.862027020699,63.3890898580472,62.5775708069326,62.9844901192818,62.5593443339826,63.1775516348702,1.61089918728915,2.31517966722151,1.86697145771541,2.42107010469436,1.68404712419306,61.0863363298737,9.89816754111349
91.6364064972559,-130110.0987,-193067.5778,-121898.2536,-204016.7046,-124635.5353,82.9094395573574,82.5167917236938,79.2007161342701,82.962368560902,81.1858228440449,63.4112486812938,62.5896899992948,63.0664178452629,62.5959659782902,63.2184637825017,1.5944878946263,2.31509996221566,1.8053106303916,2.39362406083935,1.65753296376825,61.2820275644063,9.76605551184115
91.6819704452357,-130110.0987,-193067.5778,-121898.2536,-204016.7046,-124635.5353,84.273505774777,82.6040134926233,79.7123963278394,84.5185312984792,81.4339459952772,63.5206201061783,62.6202740196925,63.1407805456018,62.7692974881795,63.2592386351767,1.49808705234849,2.30853852512008,1.75766929415986,2.24143579859784,1.63862280290401,61.4566811922869,9.44435347313028
91.6275404199795,-130110.0987,-193067.5778,-121898.2536,-204016.7046,-124635.5353,86.3116185600878,82.9775297096103,80.136088947642,86.699000824744,81.6343036683803,63.65929189179,62.6839930195387,63.2050783727817,62.9768633279519,63.2971412132058,1.37246958223089,2.27329682123834,1.7203592240562,2.05502186559169,1.6241056918795,61.6123173893208,9.04525318499663
91.6297066799204,-130110.0987,-193067.5778,-121898.2536,-204016.7046,-124635.5353,88.1643677140901,83.7406327188538,80.4864345128673,88.5658755118795,81.8327910664352,63.7666266563402,62.7810517117381,63.2569453552184,63.1301230839784,63.3314151230285,1.27428310864545,2.20105699792193,1.69055622883183,1.91657437273236,1.60969054450143,61.7551676248748,8.692161252633
91.6740704277283,-130110.0987,-193067.5778,-121898.2536,-204016.7046,-124635.5353,89.5140015752432,84.7953384062446,80.7815316438612,89.8532687546031,82.0855099604079,63.8364138064345,62.8950738750834,63.2987538914796,63.2260632660876,63.3665786537715,1.21076907998195,2.10651484979014,1.66606363288499,1.83081590276179,1.59098238187399,61.8891787036976,8.40514584729286
91.6357442745113,-130110.0987,-193067.5778,-121898.2536,-204016.7046,-124635.5353,90.3891777792026,85.9601603468228,81.0451429292128,90.6449250447339,82.4359526242276,63.8790483013305,63.0064001081108,63.3339419154891,63.2827309641904,63.4065012997047,1.17274528383374,2.00983333316425,1.64457623130607,1.78163750724744,1.56502094613673,62.0151709442235,8.17381330168824
64.4369439156932,-130110.0987,-193067.5778,-121898.2536,-204016.7046,-124635.5353,90.9143515329619,87.0805505220782,81.3043867274396,91.0931017490091,82.899142255435,63.904376148113,63.103116740343,63.3658601759788,63.3152677752925,63.4521393811636,1.15104248989564,1.92402710269875,1.62373537935209,1.75497885474465,1.53141798296175,62.1328279871975,7.98520180965288
64.4236688743014,-130110.0987,-193067.5778,-121898.2536,-204016.7046,-124635.5353,90.398620821363,88.0524465236964,81.584770534513,90.3558156241974,83.4618081554412,63.8849869582695,63.1773666743771,63.394362692864,63.2736387048117,63.4990601006907,1.17259027862916,1.85459635621977,1.60125163045345,1.80005881357288,1.49185321753739,62.2423001321157,7.92035029641266
64.4891566223463,-128983.7383,-189586.1002,-121079.0824,-200125.6414,-123713.9677,87.2359612359401,88.6656504440165,81.9021717878027,86.6279217643158,84.0856683952742,63.7450298164176,63.2446850919466,63.42711063759,63.0442371694626,63.5506935820496,1.31201639043442,1.78204633587634,1.56598563583021,2.02766225339617,1.43955777269824,62.3450523090527,8.12726838823538
64.4462419919833,-128983.7383,-189586.1002,-121079.0824,-200125.6414,-123713.9677,81.8794758677225,88.543602415219,82.2668760585598,80.5968867699066,84.7205282512233,63.3712602519688,63.2036166463824,63.4268378331917,62.4063379124613,63.56597753339,1.6652327641326,1.78774126289399,1.53564870921341,2.62882376027976,1.39739590780436,62.4449301778648,9.0148424043243
64.4695701806396,-128983.7383,-189586.1002,-121079.0824,-200125.6414,-123713.9677,75.7215515230704,87.3204788884317,82.6748995051433,74.0434922550947,85.2845933690271,62.5874290347572,63.0279372989426,63.3822843952986,61.1472039986499,63.5315400707002,2.34659659040096,1.86482497079254,1.49962460856612,3.70802405297407,1.35894865879879,62.5245130834534,10.7780188815325
64.4766405673562,-128983.7383,-189586.1002,-121079.0824,-200125.6414,-123713.9677,70.2282305528307,84.8280192360246,83.1076620227442,68.8110159216832,85.6762738414476,61.1637102051108,62.6135925832182,63.2559784749316,59.2667693463536,63.4075713726281,3.40012332331924,2.03927559635543,1.457391778014,5.01032183856095,1.32748114291488,62.4755806689532,13.2345936791645
64.4947628383258,-128983.7383,-189586.1002,-121079.0824,-200125.6414,-123713.9677,66.6967373203285,81.2770522952246,83.5376249158248,65.9681830704341,85.7944165387843,59.5783791299287,61.916225789724,63.0868584798012,57.6706877797375,63.2228996485991,4.32971848628676,2.3398452616279,1.4146990760872,5.76315446693911,1.30967195285817,62.02878824409,15.1570892437991
64.4360657848661,-128983.7383,-189586.1002,-121079.0824,-200125.6414,-123713.9677,65.1610614942825,77.2370956418328,83.9307384817724,64.9051536054812,85.5505499733073,58.6411319615487,60.9782982006765,62.9523030140336,56.8714205760033,63.0419717775052,4.7271196558564,2.78626622442711,1.37911525512996,5.95236944936069,1.31333406967719,61.1196011281507,16.1582046544514
64.4400871737585,-128983.7383,-189586.1002,-121079.0824,-200125.6414,-123713.9677,64.6626348443596,73.5569070451389,84.2184768678772,64.5914333539459,84.8718327029985,58.2352836266819,59.8663580683082,62.8351635476742,56.5183706314068,62.8417296104408,4.79520816665757,3.30894971682738,1.35300268714592,5.92337117801361,1.3418585687203,60.1657650136507,16.7223903173648
64.4629440206747,-128983.7383,-189586.1002,-121079.0824,-200125.6414,-123713.9677,64.5288832624671,71.0639594239323,84.2613364440857,64.5126591747616,83.7108257387928,58.0567880165336,58.8850447374846,62.7160205419402,56.3395370951247,62.597086510603,4.76205708937134,3.71965313218801,1.34282924946284,5.85085437156579,1.40009698353532,59.5177248985908,17.0754908261233
64.4793165646153,-128983.7383,-189586.1002,-121079.0824,-200125.6414,-123713.9677,64.5036264512268,69.2310371554007,83.8961542635839,64.5017551100645,82.0602380433674,57.9494665116796,57.9979688049256,62.5522611798734,56.2136078847159,62.2576279545358,4.70243133113315,4.03285520453362,1.35550156050952,5.76965463435926,1.4927972864149,59.1609094840124,17.3532400169505
64.4163019423684,-128983.7383,-189586.1002,-121079.0824,-200125.6414,-123713.9677,64.5064389078183,67.8685167580911,82.9969201796312,64.5078861567599,79.9630141120891,57.8614714200225,57.2043464775672,62.3065650353944,56.101139443792,61.7662254349025,4.63816972853361,4.24799463703519,1.39831724398296,5.68825833365715,1.62453293979289,58.9422117974162,17.5972728830018
64.4268601582663,-128983.7383,-189586.1002,-121079.0824,-200125.6414,-123713.9677,64.5127786215518,66.7806593993304,81.50683073703,64.5146978848213,77.5221808594068,57.7719630863884,56.4475089286139,61.925697808453,55.983378837876,61.034913243072,4.57221932393932,4.38407804942708,1.47752841921085,5.60519971013235,1.79297645264472,58.7547346623584,17.8320019553543
79.5969805447136,-128983.7383,-189586.1002,-121079.0824,-200125.6414,-123713.9677,64.5160861388867,65.8397612478768,79.4568492273722,64.5178520747145,74.9159064002251,57.6762346703613,55.679452176551,61.3402246636938,55.8569078761882,59.9608348295697,4.50601700794371,4.45865749182216,1.59696858985102,5.52130875720469,1.9766727604664,58.557251341801,18.059624607288
79.6044294643953,-128926.6186,-189409.5484,-121037.5408,-199928.3188,-123667.2334,66.6582489815379,65.1708266526667,76.9595661267603,66.8413852378935,72.365242679042,58.8790133998378,55.5123020437836,60.9111880657556,57.2066252743115,59.1357471928995,3.96013696353655,4.68592804623951,1.80216056501997,4.95835882423648,2.23365399978546,58.3504927077265,17.640238398818
79.5904519300584,-128926.6186,-189409.5484,-121037.5408,-199928.3188,-123667.2334,72.8790654930623,65.9064926531666,74.1027720960591,73.2937428455122,69.9817001332009,61.4142192523931,56.6636486841467,60.8226442812683,60.1067463751142,58.9529972449092,2.68706947554762,4.89666941276506,2.17782196658246,3.62270492693816,2.67938268054504,58.3924109202752,16.0636484623783
79.6242797422118,-128926.6186,-189409.5484,-121037.5408,-199928.3188,-123667.2334,76.9597491819557,69.1907788596413,71.7158522597649,77.2897305831943,68.3410785409632,62.3870419275883,58.5482451084684,60.4980262369962,61.2717494104409,58.6355739887205,2.11400928032208,4.252666931413,2.57819599050403,2.98243558720671,3.04467586911158,58.8774869547422,14.9719836585574
79.5835291687779,-128926.6186,-189409.5484,-121037.5408,-199928.3188,-123667.2334,78.7227801275482,72.8096566357208,71.1163636747887,78.9129160284493,68.197477900413,62.7263623900647,60.0579193109646,60.5963650241157,61.6877647446727,58.9467241323456,1.9258585816349,3.54925373675897,2.74921651935988,2.77342104564395,3.19434677958563,59.4059366669587,14.1920966629833
79.6360022566744,-128926.6186,-189409.5484,-121037.5408,-199928.3188,-123667.2334,79.3692352827986,75.5303141495805,71.7417957547792,79.463368356109,69.4323712901078,62.8727225630601,60.9646692122952,61.0486235316333,61.8716162918345,59.8827309431172,1.86747580525235,3.10725350953771,2.70469356244647,2.71562473767715,3.09436946670752,59.803303747883,13.4894170816212
79.630092941051,-128926.6186,-189409.5484,-121037.5408,-199928.3188,-123667.2334,79.5868985268469,77.2532897524929,72.4825341174728,79.6302181055723,71.2399306135039,62.9478785635324,61.4642467111923,61.4376823646828,61.9698608856257,60.8355727901616,1.85148154416978,2.86649109966146,2.61857331555113,2.70507535548997,2.84016716932492,60.1116022168733,12.8817884841973
86.0797263912801,-128926.6186,-189409.5484,-121037.5408,-199928.3188,-123667.2334,79.6605624982529,78.2662316625779,73.0224449645664,79.6820723267314,72.9938379972854,62.9902670248725,61.7366255131394,61.6877106573925,62.0277057934543,61.518569929825,1.84800793869206,2.73806592491601,2.55160405972369,2.70599327337968,2.57511330751036,60.3743673219861,12.4187845042218
86.0930511159617,-128926.6186,-189409.5484,-121037.5408,-199928.3188,-123667.2334,80.3921838714274,78.8706224587843,73.4774774384147,80.516199153978,74.4688675226642,63.0994803162832,61.9119925789579,61.8857543065589,62.1928505045191,61.984603296501,1.7814934649698,2.66879763700124,2.49503492665319,2.60719795266449,2.36698895284817,60.6042959534668,11.9195129341369
86.0257634661163,-128926.6186,-189409.5484,-121037.5408,-199928.3188,-123667.2334,82.1471206910786,79.4706298855235,73.9806530608441,82.4092976938056,75.6546744902977,63.296254712626,62.0815009245103,62.0855567481844,62.4795395106422,62.3177127838616,1.63423995536136,2.60272676403354,2.43140142070925,2.39704850634791,2.21565572116065,60.8039675354204,11.2810723676127
86.0607662201795,-128926.6186,-189409.5484,-121037.5408,-199928.3188,-123667.2334,83.7843947610269,80.3491536080472,74.5728644034965,84.0583034927093,76.6310842977911,63.4504689990622,62.2668112980409,62.2762967900989,62.6939623066431,62.5559991118873,1.51504626975547,2.50294738226553,2.35201846428775,2.23609034646872,2.09946264036543,60.9833261164903,10.7055651031429
86.0609744938066,-128926.6186,-189409.5484,-121037.5408,-199928.3188,-123667.2334,84.8633421089307,81.4268616094521,75.231671082066,85.0767539582696,77.5019627115058,63.5431079617164,62.4495545064032,62.4510410348839,62.818130241422,62.7381879252958,1.44495778810077,2.38490904448652,2.26293648805293,2.14625116505597,2.00152846651162,61.1498946445912,10.2405829522078
86.0699960730382,-128926.6186,-189409.5484,-121037.5408,-199928.3188,-123667.2334,85.4707373027596,82.4976775481402,75.9220333843209,85.6145444286546,78.3394400461641,63.5950574920548,62.6060375279578,62.6066943613846,62.885823414589,62.8881549718217,1.40826884657884,2.27528505966019,2.17206291362579,2.10186033148381,1.91246976323253,61.3060907706865,9.86994691458114
86.1013805149063,-105501.529,-117004.726,-104001.112,-119005.282,-104501.251,85.7326861980548,83.2174599002462,76.5456520856096,85.8192684328362,79.0503264281342,63.9131666225218,63.6210495205763,63.1475368174077,63.7830247168638,63.406541037763,1.15536207444765,1.42669590893663,1.85480736074671,1.29042630824754,1.59618850063264,61.4178513269989,7.32348015301119
86.072865000547,-105501.529,-117004.726,-104001.112,-119005.282,-104501.251,85.8871315746349,83.8189354296971,77.1668006293415,85.9392652283131,79.7436589896267,63.9239469493916,63.6663813777452,63.2329376073864,63.7931605944902,63.4797954859167,1.14780464811394,1.38732383232638,1.78349125295958,1.28402484753983,1.53533201633052,61.5358425810783,7.13797659727025
86.0261286335145,-105501.529,-117004.726,-104001.112,-119005.282,-104501.251,85.9702863632646,84.3034429641672,77.7748773031858,86.0017917241093,80.407021895294,63.9306472560946,63.7013275247419,63.3093655407922,63.7995456713695,63.5438971346545,1.14382296722988,1.35705086211761,1.71794287183114,1.28077801491333,1.48077125093444,61.6609853818414,6.98036596702639
86.0666115215418,-105501.529,-117004.726,-104001.112,-119005.282,-104501.251,86.0091670021704,84.6826948149907,78.3674192425786,86.0283743300646,81.0290212036678,63.9347557053742,63.7279148347148,63.3778502444554,63.8035034162804,63.5993809791171,1.14202118739618,1.33421198145887,1.65788107868248,1.27947418621041,1.43264175420576,61.7888060979345,6.84623018795369
86.126714037114,-105501.529,-117004.726,-104001.112,-119005.282,-104501.251,86.0233899575444,84.9725436353505,78.9417721332879,86.0353916172652,81.6015510643875,63.9373209034771,63.7479481898438,63.4392463097864,63.8060144289844,63.6469645401499,1.14141839086555,1.31725095021481,1.60302412023209,1.27921481493583,1.39075496463072,61.9148541474328,6.731663240879
86.0485984749526,-105501.529,-117004.726,-104001.112,-119005.282,-104501.251,86.0253464133945,85.1895336349393,79.4942617281422,86.0332430550314,82.1200984044679,63.9390048131592,63.7629288623107,63.4941803011534,63.8077052340111,63.6874744371531,1.14140430572578,1.30483195145474,1.55317477182806,1.27943579386193,1.35468668979272,62.0363183864933,6.63353351266323
86.0617320610827,-105501.529,-117004.726,-104001.112,-119005.282,-104501.251,86.022037870542,85.3490307210704,80.0209559007413,86.0276790375707,82.5832438754701,63.9401920673606,63.7740638449894,63.5431652046693,63.8089365943359,63.721764572053,1.14163669219205,1.29585916303372,1.50814652752676,1.27982709636674,1.323885043415,62.1517458414117,6.54935452253424
86.0927869972845,-105501.529,-117004.726,-104001.112,-119005.282,-104501.251,86.0170001653721,85.4643201289898,80.5183874701993,86.0214540231401,82.9919291335931,63.9410908901638,63.7823017041399,63.586677258419,63.8098990443954,63.7506569813998,1.14194369463865,1.28946106265068,1.46771486806476,1.28024123719646,1.29775360740007,62.2605012277299,6.47711446995062
86.1160703279271,-105501.529,-117004.726,-104001.112,-119005.282,-104501.251,86.011689539253,85.5463226339344,80.9839444089932,86.0155439073558,83.3487471644129,63.9418030054281,63.7883744413945,63.6251844115562,63.8106809076905,63.7749081168669,1.14225532431271,1.28496116780462,1.43160702857019,1.28062706923587,1.27570428498062,62.3623921053792,6.41515487490401
86.0622091889327,-105501.529,-117004.726,-104001.112,-119005.282,-104501.251,86.0067847834532,85.603680462876,81.4159859010462,86.0103589770531,83.6573466015807,63.9423877544797,63.792838991196,63.6591490330071,63.811334554936,63.7951950657005,1.14253951137371,1.28184501981826,1.39951293151335,1.28096388766139,1.25718657927704,62.457460308702,6.36204792964377
86.0711876054376,-105501.529,-117004.726,-104001.112,-119005.282,-104501.251,86.0025254109266,85.6430541633164,81.8137946052795,86.0059867784342,83.9219672265761,63.9428791700363,63.7961145630899,63.6890196614827,63.8118903178681,63.8121124905034,1.14278556985697,1.27972700204785,1.3711024217765,1.28124831198107,1.24170117955571,62.5458726952086,6.3165644852181
86.0432981799634,-105501.529,-117004.726,-104001.112,-119005.282,-104501.251,85.9989012178227,85.6694769101213,82.1774507791674,86.0023313411398,84.1470959654918,63.9432957409074,63.7985142058521,63.7152221646552,63.8123646815029,63.8261763977035,1.1429949373471,1.27832134764973,1.34604133327976,1.28148676661917,1.22880415244876,62.6278636363803,6.27764853734452
86.0598793828406,-103836.0388,-111856.8472,-102789.8464,-113251.7704,-103138.5772,85.9952646097642,85.6850380076331,82.5037569786776,85.9984308400774,84.3342895400819,63.9620699038919,63.8543920829749,63.7557714775603,63.8707545993852,63.8559529876924,1.12609538183058,1.22433573630638,1.31008702600255,1.22296415764273,1.20345816424927,62.7014993232201,6.08694046603151
86.0475185614958,-103836.0388,-111856.8472,-102789.8464,-113251.7704,-103138.5772,85.9923776101019,85.6944513217447,82.7985844736863,85.9953570756873,84.4914825632982,63.9623304026526,63.8555184471431,63.7753047264721,63.8710338243231,63.8652796877727,1.12625627042992,1.22387115275648,1.29112818058067,1.22314950052181,1.19483074334833,62.7701271466164,6.05923584763721
86.0673414345007,-103836.0388,-111856.8472,-102789.8464,-113251.7704,-103138.5772,85.9897782830812,85.6996406901194,83.0633488827135,85.9926289293454,84.6225959512875,63.9625448125681,63.8563318599308,63.7923464410429,63.8712649708048,63.8729669327741,1.12640013728782,1.22362596985631,1.27453113261962,1.2233131277532,1.18772346687397,62.8341516703715,6.03559383439091
86.0732961094934,-103836.0388,-111856.8472,-102789.8464,-113251.7704,-103138.5772,85.9873112409471,85.7019644432433,83.2997968806771,85.990076235947,84.7312372510594,63.9627145455768,63.856916077376,63.8071806881389,63.8714490218594,63.8792782977906,1.12653498942264,1.22352853170939,1.26004084449679,1.22346448865749,1.18189477398497,62.8936839891902,6.01546362827128
86.049570574553,-103836.0388,-111856.8472,-102789.8464,-113251.7704,-103138.5772,85.9850238022977,85.7023690309814,83.5098656989846,85.9877367173557,84.8206732839058,63.9628492852489,63.8573317393721,63.8200653982278,63.8715961092735,63.884438827156,1.1266588949265,1.22352915197249,1.24742212686401,1.22360204765563,1.17713724333422,62.9487403408989,5.99834946475285
86.0912750295926,-103836.0388,-111856.8472,-102789.8464,-113251.7704,-103138.5772,85.9829232134321,85.701516600261,83.695583877727,85.9856070539671,84.8938198242731,63.9629557192184,63.8576229955386,63.8312322506092,63.871713063017,63.8886398232881,1.12677181797733,1.22359321263275,1.23646082337607,1.22372635707504,1.17327351220327,62.9993888708706,5.98382572326446
86.1026242992831,-103836.0388,-111856.8472,-102789.8464,-113251.7704,-103138.5772,85.9810396451641,85.6998719072181,83.8590016421719,85.9837102365221,84.9532474746645,63.96304069107,63.8578224073304,63.8408883745692,63.8718070277512,63.8920435438245,1.12687255808246,1.22369651952065,1.22696341260332,1.22383653178958,1.17015254185587,63.0457815837706,5.97152156385189
86.0782257641967,-103836.0388,-111856.8472,-102789.8464,-113251.7704,-103138.5772,85.979397128476,85.6977623473076,84.0021409713268,85.9820657050186,85.0011985950695,63.963109972472,63.8579542345691,63.8492183541241,63.8718841021773,63.8947871931643,1.12696017404964,1.22382210568145,1.21875586163031,1.22393182563509,1.16764621161477,63.0881348244316,5.96111617861126
86.0917444421302,-103836.0388,-111856.8472,-102789.8464,-113251.7704,-103138.5772,85.9781803396424,85.6954225876844,84.1269596662184,85.980860580553,85.0396111481639,63.9631762621751,63.8580371908064,63.8563866428529,63.8719581857895,63.8969867292692,1.12702585554603,1.22395788078327,1.21168220258925,1.22400264161004,1.16564627105578,63.1267005367395,5.95231485158436
82.3436096763322,-103836.0388,-111856.8472,-102789.8464,-113251.7704,-103138.5772,85.9729269042948,85.6930251274755,84.2353258803403,85.9754247569943,85.0701465521527,63.9630321640652,63.8580784316792,63.862531751425,63.8717954583476,63.8987322657183,1.12728748129388,1.22409458216612,1.20560255079775,1.22429464268775,1.16406117138847,63.1617447107591,5.94534042833398
82.3374834431662,-103836.0388,-111856.8472,-102789.8464,-113251.7704,-103138.5772,85.868687254266,85.6893082731788,84.3290002777707,85.8672045951517,85.0942137259586,63.9581719523139,63.8578642488081,63.8676266867721,63.8663581010469,63.8999515160237,1.13240051469928,1.2242909778379,1.20038336915479,1.23001426065766,1.16280628549858,63.1935687165295,5.94989540784822
82.3603376701788,-103836.0388,-111856.8472,-102789.8464,-113251.7704,-103138.5772,85.5500698004741,85.6735783206051,84.4096229677437,85.5387120899822,85.1128672756981,63.9428397249732,63.856648687302,63.8715779699345,63.8493205649013,63.9004999609425,1.14829521037909,1.22510547549324,1.19590216942838,1.2476769992831,1.16181381118524,63.2225488122778,5.97879366576904
82.3513800186566,-102800.8695,-108657.233,-102036.996,-109675.731,-102291.6205,85.0556330578602,85.6232348589847,84.4777910270583,85.0357450105022,85.1256399915157,63.9299575461616,63.886914602904,63.8844842163219,63.8596117168389,63.9112145089516,1.16276170717924,1.19447524831079,1.18395749765106,1.23756612548415,1.15216140048296,63.2482565923226,5.93092197910822
82.3650205323161,-102800.8695,-108657.233,-102036.996,-109675.731,-102291.6205,84.4847198072513,85.5161760551447,84.5358330110303,84.4590538651872,85.1316443793307,63.9002880870667,63.8805655444247,63.8865423344232,63.8278811008433,63.9105111334243,1.19333517957702,1.20003530856597,1.18074758023631,1.27025572090924,1.15179721512504,63.2718752092161,5.99617100441358
82.381516230584,-102800.8695,-108657.233,-102036.996,-109675.731,-102291.6205,83.9324106764863,85.3397267473339,84.5846893715768,83.9048498904783,85.1272155628204,63.8700132141959,63.8705047533733,63.8879676625618,63.7957158734831,63.9091443977272,1.22438639596631,1.20933569658689,1.17804164073869,1.303231914951,1.15196343646183,63.2933361786947,6.06695908470472
83.5993285165939,-102800.8695,-108657.233,-102036.996,-109675.731,-102291.6205,83.4579462547101,85.0954306437968,84.6247709389947,83.432027001362,85.1070390068849,63.8426439492083,63.856749385509,63.8888950512072,63.7668436695321,63.9069461781347,1.25229405801244,1.22246274236605,1.17581722286251,1.3326529832324,1.15294033718972,63.3122206303552,6.13616734366311
83.6364440105953,-102800.8695,-108657.233,-102036.996,-109675.731,-102291.6205,83.0921581615531,84.7968816850376,84.6558038669115,83.0704302300563,85.065224023703,63.8205662112941,63.8398775064792,63.889399166711,63.7437481490994,63.9036905489294,1.27462882084152,1.23889351331087,1.17408864711977,1.3559940150719,1.15504116011111,63.3281168906458,6.19864615645517
83.6503980546453,-102800.8695,-108657.233,-102036.996,-109675.731,-102291.6205,82.8839527061758,84.46588205559,84.6767725383991,82.8688093089838,84.9965670590012,63.8074600011043,63.8209989825708,63.8895734981097,63.7303118317399,63.8992355833026,1.28766471400516,1.25762381135385,1.17291415513673,1.3693272036708,1.15855610471813,63.3408749170523,6.24608598888466
83.6540698110577,-102800.8695,-108657.233,-102036.996,-109675.731,-102291.6205,82.8417790006141,84.1306441489364,84.6860026040641,82.8341988169744,84.8976858453677,63.8044440694604,63.8016196580792,63.8894015242774,63.7276113251611,63.8934458127722,1.2903133034183,1.27716391639558,1.1723838865043,1.37161412231273,1.16369086129759,63.3507019788393,6.27516608992852
83.6724838547878,-102800.8695,-108657.233,-102036.996,-109675.731,-102291.6205,82.9145523185318,83.8207082279785,84.6813850890189,82.9134148061572,84.7679288789342,63.8085306578961,63.7833597232767,63.8887076822095,63.7323375199135,63.8861774521729,1.2856745878137,1.29575510098816,1.17260512068615,1.36628745309159,1.17051686302079,63.3581801330475,6.2908391256004
83.6410229309023,-102800.8695,-108657.233,-102036.996,-109675.731,-102291.6205,83.0398892877713,83.5591472047021,84.6607173511972,83.0430189465291,84.6098687143693,63.8158060958463,63.7675981111782,63.8872746621401,63.7402844832472,63.8774090020917,1.27777882971373,1.31184761801898,1.17369086891137,1.35767630657854,1.17894560093889,63.3641195892934,6.29993922416151
83.6384565865575,-102800.8695,-108657.233,-102036.996,-109675.731,-102291.6205,83.172361744813,83.35793616815,84.6221091611285,83.1776475154833,84.42915018087,63.8234432214654,63.7551766693906,63.8849255966589,63.7484751133462,63.8673082468049,1.26953485765403,1.32448171579557,1.17574307640188,1.34884104636862,1.1887282400483,63.3693008358856,6.3073289362684
73.63578359757,-102800.8695,-108657.233,-102036.996,-109675.731,-102291.6205,83.2869149832713,83.2180375630071,84.5643746468817,83.2928039432306,84.2337060605985,63.8299433667133,63.7463067798006,63.8815490144621,63.7553669585931,63.8562130904244,1.26248457403275,1.33339438719218,1.17883312625247,1.34136659038653,1.1994823018812,63.3742672848099,6.31556097974514
73.6206536899342,-102800.8695,-108657.233,-102036.996,-109675.731,-102291.6205,83.2047813453864,83.1309202704121,84.4873254576967,83.206079916555,84.032583459881,63.8246675699049,63.7401913164852,63.8767400443435,63.7495124098239,63.8441965502532,1.26749134746435,1.33896444001332,1.18296494306287,1.34694186032086,1.21071793818138,63.3792868461982,6.34708052904279
73.5990178301625,-102877.0291,-108892.6354,-102092.3848,-109938.8278,-102353.9329,82.482897630621,83.0621831596802,84.3918845994548,82.4665565062988,83.8344213940806,63.7782787869173,63.7307943225723,63.8686686117754,63.6973407750913,63.8297237746511,1.31423820824622,1.34598428672367,1.18864582881665,1.39961798234187,1.22257942119775,63.384533240022,6.47106572732616
73.6001077101543,-102877.0291,-108892.6354,-102092.3848,-109938.8278,-102353.9329,81.0975571841979,82.9310746185144,84.2800653213657,81.0560241804251,83.6450535603524,63.6816955844465,63.7179175156159,63.8583053336397,63.5933289269053,63.814198591977,1.41149058944224,1.35426705126807,1.19455106182426,1.50433432356651,1.23329688386106,63.3895919074336,6.69793990996215
73.6316331140155,-102877.0291,-108892.6354,-102092.3848,-109938.8278,-102353.9329,79.364281393852,82.6403350207764,84.1545939010661,79.3015164973561,83.4631850709999,63.5392244721486,63.6920143511754,63.8447877674287,63.4407074580228,63.7964657959421,1.55337986313111,1.37319533846798,1.20113579209676,1.65626682640874,1.24358980746809,63.392642017602,7.02756762757269
73.5638577470518,-102877.0291,-108892.6354,-102092.3848,-109938.8278,-102353.9329,77.6450864594277,82.1227297580174,84.0181616165535,77.5736903661532,83.2775177508447,63.3672909211202,63.6475988197753,63.8284182035823,63.2579608093887,63.7760358138318,1.72171710185394,1.40836596515989,1.20827860853275,1.83502571403627,1.25412682563262,63.3896719476526,7.42751421521548
73.622326340618,-102877.0291,-108892.6354,-102092.3848,-109938.8278,-102353.9329,76.1988961481938,81.3657291455659,83.8723581347735,76.1331285470521,83.0673982541571,63.1915968319852,63.581779847938,63.8099711063455,63.0732744131245,63.7523181372912,1.88988691329993,1.46310277766949,1.21594878232044,2.01148738588181,1.26622988301467,63.3746841756894,7.84665574218632
73.6344906193759,-102877.0291,-108892.6354,-102092.3848,-109938.8278,-102353.9329,75.1368090772819,80.4107877057792,83.7165212139738,75.0859601633799,82.8069328365658,63.0388526277294,63.4945137152264,63.7904190326364,62.9148401660455,63.7245704202997,2.03194025847125,1.53814874539299,1.22426528056783,2.15836602199346,1.28167210659149,63.3418710469274,8.23439241301703
73.6776479500467,-102877.0291,-108892.6354,-102092.3848,-109938.8278,-102353.9329,74.4433174471604,79.3362808800842,83.5468158349283,74.4094372218924,82.4706556534138,62.924605985952,63.3882868016705,63.7702910627515,62.7979154422954,63.6915579907713,2.13412106361581,1.63153720068855,1.23352486641024,2.26238492684149,1.30236990488906,63.2894231324468,8.56393796244515
73.6030189180245,-102877.0291,-108892.6354,-102092.3848,-109938.8278,-102353.9329,74.0339795140877,78.2341776102473,83.35579471349,74.0140868376011,82.0387668537169,62.8489103224925,63.2678139917582,63.7492659693283,62.7212980535159,63.6514214042486,2.19778030282993,1.73854827255089,1.24421999406307,2.32623954579522,1.33011759114502,63.2219791699495,8.83690570638413
73.5983350562315,-102877.0291,-108892.6354,-102092.3848,-109938.8278,-102353.9329,73.8125990059148,77.1887955332007,83.1326278249187,73.8021441606505,81.5008221104795,62.8024740779368,63.1398511576421,63.7263314480952,62.6746093174652,63.6020343026857,2.23270171009697,1.8520783426661,1.25705774064094,2.36078630371039,1.36642391090577,63.1489659564427,9.06904800802017
73.6342873372541,-102877.0291,-108892.6354,-102092.3848,-109938.8278,-102353.9329,73.7015795292479,76.2626068184176,82.8642222436219,73.6966382512025,80.8576253638042,62.7744676741968,63.0125077630997,63.7001529055032,62.6464595525449,63.5414946644236,2.24966350497404,1.96373970539108,1.27294650458894,2.37731285332454,1.41240165377551,63.0800531337775,9.27606422205412
73.6384221215645,-102877.0291,-108892.6354,-102092.3848,-109938.8278,-102353.9329,73.6500317586763,75.490403447406,82.5374351797763,73.6479810408118,80.1215340230665,62.7567569859368,62.8937581824025,63.6693534380408,62.6285346669881,63.4684859937241,2.25665149075235,2.06560914179125,1.2929154861407,2.38394298231302,1.46863995069879,63.0213115730811,9.46775905169611
73.6147357408496,-102877.0291,-108892.6354,-102092.3848,-109938.8278,-102353.9329,73.6284726400494,74.8808730667279,82.142220160096,73.6278174961466,79.3154524587434,62.7443588431317,62.7896655927769,63.6326667140195,62.6158312869273,63.3825069732758,2.25855087641948,2.15195592924438,1.31795913654683,2.38555800495452,1.53501633825996,62.9741347524276,9.64904028542517
73.593124314123,-103028.3462,-109360.3428,-102202.4336,-110461.5596,-102477.7378,73.6210238018289,74.4221994458623,81.6742102571577,73.6210259116895,78.4698688407711,62.7306480980462,62.6933439957693,63.5865143382956,62.5949985626661,63.2807915569815,2.26057231061999,2.22796706525245,1.35015157247029,2.39384839722803,1.61213971000622,62.9363583772032,9.84467905557699
73.6017292851357,-103028.3462,-109360.3428,-102202.4336,-110461.5596,-102477.7378,73.6194204287842,74.0932008251285,81.1380987852013,73.6197218735857,77.6220168798017,62.7218622042695,62.6243591666003,63.5351923276828,62.5857611880207,63.171566605957,2.25908237983432,2.2784780219267,1.3873351623013,2.39212723784509,1.69454336602038,62.9041954268703,10.0115661679278
73.570250342155,-103028.3462,-109360.3428,-102202.4336,-110461.5596,-102477.7378,73.6202695531592,73.8668640073735,80.5464210182625,73.6207186419344,76.8092402324493,62.7136276826076,62.5712061253347,63.4762667014884,62.5770451624883,63.0553709053057,2.25720089285142,2.3134113947861,1.43063329329241,2.39002338727023,1.78036551497731,62.8746504385902,10.1716344831775
73.5744901270811,-103028.3462,-109360.3428,-102202.4336,-110461.5596,-102477.7378,73.6224400423316,73.717220877646,79.9167227627065,73.6229822170567,76.0648417331317,62.7058338184887,62.5309206709917,63.4102465082615,62.5687622142714,62.9372308801723,2.25514058704899,2.33602738824846,1.47948785136016,2.38774313254138,1.86529863825379,62.8460401438202,10.3236975974528
73.5913360249047,-103028.3462,-109360.3428,-102202.4336,-110461.5596,-102477.7378,73.6249649066482,73.6221881137534,79.2675443052062,73.6255748685281,75.4135865459421,62.6984292752847,62.5005053068735,63.3380287710469,62.5608751943465,62.8229613947542,2.25309124490978,2.34959979615217,1.53307431320478,2.38548163750357,1.94485296428992,62.817625422826,10.4660999560602
73.6597713328598,-103028.3462,-109360.3428,-102202.4336,-110461.5596,-102477.7378,73.626831996992,73.5643767525394,78.6150516347543,73.6274878233165,74.8688454267739,62.691350531207,62.477366138204,63.2606597751887,62.5533292693472,62.7180377321203,2.2512480904701,2.3569476538722,1.59049810051592,2.38344410264845,2.01524995398659,62.7892946939681,10.5973879014933
73.6231419606565,-103028.3462,-109360.3428,-102202.4336,-110461.5596,-102477.7378,73.6281065750665,73.5308212890462,77.9716542065517,73.6287996738865,74.432259194531,62.6847008578252,62.4594473403499,63.1791681149828,62.5462425555401,62.6264768224639,2.24961793470143,2.36027649115683,1.65091458839601,2.38163788513728,2.07414586139481,62.761197940449,10.7165927607864
73.5610487824773,-103028.3462,-109360.3428,-102202.4336,-110461.5596,-102477.7378,73.6291853366675,73.5124147400204,77.3466964821732,73.6299130734894,74.0958540797548,62.6785896638859,62.4452077416735,63.0945406035008,62.5397347848014,62.5501834027273,2.24814087779815,2.36116516658784,1.71350434945504,2.38000122362093,2.12087416422438,62.7334582552747,10.8236857816863
73.5914004265467,-103028.3462,-109360.3428,-102202.4336,-110461.5596,-102477.7378,73.6304126548154,73.5031385816105,76.7481772123971,73.6311739472131,73.8456045064375,62.673069478298,62.4335518337547,63.0078773473859,62.5338624126003,62.4890240485079,2.24675647842986,2.36065756122067,1.77733610817352,2.37847138155278,2.15618730816574,62.7060621873699,10.9194088375426
73.604766763209,-103028.3462,-109360.3428,-102202.4336,-110461.5596,-102477.7378,73.6318157303983,73.4992335553472,76.1841479151425,73.6326030651898,73.6651063597188,62.668112097539,62.423746491409,62.920603843165,62.5285941332843,62.4414320378982,2.24545305059466,2.3593999528019,1.84122214656126,2.3770368034748,2.18171999163806,62.6788922195933,11.0048319450707
73.5949440066254,-103028.3462,-109360.3428,-102202.4336,-110461.5596,-102477.7378,73.6330952318958,73.4984049964208,75.6629856326231,73.6338968592619,73.5383922625658,62.6636321427231,62.415329104197,62.8345835894107,62.5238384715953,62.4051610097385,2.24427408781012,2.35778441923765,1.90367677945809,2.37574250073727,2.19944363783265,62.6518214237589,11.0809214250758
73.6205257754154,-103028.3462,-109360.3428,-102202.4336,-110461.5596,-102477.7378,73.634024277428,73.4992318715749,75.1925617173936,73.6348277881139,73.4515589644257,62.6595770138669,62.4080316561102,62.7520346327028,62.5195384726651,62.3778931980268,2.24325482431918,2.35605733809389,1.96303025755787,2.37462446079267,2.21127449248578,62.6247943083512,11.1482413732494
73.5876736370385,-103321.9615,-110267.881,-102415.972,-111475.867,-102717.9685,73.6346529893559,73.5009789473347,74.7781938996429,73.6354896222887,73.3933884908017,62.6477465550134,62.3800412807158,62.6666345903024,62.4939941261198,62.347307519303,2.24709665894397,2.36925693244159,2.02056194165115,2.39079262438596,2.22199325775172,62.5975766546538,11.2497014151744
88.8753588596671,-103321.9615,-110267.881,-102415.972,-111475.867,-102717.9685,73.8002678147186,73.5040128341811,74.4237720499561,73.8060958918649,73.3553182393803,62.6770380535287,62.378911463266,62.6014094296567,62.5254118178757,62.3369144113437,2.21955684372198,2.36837020926133,2.06998859538316,2.36129343594412,2.22757468561791,62.5693477554879,11.2467837699285
88.8689920733246,-103321.9615,-110267.881,-102415.972,-111475.867,-102717.9685,76.1672643701646,73.6294737188182,74.1287141211533,76.2218770479138,73.3329594872444,63.0695779834621,62.4480610392952,62.593148966675,62.9430445560275,62.3836475289566,1.88496197052068,2.35644273376482,2.1214526957965,2.00597494344067,2.2416310300367,62.5429737094782,10.6104633735594
88.8953883271218,-103321.9615,-110267.881,-102415.972,-111475.867,-102717.9685,80.0691896733335,74.3750012589767,73.8906874954004,80.1656544799985,73.3539453046232,63.5138409041786,62.6376007671491,62.60800682833,63.4132242396437,62.4529699229676,1.49127880571984,2.24482062107646,2.16900189916111,1.59003827353384,2.25157076169104,62.5345207551916,9.74671036118231
88.8763221850569,-103321.9615,-110267.881,-102415.972,-111475.867,-102717.9685,83.4116701201532,75.9641363809329,73.7140500709421,83.5224468579128,73.5257176839159,63.7719260753617,62.9230723933088,62.6208891467195,63.6859943458682,62.5378514840219,1.25707548349074,2.02041479797141,2.20605794522172,1.34283109546407,2.2337655916748,62.5554159436491,9.06014491382274
88.8876415345944,-103321.9615,-110267.881,-102415.972,-111475.867,-102717.9685,85.6711491082381,78.0554506426117,73.6229332443617,85.7787197247035,73.981772246926,63.9074345834543,63.2101492045192,62.6398487259659,63.8290161587956,62.6651068663555,1.1343946233363,1.77486181548855,2.22816784788601,1.21354738012235,2.16886482173359,62.5943737264778,8.51983648856681
88.9065393583368,-103321.9615,-110267.881,-102415.972,-111475.867,-102717.9685,87.0469813399408,80.200003685846,73.6690717119193,87.1394576833499,74.766091147612,63.9800583500778,63.4396181581262,62.6779883294121,63.9053013853642,62.8347721632633,1.07030490159396,1.57206161029593,2.22654627781757,1.14645889935668,2.05713362248103,62.6364565686667,8.07250531154515
88.8682462038737,-103321.9615,-110267.881,-102415.972,-111475.867,-102717.9685,87.8417890793621,82.1141156171083,73.9111417732061,87.9138539206561,75.8081419994608,64.0205882475817,63.6057170652433,62.7470327129218,63.9475414163898,63.0215411096958,1.03641461717593,1.42358932827458,2.19203840291766,1.11143528033893,1.91953417916531,62.6745909931724,7.68301180787242
88.9211685263734,-103321.9615,-110267.881,-102415.972,-111475.867,-102717.9685,88.2876253423015,83.6879550668439,74.3752051466151,88.3399913234425,76.9880688082853,64.04422026764,63.7220354738104,62.8483717558477,63.9719692274967,63.199027675025,1.01836522818094,1.31966667195641,2.12305973070673,1.09311314443127,1.77998725263404,62.7079431200134,7.33419202790939
88.9094128187669,-103321.9615,-110267.881,-102415.972,-111475.867,-102717.9685,88.5330749661236,84.9191171531352,75.0371539732615,88.5695334244856,78.1991722980578,64.058615196477,63.8030847485804,62.9714921149134,63.9867634264756,63.3532161749859,1.00875120321797,1.24778927011896,2.02824810456395,1.0835640271225,1.65326619853778,62.7379806338112,7.02161880356116
88.8881206294802,-103321.9615,-110267.881,-102415.972,-111475.867,-102717.9685,88.6662298597351,85.853943573734,75.8394400553798,88.6911253886107,79.3697558968767,64.0677517461022,63.8598791815817,63.1013370645755,63.996135727131,63.4809550443541,1.00366537420288,1.19797588076941,1.9211774164623,1.07864006513108,1.54475581077932,62.7662738083276,6.74621454734499
88.8872345012282,-103321.9615,-110267.881,-102415.972,-111475.867,-102717.9685,88.7369252447115,86.5517868150897,76.7182661873934,88.7539189874861,80.4597242335677,64.0737576301504,63.9000514779744,63.2258380718388,64.0023072747985,63.5845328764103,1.00103284081663,1.16319382465658,1.81376958875858,1.07617255660227,1.45446157757729,62.7938521491256,6.50863038841135
88.8937333647693,-103408.1421,-110534.2574,-102478.6488,-111773.5818,-102788.4799,88.773036380182,87.0684992477666,77.621163804925,88.7848466222843,81.4513225687322,64.0769694411538,63.926106585314,63.3372411973972,64.0037948586141,63.6668881908505,1.00053314309954,1.14128255111369,1.71431426804596,1.07776473952724,1.38104847888481,62.8212918045854,6.31494318067124
88.8783569795489,-103408.1421,-110534.2574,-102478.6488,-111773.5818,-102788.4799,88.7899605466183,87.4486091145122,78.5104924580879,88.7984354682091,82.3386131882899,64.0798117862447,63.946895939118,63.4357477587279,64.0067529317071,63.7341772002001,0.999962959200289,1.12383334523593,1.62438122954008,1.07730258968747,1.32017794364332,62.8487173808134,6.14565806730708
88.8817271762267,-103408.1421,-110534.2574,-102478.6488,-111773.5818,-102788.4799,88.7962775270691,87.7273102268121,79.3630195264395,88.8026348084377,83.1238072299268,64.0818388776077,63.9620283983207,63.5203706668122,64.0088775082682,63.7885976302653,0.99978938737664,1.11136948121584,1.54564634656209,1.07721244004838,1.27028186163704,62.8761581344697,6.00429951683999
88.882770502585,-103408.1421,-110534.2574,-102478.6488,-111773.5818,-102788.4799,88.7968624737428,87.9310453056115,80.1656299585567,88.8018892347104,83.8129901638125,64.0833185670709,63.9731243603697,63.5925084950655,64.0104398020716,63.8328391005709,0.99982558430366,1.10243326192811,1.47752083900981,1.07731271912327,1.22927829562743,62.9035805205647,5.88637069999228
88.8803212064391,-103408.1421,-110534.2574,-102478.6488,-111773.5818,-102788.4799,88.7945013136025,88.079433962677,80.9119685321406,88.7986993193496,84.4140464157919,64.0844235466722,63.9813078595226,63.6538711504203,64.0116148626483,63.8689945159898,0.999965832150114,1.09601920180928,1.41887786284517,1.07750243260507,1.19547841325419,62.9309315351633,5.78784374266382
88.8422428179637,-103408.1421,-110534.2574,-102478.6488,-111773.5818,-102788.4799,88.7906766830751,88.1869716701847,81.5999464048363,88.7943586597635,84.9354784230831,64.0852631142901,63.9873693135437,63.7061134638382,64.0125134464495,63.898681935114,1.00015461825429,1.09142326173101,1.36846769557375,1.07773023232887,1.16753356716869,62.9581563133102,5.70530937505661
88.8963126472499,-103408.1421,-110534.2574,-102478.6488,-111773.5818,-102788.4799,88.7862472916279,88.2643591937911,82.2300603208475,88.7896087241822,85.3857516164677,64.0859113702847,63.9918718012128,63.7506965587062,64.0132112191554,63.9231556902795,1.00036022001432,1.08814595346147,1.32510689463865,1.07796719817175,1.14437070566246,62.9852033599072,5.63595097194865
88.887829718537,-103408.1421,-110534.2574,-102478.6488,-111773.5818,-102788.4799,88.7817689685702,88.3195074615436,82.804313812187,88.7849346725151,85.7729441363743,64.0864217846688,63.9952213257624,63.7888569294377,64.0137633901776,63.9433950838896,1.00056230401207,1.08582873878573,1.28774882879432,1.07819462773352,1.12513391762459,63.0120237885652,5.57746841695023
88.873922561563,-103408.1421,-110534.2574,-102478.6488,-111773.5818,-102788.4799,88.7775311303627,88.3582819151071,83.3255433315225,88.780579427321,86.1045721857105,64.0868307055205,63.9977138353095,63.8216203826628,64.0142076233792,63.9601715924851,1.00075060859115,1.08421153604305,1.2554977987739,1.0784035712099,1.10913663894403,63.0385685719822,5.52800015356203
85.1097326257587,-103408.1421,-110534.2574,-102478.6488,-111773.5818,-102788.4799,88.7702638923109,88.3850352202691,83.7970043541326,88.7730885254455,86.3875162329442,64.0870360892705,63.999563277318,63.8498272003463,64.0144277189199,63.9740952928261,1.00105357669871,1.08310427612263,1.22759887982953,1.0787394361913,1.09582406501088,63.0647863540538,5.48632023385304
85.1589262373661,-103408.1421,-110534.2574,-102478.6488,-111773.5818,-102788.4799,88.68568684354,88.4020478346782,84.2221198225355,88.6853135192724,86.6280006366555,64.0842707536228,64.0008152131055,63.874084254168,64.0113447683353,63.9855791798223,1.0043825683201,1.08240470251196,1.20341505436604,1.08244215062763,1.08474113920302,63.0906439293897,5.45738561502874
85.1120165762649,-103408.1421,-110534.2574,-102478.6488,-111773.5818,-102788.4799,88.4240950272645,88.4041507754125,84.6043273706916,88.4155119830934,86.8315284888989,64.0746849160802,64.0011764695449,63.8948459665692,64.000744423555,63.9949089502996,1.0147774982587,1.08232744933588,1.18241166217107,1.09393397803817,1.07551671576812,63.1161747815009,5.44896730357192
85.1245764693853,-107874.5018,-124339.3692,-105726.9104,-127202.8244,-106442.7742,87.9686666866992,88.3767130033681,84.9576851004582,87.9384254812759,87.0101355330514,64.0125371295628,63.8712439571685,63.8720263994409,63.8385674374313,63.9606996736978,1.07598616583551,1.21241186519135,1.19812714102625,1.26120826372409,1.10346972493166,63.1444084648483,5.85120316070886
85.184821849549,-107874.5018,-124339.3692,-105726.9104,-127202.8244,-106442.7742,87.4157301929795,88.2938652765492,85.2720226911606,87.3656946340975,87.1570851692292,63.9892873043911,63.8671309817389,63.88798621321,63.81067513371,63.9669284305563,1.10031489257801,1.2163198352718,1.1814093191505,1.29038059675452,1.09677372749859,63.1708584706294,5.88519837125343
85.1675416334654,-107874.5018,-124339.3692,-105726.9104,-127202.8244,-106442.7742,86.8614367493018,88.1424243207781,85.5513166243636,86.8004105154942,87.273143951743,63.9648211022402,63.8596766920398,63.9015730402503,63.7817607144241,63.971544136658,1.12577615782924,1.22353210962542,1.16690989331825,1.32044843560117,1.09152825769006,63.1947709056289,5.92819485406415
85.1588580758989,-107874.5018,-124339.3692,-105726.9104,-127202.8244,-106442.7742,86.3711209542338,87.9222002730369,85.7984013526198,86.308850631874,87.3570831186241,63.9421545401954,63.8488650808068,63.9131745777108,63.7554275858806,63.9746325966417,1.14924885590396,1.23417553888757,1.15435404147007,1.34768633823299,1.08775402405489,63.2160421685757,5.97321879854947
85.1409773182283,-107874.5018,-124339.3692,-105726.9104,-127202.8244,-106442.7742,85.9743116228336,87.6447162212974,86.0151974621152,85.9181273278331,87.4065498282189,63.923042685878,63.8351464514998,63.9230609913968,63.7336296637534,63.9761841295448,1.16893336452141,1.24784789145497,1.14354263606826,1.3700981910755,1.08552956341565,63.2349003498052,6.01595164653579
85.1271487220464,-107874.5018,-124339.3692,-105726.9104,-127202.8244,-106442.7742,85.6739807565723,87.3287084928772,86.2028306631597,85.6278297023849,87.4191655302351,63.9080605571143,63.8192868356111,63.9314047943365,63.7168645986172,63.9761434425332,1.18425794794028,1.26377934203707,1.13433689090693,1.38720225127134,1.08494350909192,63.2516306199927,6.05451994124755
85.0783450542289,-107874.5018,-124339.3692,-105726.9104,-127202.8244,-106442.7742,85.4582903340275,86.9951772569372,86.3617528715679,85.4232224891342,87.393484358681,63.896966226403,63.8021981484287,63.9383047943057,63.7046836370036,63.9744591790339,1.1954954093625,1.28102221343321,1.12664653041129,1.399492863052,1.08605522443586,63.2665084312239,6.08871224069486
85.1041471830436,-107874.5018,-124339.3692,-105726.9104,-127202.8244,-106442.7742,85.3097572895983,86.6635189303221,86.4919168658476,85.2849441052763,87.3296147085937,63.8891007634116,63.7847908849953,63.9438103549061,63.6962034300627,63.9711203463965,1.20334612335202,1.29861771051387,1.12041780376752,1.40790704639716,1.08886961005128,63.2798087759022,6.11915829408185
85.1313372438668,-107874.5018,-124339.3692,-105726.9104,-127202.8244,-106442.7742,85.211145154219,86.3492230145491,86.5930047937304,85.1948691812158,87.229461523485,63.8837091440519,63.7678659070256,63.9479433368539,63.6904877380118,63.9661764170074,1.20860585295645,1.31571903726694,1.11562072923558,1.41343010491845,1.09332600839202,63.2918065403449,6.14670173276945
85.1477646474964,-107874.5018,-124339.3692,-105726.9104,-127202.8244,-106442.7742,85.1477999800747,86.0630080126583,86.6646834613924,85.1381283497092,87.0966450341468,63.8801004202812,63.7520482883569,63.9507147288297,63.6867182743167,63.9597416637462,1.21200057006506,1.33166487685111,1.11223627511152,1.41692038018243,1.09929813166309,63.3027550485672,6.1721202338732
78.8293696149462,-107874.5018,-124339.3692,-105726.9104,-127202.8244,-106442.7742,85.1076912930287,85.8109690095645,86.7068500346865,85.1027969622567,86.9361929971051,63.8776810834572,63.7377596417131,63.9521363288856,63.6842124160165,63.9519884566907,1.21415221829808,1.34600822828075,1.11024468612254,1.41909191309328,1.10660147506207,63.3128600957853,6.19609852085672
78.8563280501896,-107874.5018,-124339.3692,-105726.9104,-127202.8244,-106442.7742,84.9839532379185,85.5944567808492,86.7198346129352,84.9749447132786,86.7541040549122,63.8707789164577,63.7249603071572,63.9520459735314,63.6760210208744,63.9429484533441,1.22087108257526,1.35854620473007,1.10960710221907,1.4270646046924,1.11499632424595,63.3222827311338,6.23108531846274
78.8645458984773,-158402.388,-280516.472,-142474.464,-301753.704,-147783.772,84.0334059442517,85.294931716628,86.711460159261,83.8057778170641,86.5090422560978,63.1352326921054,61.8974058086251,63.3952146233156,61.6124510179512,63.3110545832278,1.81116466584098,2.8647911677096,1.46010117138588,3.24888799356537,1.5222324353808,63.3233971117747,10.9071774338826
78.8392869123951,-158402.388,-280516.472,-142474.464,-301753.704,-147783.772,82.3646275467603,84.8447391974753,86.6468290633532,81.9241413782671,86.2441362136221,62.9614988322425,61.7964772208712,63.3640593272034,61.2976556888465,63.262776307263,1.95071802758234,2.90820304088623,1.46220049440667,3.49568191404962,1.53658136050667,63.187803425014,11.3533848374315
78.815201884005,-158402.388,-280516.472,-142474.464,-301753.704,-147783.772,80.8216910447326,84.0795173450101,86.5302778496793,80.3864971390698,85.9501527869406,62.7718583749074,61.6429391291347,63.3239759666333,60.9932422923538,63.2058416486947,2.09697417517815,2.98748877491824,1.46701863963197,3.71797480850002,1.5525961220178,62.9489945768759,11.8220525202462
78.8547894013059,-158402.388,-280516.472,-142474.464,-301753.704,-147783.772,79.8008150545711,83.0476092790923,86.3640742182367,79.503155006191,85.597949114461,62.6242768135,61.4470150218747,63.2813764075247,60.785860113319,63.1446134389957,2.20358913092316,3.10311025564057,1.47487428456287,3.85224645909541,1.57271640087726,62.6816235411424,12.2065365310993
78.8423929226336,-158402.388,-280516.472,-142474.464,-301753.704,-147783.772,79.2587594808772,81.938328440229,86.1422545183468,79.1000858713426,85.1547642256889,62.5320065450078,61.2323471360371,63.2375895867347,60.6693759993672,63.0777835067801,2.2628440271718,3.23718178736754,1.48633815517504,3.91214627519837,1.59952711472731,62.4290077201881,12.4980373596401
78.8308199604457,-158402.388,-280516.472,-142474.464,-301753.704,-147783.772,79.0138856291977,80.9384181076571,85.8495231747501,78.9450101369275,84.6029715754283,62.4799124062699,61.0258320926935,63.1906184235651,60.606083165055,63.0018676658518,2.2892279105922,3.36616376783673,1.50245909028654,3.93172583573185,1.63476502955718,62.2146817321475,12.7243416340045
78.8208796596281,-158402.388,-280516.472,-142474.464,-301753.704,-147783.772,78.9170047128889,80.1518063263611,85.4672926380595,78.8938874319713,83.9491730568939,62.4499160114615,60.8482792056972,63.137741779214,60.5676738523456,62.9147826655092,2.29852608807708,3.47237192190386,1.52461989202388,3.93445338076123,1.67880925542154,62.0453552912565,12.9087805381876
78.8470381750249,-158402.388,-280516.472,-142474.464,-301753.704,-147783.772,78.8830718668311,79.5957189757706,84.9848824719551,78.879802987584,83.2224713080462,62.4303800744833,60.7084786329977,63.0766660581837,60.5398517652734,62.8167469935094,2.30053741069378,3.54890520536799,1.55394107746511,3.93150625652679,1.73053054755083,61.9136004778197,13.0654204976045
78.8854846638226,-158402.388,-280516.472,-142474.464,-301753.704,-147783.772,78.8731285330517,79.2345986138128,84.4096372504315,78.877492750822,82.4660376195674,62.4155567243633,60.6043038002722,63.0063081695334,60.5167083034702,62.7101166232181,2.29985525294372,3.59785103984431,1.59059729870426,3.92704533848553,1.78745041943285,61.8068993907785,13.2027993494107
78.8225436102192,-158402.388,-280516.472,-142474.464,-301753.704,-147783.772,78.8722134395985,79.0157437299271,83.7695602011773,78.879357641542,81.7265040217499,62.4030803525162,60.5281899851897,62.9274985157616,60.4961970053817,62.5990579423772,2.29824076196205,3.62562978818025,1.63343137225131,3.92226529496132,1.84618109101813,61.7153796353389,13.325748308373
78.8378349688011,-158402.388,-280516.472,-142474.464,-301753.704,-147783.772,78.873945310654,78.8908582104063,83.106872905148,78.8818439036117,81.0445124367297,62.3919453526977,60.4720385683169,62.843122705622,60.4774170382947,62.4888998558222,2.29644661275704,3.63915966766584,1.68004821832788,3.91773313575928,1.90307536963458,61.6341574328513,13.4364630041446
69.5174342864312,-158402.388,-280516.472,-142474.464,-301753.704,-147783.772,78.8757545952894,78.8235034412953,82.4661897167164,78.883666685705,80.4484645890789,62.3818736732828,60.4296229737255,62.7575856039661,60.460264371457,62.3852127432789,2.29479242355932,3.64409378900128,1.727371315827,3.91369801001131,1.95494862014103,61.5619192105716,13.53490415854
69.5276205380407,-136647.7991,-213275.0154,-126652.9448,-226601.4878,-129984.5629,78.5034334354466,78.7801017899456,81.9693631479078,78.4269661670222,79.987685533836,62.7984052059941,61.6540818340179,63.1505615817476,61.5649398169983,62.8678123671485,2.07906686763156,2.97569266127141,1.60815485716071,3.2111273607147,1.81424432352128,61.5262942513022,11.6882860702996
69.492555716787,-136647.7991,-213275.0154,-126652.9448,-226601.4878,-129984.5629,76.3824615285075,78.5897644529026,81.575940674635,75.9909218046141,79.6078955415695,62.4482599082345,61.5309689859692,63.0532277993947,61.0165210746279,62.751044934386,2.3432848710591,2.98741912923604,1.63386148391998,3.61591192502455,1.84255252869304,61.5906676366913,12.4230299379327
69.5469577996135,-136647.7991,-213275.0154,-126652.9448,-226601.4878,-129984.5629,73.4720690304587,77.8526730110909,81.2472999466005,72.9346848173759,79.2780030302421,61.7951112389659,61.2200639121411,62.9014853462733,60.0977071732217,62.5690281229874,2.79625947358148,3.06396739059173,1.6496158826343,4.21797993816023,1.85885925883947,61.6644615036171,13.5866819438072
69.5188451272085,-136647.7991,-213275.0154,-126652.9448,-226601.4878,-129984.5629,71.2836093092281,76.4253488785282,80.9372974024861,70.894137045475,78.914383682181,61.1099783421656,60.7073139184586,62.7186751500531,59.2660981446796,62.3425056569877,3.20945431899232,3.24224828543171,1.6611325886908,4.65651298826924,1.87423734744178,61.588102904331,14.6435855288258
69.5244618600807,-136647.7991,-213275.0154,-126652.9448,-226601.4878,-129984.5629,70.1727261903785,74.611550200131,80.5827284628333,69.9865456980559,78.4079579411398,60.6558576117075,60.0650205977051,62.5348141091238,58.7796003006438,62.0956554337617,3.43093987031107,3.50336288396531,1.67684456782364,4.83147836003171,1.90406183909467,61.3177407304429,15.3466875212264
69.4807341217926,-136647.7991,-213275.0154,-126652.9448,-226601.4878,-129984.5629,69.7478459619217,72.8689633611999,80.1180480022242,69.6809667043057,77.678655534166,60.4236364969973,59.3894224498711,62.3447851150971,58.538841185616,61.8109654432221,3.50183079540432,3.78067563538542,1.7027569634658,4.85958572974513,1.95741362063741,60.9712245484072,15.8022627446381
69.562700421479,-136647.7991,-213275.0154,-126652.9448,-226601.4878,-129984.5629,69.6145453426837,71.5052484944976,79.4867465290118,69.5960443294151,76.7112142826242,60.3034905639402,58.7794468188438,62.1299952824108,58.4040784344674,61.4596281923012,3.50677819247874,4.00460208311579,1.74361818721638,4.83794488634885,2.03648542047532,60.6674700913201,16.1294287696351
69.5777114248759,-136647.7991,-213275.0154,-126652.9448,-226601.4878,-129984.5629,69.5798495057413,70.593095781732,78.6611500905356,69.5772857161913,75.5600618058858,60.2288575339543,58.2964744541775,61.8761094516852,58.3105346901571,61.0265462276769,3.49180107795917,4.14437190038906,1.80300708206308,4.80583213781304,2.1371038923739,60.4277165297394,16.3821160905982
69.5462772349829,-136647.7991,-213275.0154,-126652.9448,-226601.4878,-129984.5629,69.5748574418325,70.0524630987285,77.6714000967023,69.5769067653264,74.3302088401782,60.1736843624169,57.943542483087,61.5763302883672,58.236209922822,60.5149855333041,3.473162718232,4.20861392334278,1.88029921615445,4.77449621673301,2.24821792758228,60.2211473598961,16.5847900020445
69.5744818431156,-136647.7991,-213275.0154,-126652.9448,-226601.4878,-129984.5629,69.576225110675,69.7610697180032,76.6087349327946,69.5793036576221,73.1436473085103,60.1285607664637,57.6923428410624,61.2379016441575,58.1734544918016,59.9525975403163,3.4560715386845,4.22263030883666,1.96889437132443,4.7472234098897,2.35459900901574,60.0246334358654,16.749418637751
69.5216701847188,-136647.7991,-213275.0154,-126652.9448,-226601.4878,-129984.5629,69.5785935399136,69.6156854217746,75.5858654974336,69.5818219439981,72.1018978803471,60.0917969560876,57.5139172077842,60.8846729525302,58.1217233636373,59.3906241095698,3.44181553367981,4.21110130342164,2.05857770055911,4.72475116945707,2.44347130524966,59.8358568772715,16.8797170123673
69.5201982162667,-136647.7991,-213275.0154,-126652.9448,-226601.4878,-129984.5629,69.5805571868877,69.5479414091964,74.6838697404535,69.5837064508208,71.2605168759941,60.0629743466151,57.3873052164162,60.5457152641283,58.0809919261075,58.883711666155,3.43068239016639,4.19071593720546,2.14055852871329,4.70724662889981,2.50950323492005,59.6613813813271,16.978706719905
69.5345186584579,-132093.2546,-199197.3324,-123340.5488,-210867.6068,-126258.1174,69.5824247091712,69.518133542504,73.959139809768,69.5854861140126,70.6234005238221,60.2331392188757,57.8322919911773,60.565735419669,58.4766743584027,58.9127503273056,3.37603357275784,4.07312803958777,2.20049016762555,4.53572587517261,2.57621935362591,59.5303577277696,16.7615970087697
69.5697766761285,-132093.2546,-199197.3324,-123340.5488,-210867.6068,-126258.1174,69.5849760898361,69.5061897584221,73.3763099170776,69.5879793275075,70.1703204461616,60.2174184845935,57.7722774460617,60.3290265806633,58.4548813326728,58.6109013125374,3.36944836921747,4.05644150235806,2.2588652297594,4.52583143934589,2.60992384920554,59.4724102639358,16.8205103898863
69.531574615393,-132093.2546,-199197.3324,-123340.5488,-210867.6068,-126258.1174,69.5877461604783,69.5026086393001,72.8742999710695,69.5907562430073,69.8627093560165,60.2057202287698,57.7276088043042,60.1171330785403,58.438652878736,58.3905513720657,3.36425223360978,4.04228701111532,2.31023509527848,4.51811853571657,2.6297758209061,59.4210543205374,16.8646686966263
69.4974109397615,-132093.2546,-199197.3324,-123340.5488,-210867.6068,-126258.1174,69.5890392889718,69.5027644890991,72.4205518762194,69.5918590734638,69.6614254211016,60.1959247908824,57.6920523081011,59.9191078845142,58.4251435412095,58.2332666397203,3.3602807357406,4.0300642467156,2.35749203779983,4.51220636693071,2.63990063989663,59.3562805364252,16.8999440270834
69.5212100021663,-132093.2546,-199197.3324,-123340.5488,-210867.6068,-126258.1174,69.5882794471023,69.5038533673368,72.0013736205348,69.5909483045878,69.5336047704253,60.1869401242571,57.6618306066657,59.7298795553696,58.412992084119,58.1213602556215,3.35734097160351,4.01940866445282,2.40166800512964,4.50766883753534,2.64358195626409,59.2804971089701,16.9296684349854
69.5723916834061,-132093.2546,-199197.3324,-123340.5488,-210867.6068,-126258.1174,69.5884355279382,69.5046369025773,71.6133822914111,69.5911306069503,69.4543574790323,60.1795505454987,57.6354861863772,59.5490091765423,58.4030307530455,58.0413502501353,3.35464847911784,4.01022196338977,2.44289980016637,4.50358198266852,2.64340528966129,59.1979269461748,16.9547575150038
69.5729622240314,-132093.2546,-199197.3324,-123340.5488,-210867.6068,-126258.1174,69.5884626434013,69.5051743127431,71.257645779822,69.5911612199714,69.4061168824856,60.1730728096781,57.6121902190863,59.3776905433704,58.3943287280519,57.9828507201094,3.35233083854732,4.00218553342515,2.48082203045814,4.50006954723174,2.64103131722294,59.1130610118285,16.9764392668853
69.5146637658744,-132093.2546,-199197.3324,-123340.5488,-210867.6068,-126258.1174,69.5889260292068,69.5056240538882,70.9362532971114,69.5916349386503,69.3771602853582,60.1676227660217,57.5917643237743,59.2181748897047,58.3869911288025,57.9391291040227,3.35022669526768,3.99517284634285,2.51509280334028,4.49693232354761,2.63762208736051,59.0297589111353,16.9950467558589
69.5143619545795,-132093.2546,-199197.3324,-123340.5488,-210867.6068,-126258.1174,69.5893107417799,69.5061294946119,70.6506306817813,69.5920016526249,69.3599832530886,60.1629057279409,57.5739958896187,59.072398645689,58.3806416317897,57.9056174909321,3.34841348851407,3.9890543019876,2.54547106843028,4.49423841788179,2.63386068737942,58.9507094204633,17.0110379641932
69.4927969545306,-132093.2546,-199197.3324,-123340.5488,-210867.6068,-126258.1174,69.5888097105978,69.5065724382566,70.4009464927419,69.5914242249539,69.3499204941224,60.1585131274049,57.5585365222894,58.9416115430212,58.3747815167928,57.879255564051,3.34703170977559,3.98374504593511,2.57188177156513,4.49212177238033,2.63011811989361,58.8773633757125,17.0248984195498
69.5207021097525,-132093.2546,-199197.3324,-123340.5488,-210867.6068,-126258.1174,69.5886997223528,69.5067501337537,70.1860866823576,69.5913322401633,69.3440940712233,60.1549225973333,57.5453173086094,58.8266587574901,58.3700027741225,57.8584271945153,3.34579684025236,3.97928321670902,2.59450166561003,4.49024556981655,2.62668280419918,58.8101869492064,17.0365100965872
69.5196275858789,-132093.2546,-199197.3324,-123340.5488,-210867.6068,-126258.1174,69.5885079536212,69.5067897770211,70.0038888232874,69.5911395643983,69.3407308934838,60.1518694042703,57.5341173824856,58.7273468326149,58.3659429190769,57.8417457151613,3.34478231114473,3.9755475904121,2.6135720237484,4.48869864060177,2.62364053974805,58.7491184422582,17.046241105655
69.5009486349312,-123793.8624,-173544.6656,-117304.6272,-182196.9792,-119467.7056,69.5926179681722,69.5062710248649,69.8594468770172,69.5953449041082,69.3397054184579,60.4958102251217,58.4986961131744,59.3328670861255,59.1472780693414,58.6643217239213,3.25173117525002,3.76724753047897,2.66276226989331,4.1668682386864,2.67406258423533,58.7322466770414,16.522671798544
69.5342324840337,-123793.8624,-173544.6656,-117304.6272,-182196.9792,-119467.7056,69.5953815990392,69.5074948195318,69.739561592224,69.597832435165,69.3393650258725,60.4948570040463,58.4927360746584,59.2708625974234,59.145799978783,58.6557995619433,3.25040309759815,3.76479052906439,2.67748451953096,4.16528728083688,2.6720147132807,58.8105329830936,16.5299801403111
74.3815577698885,-123793.8624,-173544.6656,-117304.6272,-182196.9792,-119467.7056,69.6084093454349,69.5093889374461,69.6350745529238,69.6125243245492,69.3395827244534,60.4984531986608,58.4894542492543,59.2180834249306,59.1502070840561,58.6508461470804,3.247037950211,3.76302224795059,2.69077501879449,4.16119267354682,2.67072201688894,58.8906392005285,16.5327499073918
74.2828409045438,-123793.8624,-173544.6656,-117304.6272,-182196.9792,-119467.7056,70.7047327230297,69.5793872042954,69.5464237333748,70.8030751337992,69.341619262886,60.9224245822923,58.6566575377458,59.3420751517128,59.6627298106072,58.8438293469438,3.02386439966543,3.79651064052451,2.7468465305644,3.90793252690559,2.71930038022239,58.9483861526786,16.1944544778823
74.3472562841734,-123793.8624,-173544.6656,-117304.6272,-182196.9792,-119467.7056,72.5577384353542,70.1250264394127,69.4758801936986,72.7026660445014,69.3757549400191,61.5367629910567,59.0880782674263,59.5796507279191,60.3862617668007,59.1675762068874,2.68400682705803,3.75722153954493,2.83236960047592,3.53477499340335,2.79644830446252,59.0359727223557,15.6048212649447
74.378045819807,-123793.8624,-173544.6656,-117304.6272,-182196.9792,-119467.7056,73.6822043238243,71.1769677315903,69.4382171440974,73.7834402028243,69.5519000630298,61.8650818369289,59.6167693178366,59.7625534352051,60.7649679814958,59.4745390452035,2.50317904093289,3.58715810217339,2.89693610087413,3.34414953685094,2.83274996890744,59.196205378783,15.1641727497388
74.3638641854173,-123793.8624,-173544.6656,-117304.6272,-182196.9792,-119467.7056,74.1546874517504,72.2702115012199,69.4745109358487,74.2067981793549,69.9646228794595,62.0078626640454,60.0726652670535,59.9191907532515,60.9271879354379,59.8203119020588,2.43523503881232,3.39972143630591,2.93342127344489,3.27838822448911,2.81405451523637,59.384391562576,14.8608204882886
74.2995526796606,-123793.8624,-173544.6656,-117304.6272,-182196.9792,-119467.7056,74.3199561383419,73.1041400827646,69.6379776432289,74.3433182737969,70.5764734621547,62.0728034489849,60.3957711812255,60.0949649462441,61.0019400583415,60.2001702461107,2.41528574711403,3.26306701701163,2.93720446448366,3.26320992826872,2.75113819590171,59.5640886098218,14.6299053527798
74.35771766837,-123793.8624,-173544.6656,-117304.6272,-182196.9792,-119467.7056,74.3703754683092,73.6395493384733,69.9544743029984,74.3808455056272,71.2653427914678,62.108664345119,60.6078363373429,60.310400242783,61.0454878103386,60.5643056701207,2.41241805781811,3.18210348854608,2.90642516048676,3.26468317117909,2.66765209635334,59.7306784994561,14.4332819743834
84.041613174301,-123793.8624,-173544.6656,-117304.6272,-182196.9792,-119467.7056,74.592355182136,73.9513147014213,70.4001768240505,74.6296700387005,71.9204939839659,62.1806098126728,60.7590661475347,60.5692948804313,61.1424889351643,60.8899229366929,2.3832565407046,3.14338069308219,2.85119683655653,3.22793306586857,2.58795705023572,59.8875550631533,14.1937241864476
84.0368894846524,-123793.8624,-173544.6656,-117304.6272,-182196.9792,-119467.7056,76.991369754747,74.3310248566242,70.9211323191208,77.2452851022834,72.4891433553371,62.6595581445195,61.0257521347528,60.95533398545,61.7802612646476,61.2768654069654,2.06396610127252,3.11667864834236,2.81259750194877,2.81510835718945,2.54601645101582,60.0364906347576,13.3543670597689
84.0426910079326,-123793.8624,-173544.6656,-117304.6272,-182196.9792,-119467.7056,80.0592643560256,75.4163031938625,71.461688035495,80.3882275142483,73.0134274247311,63.104132048369,61.4322394846453,61.3180893639696,62.3557785039037,61.6144032936744,1.74462651170085,2.96539405604224,2.76329736673156,2.41429868036711,2.50430596353776,60.1962441889863,12.3919225783795
84.0751738615999,-125525.4912,-178896.9728,-118563.9936,-188178.9696,-120884.4928,82.1140018913186,77.1642843432545,71.9968868176421,82.3806152606204,73.6440507235826,63.3071070178337,61.7727316267503,61.5474310500674,62.5708164620739,61.8439825271309,1.59484826483512,2.7773147155195,2.71121329180486,2.26984164220074,2.44788275659634,60.3771194235799,11.8011006709566
84.0177949107209,-125525.4912,-178896.9728,-118563.9936,-188178.9696,-120884.4928,83.1820304603332,78.991746152901,72.5525532710529,83.3561449282277,74.4886572707048,63.4224994071292,62.1497083440434,61.7938873359597,62.7173569796906,62.1322030190956,1.51795827416919,2.53812432553496,2.63329148242859,2.1786699077814,2.3376595645141,60.5606166351089,11.2057035544282
84.0229660601586,-125525.4912,-178896.9728,-118563.9936,-188178.9696,-120884.4928,83.6815643824344,80.5210353632559,73.1833615805622,83.7837094760264,75.5187846588297,63.4806773279819,62.4159828047322,62.0180195631452,62.7905914344128,62.404519368518,1.48479339422389,2.36106389175415,2.53737891100711,2.14189746122644,2.20257733279914,60.740561510433,10.7277109910107
84.0655472564665,-125525.4912,-178896.9728,-118563.9936,-188178.9696,-120884.4928,83.9012612000195,81.6551913685668,73.9194641307794,83.9581811894748,76.6258019404464,63.5124509791906,62.593967490515,62.2324332203835,62.8308717976584,62.6429867916507,1.47110808973407,2.24262545404878,2.42411469486017,2.1282930733232,2.06576309258032,60.9172194544297,10.3319044045465
84.0342613082088,-125525.4912,-178896.9728,-118563.9936,-188178.9696,-120884.4928,83.9927011478019,82.4399186522043,74.7466725782294,84.0242733608113,77.7065730512172,63.531487624929,62.7112670282621,62.4348924766337,62.8555851826748,62.8387844866889,1.46590248043619,2.16675658676868,2.30110537512798,2.12413286350925,1.94280294876332,61.090268885083,10.0007002546054
84.0327216140866,-125525.4912,-178896.9728,-118563.9936,-188178.9696,-120884.4928,84.0279933625708,82.9606130161065,75.6226342323643,84.0464046133554,78.6965880135379,63.5439206599233,62.7886864038979,62.6183533998802,62.8722459559873,62.9935955662794,1.46426660807728,2.11914244365581,2.17856748359408,2.12358408020677,1.83946999667557,61.2578864614756,9.7250306122095
83.9990669530751,-125525.4912,-178896.9728,-118563.9936,-188178.9696,-120884.4928,84.039348533936,83.2969607497454,76.500884514708,84.0513061818323,79.5666204269067,63.5525814858648,62.8401531021329,62.7781155970039,62.8842005011026,63.1138518490449,1.4640740330348,2.08963131445538,2.06450342048866,2.12429166815635,1.75564272529924,61.4178204023506,9.49814316143442
84.0617565995214,-125525.4912,-178896.9728,-118563.9936,-188178.9696,-120884.4928,84.0407356584174,83.5100617469611,77.344741687895,84.0496790889525,80.3102552505468,63.5588762521085,62.8746952821427,62.9133720995833,62.893089464369,63.2066897746974,1.4644248386294,2.0715496343194,1.96313338077916,2.12534756472804,1.68883987993857,61.5682524157662,9.31329529839458
84.0683832459197,-125525.4912,-178896.9728,-118563.9936,-188178.9696,-120884.4928,84.0381908788285,83.6427945326407,78.1305394126655,84.0458306573904,80.9334969266423,63.5635794138618,62.8981284890282,63.0259617814888,62.8998395982433,63.2783194911634,1.46494323993575,2.06063504538333,1.87563691358701,2.1264128084982,1.63607437933243,61.7080835377645,9.16370238673672
84.0377289682404,-125525.4912,-178896.9728,-118563.9936,-188178.9696,-120884.4928,84.03419287388,83.7239330389575,78.8456479119212,84.0413235769414,81.4481645832717,63.5671503821642,62.9142065738352,63.1188504854126,62.9050198349962,63.333672744703,1.46548499462266,2.05419258758094,1.80142864442459,2.12738739874017,1.59458977498082,61.8368773729003,9.04308340034919
76.1387611602099,-125525.4912,-178896.9728,-118563.9936,-188178.9696,-120884.4928,84.027156280422,83.7723003585696,79.485278790644,84.0335712334347,81.8681393237366,63.5697005443355,62.92534313049,63.1951531693849,62.908708805908,63.376511161257,1.46617174896314,2.05052398710079,1.73913351117458,2.12853960071083,1.56206815381268,61.9546924008888,8.94643700176204
76.1669849704386,-125525.4912,-178896.9728,-118563.9936,-188178.9696,-120884.4928,83.6583111738575,83.7929875030014,80.049672002398,83.600518981023,82.2073193406796,63.5453654981909,62.9295636308602,63.2551469415461,62.8692663997069,63.4072704786177,1.49128547054159,2.04890559268756,1.68690113394243,2.16895269883902,1.5364419356933,62.0621638172482,8.93248683170391
76.1922218299244,-141402.7636,-227972.1784,-130111.1008,-243027.7288,-133874.9884,82.1017356613859,83.6883051016399,80.5891478234156,81.7880758351951,82.5047495222075,63.1737065105399,62.2660457712901,63.040998770374,61.9705282201261,63.1627380314551,1.78507734809424,2.5428521784386,1.77168934885619,2.93028900526208,1.65387372225057,62.1705241467769,10.6837816029017
76.1678540638925,-141402.7636,-227972.1784,-130111.1008,-243027.7288,-133874.9884,80.0018372338574,83.2147641455584,81.0539345461497,79.5260586515694,82.7189847044912,62.9410792127326,62.169853133391,63.05905304634,61.5955585440234,63.152880157817,1.98045104674751,2.58844709648629,1.72770622411398,3.23867943110273,1.63493169852561,62.2210524388985,11.1702154969761
76.1126093223607,-141402.7636,-227972.1784,-130111.1008,-243027.7288,-133874.9884,78.248586342433,82.2863823136511,81.4437039350067,77.8200813669448,82.8237951412934,62.7001400630063,62.0033338893906,63.062117463438,61.248274504539,63.1267879583706,2.17307861338852,2.68567316242765,1.69135938388681,3.50421305110863,1.62406624737175,62.2051022862719,11.6783904581834
76.1344866508699,-141402.7636,-227972.1784,-130111.1008,-243027.7288,-133874.9884,77.1473755729798,81.0465123026281,81.7562681643701,76.8681439923038,82.7785144930389,62.5178780705987,61.7837428503481,63.0590925813211,61.0162690575295,63.0887190370165,2.30958008473929,2.82792352056155,1.66281097545027,3.66336109303408,1.62466108962243,62.1345403039234,12.0883367634076
76.1637301214037,-141402.7636,-227972.1784,-130111.1008,-243027.7288,-133874.9884,76.5818999611994,79.7429344491775,81.9797850152827,76.4372886070518,82.5508589004745,62.4073493033798,61.539684629309,63.0514494836254,60.8890826808502,63.0369058888513,2.38370844317404,2.99252272777137,1.64250410277318,3.73490949137956,1.63930109501493,62.0330686441098,12.3929458601131
77.5152206687516,-141402.7636,-227972.1784,-130111.1008,-243027.7288,-133874.9884,76.3501720270849,78.5861036796102,82.0909599597688,76.2930754118211,82.1330147883731,62.3504834469697,61.3032337583178,63.0366104490191,60.8280576043176,62.9681473645676,2.41348197768014,3.15188617708368,1.63164157096388,3.75500000132678,1.66916075298744,61.9297615915174,12.6211704800419
77.438969533209,-141402.7636,-227972.1784,-130111.1008,-243027.7288,-133874.9884,76.5095208259029,77.6978558971406,82.0616099107716,76.5374248673212,81.5457634765243,62.3660345488798,61.1134853945441,63.0175749821356,60.8655357008798,62.8880476759862,2.38894395762473,3.28463711038826,1.63252529655182,3.70543342100986,1.71453166518387,61.8434164944079,12.7260714507585
77.4807091648139,-141402.7636,-227972.1784,-130111.1008,-243027.7288,-133874.9884,76.8894074961676,77.1495349455968,81.8717108559284,76.9608120472128,80.8355522427157,62.422258770208,60.9919861428154,62.989552545678,60.9492761234911,62.7963099031633,2.33549794235637,3.3714048752172,1.64652092512841,3.62683143980333,1.7733141967878,61.7819300960586,12.7535693792931
77.4828274395006,-141402.7636,-227972.1784,-130111.1008,-243027.7288,-133874.9884,77.2004014791948,76.9260052595379,81.5243415343795,77.2654196562826,80.0703586415523,62.4660154463546,60.9336792724003,62.9451226243513,61.0060243682887,62.6909325923347,2.29313905621417,3.40623614407743,1.67336791282617,3.57154376648771,1.84063872129218,61.7461058207855,12.7849256008977
77.4798307183967,-141402.7636,-227972.1784,-130111.1008,-243027.7288,-133874.9884,77.3768857204435,76.921132361504,81.0539699709277,77.4197069960227,79.3276416275999,62.4872139037159,60.9177105373346,62.8843799685026,61.029092361936,62.5783868759376,2.26922369392211,3.40387445908521,1.71109357807552,3.5429508401062,1.90989061987065,61.7262013007928,12.8370331910597
77.5156226957333,-141402.7636,-227972.1784,-130111.1008,-243027.7288,-133874.9884,77.4593768326673,77.0154892591131,80.5183730158467,77.4841713981707,78.6740923299187,62.493338640459,60.9206961515314,62.8122432355451,61.0324869831753,62.4691808726143,2.25764465166431,3.38455042206144,1.75588167234617,3.52979916358982,1.97404624050598,61.7099565717475,12.9019221501677
77.5079418466769,-141402.7636,-227972.1784,-130111.1008,-243027.7288,-133874.9884,77.4934222438343,77.1287071885678,79.9786589315696,77.507855338013,78.1492299825807,62.49215050999,60.9274554834113,62.7356797339035,61.0274870922097,62.3731060845867,2.25234211343652,3.36231050517652,1.80304507782639,3.52365560171762,2.02769988032937,61.6916652072003,12.9690531784864
77.4923071917281,-130509.9366,-194303.4404,-122189.0448,-205397.9628,-124962.6754,77.5086132477487,77.2132487351495,79.5173751773207,77.5186498541907,77.7740182251171,62.7439504777489,61.6065407484053,62.9302596153228,61.663454784798,62.6207687609624,2.11214915786679,2.97490926074285,1.76021588947338,3.09548768014395,1.97051197925706,61.6839064259913,11.913273967484
77.5187057602787,-130509.9366,-194303.4404,-122189.0448,-205397.9628,-124962.6754,77.5185581482337,77.2766773006837,79.1282747488734,77.5264767457929,77.5106615704918,62.7417661826287,61.6095989086625,62.8769733307477,61.6596666285657,62.5729027183049,2.1104154479829,2.96344595704065,1.79658869290281,3.09322167726054,1.99893838756245,61.7272809903075,11.9626101627494
77.4878505545625,-130509.9366,-194303.4404,-122189.0448,-205397.9628,-124962.6754,77.5192291453808,77.321025451218,78.7983539088063,77.5254217734032,77.3372338829998,62.7388824054417,61.6105527991861,62.8301152668396,61.6551298387994,62.5393188071453,2.10990787865445,2.95526055439646,1.82843612419635,3.09254304872429,2.01782882525854,61.7930446428768,12.0039764312301
77.5325279186433,-130509.9366,-194303.4404,-122189.0448,-205397.9628,-124962.6754,77.5165980091185,77.3495129668495,78.5176797045576,77.5220104771607,77.2300788773481,62.7360754741865,61.6098846913745,62.789084401983,61.6509540548529,62.5170207202893,2.10988278405854,2.94978631686097,1.85629446311588,3.09239408503392,2.0294665646694,61.8512950825505,12.0378242137387
77.5153931585046,-130509.9366,-194303.4404,-122189.0448,-205397.9628,-124962.6754,77.5145383262074,77.3662285230271,78.2783115421314,77.5198612049812,77.1682693255145,62.7338083273516,61.6081673779775,62.7532711606514,61.6476880937516,62.5028801998401,2.10985316951573,2.9463358272385,1.88063307117636,3.09217651922284,2.03606323282023,61.8950991915709,12.0650618199737
77.5018164857959,-130509.9366,-194303.4404,-122189.0448,-205397.9628,-124962.6754,77.5131217594284,77.375307224166,78.0739111146965,77.5184958750272,77.1354540956999,62.7319880825924,61.6059138554619,62.7220634719386,61.6450922971509,62.4941822325131,2.10979554868065,2.94421852723999,1.90184953968933,3.09193682141297,2.03941705835438,61.9258626889108,12.0872174953773
77.4732132260843,-130509.9366,-194303.4404,-122189.0448,-205397.9628,-124962.6754,77.5125296347166,77.3799243043357,77.8993732909087,77.5180019826176,77.120001312237,62.7305668224088,61.6035267479851,62.6949407886286,61.6430726741407,62.4889183971283,2.10967720808206,2.94291139365875,1.92028899259354,3.09163965708982,2.04083728914917,61.9461839513861,12.1053545405734
77.4749020224578,-130509.9366,-194303.4404,-122189.0448,-205397.9628,-124962.6754,77.5122552920717,77.3821807555065,77.7504694042993,77.5177792243127,77.1142456362068,62.7294102269119,61.6012372771293,62.6714290895781,61.6414241492324,62.4857076286812,2.10955130073977,2.94206364677057,1.93625746489023,3.09136201423335,2.04119233093738,61.9584898442816,12.1204267575713
77.5326640593524,-130509.9366,-194303.4404,-122189.0448,-205397.9628,-124962.6754,77.512240543073,77.3832790485129,77.6235975169114,77.5177989452643,77.1134640416726,62.7284677506106,61.5991628887606,62.65111085766,61.6400780478758,62.4836830171456,2.10941891989454,2.94147227817937,1.95003709385302,3.09109609123161,2.04101890135793,61.9649226020529,12.1330432845165
77.461831809211,-130509.9366,-194303.4404,-122189.0448,-205397.9628,-124962.6754,77.5122645778109,77.3838620986061,77.5156459445798,77.517821991918,77.1149273746614,62.7276738765971,61.5973385742903,62.6336011029499,61.6389392859347,62.4823209327885,2.10930222324531,2.94102371861422,1.96188794506832,3.09086992531853,2.04062479999054,61.9672731125744,12.1437086122369
77.4844315753994,-130509.9366,-194303.4404,-122189.0448,-205397.9628,-124962.6754,77.5122983323795,77.384226976991,77.4239257025446,77.5178412344264,77.1171657559734,62.7270002866537,61.5957607481575,62.61855567799,61.6379708950928,62.4813273281784,2.10920131196527,2.94066183798681,1.97204827196733,3.09067769161921,2.04017417526835,61.9669282358923,12.152763288807
77.4455729673495,-130509.9366,-194303.4404,-122189.0448,-205397.9628,-124962.6754,77.5120412271472,77.3844704696272,77.3461261385332,77.5175431233985,77.1194546409768,62.7263817261349,61.5943924865898,62.605658845333,61.637081460668,62.4805348700104,2.109149749709,2.94036167328306,1.98073126122865,3.0905626074315,2.03974473943143,61.9648843938241,12.1605500310836
77.4541141779693,-129499.8198,-191181.2612,-121454.4144,-201908.4684,-124136.2162,77.5119651872592,77.3842155140115,77.2805234428832,77.5174571965183,77.1211969606576,62.749042298871,61.6545267528327,62.6210018345769,61.6955348476157,62.5094345309901,2.09604861098853,2.90422146190917,1.97969389612172,3.04929767996602,2.03002057049866,61.9628077536181,12.0592822194841
80.8870260051189,-129499.8198,-191181.2612,-121454.4144,-201908.4684,-124136.2162,77.5541549009856,77.3843511306482,77.2251091596307,77.5682027484773,77.1225733467891,62.7551215004587,61.6549835324693,62.6129160760449,61.7050534563759,62.510072733976,2.09093412906514,2.90428076044556,1.98610607470202,3.04137282091482,2.02991801946993,61.9646302331245,12.0526118045975
80.8378277320547,-129499.8198,-191181.2612,-121454.4144,-201908.4684,-124136.2162,78.1489517347543,77.419002373572,77.1782135196731,78.243906802671,77.1240919693321,62.8429224727977,61.6795915331071,62.6207010862801,61.8351636519412,62.5263673191233,2.02167417066477,2.90242755287386,1.99356624841052,2.94024659097461,2.03197272275172,61.9684236854442,11.8898872856755
80.878989057908,-129499.8198,-191181.2612,-121454.4144,-201908.4684,-124136.2162,79.1307560848605,77.6243010123086,77.1389471512343,79.2832621539307,77.1335017872964,62.9763837719629,61.7456271886159,62.6393446785573,62.0219567624825,62.5540187905659,1.91550642853709,2.8769719811993,2.00152835243012,2.79502332048499,2.03451509975467,61.9782918420706,11.6235451824062
80.816246541379,-129499.8198,-191181.2612,-121454.4144,-201908.4684,-124136.2162,79.9345138375041,78.0609246821625,77.1086750379242,80.074464827862,77.1772149347595,63.0772576058399,61.8464978768564,62.6572963346146,62.1558560225816,62.5845752260196,1.83563704490728,2.81739837231972,2.00820738587262,2.69249424636659,2.03268078260709,62.0028779710651,11.3864178320733
80.8939203648205,-129499.8198,-191181.2612,-121454.4144,-201908.4684,-124136.2162,80.422701509926,78.6300388804725,77.0936692452962,80.5214103062478,77.2900318545881,63.136850701415,61.9595172844504,62.6733319157287,62.231344766478,62.6212240557236,1.79012328389999,2.74031615785,2.01253027476155,2.63781182228166,2.02212604529189,62.0405077460363,11.2029075840851
80.8464475176134,-129499.8198,-191181.2612,-121454.4144,-201908.4684,-124136.2162,80.6748736487425,79.1955841821957,77.1056214960183,80.7353689429239,77.4901165649275,63.1689985487722,62.0626484313097,62.6898740864424,62.2705545767139,62.6670918346184,1.76762394553983,2.66635562950758,2.01317105686458,2.61284788215358,2.00108809390391,62.0825847066956,11.0610866079695
79.6065380887001,-129499.8198,-191181.2612,-121454.4144,-201908.4684,-124136.2162,80.7928131050972,79.6718878524296,77.1580367259029,80.8276611023509,77.7683218302094,63.1862266359664,62.1455216761543,62.7098341229137,62.2912357546497,62.7209034733301,1.75751296644525,2.60650149779507,2.00864884342254,2.60275377836505,1.97124700064605,62.1226216682067,10.9466640866739
79.60887787838,-129499.8198,-191181.2612,-121454.4144,-201908.4684,-124136.2162,80.8020919039312,80.0313293396984,77.2607305594398,80.8142919629418,78.096467092619,63.1916011151189,62.2064248236707,62.7345224987462,62.2960778413293,62.777637343701,1.75712331844807,2.56284681066819,1.99786243779321,2.60531338466401,1.93632142857125,62.1584996698834,10.8594673801447
79.6361950325839,-129499.8198,-191181.2612,-121454.4144,-201908.4684,-124136.2162,80.5851710264897,80.2656548948907,77.41576476261,80.5593124792312,78.4412963500747,63.1725660786219,62.2436606182067,62.7618426266467,62.2652116864,62.830033679383,1.77709217586803,2.53481934285535,1.9804503653534,2.63722998235676,1.90004991454996,62.1904493861369,10.8296417809835
79.6609723557115,-129499.8198,-191181.2612,-121454.4144,-201908.4684,-124136.2162,80.264838482263,80.357271561226,77.616675647391,80.2170090571651,78.7723004641342,63.1411194160069,62.2578430050775,62.792069825604,62.2192730576255,62.8757068601449,1.80707262800841,2.52397469608775,1.95764837169413,2.68065667328076,1.86594556308095,62.2178946106475,10.835297932152
79.7115266322192,-129499.8198,-191181.2612,-121454.4144,-201908.4684,-124136.2162,79.998269765778,80.3176975031638,77.8504285392866,79.9537182354896,79.0635205498376,63.1139444575131,62.2535537199777,62.8252572919743,62.1826829558099,62.913977668837,1.83269413786939,2.5289047871667,1.93151645131632,2.71485315018633,1.83671937478561,62.2391391893638,10.8446879013243
79.6239598821169,-125862.1968,-179937.6992,-118808.8704,-189342.1344,-121159.9792,79.8331761645171,80.1974129838356,78.093503312639,79.8039115943786,79.2913032216202,63.1642114538436,62.4169394106189,62.9333814940651,62.3438292990995,63.0210256451603,1.80422716817909,2.41815077762475,1.87262455301014,2.59122735518928,1.77938024876821,62.2550855129929,10.4656101027715
79.5843093309548,-125862.1968,-179937.6992,-118808.8704,-189342.1344,-121159.9792,79.7423156316224,80.0475353310966,78.3339457298022,79.7271886130882,79.4549967154418,63.155252926919,62.3985972306641,62.9647548456317,62.3339121036395,63.0412209526914,1.81313590789573,2.43617297272728,1.84715100216013,2.60117999290161,1.76382393545494,62.2767687553265,10.4614638111397
81.7337402340878,-125862.1968,-179937.6992,-118808.8704,-189342.1344,-121159.9792,79.6962958767101,79.9034366011876,78.5576121615182,79.6909674544855,79.5563111898205,63.1508582370899,62.380662264331,62.9931496093778,62.3294833981593,63.0537757973169,1.81769740102843,2.45371338870553,1.8239766550874,2.60594328921425,1.75433712898931,62.3020866284082,10.4556678630249
81.7283497006501,-125862.1968,-179937.6992,-118808.8704,-189342.1344,-121159.9792,79.8244812965053,79.7867013446929,78.7531737418932,79.849408690484,79.6038925847969,63.1657431995825,62.3685627554399,63.0194787810094,62.3534960445082,63.0620220874835,1.80533476313978,2.46845354785148,1.80435787109548,2.58592071090328,1.75016547047877,62.3258283128225,10.4142323634688
81.7111541936433,-125862.1968,-179937.6992,-118808.8704,-189342.1344,-121159.9792,80.2745706627846,79.7418234354044,78.9138224335298,80.3484576513374,79.6108492103812,63.215026203178,62.3710143413384,63.0452871926557,62.4256759514371,63.0697219518401,1.7629192307934,2.47517923688991,1.78902563552061,2.52433152537005,1.75024411027248,62.3468071980601,10.3016997388465
81.761981200733,-125862.1968,-179937.6992,-118808.8704,-189342.1344,-121159.9792,80.7970914271965,79.8246711016353,79.0374473259389,80.890522762968,79.5958119552312,63.2695055234273,62.3916732719883,63.0674516156832,62.5009545431018,63.0758993430063,1.71584376545252,2.46634952965408,1.77765960988048,2.46025585410471,1.75249174987191,62.36802191215,10.1726005089637
81.7427403165732,-125862.1968,-179937.6992,-118808.8704,-189342.1344,-121159.9792,81.2015451927056,80.0335915177215,79.1267096592289,81.2843340287717,79.5831091943419,63.310247921087,62.4273988368394,63.0845283918645,62.5543935261047,63.0813459835409,1.6809624556473,2.44208766636401,1.76966061353762,2.41554653422104,1.75441922124903,62.392478043302,10.062676491019
81.7538313475703,-125862.1968,-179937.6992,-118808.8704,-189342.1344,-121159.9792,81.4565499027082,80.3147824618725,79.1891734325723,81.5174448876622,79.5962524463194,63.3358155195753,62.4700893008859,63.0972134411788,62.5863637684322,63.0884352692073,1.65967881657212,2.4094483222391,1.76418636134253,2.38988162284224,1.75377581729397,62.4198637312708,9.97697094028997
81.7655641750125,-125862.1968,-179937.6992,-118808.8704,-189342.1344,-121159.9792,81.5985382602446,80.6066268058217,79.2361087528621,81.6390525774402,79.6498062663409,63.3505497568419,62.5118184674359,63.1070537765038,62.60403393609,63.099005589745,1.64810488513886,2.37614376419785,1.76012893413151,2.37683207565139,1.74922114810241,62.4478420461566,9.91043080722203
82.0480549664338,-125862.1968,-179937.6992,-118808.8704,-189342.1344,-121159.9792,81.6728440875759,80.8668899828975,79.279923233607,81.6991450073348,79.7460839636615,63.3589373454496,62.5478602866575,63.1157524268507,62.6138808789439,63.1135224116877,1.64217277175695,2.34706022701821,1.75630514447546,2.37057462569149,1.74062248145378,62.4743607049597,9.85673525039588
82.0339227157474,-125862.1968,-179937.6992,-118808.8704,-189342.1344,-121159.9792,81.7406707252078,81.0780920129114,79.3314021638888,81.762918235176,79.8773998420122,63.36661639167,62.5771273937134,63.1250394071386,62.6239474515285,63.1315313391151,1.63679710805694,2.32397968876686,1.75173274658815,2.36392245846571,1.72884497191177,62.4985307647357,9.80527697378943
82.037304649895,-125862.1968,-179937.6992,-118808.8704,-189342.1344,-121159.9792,81.8254267220672,81.2448994656134,79.3978008073087,81.8487608618351,80.0311204279083,63.375679440648,62.6007736675892,63.1359061396992,62.6364863969059,63.1517165515745,1.63008189422215,2.30613472915779,1.74575084418864,2.35490300484577,1.71516783256314,62.5204607133377,9.75203830497748
82.0420044804079,-132044.1517,-199045.5598,-123304.8376,-210697.9786,-126217.9423,81.9072472376335,81.3911289186402,79.4884463988019,81.9307576904753,80.2025951980289,63.2851147161761,62.3449860196965,63.0405920430026,62.3724352761292,63.056992779963,1.69431554574589,2.49718083535355,1.7913291844588,2.57414677140634,1.75902853451707,62.5402070345411,10.3160008714816
82.0407844077384,-132044.1517,-199045.5598,-123304.8376,-210697.9786,-126217.9423,81.96358295729,81.5118539782441,79.598769748961,81.9837693815493,80.3742280067841,63.2920706844994,62.364598969902,63.0568757920391,62.3820297595448,63.0797155143539,1.68983466176035,2.48399381602877,1.78114559348522,2.56844512108996,1.74388285926321,62.5440988215547,10.2673020516275
82.0197438827408,-132044.1517,-199045.5598,-123304.8376,-210697.9786,-126217.9423,81.9992776370477,81.6102447990169,79.7239959834809,82.0156495918625,80.5389970761448,63.2969686306603,62.3807793032714,63.0741826011811,62.3886548955476,63.1008674301124,1.68705204342788,2.47337415827656,1.76960070679191,2.5651401692418,1.72952056826374,62.5380491984623,10.2246876460019
85.8300859240648,-132044.1517,-199045.5598,-123304.8376,-210697.9786,-126217.9423,82.0200476635487,81.6878917092332,79.8588624124259,82.0332158025023,80.6924605173284,63.300343855352,62.3938359257513,63.0919085069103,62.3931920716418,63.1200711493032,1.68548439384121,2.46509409780842,1.75723758145353,2.56343847578474,1.71630637491685,62.5312234279135,10.1875609238048
85.8447396547701,-132044.1517,-199045.5598,-123304.8376,-210697.9786,-126217.9423,82.1370770704975,81.7482055816705,79.9982369701945,82.1705910545057,80.8319293932896,63.312498638567,62.4058580207624,63.1107453758491,62.4129510566022,63.138419579783,1.67609430087034,2.4589395307306,1.7446949634093,2.54817845159419,1.70455744579518,62.5269081547198,10.1324646923996
85.9040964892177,-132044.1517,-199045.5598,-123304.8376,-210697.9786,-126217.9423,82.7784341771855,81.8326248455897,80.1376611216331,82.9027113153723,80.9565610666746,63.3708548479767,62.427711424952,63.1348205176441,62.5060477229392,63.1605541369463,1.62574466865939,2.45101134973704,1.73285877433673,2.46834450491652,1.69473995003233,62.5255881618311,9.972699247682
85.8226606320413,-132044.1517,-199045.5598,-123304.8376,-210697.9786,-126217.9423,83.7154697177542,82.046120433478,80.2735789834234,83.9039407997385,81.0716483209001,63.449452948982,62.467906600686,63.1608853952368,62.6243825031785,63.1841031527039,1.55688061379004,2.42931574048831,1.72173488512706,2.36593221510392,1.68606723903545,62.5295719094131,9.75993069354479
85.8667504461442,-132044.1517,-199045.5598,-123304.8376,-210697.9786,-126217.9423,84.5413394199036,82.4391591421027,80.4038992605659,84.7285327339947,81.1942372547354,63.5138444046182,62.5266059335531,63.1852077766517,62.7160998189536,63.2071881337226,1.50050058759304,2.38852660111044,1.71113592207609,2.28716165502141,1.67673995283804,62.5422142968588,9.56406471863901
85.8883585791714,-132044.1517,-199045.5598,-123304.8376,-210697.9786,-126217.9423,85.11457616058,82.9611317741934,80.5299219947145,85.263851189138,81.3482850662788,63.556757790322,62.5952698662354,63.2071087209891,62.774241451143,63.2312686814796,1.46358820192935,2.33536214914934,1.7008508412407,2.23863344377899,1.66471141021695,62.5632578891331,9.40314604631533
85.8724130421998,-132044.1517,-199045.5598,-123304.8376,-210697.9786,-126217.9423,85.4622917874512,83.5199076143456,80.6575021121935,85.567250859842,81.5523274322202,63.5828166324016,62.6630459081355,63.2273313673617,62.8079984189416,63.2581138645322,1.44207154890383,2.28038444635637,1.69037480817607,2.21211099212279,1.64858706734089,62.5891684742581,9.27352886289995
85.8629167135879,-132044.1517,-199045.5598,-123304.8376,-210697.9786,-126217.9423,85.656167179956,84.0389857382022,80.795691913529,85.7249580533701,81.8111727067514,63.5980705943219,62.7225900292505,63.247072417559,62.8270709790897,63.2882101163535,1.4303939827063,2.23122443794165,1.67896520498592,2.19871782639557,1.62822786839169,62.6161911056272,9.16752932042113
85.9400878377649,-132044.1517,-199045.5598,-123304.8376,-210697.9786,-126217.9423,85.7578312894844,84.4767127632996,80.9537239828949,85.8016466653778,82.115954503181,63.6069923293225,62.7710409005352,63.2674611716244,62.8380197581748,63.3206976634534,1.42440512897913,2.19120897686831,1.66589866065405,2.19242337895766,1.60463909336498,62.6420565650875,9.07857523882415
85.8642548208483,-132789.7141,-201350.0254,-123847.0648,-213273.5578,-126827.9479,85.8085258127609,84.8238008281076,81.1393834971888,85.8367407733728,82.4512577961549,63.6029058912237,62.7812793607952,63.2786680080448,62.817172771304,63.3429787442778,1.428913934818,2.18270455105982,1.65688132660211,2.21383058116226,1.5859808103381,62.6661083867588,9.06831120398028
85.8208689398291,-132789.7141,-201350.0254,-123847.0648,-213273.5578,-126827.9479,85.8319997963765,85.0828820173962,81.3540107307026,85.851190324267,82.7961723997782,63.6064055245869,62.8098968579076,63.3024271504468,62.8216724772836,63.3759164738942,1.42762975644843,2.16011960583738,1.6393623219895,2.21287410126129,1.56050280750783,62.6871415235461,9.00048859304443
85.8541553401579,-132789.7141,-201350.0254,-123847.0648,-213273.5578,-126827.9479,85.8423700820094,85.2687306557518,81.5949358158409,85.856726384883,83.1335061707596,63.6088590943442,62.8308802612243,63.3275390254329,62.8250004517997,63.4067377529082,1.42712141841924,2.14424782577527,1.61999469947763,2.21266194970313,1.53625587592128,62.7056552845709,8.94028176929656
85.8794146043691,-132789.7141,-201350.0254,-123847.0648,-213273.5578,-126827.9479,85.8465130528182,85.3979450385299,81.856067556983,85.8583976593208,83.4503995199651,63.6107227092785,62.8460993360856,63.3534013866934,62.8276593862074,63.4346324783466,1.42697512644858,2.13340905921158,1.59939576822903,2.21275683843873,1.51407457090448,62.7225959752182,8.88661136323239
85.8938044141081,-132789.7141,-201350.0254,-123847.0648,-213273.5578,-126827.9479,85.8477189499882,85.4855082618654,82.1293355197506,85.858398635846,83.7386569165295,63.6122196183405,62.857095756299,63.3792781273688,62.8298781279177,63.4592244741872,1.42699380229323,2.12619033313545,1.57829308755819,2.21296993832404,1.49438915418495,62.7384773623181,8.83883631549586
85.8234276548771,-132789.7141,-201350.0254,-123847.0648,-213273.5578,-126827.9479,85.8477849936766,85.5435333744958,82.4061656589292,85.857946202929,83.9941313420558,63.6134764738882,62.8650563515984,63.4044581521013,62.8317907306788,63.4804624593777,1.42707022837778,2.12149660115887,1.55739087990287,2.21319723431643,1.4773253906059,62.7534424930199,8.79648033436186
85.8486634585088,-132789.7141,-201350.0254,-123847.0648,-213273.5578,-126827.9479,85.8474608232107,85.581206797481,82.6786270284645,85.8574345808892,84.2157672470502,63.6145528474718,62.8708565631499,63.4283527483857,62.8334535112129,63.4985038715387,1.42716012551219,2.11851915215315,1.53728126379686,2.21340625037444,1.46280729001518,62.7674821259957,8.75917408185181
85.8923640629481,-132789.7141,-201350.0254,-123847.0648,-213273.5578,-126827.9479,85.8469698432519,85.6051792449263,82.9401328247877,85.8568937856411,84.4046469252613,63.6154752080625,62.8751241686515,63.4505388878045,62.8348890194852,63.5136245318288,1.42725085550175,2.11668259324877,1.51840444030802,2.2135962582651,1.450640534682,62.7805653008739,8.72657468200564
85.879133704926,-132789.7141,-201350.0254,-123847.0648,-213273.5578,-126827.9479,85.8463983263291,85.6200927155903,83.1857385592767,85.8563285821309,84.5631867526119,63.6162618027978,62.8783009068406,63.4707608749464,62.836117905671,63.5261551648565,1.42733805091883,2.11559020186904,1.5010458772792,2.2137687758104,1.44057224843936,62.7926877565057,8.69831515431684
85.918718187136,-132789.7141,-201350.0254,-123847.0648,-213273.5578,-126827.9479,85.8457340801452,85.6291051461001,83.4121469432213,85.855674927079,84.6945210642799,63.6169248205632,62.880694134648,63.4889070221069,62.8371547110845,63.5364390185859,1.42742327610189,2.11497461951587,1.48535509740829,2.2139313530986,1.43233038937148,62.803879650841,8.67401473549613
85.9139577638015,-132789.7141,-201350.0254,-123847.0648,-213273.5578,-126827.9479,85.8447762156254,85.6343062526674,83.6175344402425,85.8546974326995,84.8020622399505,63.6174643327751,62.8825146097701,63.5049769001592,62.8379977736907,63.544805855255,1.42751943664578,2.11466036076136,1.47137358909916,2.2141064689167,1.42564794564371,62.8141985120987,8.6533078010667
79.8518897740972,-132789.7141,-201350.0254,-123847.0648,-213273.5578,-126827.9479,85.8437865069912,85.6370433457639,83.8012924608806,85.8537200135991,84.8892050583202,63.6179095276388,62.8839100604721,63.5190524971452,62.8386966148173,63.5515613141903,1.42761159735714,2.11453566945162,1.45906399030028,2.21426772960924,1.42027696489214,62.8237173634361,8.63575595161042
79.8794336594937,-128015.7097,-186594.0118,-120375.0616,-196781.5426,-122921.9443,85.7571735254094,85.6349204811736,83.9565502512477,85.7487286822051,84.9554744855479,63.6715146161324,63.0494293629889,63.5867726904568,63.0023965558061,63.6162512985688,1.38502446636052,1.97411614892937,1.41206527629522,2.06717632425638,1.37643387690123,62.8320721804635,8.21481609274272
79.8888875683886,-128015.7097,-186594.0118,-120375.0616,-196781.5426,-122921.9443,85.141836417279,85.6079011917047,84.0911378881334,85.0324957482629,85.0079104736832,63.6329120531369,63.0439674564286,63.5933477091667,62.93885969705,63.6171207495838,1.42216214196361,1.97600220205414,1.40324665870398,2.12824539728865,1.37311572317608,62.8455717007967,8.30277212318646
79.8975472594153,-128015.7097,-186594.0118,-120375.0616,-196781.5426,-122921.9443,83.9989792644777,85.4728842046217,84.2078154300214,83.7660745892951,85.0462685313503,63.5549363648987,63.0252959368057,63.5953282023138,62.816102909762,63.6137681177028,1.49623917809679,1.9862437877941,1.39543837003747,2.24442686389409,1.37044344497533,62.8631743385812,8.49279164479777
79.8984792367368,-128015.7097,-186594.0118,-120375.0616,-196781.5426,-122921.9443,82.7272637304338,85.1413608349657,84.3083602343603,82.4334826970659,85.0630305497234,63.4575100409515,62.9870616076841,63.5940154520117,62.6708034061156,63.6068646722339,1.58741924977161,2.01253861792225,1.38857665456842,2.37926642147637,1.36893188974315,62.877717833061,8.7367328334818
79.9032294133192,-128015.7097,-186594.0118,-120375.0616,-196781.5426,-122921.9443,81.6479373548914,84.5913992432414,84.3932839670416,81.3726875684282,85.0418194304587,63.3642387401382,62.9278348890735,63.5909980003031,62.5406557592339,63.5968793804112,1.6730300903319,2.05812774015331,1.38270647877071,2.4968457844473,1.36964848737123,62.8814858792815,8.98035858107444
79.8622641510249,-128015.7097,-186594.0118,-120375.0616,-196781.5426,-122921.9443,80.8807257106923,83.8758373933574,84.4605709241525,80.6705550313696,84.961726796468,63.2904678762487,62.8512896618863,63.5872563957716,62.4450958920733,63.5834955555219,1.73898405770636,2.12068213392143,1.37800134905942,2.57994483848047,1.37392234980869,62.8706737156021,9.19153472897638
88.663137139461,-128015.7097,-186594.0118,-120375.0616,-196781.5426,-122921.9443,80.4050008348901,83.0875441679343,84.504585463461,80.2684541109433,84.8044101920459,63.2402415053414,62.7644027803905,63.5828464700821,62.3847724187467,63.565768151276,1.78209186378647,2.19387258582162,1.37481189247955,2.6292505114247,1.38295233965201,62.847210463379,9.36297919316435
88.6377698787287,-128015.7097,-186594.0118,-120375.0616,-196781.5426,-122921.9443,80.5988155225126,82.3280649094247,84.5161044824176,80.6124205636356,84.5598749955665,63.2570814177121,62.682400039869,63.5811928708465,62.4269063381324,63.5469176382251,1.7639053718725,2.26952780900804,1.37394683641999,2.5856117485764,1.39780561116745,62.8170438324945,9.39079737704437
88.637853864628,-128015.7097,-186594.0118,-120375.0616,-196781.5426,-122921.9443,82.0249939776594,81.7660957992918,84.483760050225,82.2706697028987,84.2303530766295,63.3883852158015,62.6317204080161,63.5859460266258,62.6326584609403,63.5314181033404,1.64134893509415,2.33017184183803,1.37638585293988,2.39437072603871,1.41901164186551,62.788838835979,9.16128899777626
88.6430989026417,-128015.7097,-186594.0118,-120375.0616,-196781.5426,-122921.9443,83.9363958211346,81.623663954552,84.3967815032884,84.3069201900986,83.837831416398,63.5392084769929,62.6302427843174,63.5895570018438,62.8504682376591,63.5133529004967,1.49967627540703,2.34746454302727,1.38237829737712,2.19144709197917,1.44515539123596,62.7745656498649,8.86612159902655
88.6245866913486,-128015.7097,-186594.0118,-120375.0616,-196781.5426,-122921.9443,85.6040359695307,81.9774837865435,84.2508277060062,85.9721346468312,83.4313606155663,63.6516463177012,62.6817714965865,63.5880725492306,63.0047345197999,63.492101155957,1.39343271644655,2.31068861713468,1.3920435760484,2.04727914240602,1.47307525441518,62.7812357373953,8.61651930645083
88.6045204033967,-128015.7097,-186594.0118,-120375.0616,-196781.5426,-122921.9443,86.7985735988432,82.7143159699375,84.0543339358391,87.1003407493558,83.0792494345092,63.7235854519641,62.7691332787933,63.5816189393106,63.0996454473379,63.4724363099201,1.32564219536464,2.23544619461952,1.40496536899614,1.95913821010891,1.49805220841721,62.8052256246293,8.42324417750639
88.6762832636781,-128095.8777,-186841.8038,-120433.3656,-197058.4866,-122987.5363,87.5658754544508,83.6427566729531,83.8283981494376,87.7878736538653,82.8469163048765,63.7659904494462,62.8647974802374,63.5707325453588,63.1520928555211,63.4589666153915,1.2860706668145,2.14869958554477,1.42056778913109,1.91131975921869,1.5157715637942,62.8376565108917,8.28242936450325
74.3440873611738,-128095.8777,-186841.8038,-120433.3656,-197058.4866,-122987.5363,87.9764025754068,84.5928825381932,83.6005853126754,88.1185729848901,82.7753352583535,63.7888409506486,62.956807616753,63.5591870585841,63.178969118516,63.4577470046975,1.26545761219536,2.06347928022807,1.43589718019144,1.88803538644585,1.52129253578184,62.8707990478012,8.17416199484256
74.3645021982109,-128095.8777,-186841.8038,-120433.3656,-197058.4866,-122987.5363,87.2912506634092,85.4312589300671,83.3977901895512,87.2172797166642,82.8709502439036,63.7539804820169,63.0274488073284,63.5446672659116,63.1135355452747,63.4648792368976,1.30041987633266,1.99276783999081,1.44951438374854,1.95350789855905,1.51435614189931,62.9009938238541,8.21056614053036
74.3489542816236,-128095.8777,-186841.8038,-120433.3656,-197058.4866,-122987.5363,85.0553796854564,85.9508340332312,83.242314138367,84.638120239867,83.1070931818738,63.6215450885996,63.0585169437202,63.5249973769163,62.8932626971708,63.4741035815043,1.42803817208626,1.95024348698675,1.45949814512318,2.16542483808875,1.49685317507837,62.9271345432395,8.50005781736332
74.382862439198,-128095.8777,-186841.8038,-120433.3656,-197058.4866,-122987.5363,82.0462783028092,85.9065715339676,83.1493997205881,81.366359773434,83.4257542341481,63.3942462179273,63.0324244611124,63.5001377050938,62.5338499059472,63.4796145739834,1.6410187286405,1.95179265760843,1.464553081813,2.50029629374833,1.47335290538877,62.9445529443785,9.03101366719903
74.3269806297925,-128095.8777,-186841.8038,-120433.3656,-197058.4866,-122987.5363,79.1836864942315,85.1816446633708,83.1248090544455,78.4569184351481,83.744547313847,63.1033426331721,62.9388239596212,63.4717888722511,62.1068496131774,63.4765693331577,1.90346265247577,2.00719112474472,1.46427302131485,2.87991782397773,1.44995730938692,62.9395586261014,9.70480193189998
74.3421558949233,-128095.8777,-186841.8038,-120433.3656,-197058.4866,-122987.5363,77.0174008444052,83.8509689664921,83.1625447804312,76.4366149399468,83.9745435638866,62.8114977273334,62.7780093352826,63.4442407492325,61.7224617210638,63.4633204377984,2.15462077463497,2.11861993223453,1.45942506995588,3.20010631418654,1.43276208536855,62.8914955188258,10.3655341763805
66.7563356644817,-128095.8777,-186841.8038,-120433.3656,-197058.4866,-122987.5363,75.6596767565122,82.1381980554794,83.2437213764184,75.2908187238569,84.0396429178557,62.582289574896,62.5599144988965,63.4214208438416,61.4551779866921,63.4395499070228,2.34055423712798,2.28036294278938,1.45176828455655,3.40330133733332,1.42658107437378,62.7889070116866,10.902567876181
66.8037768133117,-128095.8777,-186841.8038,-120433.3656,-197058.4866,-122987.5363,74.6574391700739,80.3171860004444,83.336727513918,74.4017207778205,83.8885597981551,62.3799297359872,62.2915846951248,63.3966235129299,61.2153526842964,63.3964281198559,2.49304096590754,2.47678796116936,1.44319143163533,3.57087366966352,1.43409691490099,62.6459176047032,11.4179909432767
66.7887699477935,-128095.8777,-186841.8038,-120433.3656,-197058.4866,-122987.5363,72.6312274816117,78.5290775327085,83.3978735812009,72.2559966224659,83.4986316111595,61.8879915489784,61.9225639712395,63.3303311162606,60.5600399092599,63.2928362280149,2.84907956694124,2.68843861419791,1.43402647785198,4.02590876302492,1.45441950006624,62.4844084637976,12.4518729220823
66.8013809574954,-128095.8777,-186841.8038,-120433.3656,-197058.4866,-122987.5363,70.0631467552041,76.6329599639216,83.375285207978,69.6518589694951,82.8682031629913,61.0450071234469,61.3811341875946,63.200577206818,59.521008408409,63.1032506741632,3.3940851692635,2.92722936654249,1.42640910780412,4.64786785075306,1.48685926951784,62.2687386934016,13.882450763881
66.7470034922909,-128095.8777,-186841.8038,-120433.3656,-197058.4866,-122987.5363,68.1789168793747,74.5108136641629,83.2126497503345,67.9119014562958,81.9953547961448,60.209395635377,60.6581580441537,63.0306729053005,58.6062342375677,62.8470881700057,3.84067411847952,3.22289050782198,1.42589536501348,5.06001918152541,1.53474480971959,61.8882366210128,15.08422398256
66.7895442961792,-128606.9487,-188421.4778,-120805.0536,-198824.0046,-123405.6853,67.2636226262468,72.3958497055947,82.8380800605147,67.1469430051501,80.8623874436913,59.6690411927216,59.7958286361327,62.8326114165689,58.0349861585384,62.5306162851581,4.04636568331481,3.57325221835333,1.44291553928664,5.21388802907691,1.60855264303798,61.328905425911,15.8849741130697
66.8032131508417,-128606.9487,-188421.4778,-120805.0536,-198824.0046,-123405.6853,66.934657199533,70.7032984990383,82.178677731651,66.896093147451,79.4561956763836,59.4181808997654,59.0378318766398,62.6312775632274,57.7810885964241,62.1765836605411,4.08841223815292,3.85951584236729,1.4767284308064,5.21214470690112,1.70649774552755,60.7582713916509,16.3432989637553
66.7761044021459,-128606.9487,-188421.4778,-120805.0536,-198824.0046,-123405.6853,66.8394091682918,69.3349434343269,81.192053285564,66.8299062821509,77.7914477863759,59.2829878061758,58.3252620136909,62.3752582945197,57.6303865654478,61.7146022711933,4.06679990687426,4.08940563469573,1.53406579551935,5.1642611991749,1.83416696520339,60.3164832089606,16.6886995014676
66.7277562483035,-128606.9487,-188421.4778,-120805.0536,-198824.0046,-123405.6853,66.8190858717915,68.2606984612596,79.8563896181464,66.8185311685919,75.9363541481537,59.1858481477252,57.6657744785422,62.0287018523751,57.5107262347108,61.093149364269,4.02587405274544,4.24949280534681,1.61917809849033,5.10418117499205,1.98660729794962,60.0013085345449,16.9853334295243
66.7794712596149,-128606.9487,-188421.4778,-120805.0536,-198824.0046,-123405.6853,66.8185755905939,67.4072162235748,78.193435573232,66.8203154251697,74.0189181398679,59.099703703852,57.0492781266685,61.5531021150241,57.3994912708301,60.2762756135966,3.98121048550364,4.34671966722812,1.73471292805269,5.0429476175001,2.14570224702095,59.7513160130285,17.2512929453055
66.7629202662143,-128606.9487,-188421.4778,-120805.0536,-198824.0046,-123405.6853,66.8216178501895,67.0294339671221,76.3116935473421,66.8237743730321,72.2029097351546,59.0321886288601,56.6581267784299,60.9572011232273,57.3105978253456,59.3258191135627,3.94514833097254,4.34111654573708,1.87998409714446,4.99399149021031,2.28992866596606,59.5192937077367,17.4501691300304
66.7929786262391,-128606.9487,-188421.4778,-120805.0536,-198824.0046,-123405.6853,66.8240419742546,66.8735911431914,74.522695993388,66.8261427776592,70.6321964391811,58.9793278822173,56.3981040849113,60.2894601367456,57.2405780802781,58.3353345166136,3.9173452762222,4.2979436647928,2.02808425770515,4.9562779266405,2.39797918642232,59.2871457509885,17.597630311783
66.8003307780305,-128606.9487,-188421.4778,-120805.0536,-198824.0046,-123405.6853,66.8250455253395,66.8013125709267,73.0851068520601,66.8270550079494,69.3840584803705,58.94085403844,56.2194795324503,59.6586852746505,57.1896054413726,57.4347294982987,3.8977305082986,4.25474991658311,2.14995495342031,4.92959495101041,2.46772174344415,59.0608432542147,17.6997520727566
66.7326348887238,-128606.9487,-188421.4778,-120805.0536,-198824.0046,-123405.6853,66.8271119960028,66.7697450520594,72.0498665795087,66.8291749876336,68.4579380555911,58.9161981722497,56.1045275520765,59.1462830030121,57.1567539454381,56.7102483173761,3.88456433433595,4.22148476932857,2.23706859462201,4.91177157371045,2.51007811797272,58.8527782638052,17.7649673899697
66.7944344450935,-128606.9487,-188421.4778,-120805.0536,-198824.0046,-123405.6853,66.8282561476216,66.7571732491827,71.3285704334153,66.8302240915724,67.8056145523083,58.9002287396107,56.0319767243214,58.759607363478,57.1354212839287,56.1739705942097,3.87617904306242,4.19787675996326,2.29662553835517,4.90043208373018,2.53512049155315,58.6657473616308,17.8062339166642
66.7747326484412,-128606.9487,-188421.4778,-120805.0536,-198824.0046,-123405.6853,66.8288208341958,66.7527212799863,70.8022739056222,66.8307641173898,67.3639752307171,58.8894963785396,55.984419884481,58.4634983552886,57.1211500177474,55.7967073985113,3.8706635386167,4.18107290872694,2.33947051385341,4.89295684014507,2.54922937519662,58.4930368625816,17.8333931765387
66.8020877854755,-128606.9487,-188421.4778,-120805.0536,-198824.0046,-123405.6853,66.8303159169498,66.7515712197807,70.3802037620815,66.8323007902573,67.0739664641311,58.8823909130358,55.9508383308558,58.2193849194898,57.1116294947442,55.5386717115912,3.86647504557766,4.16851834970573,2.37370541825364,4.88739113583068,2.55629522965882,58.326227088291,17.8523851790265
66.752944118023,-128315.3376,-187520.1344,-120592.9728,-197816.6208,-123167.0944,66.8319557588787,66.7519358838584,70.0121093327205,66.8339585291507,66.8879133838618,58.8899685086539,55.9632622087459,58.0307910379508,57.1339240808392,55.4020504213698,3.86059214829432,4.15321473427193,2.40503794760794,4.87297339004111,2.56233319838417,58.1628103019359,17.8541514185995
66.7684079789937,-128315.3376,-187520.1344,-120592.9728,-197816.6208,-123167.0944,66.8322585541054,66.7530056022935,69.670075001073,66.8341367313392,66.7710528611311,58.8849676071182,55.9414637662614,57.8254531778422,57.1273453368716,55.282597117156,3.85801574707605,4.1444300128772,2.4327940217369,4.86958128883294,2.56175491613121,58.0049771813245,17.8665759866543
66.7338368621165,-128315.3376,-187520.1344,-120592.9728,-197816.6208,-123167.0944,66.831782441111,66.753873759966,69.3416360703048,66.8336252836103,66.6988794426548,58.8801527030524,55.921767884275,57.624204313957,57.12117678778,55.1990836575725,3.85591062839876,4.13656208542834,2.45920144964187,4.86674495822516,2.5592287490063,57.8509677718246,17.8776478707004
66.7498962146045,-128315.3376,-187520.1344,-120592.9728,-197816.6208,-123167.0944,66.8325249023877,66.7543592045524,69.0252379299798,66.8344338316923,66.6549059418598,58.8764286741202,55.903824572978,57.4265853120289,57.1163501575599,55.1393308369351,3.85374595032373,4.12953646913773,2.48438556705228,4.86392290230244,2.55572194290999,57.7041006458305,17.8873128317261
66.7491670877797,-128315.3376,-187520.1344,-120592.9728,-197816.6208,-123167.0944,66.8326822333063,66.7548722471838,68.7232828357324,66.8345415683671,66.6283896107194,58.8727658584336,55.8873043895996,57.2339408102823,57.1116253569041,55.0946425405317,3.85189644917123,4.12306406161147,2.50802222594304,4.86150540857035,2.55169528183571,57.5686277612553,17.8961834271318
66.8013374376869,-128315.3376,-187520.1344,-120592.9728,-197816.6208,-123167.0944,66.832984804249,66.7553011524164,68.439091456275,66.8348616853765,66.6125508665342,58.869539225633,55.8722513073123,57.0490586648572,57.1074838378502,55.0601736989178,3.85018938314897,4.11719868129486,2.52988957002849,4.85927559204705,2.54758025589606,57.447047082926,17.9041334824154
66.7530698901516,-128315.3376,-187520.1344,-120592.9728,-197816.6208,-123167.0944,66.8334827869321,66.755724166432,68.1756361565901,66.835359817694,66.6031734323997,58.8667657716931,55.8587143579009,56.874552360086,57.1038969270192,55.032802051795,3.84860834913839,4.11192421205767,2.54980191990118,4.8572357804908,2.54361826537551,57.3400556671685,17.9111885269635
66.7715959234064,-128315.3376,-187520.1344,-120592.9728,-197816.6208,-123167.0944,66.8352346957991,66.7563015141351,67.9350794362282,66.8371946320545,66.5976832507118,58.8650135223718,55.8469894910071,56.712913158829,57.1015227015943,55.010966770965,3.84691628411702,4.10728727675357,2.56773286449367,4.85513584339413,2.54003004495084,57.2470724291881,17.9171023137092
66.7580172695983,-128315.3376,-187520.1344,-120592.9728,-197816.6208,-123167.0944,66.835938931699,66.7572787966427,67.7186403886307,66.8378222474654,66.594560856214,58.8630330533887,55.836742637723,56.56514825474,57.0988916988416,54.9927812400214,3.8456209176484,4.10306580360807,2.58354287745738,4.85351132889876,2.5367322044118,57.1666855555858,17.9224731320244
66.7589549119075,-128315.3376,-187520.1344,-120592.9728,-197816.6208,-123167.0944,66.8361752888981,66.7582281694756,67.5266127925447,66.8380212315557,66.592931750332,58.8611155963311,55.827795351274,56.4322671717438,57.0964091604715,54.9776480719879,3.84458233568442,4.09935079570811,2.59731633988972,4.85217532829178,2.53378297042849,57.0969452748732,17.9272077700025
73.8533042345306,-128315.3376,-187520.1344,-120592.9728,-197816.6208,-123167.0944,66.8617993691722,66.758947056017,67.3584634873811,66.8670064052582,66.5922306195865,58.8732077813708,55.8250199082667,56.3215980629388,57.1107540616915,54.9734515942505,3.83806998806783,4.09804070076947,2.6108432107431,4.84489413399319,2.53302071729806,57.0358414250123,17.9248687508717
73.8505556308058,-128315.3376,-187520.1344,-120592.9728,-197816.6208,-123167.0944,68.7731501434472,66.8912835044406,67.212379986316,68.9269443950359,66.594745275725,59.8221928878398,56.232104057567,56.7068772649305,58.2135688209509,55.539085485233,3.42541839319633,4.20367052586505,2.74289826251076,4.41205569824715,2.66203994502389,56.9928422682245,17.4460828248432
73.8679196225235,-127635.9138,-185420.0972,-120098.8464,-195469.5204,-122611.2022,71.6062149707338,67.8788104208346,67.0955526036553,71.8067326896588,66.6574645613172,60.9814446815882,57.2396205297597,57.3478519172559,59.5746077329709,56.403918709895,2.87050217619451,4.16440329769023,2.94402293014164,3.81840223989834,2.85733137862751,57.0858434594863,16.6546620225522
73.9230937704489,-127635.9138,-185420.0972,-120098.8464,-195469.5204,-122611.2022,73.1172890604519,69.6285508183911,67.0437855630301,73.2440252668593,66.9835490747866,61.4853859479347,58.2713691659368,57.7395804690988,60.1494849327783,57.0916073251943,2.62196357221542,3.9011331176137,3.08435315507348,3.56691965824636,2.96178233203531,57.3426541687356,16.1361518351843
73.8292386138014,-127635.9138,-185420.0972,-120098.8464,-195469.5204,-122611.2022,73.6821240049883,71.2822524115379,67.1301753517242,73.7413560882455,67.7226510789349,61.680163656045,59.0695351759304,58.0649452002217,60.3704997438761,57.8624181848577,2.5411203961563,3.62784764540081,3.16566196967002,3.49320732572243,2.97130692735092,57.6273797053998,15.7991442643005
73.8799475496234,-127635.9138,-185420.0972,-120098.8464,-195469.5204,-122611.2022,73.857883486138,72.4342163605928,67.440317018812,73.8819394580261,68.7605765384725,61.764047907031,59.5836526928704,58.4387671487684,60.4684874383599,58.6802483055677,2.52181584883191,3.44777697015974,3.18805702920342,3.48211431813776,2.90643098384723,57.8947069605674,15.5461951501801
73.862285791739,-127635.9138,-185420.0972,-120098.8464,-195469.5204,-122611.2022,73.9060341307532,73.1140748767994,68.0043855315669,73.9160354378706,69.8584244107124,61.8121774936635,59.9022297912827,58.9018035303492,60.5290837743024,59.4159368459465,2.52181145781287,3.35349659191164,3.15267188288756,3.48900739370294,2.80563209884193,58.1547233199689,15.3226194251569
73.8283789323329,-127635.9138,-185420.0972,-120098.8464,-195469.5204,-122611.2022,73.91657842085,73.4773162092801,68.7565343728556,73.92177730729,70.8397921805195,61.8480265437262,60.1051117458767,59.4092291138838,60.5770107838704,59.9979535598542,2.5270990709639,3.31328148536758,3.07013128830611,3.5000367560844,2.7022887287421,58.412774453578,15.1128373294641
73.8218040468648,-127635.9138,-185420.0972,-120098.8464,-195469.5204,-122611.2022,73.9174203575584,73.659206327202,69.5781651559917,73.9211835739752,71.6331315045742,61.8774922104447,60.2395469035657,59.8884827396309,60.6174288912374,60.4251469039879,2.53310699730964,3.30156497035296,2.96165066137389,3.51082641308307,2.61400950728751,58.6663441979953,14.9211585494071
73.8502455450098,-127635.9138,-185420.0972,-120098.8464,-195469.5204,-122611.2022,73.9159018566591,73.74602795439,70.3651594984183,73.919315591443,72.2356782830652,61.9014051404014,60.3310171444519,60.2930134099668,60.6504990414759,60.7264999148703,2.53846889776826,3.30270903951282,2.84918964487829,3.52007077326345,2.54560120333418,58.91215535051,14.756039558757
73.8477580042949,-127635.9138,-185420.0972,-120098.8464,-195469.5204,-122611.2022,73.9143771598244,73.7856167395603,71.0570780683934,73.9177869775475,72.6746235792668,61.9201858771287,60.3940913971387,60.61133636552,60.6765138111299,60.9347480352984,2.54276637063143,3.30850118520797,2.74728737826472,3.52739292863408,2.49557827029238,59.1478187612783,14.6215261330306
73.8813168163154,-127635.9138,-185420.0972,-120098.8464,-195469.5204,-122611.2022,73.9126124796575,73.8026469901326,71.6320462594969,73.9160070717516,72.9847548281009,61.9343083956026,60.4378357015916,60.8520531022427,60.6960637744196,61.0769504152454,2.54613892104788,3.3151143334985,2.6621032052888,3.53308424119788,2.46038457533239,59.3712732406405,14.5168252763655
73.8491406867697,-127635.9138,-185420.0972,-120098.8464,-195469.5204,-122611.2022,73.9104795448766,73.8090572759509,72.0917529232604,73.9138774466797,73.1985694340947,61.9445695947099,60.4682056771616,61.0301833735973,60.7102805703013,61.1732558155774,2.54877617862518,3.32106815963425,2.59433837197107,3.53745829796528,2.43634213899839,59.5805371407452,14.4379831471942
67.3869541545741,-127635.9138,-185420.0972,-120098.8464,-195469.5204,-122611.2022,73.908636623603,73.8105186907653,72.4492127468477,73.9120905165046,73.3428766583366,61.951969230491,60.489282888958,61.1604295125707,60.7205424355809,61.2380373070605,2.55074639394325,3.32595850162293,2.54212112513432,3.54068931461323,2.42033598738971,59.7738662597101,14.3798513227034
67.4140511933469,-106422.4589,-119851.2366,-104670.8792,-122186.6762,-105254.7391,73.6074097185377,73.797889448052,72.6968552002988,73.5947966606958,73.4291139114788,62.5373407791942,62.1754778350163,62.1073920412561,62.2368941423965,62.2070088412295,2.29714019613288,2.46405731176233,2.3618725894,2.57057483562697,2.24115485778048,59.9457119526336,11.9347997907027
67.4166371228755,-106422.4589,-119851.2366,-104670.8792,-122186.6762,-105254.7391,72.0015328186324,73.6490025747745,72.8813394248023,71.9355263634408,73.4816930654808,62.1658154508174,62.0914651185203,62.0916633825394,61.8252786122479,62.1585997527525,2.58542406044929,2.47788842768708,2.31804575724393,2.88779653254291,2.22116647793059,60.203203542851,12.4903212558538
67.4027950076725,-106422.4589,-119851.2366,-104670.8792,-122186.6762,-105254.7391,69.9558980821666,73.0774742143474,73.0206516927878,69.8696505254715,73.4812287693213,61.5477144485618,61.8610884466984,62.0067698713409,61.1611481859976,62.03781039695,3.02437499496258,2.55325457849467,2.27085810228154,3.35262451118639,2.19781139466462,60.4856789487022,13.3989235815898
67.3707349572606,-106422.4589,-119851.2366,-104670.8792,-122186.6762,-105254.7391,68.5200655668895,72.0378660282107,73.116272851338,68.4601705956166,73.3648317940303,60.9848416289732,61.4869857820258,61.8948883708646,60.5788828492772,61.8702713739893,3.37475044458471,2.71430322846928,2.22886603835082,3.70451369607773,2.18803280627083,60.6774020728311,14.2104662137534
67.4062511854455,-106422.4589,-119851.2366,-104670.8792,-122186.6762,-105254.7391,67.8240836947139,70.7815176908653,73.1525188035878,67.7962187818878,73.0609816740842,60.64958432129,61.0291703242137,61.7853017450387,60.2423581552002,61.6677111624213,3.54442853932429,2.936553348514,2.2002714158602,3.86508830939961,2.20748513492823,60.7210786584343,14.7538267480263
67.4270298989208,-106422.4589,-119851.2366,-104670.8792,-122186.6762,-105254.7391,67.5630679597782,69.614064868432,73.0971319239424,67.5532140969607,72.5363970519125,60.4882289998677,60.5627320612861,61.6690055574855,60.0817446748621,61.4103896714019,3.59435747988385,3.16398578260241,2.18854447087799,3.90771035115117,2.26051218847546,60.6682362489301,15.1151102729909
88.2701052958319,-106422.4589,-119851.2366,-104670.8792,-122186.6762,-105254.7391,67.5298666681092,68.7161701281394,72.9125486231198,67.528734147748,71.816623182499,60.4305704464596,60.1613888642736,61.5322015994711,60.0241478565463,61.086724884048,3.58197482406491,3.3476353669469,2.19773287403545,3.89046607849305,2.34396213208682,60.5998817270824,15.3617712756271
88.2364379185309,-106422.4589,-119851.2366,-104670.8792,-122186.6762,-105254.7391,71.5137452294681,68.3162771584065,72.5715167091067,71.5947197565019,70.9674168825355,61.8963755585726,60.2784875081229,61.69844697947,61.5734535118374,61.0991321725948,2.64412216694592,3.56295568327069,2.30026693415121,2.91343805126311,2.54861670816782,60.5612129579443,13.9693995437988
88.2499272906977,-106422.4589,-119851.2366,-104670.8792,-122186.6762,-105254.7391,78.3563827913369,69.6893541484022,72.0753714810214,78.4924843466339,70.1495073070877,63.1952356010098,61.0372618774109,61.8446535279471,62.971410400477,61.1318910111733,1.67728075028203,3.30998415394049,2.44469282473849,1.88107720511655,2.78903808583062,60.6559593092881,12.1020730199082
88.2694160874085,-106422.4589,-119851.2366,-104670.8792,-122186.6762,-105254.7391,83.1150152491,72.9492375759932,71.5271707701955,83.2689666858617,69.87297127156,63.6561952776793,62.0493474092594,61.8568335572388,63.4782945650442,61.214806579361,1.30683671321677,2.6273923752751,2.58635890569495,1.47525754662638,2.90482754565442,60.8775791499281,10.9006730864676
88.2454176682425,-106422.4589,-119851.2366,-104670.8792,-122186.6762,-105254.7391,85.7143095997978,76.6572991679868,71.0861617725037,85.8617721835956,70.5930849711689,63.8373655783202,62.7817164242855,61.8395510934401,63.6787725341919,61.5851438999823,1.16238814294916,2.0639340951941,2.70487897024093,1.31615826806493,2.79203372823564,61.1036410622462,10.0393932046847
88.2312981067049,-106422.4589,-119851.2366,-104670.8792,-122186.6762,-105254.7391,87.0214934650564,79.8664320096785,70.9621341461353,87.13792650875,72.1367502747943,63.9203299179169,63.2113720589168,61.8841430399052,63.7699507578798,62.1178545186449,1.10078872359123,1.71949476015561,2.75512087191175,1.24941666793526,2.51030411982031,61.28852597617,9.33512514341417
88.2531487171424,-103980.3412,-112302.8728,-102894.7936,-113750.2696,-103256.6428,87.645510964846,82.2542055005049,71.3480541795857,87.7237133639139,73.9863370043574,63.9912198811288,63.5578125310366,62.1152749232687,63.9013113542583,62.6519953850503,1.05037853713465,1.43528311585732,2.66296516740862,1.14096263769695,2.1768386515801,61.4344619333043,8.46642810967764
88.2707515815881,-103980.3412,-112302.8728,-102894.7936,-113750.2696,-103256.6428,87.9493608907841,83.9686464494108,72.2211131038527,87.9992008233331,75.8203007754443,64.0146647807932,63.6960813868612,62.375691961726,63.9256024025451,62.9993348710953,1.03807291102813,1.32369125829489,2.49725930491117,1.12905724180158,1.92442855797248,61.5613371994046,7.91250927400825
88.2916192464063,-103980.3412,-112302.8728,-102894.7936,-113750.2696,-103256.6428,88.09455344496,85.1631860087864,73.3901772206925,88.1257271796914,77.4962688636593,64.0290338340812,63.7826534990482,62.6556651470926,63.9405275990149,63.2473310922811,1.03242980277228,1.25509582814595,2.29042264700716,1.12384727455094,1.73156998247836,61.6776365073759,7.4333655349547
88.2263089315918,-103980.3412,-112302.8728,-102894.7936,-113750.2696,-103256.6428,88.161936164544,85.9879940738251,74.664797105392,88.1815808549011,78.9738205022005,64.0381368433227,63.8384821138042,62.9040926776406,63.95003388065,63.4244622314728,1.0299355974005,1.21152182517371,2.09056946452364,1.12169770514844,1.58675570383947,61.7873314009789,7.04048029608576
88.2831675366047,-103980.3412,-112302.8728,-102894.7936,-113750.2696,-103256.6428,88.1908513065347,86.5585837878538,75.9249017843509,88.2035761078434,80.2544679129326,64.0440482394234,63.8754716633483,63.1067698861198,63.9562484170306,63.5533426200556,1.02895441671584,1.18302184502808,1.91810864119271,1.12096767857484,1.4773275749056,61.8921264762919,6.72838015641707
88.2096718295988,-103980.3412,-112302.8728,-102894.7936,-113750.2696,-103256.6428,88.2003138591667,86.9554168945556,77.1114500492449,88.2089242665462,81.3547713495307,64.0479745858713,63.9005804782736,63.267443639533,63.9604055548688,63.6492664603286,1.02871855948725,1.16394741094584,1.77597213048796,1.12091261971085,1.39352326191883,61.9926411907841,6.48307398255074
88.2673103716035,-103980.3412,-112302.8728,-102894.7936,-113750.2696,-103256.6428,88.1998750981854,87.2326686820842,78.2013508009859,88.2060479583978,82.2953931778368,64.0506411487633,63.9179722316375,63.394420656868,63.9632494752994,63.7221970617133,1.02885084129414,1.15097433129983,1.66047717647348,1.12117710552944,1.32842149368691,62.0890058049674,6.28990094828379
65.6051099296345,-103980.3412,-112302.8728,-102894.7936,-113750.2696,-103256.6428,88.1946674583024,87.4267348039645,79.1895817329433,88.1994091470257,83.0968319537968,64.0524972087064,63.9302096960422,63.4955188296454,63.9652438196248,63.7786605583774,1.02915187029996,1.14206747735066,1.56661596869085,1.12157651258084,1.27719298178351,62.1811796407407,6.13660481070582
65.5839666447572,-103980.3412,-112302.8728,-102894.7936,-113750.2696,-103256.6428,88.0776168993349,87.5618103398476,80.079380030577,88.0754111051988,83.7778898809087,64.0494510795904,63.9387534431215,63.5767151808615,63.9616864387822,63.822862417932,1.03403480115221,1.13595024021766,1.48985450421777,1.12717844336459,1.23643192037182,62.2691480593363,6.02344990932405
65.6012477628413,-103980.3412,-112302.8728,-102894.7936,-113750.2696,-103256.6428,87.0556245303945,87.633444930803,80.8773428724673,87.0061028725986,84.3550942042857,64.0082276175601,63.9426462171801,63.6412395824501,63.9149075701902,63.8566068336469,1.07803756577976,1.13270208745983,1.42645754346257,1.17709240588247,1.20365139539327,62.3536438733658,6.01794099797789
65.6076254444658,-103980.3412,-112302.8728,-102894.7936,-113750.2696,-103256.6428,84.6528854429013,87.5565569439735,81.5910244436119,84.5149980646275,84.8410488769115,63.8938813842233,63.9371263928444,63.6910840192489,63.7858562877956,63.8806495263902,1.19687628535751,1.13612464527552,1.37355594348689,1.31122025821601,1.17712608975206,62.4368157397344,6.194903222088
65.610859025744,-103980.3412,-112302.8728,-102894.7936,-113750.2696,-103256.6428,81.1589882521084,87.1833798785589,82.2274929143834,80.9242275941746,85.2400583492998,63.6744030880316,63.9138781892068,63.7271005819288,63.5389039349002,63.8945962222287,1.42102082676342,1.15320978999695,1.32897557609162,1.56341470345386,1.15589125127582,62.5214308026627,6.62251214758167
65.6143149247299,-103062.4176,-109465.6544,-102227.2128,-110579.2608,-102505.6144,77.1849331531431,86.3879682706627,82.7889995139641,76.9030988346493,85.541758648578,63.3196909598776,63.8925756125449,63.7585228869543,63.1763609598946,63.9061549676363,1.7761408520075,1.16275666380073,1.28357542071971,1.92491199863814,1.1320957845237,62.6075816747713,7.27948071968983
65.6174542070192,-103062.4176,-109465.6544,-102227.2128,-110579.2608,-102505.6144,73.2639175208765,85.0855367393895,83.2823728163309,72.9840022684205,85.7288799630704,62.7297473132666,63.799519254261,63.7604649475027,62.5397905151385,63.88936750776,2.33778480858859,1.22881923480121,1.25126356538209,2.52989532014925,1.12152575626128,62.691145176648,8.46928868518246
82.7525734433273,-103062.4176,-109465.6544,-102227.2128,-110579.2608,-102505.6144,69.9548838139384,83.2636413875555,83.7063216926546,69.7346212471999,85.7708918018955,61.9075628539237,63.6428211760672,63.7387169391998,61.6803551744786,63.8475090573048,3.06022627962789,1.33310776186235,1.22333411265987,3.28059219781255,1.11723523728851,62.7380408556766,10.0144955892512
82.7240542364025,-103062.4176,-109465.6544,-102227.2128,-110579.2608,-102505.6144,69.0025244673777,81.0084648463751,84.0559360498639,68.9122780928627,85.6319156158366,61.5825781889524,63.4499127652368,63.7356074553019,61.3828513692908,63.8173666264221,3.31897592763482,1.48968249757556,1.20209926376622,3.50926616425606,1.12280917357976,62.6619768668386,10.6428330268124
82.7435411098012,-103062.4176,-109465.6544,-102227.2128,-110579.2608,-102505.6144,71.6993178720428,78.6498526414534,84.3220076126843,71.7195470732091,85.2751039020678,62.372558748754,63.2819203567215,63.790012334971,62.2279750535286,63.8356068270398,2.64042662160591,1.70202908455208,1.18970668523021,2.78381309044375,1.14245103964444,62.4605493036342,9.45842652147637
82.7443846642295,-103062.4176,-109465.6544,-102227.2128,-110579.2608,-102505.6144,75.1043122629129,76.7500057021718,84.4865653153403,75.1486845943466,84.6753784132043,63.0224553194982,63.1042247179135,63.8247307767968,62.9049486613645,63.8281723886849,2.03831440794042,1.91683185800907,1.18223055157292,2.15806373004977,1.17490927532502,62.3055995988791,8.47034982289721
82.7235742153108,-103062.4176,-109465.6544,-102227.2128,-110579.2608,-102505.6144,77.8323003672941,75.7118715391219,84.5219163375423,77.8634020472651,83.8417204207036,63.3684684609258,62.9843697548391,63.8370839789358,63.2644428675756,63.7909436697628,1.70263476801015,2.05512976241274,1.18091612344381,1.80990727572114,1.22157739957233,62.2808327687202,7.97016532916018
82.7385302365709,-103062.4176,-109465.6544,-102227.2128,-110579.2608,-102505.6144,79.7296175085897,75.5688171122064,84.4016000779536,79.7457070748331,82.8288331390472,63.5514169672845,62.9730516362337,63.8359478076981,63.4551972512814,63.733504774218,1.52221027422439,2.07662390729139,1.18775965488535,1.62197271438833,1.28269989679429,62.364157037084,7.69126644758376
82.7426153069685,-103062.4176,-109465.6544,-102227.2128,-110579.2608,-102505.6144,80.9490785261286,76.0793915197405,84.1233010449908,80.9580184420225,81.7328649487176,63.6511772127184,63.0484208974891,63.8242718770356,63.55976544029,63.6620661794713,1.42367693260832,2.00726933367312,1.20336060611076,1.5187020463862,1.35542296915528,62.5015800848525,7.50843188793369
78.9545601938503,-103062.4176,-109465.6544,-102227.2128,-110579.2608,-102505.6144,81.6834237035644,76.938602185156,83.7197321140054,81.6905463860853,80.6738007528379,63.7058079402663,63.1601113266073,63.8037105543654,63.6172691242801,63.5836653541667,1.36984922843402,1.89836956649081,1.22650259088454,1.46197958757131,1.43319962957836,62.6477529772526,7.38990060295905
79.0331055725698,-103062.4176,-109465.6544,-102227.2128,-110579.2608,-102505.6144,81.9217278854564,77.9044162111796,83.2431627444417,81.9260498624039,79.769028702748,63.7228524446265,63.2707667245367,63.7761634914814,63.6349941718607,63.5077522631206,1.35319477088053,1.78743298053679,1.2547928792516,1.44457284939202,1.50625172714799,62.7777355253801,7.34624520720892
78.9834987756246,-103062.4176,-109465.6544,-102227.2128,-110579.2608,-102505.6144,81.6503586463342,78.8017592896895,82.7409052012207,81.6461147329181,79.1041302732134,63.7038345775941,63.3614426270044,63.7437977918729,63.6141485121864,63.444991189204,1.37222244196763,1.69404995308508,1.28583007489819,1.46532896711492,1.56417128626386,62.8832330582895,7.38160272332968
79.0001060501573,-102894.0648,-108945.2912,-102104.7744,-109997.6784,-102367.8712,81.0913569578307,79.5074867256321,82.2430680819676,81.0766395906687,78.7104670652721,63.6651817892679,63.432870767024,63.7109564850496,63.5772416885568,63.4063796274065,1.41088880229672,1.61946809263679,1.31651460374397,1.5019827692867,1.59830909707897,62.9642962603646,7.44716336504313
78.9205966678948,-102894.0648,-108945.2912,-102104.7744,-109997.6784,-102367.8712,80.480505498433,79.9674233056753,81.7628196397487,80.4587631602182,78.5604551879327,63.6173621830215,63.4705371495448,63.675090566997,63.5261280535324,63.3879560315009,1.45799599471567,1.57801462651679,1.34885896717182,1.55225657177753,1.61217093652388,63.0247378733685,7.54929709670567
79.0084120765294,-102894.0648,-108945.2912,-102104.7744,-109997.6784,-102367.8712,79.9589675733505,80.1863102721226,81.3077753350686,79.9360272478783,78.5885784759399,63.5738441967948,63.4863894680342,63.6393653240605,63.4800537581113,63.3877243842092,1.5005316009622,1.55882940714204,1.38087103142585,1.597219036492,1.60916367112155,63.0685223199904,7.64661474714365
78.994603792632,-102894.0648,-108945.2912,-102104.7744,-109997.6784,-102367.8712,79.5744723629433,80.2101061187136,80.886963520256,79.554860274197,78.7185919493463,63.5399101352966,63.4858708537118,63.6048868010545,63.4445390643543,63.3981926683302,1.53333749079815,1.55656310939568,1.41173980141218,1.63148790017951,1.59660735505388,63.0992748728283,7.7297356568394
78.9478824604266,-102894.0648,-108945.2912,-102104.7744,-109997.6784,-102367.8712,79.3183927899317,80.1011394241441,80.5112502368174,79.3040024685104,78.8848558846796,63.5161905238739,63.4744186532556,63.5728599631273,63.4200199746596,63.4124843318141,1.5558841102165,1.5656922375178,1.44038454430064,1.65473577750662,1.58092520534788,63.1202042218471,7.79762187488943
78.9634575466852,-102894.0648,-108945.2912,-102104.7744,-109997.6784,-102367.8712,79.16022410914,79.9192015510052,80.1899837268927,79.1509030820291,79.0414068245932,63.5008482530387,63.4568065242509,63.544420755181,63.4043481803519,63.4258760219949,1.57007505523325,1.58132079834367,1.46572366443948,1.66917743506321,1.56643168161549,63.1340975341486,7.85272863469511
78.9652890943941,-102894.0648,-108945.2912,-102104.7744,-109997.6784,-102367.8712,79.0681157423222,79.7114602966718,79.9274999070492,79.0627650490451,79.1619525098345,63.4914266488457,63.4368270966005,63.5203416570358,63.3948225735131,63.4358246345371,1.57840958785543,1.59956463081711,1.48702140759419,1.67755237568113,1.55541544418289,63.1432308181072,7.89796344613074
78.9859064428358,-102894.0648,-108945.2912,-102104.7744,-109997.6784,-102367.8712,79.0169738886129,79.5095983206086,79.7216495324943,79.0143496522593,79.2357632604476,63.4858031185209,63.4171748483732,63.5008184895073,63.3891795255852,63.4413915807541,1.5830355467813,1.61767602569435,1.50410268690295,1.68214450842964,1.54869485602147,63.1492812578289,7.93565362382971
78.9915295857949,-102894.0648,-108945.2912,-102104.7744,-109997.6784,-102367.8712,78.9896391627268,79.3313429438577,79.5646512900218,78.9887225914152,79.2627377294507,63.4824556115676,63.3994929999923,63.4854578533453,63.3858316133204,63.4426321807775,1.58548425838091,1.63398021812148,1.51735195248689,1.68454641891455,1.54617566230359,63.1533377801626,7.96753851020743
79.0334631535397,-102894.0648,-108945.2912,-102104.7744,-109997.6784,-102367.8712,78.975745935964,79.1839234964685,79.4454004458912,78.9758350223764,79.2490868597677,63.4804373481002,63.3845544723038,63.4734496961375,63.3838105448364,63.4401413978161,1.58669930790813,1.64768147427535,1.52754011941415,1.68572042454943,1.54726716170307,63.1560167003868,7.99490848785013
79.0113288032145,-102894.0648,-108945.2912,-102104.7744,-109997.6784,-102367.8712,78.9692814167577,79.067819688507,79.3520624120146,78.9699365841979,79.2040413256838,63.4791841795803,63.3725108504592,63.463813429263,63.3825477332206,63.4347536921662,1.5872331229256,1.65860563273846,1.53558743836669,1.68622175100327,1.55115834924853,63.1576255231623,8.01880629428256
78.9944300664126,-102894.0648,-108945.2912,-102104.7744,-109997.6784,-102367.8712,78.966406398582,78.9798355954866,79.2741008141251,78.9673604295598,79.1375595828384,63.4783258634957,63.363135515923,63.455615161556,63.3816709276496,63.4273561655073,1.58743979646084,1.66695444708082,1.54235974867752,1.68640560423345,1.55699207226357,63.1583133364583,8.0401516687162
79.0422302309575,-102790.8485,-108626.259,-102029.708,-109641.113,-102283.4215,78.9653389047114,78.9152227582608,79.203448749318,78.9664313093395,79.058889174438,63.4794428094917,63.3609304914382,63.4496964474027,63.3862024715036,63.4205490441648,1.58607108481747,1.66874164990884,1.54755883393249,1.68152814583932,1.56285659673913,63.1581600146956,8.04675631123725
78.9819939655979,-102790.8485,-108626.259,-102029.708,-109641.113,-102283.4215,78.9652421010176,78.8689631942491,79.134722561599,78.9664039136697,78.9757241083256,63.4789351162446,63.3556423600741,63.4423946842236,63.3856690365607,63.4115313551381,1.58602900247724,1.67314887753252,1.55361643810434,1.68147353228692,1.57030200166611,63.1573967783061,8.06456985206713
78.9841289720614,-102790.8485,-108626.259,-102029.708,-109641.113,-102283.4215,78.9654003058623,78.8366123994296,79.0650270329548,78.9665941177284,78.8939168191272,63.478485907944,63.3517418666172,63.4350004617202,63.3851925229218,63.4026177930569,1.58596679674404,1.67622294842575,1.55980915523726,1.68140158316506,1.57769099889665,63.1561182166062,8.08109148246879
79.0309208863571,-102790.8485,-108626.259,-102029.708,-109641.113,-102283.4215,78.9654792706372,78.8144577534885,78.9934521505342,78.9666859669746,78.8174987821954,63.4780615251962,63.3488767586998,63.4274197516431,63.3847400007329,63.3942152682935,1.58591525216307,1.67831362748337,1.56622175244542,1.68134284165775,1.5846484967107,63.1543402269463,8.09644197046032
79.0132916016948,-102790.8485,-108626.259,-102029.708,-109641.113,-102283.4215,78.9654557100874,78.7995598514464,78.9204396361042,78.96666927694,78.7488969523946,63.4776595551617,63.3467668537629,63.4196909166698,63.3843106682212,63.3865859766134,1.58587650388879,1.67970252008119,1.57281812534944,1.68129831736639,1.59093791768557,63.1520952871455,8.11063338437138
88.0127843054656,-102790.8485,-108626.259,-102029.708,-109641.113,-102283.4215,78.9980720270026,78.7898234686185,78.8472085843757,79.0002609359544,78.6892472940764,63.4804176622869,63.3454114502228,63.4121312316231,63.3872914655372,63.3800747546019,1.58282504828595,1.68061401816953,1.57950996844636,1.67800195594301,1.59646009421007,63.1494418589494,8.1174110850549
87.9841360398074,-102790.8485,-108626.259,-102029.708,-109641.113,-102283.4215,79.6210124401593,78.7995716180549,78.7752952531498,79.6378494438051,78.638856472579,63.5376568504616,63.3495111101702,63.4082112187642,63.4487006695306,63.3781591601239,1.52715220913533,1.67999959140971,1.58649868041723,1.61828108906317,1.60153121015645,63.1464022998335,8.01346278018189
87.9679161237839,-102790.8485,-108626.259,-102029.708,-109641.113,-102283.4215,81.1006926123208,78.9241945814245,78.7062755621517,81.1412121032035,78.5999250592824,63.6595610537767,63.3691255169759,63.4089967501371,63.5785264543618,63.3819769741059,1.40826482138903,1.66865831536711,1.59373826168777,1.4917190817662,1.60603012297397,63.1437214711368,7.76841060318408
87.975967598754,-102790.8485,-108626.259,-102029.708,-109641.113,-102283.4215,82.8672475577496,79.2952220650023,78.6419992919902,82.9234053958792,78.5847214634265,63.7830472496793,63.412356331567,63.4111456563264,63.7091854939404,63.3891034139896,1.28701918983366,1.63421990565979,1.60068891249317,1.36350023280388,1.60839019216814,63.1440539503689,7.49381843295865
87.9343286638863,-102790.8485,-108626.259,-102029.708,-109641.113,-102283.4215,84.4358806879661,79.9549554298188,78.5858225213747,84.4964589203151,78.6205258683573,63.8768055993379,63.478325958881,63.4132914180115,63.8079158210576,63.4005419653415,1.19469051565952,1.57532797507429,1.60684188922237,1.26633340896676,1.60581530114527,63.1496797668272,7.2490090900682
88.0207657659512,-102790.8485,-108626.259,-102029.708,-109641.113,-102283.4215,85.6327056962906,80.8372867267535,78.5445400013086,85.6899974443855,78.7416578871971,63.940391866169,63.5567338557277,63.4159136192989,63.8746054282546,63.4194306251176,1.13227810603634,1.50204079315207,1.61150509813665,1.20092241707444,1.59509989093652,63.160407971661,7.04184630533602
87.9667620876429,-102790.8485,-108626.259,-102029.708,-109641.113,-102283.4215,86.4688724023803,81.8271448589416,78.5295884586318,86.5187093028787,78.974194551564,63.9816091032772,63.6355453124252,63.4202968960462,63.9176434578388,63.4480488755956,1.09225083072227,1.42681765141826,1.61356728351076,1.15917512426468,1.57415005273826,63.1743228722929,6.86596094265423
87.9911079024676,-102793.8548,-108635.5512,-102031.8944,-109651.4984,-102285.8812,87.0213581155778,82.8169167335702,78.556138662099,87.0621176518759,79.3250267165701,64.0078232564924,63.7066046630611,63.4280691514599,63.9448002464173,63.4862704522444,1.06730454581485,1.35834075357584,1.61159895269805,1.1333959917128,1.54311805603276,63.1893353324726,6.7137582998343
88.0014808473396,-102793.8548,-108635.5512,-102031.8944,-109651.4984,-102285.8812,87.3727262327593,83.7316194238621,78.6398714831982,87.4045085320927,79.7808735371969,64.0244637165986,63.7667606595815,63.4409313718962,63.9619764025243,63.5318650129647,1.05200334942993,1.30020031723776,1.60408428490089,1.11767255950357,1.50415766845922,63.2040211746797,6.57811817953136
87.9965793995148,-102793.8548,-108635.5512,-102031.8944,-109651.4984,-102285.8812,87.5901069208159,84.5311262927792,78.7927087590574,87.6140445213765,80.3150090234216,64.0350696934026,63.8155946661107,63.4598950414169,63.9728564068935,63.5813601472566,1.04276848018668,1.25308469831915,1.59007873105766,1.10828080042425,1.46059421692517,63.2177257962595,6.4548069269129
88.0378774767621,-102793.8548,-108635.5512,-102031.8944,-109651.4984,-102285.8812,87.7216368887469,85.2022118748926,79.0194802031442,87.7392840571146,80.8960150270546,64.0419241881077,63.8542852401669,63.4850960489471,63.9798529586142,63.6314246684592,1.03727822549585,1.21596425465972,1.56944625146935,1.10276524626691,1.41567626389784,63.2303252519546,6.34113024178966
87.9919423555314,-102793.8548,-108635.5512,-102031.8944,-109651.4984,-102285.8812,87.7994857442931,85.7488422617852,79.3169219306457,87.8123932189531,81.4944904838148,64.0464490218735,63.8844921048973,63.5157268947643,63.984458881129,63.6795161345403,1.03407621759734,1.18724387016585,1.54294538636643,1.09959489207205,1.37193971191872,63.2419553951497,6.23580007812037
87.9897526978293,-102793.8548,-108635.5512,-102031.8944,-109651.4984,-102285.8812,87.8443729009244,86.1841274817396,79.6750155567694,87.8538704154878,82.0865373732018,64.0495198683288,63.9078656195406,63.5503165454577,63.9875854189967,63.7240408661744,1.03225896527804,1.16529047196082,1.5119898338931,1.09782795648135,1.33103201774494,63.2528265124358,6.13839924535826
69.6893344933862,-102793.8548,-108635.5512,-102031.8944,-109651.4984,-102285.8812,87.8681324608596,86.5247701256043,80.0796346501215,87.8752016208457,82.6546845995819,64.0516245134178,63.9258506842147,63.587136777233,63.9897310549626,63.7642068210409,1.03132039443292,1.14865295954736,1.47827097918063,1.0969461461615,1.29383020710823,63.2631311387149,6.04902068643064
69.665963692907,-102793.8548,-108635.5512,-102031.8944,-109651.4984,-102285.8812,87.630560863171,86.7854556628862,80.5152948127036,87.6254778307679,83.1873549289872,64.0430307563022,63.9392157275536,63.6241442291217,63.9801382875664,63.7994174960622,1.04133201988867,1.13621829116743,1.44338189746453,1.10808621879286,1.26063284767345,63.2730494187248,5.98965127498693
69.698694616469,-102793.8548,-108635.5512,-102031.8944,-109651.4984,-102285.8812,86.437243940036,86.946953578229,80.9672291441577,86.3899827989798,83.6773968932594,63.9927129402818,63.9463720232362,63.6587666741256,63.9248992843617,63.8286602141899,1.09436238033396,1.12859388519635,1.40858155494178,1.16630213591017,1.23136656865201,63.2829558715316,6.02920652503427
69.6478527841954,-102793.8548,-108635.5512,-102031.8944,-109651.4984,-102285.8812,84.1712002543159,86.9210153071349,81.4225073300707,84.0635515891886,84.1185863780663,63.8806677844047,63.9428110332569,63.6891912888107,63.8025440711531,63.8513061755154,1.21053749608563,1.1296929642337,1.37483485451698,1.2931772945238,1.20593737947665,63.2932685657086,6.21417998883675
69.6615841605179,-102793.8548,-108635.5512,-102031.8944,-109651.4984,-102285.8812,81.222557148053,86.5899963060649,81.8701151241569,81.0612272584071,84.5002916768141,63.6940150540389,63.9222207460143,63.7139733486572,63.5996605687945,63.8664755037154,1.40128313231243,1.14516378681079,1.34281728360311,1.50049966032462,1.18451529138114,63.3036793328936,6.5742791544321
69.6719832978189,-102793.8548,-108635.5512,-102031.8944,-109651.4984,-102285.8812,78.0992199246948,85.8660954353165,82.300188245053,77.9106895271133,84.8039787910157,63.4220533944638,63.8777511174729,63.7316201462671,63.3062731949756,63.8725792378031,1.67351445660702,1.18054890007609,1.31299197924063,1.7940514903593,1.16767494282683,63.3116576884428,7.12878176910989
69.6625969206762,-102795.859,-108641.746,-102033.352,-109658.422,-102287.521,75.2475640509549,84.7218061177022,82.7029046994157,75.0671147224512,85.003655248314,63.068469229101,63.8024553927448,63.740952175305,62.9299849322617,63.8677391078343,2.01681074254643,1.24094654175392,1.28577103229247,2.15889009380016,1.15639475677751,63.3094690963258,7.8588131671705
69.6566703387106,-102795.859,-108641.746,-102033.352,-109658.422,-102287.521,72.9827748817831,83.1951907222863,83.0675298644438,72.8404203819274,85.0691888643018,62.6751927735835,63.6906459947735,63.7425634011457,62.5203503238415,63.8512959031007,2.38299622679377,1.33096138877084,1.26161819310324,2.5390069179498,1.15192694435935,63.2804498190156,8.66650967097698
69.6974016664514,-102795.859,-108641.746,-102033.352,-109658.422,-102287.521,71.4323256376831,81.3814944934043,83.3818885462886,71.3396998290186,84.9705458800696,62.3210380927093,63.5391574807849,63.739381036334,62.1606307921257,63.824535809989,2.69587905660565,1.45495491535176,1.24122285603561,2.85461730006516,1.15584275821008,63.2014182512343,9.40251688626824
69.6648773408059,-102795.859,-108641.746,-102033.352,-109658.422,-102287.521,70.5195022700395,79.4144043717251,83.6318412786392,70.4690174338702,84.6815271340279,62.0667834678872,63.3472739410951,63.7341261862821,61.908072211349,63.7885587080497,2.90592055007819,1.61570829650976,1.22530296358357,3.06072852823253,1.16984155177057,63.0598964095692,9.97750189017464
69.7032300090367,-102795.859,-108641.746,-102033.352,-109658.422,-102287.521,70.0503210831471,77.4399192173848,83.799979256073,70.0266716984239,84.1826672916915,61.9141156119992,63.11564356542,63.7263014967825,61.7585382475322,63.7414493235728,3.01896619478332,1.81229379890581,1.21456215266397,3.16912268371537,1.19569502378285,62.8727972249885,10.4106398538513
69.6622545364401,-102795.859,-108641.746,-102033.352,-109658.422,-102287.521,69.835290662216,75.591513627758,83.8630505318899,69.8255633519664,83.4634935395476,61.8295902948245,62.8490523154238,63.7128741716746,61.6759586981367,63.6787362833471,3.06817993979081,2.03726700058686,1.20995116049427,3.2152147722765,1.23536833371459,62.679612315643,10.765981206863
69.606738477877,-102795.859,-108641.746,-102033.352,-109658.422,-102287.521,69.7460494372495,73.9720426783833,83.7891028366248,69.7424907541989,82.5244025436216,61.7803351679631,62.5607283584847,63.6901249838774,61.627322203212,63.595093670264,3.08358151458114,2.27491726282622,1.2130332920325,3.2288582925391,1.29119677681104,62.5164155610279,11.09158713879
69.6860424775111,-102795.859,-108641.746,-102033.352,-109658.422,-102287.521,69.712647139565,72.6426249209717,83.5376929902187,69.7114721309148,81.3784186048586,61.7464413420665,62.2724329631136,63.6542502409443,61.5932208408603,63.485004808705,3.08339125244794,2.5033091039556,1.22618248653626,3.22763219996742,1.36594743088063,62.3984526789957,11.4064624737878
69.6790152450881,-102795.859,-108641.746,-102033.352,-109658.422,-102287.521,69.7022612396882,71.6191845348649,83.0678921095146,69.7018914937026,80.0530376075506,61.7185659174863,62.0079496378522,63.6011228455823,61.5647027979716,63.3425329707769,3.07663660496907,2.70098444331457,1.25242812202942,3.22012064006252,1.46264060456637,62.3206339266349,11.7128104149419
69.6535327973947,-102795.859,-108641.746,-102033.352,-109658.422,-102287.521,69.7007327631971,70.878596956594,82.3557321266518,69.7006038117157,78.5920735440159,61.6926981631831,61.7839053454926,63.5262243699706,61.5379438539435,63.1610719003786,3.06728560727796,2.85438990654568,1.29481500983773,3.21007237919513,1.58391938313467,62.2675605110399,12.0104822859912
69.6521913306306,-102795.859,-108641.746,-102033.352,-109658.422,-102287.521,69.7022718182145,70.3730345138662,81.4153294593743,69.7022216397054,77.0568670230609,61.6669253092235,61.6050142538649,63.4255146112656,61.5110936024465,62.9341852683116,3.05685999274866,2.96073630854835,1.35525181760111,3.19891584553655,1.73065307488932,62.2235104200812,12.302417039324
69.7374464665051,-102795.859,-108641.746,-102033.352,-109658.422,-102287.521,69.7048810278733,70.0463797561512,80.3119383843859,69.704884381416,75.5251798259121,61.6404131318702,61.4663588778309,63.2975837800287,61.4833400152932,62.6586907407328,3.04582144636974,3.02560987974607,1.43295057838766,3.18708117408886,1.89962175716557,62.1780572541772,12.5910848357579
69.6822770903688,-107512.7437,-123221.2078,-105463.8136,-125953.1146,-106146.7903,69.706236522731,69.8401077802765,79.0941698868554,69.7068077333777,74.0557613949997,61.4296380649636,60.9043620669492,63.001471313053,61.009110387282,62.1321700457252,3.10393484963341,3.29502866890574,1.56595447566839,3.46026338721921,2.12718039039953,62.1141589525994,13.5523617718263
69.6313099149968,-107512.7437,-123221.2078,-105463.8136,-125953.1146,-106146.7903,69.7067045146584,69.7249405368601,77.9105647980443,69.70756597577,72.773628077611,61.3982685542409,60.8075313002836,62.8090301467938,60.9741153904606,61.755602953631,3.09204072967245,3.30180409156243,1.66873327374986,3.44609766618869,2.30201233124001,62.0020208987392,13.8106880924134
89.0295561305296,-107512.7437,-123221.2078,-105463.8136,-125953.1146,-106146.7903,69.7414845979723,69.6643211920254,76.8809866160678,69.7442289615727,71.7361758436031,61.3826998975666,60.7353189633077,62.6194196053701,60.9564379358122,61.3951138141124,3.07341597017557,3.29751718604881,1.76701714042539,3.42478827632392,2.45271033371449,61.8780424631808,14.0154489066882
89.0092056098522,-107512.7437,-123221.2078,-105463.8136,-125953.1146,-106146.7903,72.7657538274356,69.7667368538661,76.0329363056885,72.8763428058609,70.9528619937577,62.2598044349663,60.9096400560857,62.5930347279067,61.9148386731815,61.2985995193307,2.44528327995761,3.32428774074627,1.87504597495626,2.74563812735182,2.62719495854803,61.7749562147338,13.01745008156
89.0402984556617,-107512.7437,-123221.2078,-105463.8136,-125953.1146,-106146.7903,78.6694103083379,70.963235925654,75.3446011280103,78.8776562669836,70.4533729190622,63.2508020538393,61.4585477521651,62.6353292267249,63.0040604237035,61.3537398029806,1.66616999183378,3.09779108646517,1.98283847831435,1.89599911557216,2.78732443140917,61.7594541051816,11.4301231035946
88.9862888309187,-107512.7437,-123221.2078,-105463.8136,-125953.1146,-106146.7903,83.2373585259121,73.6116201580963,74.858445681194,83.4587334030558,70.4737660364466,63.6742563489352,62.19920854426,62.6563884851332,63.4745731402869,61.5063318641447,1.31318755875639,2.57995761980471,2.06526104183183,1.50600892327106,2.8284154880842,61.8524428488149,10.2928306317482
89.0137605486895,-107512.7437,-123221.2078,-105463.8136,-125953.1146,-106146.7903,85.9458003623737,76.8006476937585,74.5299099922637,86.1416341967377,71.2447803339784,63.8554037680924,62.8018222974917,62.6730069326077,63.6765496565883,61.8479309353821,1.16294980399477,2.10328634510411,2.12538073647363,1.33969331947186,2.69916315835638,61.9801311857005,9.43047336340075
88.9992696182859,-107512.7437,-123221.2078,-105463.8136,-125953.1146,-106146.7903,87.4109124508934,79.7389365525059,74.2540011752512,87.5632536450849,72.6434537794307,63.9410221432946,63.1905104397196,62.6765202996883,63.7714241784229,62.2829484500072,1.09459490661398,1.77923496185024,2.17667674238355,1.26498568434937,2.44810739388186,62.0937626715018,8.76359968907898
89.0020649217352,-107512.7437,-123221.2078,-105463.8136,-125953.1146,-106146.7903,88.1785325292164,82.1321561361548,74.0770964157912,88.2863392012736,74.3364587081709,63.9847156407479,63.4294804968395,62.6816843708206,63.8192689119401,62.6788075428326,1.06184247437745,1.57429551104287,2.21145433423361,1.23007468094492,2.1757066961077,62.1857236686679,8.25337369670654
88.9677720972113,-107512.7437,-123221.2078,-105463.8136,-125953.1146,-106146.7903,88.5751224710833,83.9653937430174,74.1454662180154,88.6469206394847,76.0603451616574,64.0085761064643,63.5794260935679,62.7213452964263,63.8451051540526,62.9887510861856,1.04573194816205,1.44430418068772,2.20589693773327,1.21347260636975,1.94036240376434,62.2630241336519,7.84976807671713
89.0289913235357,-107512.7437,-123221.2078,-105463.8136,-125953.1146,-106146.7903,88.7771370640911,85.3198711486664,74.5448827686325,88.8234795991606,77.6809910204549,64.0226806031633,63.6769011198307,62.8122123675581,63.8603168743107,63.2206381376333,1.03779383845633,1.36042041661732,2.14788556191952,1.20562943131597,1.75401180779242,62.3328312403589,7.50574105610155
88.98926489895,-107512.7437,-123221.2078,-105463.8136,-125953.1146,-106146.7903,88.8776827636025,86.2971689138393,75.2439772430174,88.9074223766318,79.1462259411738,64.0317060153865,63.7421882714415,62.9418197942892,63.8701024332899,63.3935545153633,1.03397111934151,1.30541181880326,2.04845641606007,1.20205851696248,1.61011608861188,62.3992034514101,7.20001395977921
89.0192075985127,-163619.3206,-296641.5364,-146268.5968,-319775.8348,-152052.1714,88.9286040886762,87.3553060103506,76.3306500377776,88.9441005195222,80.8802832384144,63.391598809898,61.8454477900332,62.0304021012764,61.9805416752912,62.6068343744854,1.53097872773445,2.77861550380245,2.44406113755117,2.83382460043212,1.98827587029665,62.4935689787001,11.5757558398168
88.970416140079,-163619.3206,-296641.5364,-146268.5968,-319775.8348,-152052.1714,88.9208616862846,87.9712768596488,77.5903322979054,88.9299563158066,82.3475117075494,63.407910095822,61.9644879667182,62.3067100228077,62.0103986660779,62.8266263334384,1.53242213913294,2.72552247194364,2.28680607318433,2.83845661069959,1.86121975243165,62.4874344873822,11.2444270473921
89.0147793928619,-163619.3206,-296641.5364,-146268.5968,-319775.8348,-152052.1714,88.9404959737454,88.3181541114017,78.9359591698068,88.9555913103773,83.5651103317961,63.4223679201901,62.0403743569149,62.5497433908867,62.0377923985048,62.9844897610963,1.53211128064721,2.69741539098918,2.13293177085527,2.8386420679545,1.76538201646726,62.4312815488979,10.9664825269134
89.0219072040929,-163619.3206,-296641.5364,-146268.5968,-319775.8348,-152052.1714,88.9691664788688,88.5160202952671,80.2468404062152,88.9877962567867,84.5609145476148,63.4343301220634,62.0904269601638,62.7490191909405,62.0601816181532,63.099320055054,1.53110876864625,2.68232719136785,1.99743041198971,2.83760731848688,1.69291510264271,62.3750675516803,10.7413887931334
88.9960165504275,-163619.3206,-296641.5364,-146268.5968,-319775.8348,-152052.1714,88.9899430432463,88.633902998675,81.4525268672288,89.0079868493424,85.3667167927578,63.443353132516,62.1246307067255,62.9068302590056,62.0767453450288,63.1838505371783,1.53040433139885,2.67386017881382,1.88457090489939,2.83722517418078,1.63787028351718,62.3329607540138,10.56393087281
89.0301342769683,-163619.3206,-296641.5364,-146268.5968,-319775.8348,-152052.1714,89.0014652385503,88.7069737408896,82.5237930569932,89.0176459440411,86.0137955756751,63.4499521482909,62.1487121238979,63.030362730221,62.0887474948115,63.2468342960843,1.53010945824402,2.66892798079175,1.79294663140676,2.83747203815411,1.59585010037416,62.3049472902896,10.4253062089708
88.9974037666481,-163619.3206,-296641.5364,-146268.5968,-319775.8348,-152052.1714,89.0064772566498,88.7530843193269,83.4549036100712,89.0209760442976,86.5303732607353,63.4547680451529,62.1660150202138,63.1269648620662,62.0975037090695,63.294259504718,1.53009771394317,2.66603613784318,1.71934206769385,2.83804389777769,1.56362883332162,62.2880036924074,10.3171486505795
89.0043163417152,-163619.3206,-296641.5364,-146268.5968,-319775.8348,-152052.1714,89.0073323324623,88.7819645242191,84.25192790763,89.020646012203,86.9407033269097,63.4582922062408,62.1785981810855,63.2027295716979,62.1039397344077,63.3302602948983,1.5302575618771,2.66440294196346,1.66042809237472,2.83875729739692,1.53883844508929,62.2792137284499,10.2326843387015
89.0255888187836,-163619.3206,-296641.5364,-146268.5968,-319775.8348,-152052.1714,89.006109378922,88.7994199461277,84.9263277575197,89.0188022553065,87.2650847432459,63.4609061688756,62.187812591285,63.262384450876,62.108754449681,63.3577481270394,1.53048740815951,2.66357783675468,1.6133111015034,2.83945970367276,1.51972835897664,62.2763610191593,10.166564409067
89.0223825317991,-163619.3206,-296641.5364,-146268.5968,-319775.8348,-152052.1714,89.0040295170435,88.8092630896429,85.4916078853541,89.0164751767678,87.5202681439313,63.4628703013047,62.1945876993649,63.3095196763136,62.1124032052718,63.3788109670585,1.53072973398012,2.66327078994427,1.57562623994544,2.84009039408365,1.50499024052517,62.2779015953698,10.1147073984787
89.0093788213405,-163619.3206,-296641.5364,-146268.5968,-319775.8348,-152052.1714,89.002061915012,88.8141366554681,85.9615844695019,89.0145737749785,87.7199739548683,63.4643825477601,62.1995896170776,63.3468630372705,62.1152402194601,63.3949793385973,1.5309383162664,2.66328363389134,1.5454835622753,2.84059068639287,1.49363475784479,62.2827949249334,10.0739309566707
89.0124171055898,-163619.3206,-296641.5364,-146268.5968,-319775.8348,-152052.1714,89.0005051761194,88.8159381606581,86.3494987724224,89.013202403853,87.8753947018329,63.465564432523,62.2033010547392,63.3764979088788,62.1174700999545,63.4073910218979,1.53110250947641,2.6634747721041,1.5213807045301,2.84097103230409,1.48490485445874,62.2903203743812,10.0418338728734
89.0329028904407,-134462.219,-206519.586,-125063.432,-219051.302,-128196.361,88.9965738661174,88.8038301287739,86.6056518801089,89.0092455355054,87.9697022737342,63.7895942158905,63.1236935916541,63.7137701347162,63.067462388671,63.7499102548729,1.27462960381993,1.92162418041799,1.30542939096463,2.01767192910727,1.26476496169393,62.2980876169482,7.78412006600375
88.9960795612612,-134462.219,-206519.586,-125063.432,-219051.302,-128196.361,89.0005415693703,88.7925533440393,86.8044178083816,89.0141982263178,88.0429734344918,63.7900854123662,63.1236163849084,63.7251952925301,63.0682983640602,63.7541740147939,1.27445383316237,1.92246260157693,1.29483284042161,2.01735179447354,1.26117161229994,62.3356517412286,7.77027268193438
89.0338418362172,-134462.219,-206519.586,-125063.432,-219051.302,-128196.361,89.0004378581387,88.783578953089,86.9657514677352,89.0133950590267,88.099236940842,63.7903120307861,63.1235330483024,63.7343114913625,63.0686103823057,63.7574292394265,1.27447053240034,1.92312872351329,1.2863488133028,2.01743850637235,1.2584252041063,62.4033869908808,7.75981177969509
89.0289042352849,-134462.219,-206519.586,-125063.432,-219051.302,-128196.361,88.9943474667731,88.7766221514233,87.1004007363444,89.0058353179114,88.1419031746055,63.7901990715224,63.1234592637542,63.7418009499584,63.0683510149836,63.7598872476312,1.27477278665444,1.92364471945427,1.27934617306724,2.01800633535026,1.25634994320059,62.4834405890956,7.7521199577268
89.0205098096487,-134462.219,-206519.586,-125063.432,-219051.302,-128196.361,88.9855992524749,88.7705214167345,87.2145185622674,88.9960453766766,88.1738313400175,63.7899210543566,63.1233537640132,63.7480652425678,63.0678693291702,63.7617285606843,1.27520133542051,1.92409438712148,1.27346620461967,2.01873080275501,1.25480154666983,62.5617693893848,7.74629427658649
89.0639940007726,-134462.219,-206519.586,-125063.432,-219051.302,-128196.361,88.977265559721,88.7643723320897,87.311942901066,88.9874359673024,88.1973315251425,63.7896354515672,63.1231819733605,63.7533564772523,63.067427865771,63.7630945675693,1.27560879475774,1.92454291847512,1.26848592302274,2.01936694777744,1.25366486287905,62.6321732016631,7.74166944691208
89.0300104517677,-134462.219,-206519.586,-125063.432,-219051.302,-128196.361,88.9707542616409,88.7579030183553,87.3953272672949,88.9811936793496,88.2142179291834,63.7894161734942,63.1229418472467,63.7578458990292,63.0671232157993,63.7640915283752,1.27592752905334,1.92501057430042,1.26425209096272,2.01982964119736,1.25285014166461,62.6933264528582,7.73786997717845
89.0026764950848,-134462.219,-206519.586,-125063.432,-219051.302,-128196.361,88.966035072036,88.751304810145,87.4666877338701,88.976931507878,88.2259053268251,63.7892656777607,63.1226555851738,63.7616592899951,63.0669342610503,63.7647987524082,1.27615906480723,1.9254846750988,1.26064962611946,2.02014717129176,1.25228775860073,62.745886400362,7.73472829591799
89.0323581177729,-134462.219,-206519.586,-125063.432,-219051.302,-128196.361,88.9626815027185,88.7449189968127,87.5276636131019,88.974020408933,88.2335117385893,63.78916650541,63.1223530813934,63.7648964268364,63.0668205832519,63.7652779264646,1.27632404487418,1.92594182366678,1.25758650121331,2.02036530379755,1.25192298554017,62.7910117762366,7.732140659092
88.9961203150863,-134462.219,-206519.586,-125063.432,-219051.302,-128196.361,88.9603778312702,88.7390407202248,87.5796437469164,88.9720935880953,88.2379402727806,63.789106180815,63.1220604180458,63.7676404449184,63.0667599488399,63.7655790138154,1.2764377950879,1.92636176255198,1.25498618767682,2.02051084827721,1.25171183936116,62.829832918849,7.73000843295507
89.0687441089438,-134462.219,-206519.586,-125063.432,-219051.302,-128196.361,88.9589746930471,88.7338633745893,87.6238315553961,88.971012384663,88.2399339813625,63.7890799030125,63.1217961785661,63.7699622400758,63.0667460509619,63.7657433289061,1.27650761964196,1.92673129226473,1.25278355682653,2.02059409720706,1.25161827657397,62.8633325415398,7.72823484251425
89.0033776306845,-134462.219,-206519.586,-125063.432,-219051.302,-128196.361,88.9581998107342,88.7294874681301,87.6612820351933,88.9704823491696,88.2401099929695,63.7890762865945,63.1215708458126,63.7719222003626,63.0667602773436,63.765804524119,1.27654673609314,1.92704358007625,1.25092239605985,2.02063655181375,1.2516124048528,62.8923483377687,7.7267616688958
88.9898680567559,-127730.1112,-185711.2528,-120167.3536,-195794.9296,-122688.2728,88.9562211820111,88.7223176903801,87.6876967639657,88.9682518755907,88.2361432343968,63.8584213906925,63.3206421684099,63.8353882306287,63.2773553441976,63.8331492332724,1.21608008788179,1.7469496710699,1.20381739981688,1.82107032961683,1.20133595968152,62.9152416782156,7.18925344806691
89.0120887125718,-127730.1112,-185711.2528,-120167.3536,-195794.9296,-122688.2728,88.9559857436377,88.7161157395003,87.7080970711472,88.9680303190138,88.231342347209,63.8584172048407,63.320267254531,63.8363840470944,63.2773505356226,63.8329295873899,1.21609129301452,1.74735050589051,1.20283885824617,1.82108569368498,1.20156153213881,62.9403422791737,7.18892788297498
89.0359461263297,-127730.1112,-185711.2528,-120167.3536,-195794.9296,-122688.2728,88.9551672231133,88.7110470116265,87.7246382557957,88.9670158016565,88.2260196379732,63.8583831698208,63.319955446769,63.8371864954047,63.2772890881976,63.832679007566,1.21612930609179,1.7476778650646,1.20204634325389,1.82115325462241,1.20181137391652,62.9687906668398,7.18881814294921
89.0197492456102,-127730.1112,-185711.2528,-120167.3536,-195794.9296,-122688.2728,88.9531292691398,88.706968796978,87.7384770923703,88.9646523198992,88.2204379923471,63.8582909963582,63.3196984063148,63.8378524346843,63.2771354449652,63.8324104532581,1.21622360120846,1.74794091743121,1.2013838319911,1.82130992428578,1.20207319638521,62.9980933528125,7.18893147130176
89.0254295149785,-127730.1112,-185711.2528,-120167.3536,-195794.9296,-122688.2728,88.9506412366599,88.7035614740336,87.7502477203292,88.961947452342,88.21481121444,63.8581769687989,63.3194798034111,63.8384155077137,63.2769571741338,63.8321369282104,1.21633866845666,1.74816049182061,1.20082073941129,1.82148908400676,1.20233711336577,63.0258311372237,7.1891460970611
88.9870825231199,-127730.1112,-185711.2528,-120167.3536,-195794.9296,-122688.2728,88.9484037101017,88.7005566650191,87.7603192440498,88.9596665487991,88.2092967164122,63.8580737766629,63.3192854615671,63.8388956776097,63.2768055583701,63.8318679783451,1.216442137542,1.74835406556367,1.20033926737128,1.82164009811876,1.20259583290922,63.0508002679863,7.18937140150561
73.7647546778879,-127730.1112,-185711.2528,-120167.3536,-195794.9296,-122688.2728,88.9445530646204,88.6978235738006,87.7689312535061,88.9553437993308,88.2039978480298,63.8578944658144,63.3191004138511,63.8392997588711,63.2765167636528,63.8316035811962,1.21662015910397,1.74852960166884,1.19992754776308,1.82192626437232,1.20284424650627,63.0727367373598,7.18984781941448
73.7337511426407,-127730.1112,-185711.2528,-120167.3536,-195794.9296,-122688.2728,88.5821780603206,88.6910553985031,87.7762538829701,88.5171817670584,88.1989629975404,63.8407547295974,63.3173372999753,63.8386835432751,63.246844631655,63.8303734700793,1.2335965545671,1.74887450571562,1.19952959430542,1.85137733477369,1.20303205010724,63.0919040342122,7.23641003946906
73.7607159765107,-127730.1112,-185711.2528,-120167.3536,-195794.9296,-122688.2728,87.029000590722,88.6199564889685,87.7823463217078,86.7068627053739,88.1935961068768,63.7614337089269,63.3065074518775,63.8343987783704,63.1133438922793,63.8254465960461,1.31173726633816,1.75303841972337,1.19900981018393,1.98295683595149,1.2030537733041,63.1088437760117,7.44979610550105
73.769249638532,-127730.1112,-185711.2528,-120167.3536,-195794.9296,-122688.2728,84.3790722705248,88.3227838837415,87.7870942240652,83.74176759574,88.1827897585992,63.5996035329204,63.2735472136764,63.8246916389223,62.8487851973525,63.8148051342156,1.46880244924802,1.77152898039246,1.19828652140394,2.23926524813359,1.20306191379111,63.1221958601513,7.88094511296913
73.7468430526395,-127730.1112,-185711.2528,-120167.3536,-195794.9296,-122688.2728,81.3164748837519,87.6209850965116,87.7899522009161,80.4817819008431,88.1500820121549,63.3557433018487,63.2032206802699,63.8084901952568,62.4677556247913,63.7965823939865,1.69931466525664,1.81734281407897,1.19733417551673,2.59713895703441,1.20377747252277,63.1246561982452,8.51490808440951
73.7514914090199,-127730.1112,-185711.2528,-120167.3536,-195794.9296,-122688.2728,78.5222133781421,86.4232354197378,87.7889541193677,77.7011372935478,88.0644937296304,63.054775356667,63.0833602875717,63.7861687645154,62.0333361950488,63.7696616561613,1.97323787775911,1.90127189826194,1.19627050001625,2.98605586836673,1.20668437340045,63.0997410206162,9.26352051780448
73.7840671858536,-120535.0332,-163471.9208,-114934.5696,-170939.2056,-116801.3908,76.527727704976,84.9160177106387,87.7762522174623,75.908963264756,87.8922439436553,62.916307433245,63.1957045088017,63.8426170640431,62.0746551764185,63.8250458807585,2.1159937757042,1.79838064530574,1.14748375309448,2.9524923150906,1.15965023343863,63.0358599276379,9.17400072263365
73.7735738329222,-120535.0332,-163471.9208,-114934.5696,-170939.2056,-116801.3908,75.2121893102629,83.1451381904484,87.746270348641,74.8160827080413,87.5972862705616,62.7006920418133,63.0202365709613,63.8233214135963,61.8375792584618,63.792294571459,2.30201709319845,1.94094816514974,1.14799632627264,3.14718014092262,1.17242350699513,62.9433184730812,9.71056523253858
73.7787245546958,-120535.0332,-163471.9208,-114934.5696,-170939.2056,-116801.3908,74.4545997779921,81.2791100047825,87.6844900038599,74.2341488115967,87.1480700482796,62.5537972313853,62.8101013531083,63.8039216802192,61.689505773291,63.7523120219579,2.42014607508036,2.11496954757351,1.1500336641424,3.25602635249867,1.19293129209371,62.8316206188784,10.1341069313887
73.7569016998059,-120535.0332,-163471.9208,-114934.5696,-170939.2056,-116801.3908,74.0660742492457,79.4876508777124,87.5670247701345,73.9574463683182,86.5232217289798,62.4651986646485,62.5752775188608,63.7827336762774,61.6044411532794,63.7022707798388,2.48271609875009,2.30963390195726,1.15468892399036,3.3065385794289,1.22297847771775,62.7112038641258,10.4765559818444
73.7786505311962,-120535.0332,-163471.9208,-114934.5696,-170939.2056,-116801.3908,73.8857618865953,77.9040318099946,87.3593542420504,73.838356339681,85.7148558943844,62.4135765012194,62.3316491282801,63.7570598655491,61.5544918245703,63.6389000971814,2.51056617426977,2.50837599297053,1.16359270217316,3.3251496925228,1.26425021449753,62.5989097643138,10.7719347764338
73.7201876946816,-120535.0332,-163471.9208,-114934.5696,-170939.2056,-116801.3908,73.8098521606931,76.6055970879082,87.0187237216004,73.79236725908,84.7303515063498,62.3816433681924,62.0986653567459,63.7238725532212,61.5215092390843,63.5592748321695,2.52022701863624,2.69260182621904,1.17894968688698,3.32867418471087,1.31828589926603,62.5070543677908,11.0387386157192
73.766053688482,-120535.0332,-163471.9208,-114934.5696,-170939.2056,-116801.3908,73.780984842655,75.6119351975806,86.5031089487817,73.776758084995,83.5928278058611,62.3590509249863,61.8933744509417,63.6799322676311,61.4959714229519,63.4609025684192,2.52161155729705,2.84733884214004,1.20331441475985,3.32598305299579,1.38633198378588,62.4368729594322,11.2845798509786
73.7691003986459,-120535.0332,-163471.9208,-114934.5696,-170939.2056,-116801.3908,73.771865356311,74.8974844073675,85.7861729438966,73.7730500808282,82.3404015281639,62.340641583169,61.7249781894706,63.6219779701094,61.4736101053878,63.3417295795767,2.51956230978059,2.96537274122457,1.23909113430555,3.32093887176754,1.46902541016439,62.3814476850983,11.5139904672427
73.7636207366876,-120535.0332,-163471.9208,-114934.5696,-170939.2056,-116801.3908,73.7707015832594,74.4116544146313,84.8726693462983,73.7739220867537,81.0240798259335,62.3239304296944,61.5936628381336,63.5473181136908,61.4524363990307,63.2005164044006,2.51614015752438,3.04738777826808,1.28783142615004,3.31499701826625,1.56587833710816,62.3320578140835,11.7322347173169
73.7536490120716,-120535.0332,-163471.9208,-114934.5696,-170939.2056,-116801.3908,73.7720466009773,74.0975242778239,83.8068081391168,73.7759060201503,79.7039134138233,62.307563870655,61.4935314868911,63.4548982769971,61.431266788791,63.0378108322479,2.51225295122119,3.09912830958318,1.34942900578369,3.30877942642918,1.67462858909235,62.2827236259308,11.9442182821096
73.8018028757249,-120535.0332,-163471.9208,-114934.5696,-170939.2056,-116801.3908,73.7736773610318,73.9037604332083,82.6681834090016,73.7776351077179,78.4429170735068,62.2910415517811,61.4167955324086,63.3466488321274,61.4097104869966,62.8573441108957,2.50828129115382,3.12817335377159,1.42139111061656,3.30254990776537,1.79072863851751,62.2314769155339,12.1511243018248
73.749242748507,-120535.0332,-163471.9208,-114934.5696,-170939.2056,-116801.3908,73.7750997277664,73.7896579824796,81.5537461547518,73.7790065538546,77.2987311279383,62.2746393147382,61.3568175497376,63.2283781746503,61.3882405945618,62.6670532131245,2.5043936972166,3.14179137772039,1.49865789985012,3.29646193379829,1.90747308779911,62.179345953623,12.3487779963845
73.7634311175243,-122175.4709,-168542.3646,-116127.6152,-176606.1722,-118143.5671,73.7764547961385,73.7256157161575,80.5332577974398,73.7803636569335,76.3079452278865,62.2112290485952,61.1881734014323,63.0677855874675,61.2506380377013,62.4228167833894,2.52426208923819,3.21221549345135,1.58876517991453,3.3679749645558,2.03312797195156,62.1254546063517,12.7263456991114
73.7790980068395,-122175.4709,-168542.3646,-116127.6152,-176606.1722,-118143.5671,73.7785882427215,73.6922195274823,79.6666386891749,73.7826039329238,75.5019816020584,62.1969008897251,61.1483838505001,62.9504585950111,61.231587027134,62.2434598495123,2.52067423495523,3.21057828631424,1.65998056623336,3.36226160119827,2.12921497294571,62.0643256403782,12.8827096616468
86.220093526887,-122175.4709,-168542.3646,-116127.6152,-176606.1722,-118143.5671,73.7972217727052,73.6763976439118,78.9661962744787,73.8040138019304,74.8793362854536,62.1887727607348,61.1183492816621,62.8472884046367,61.2209170009043,62.0904882332158,2.51486317232397,3.20694468518501,1.72148971394555,3.35368970497677,2.20741093485022,62.0040798351732,13.0043982112815
86.2189193320316,-122175.4709,-168542.3646,-116127.6152,-176606.1722,-118143.5671,75.4032211125815,73.7314837107324,78.400061184768,75.5986909869071,74.4201943927393,62.5157144611362,61.1869318145459,62.8124104927465,61.6562508806567,62.0408365803059,2.26526834845365,3.21039498141467,1.78016140124129,3.02671568798129,2.28042871547779,61.9521386339565,12.5629691345687
86.1990640298943,-122175.4709,-168542.3646,-116127.6152,-176606.1722,-118143.5671,79.0496078178386,74.3433957014828,77.9210001599608,79.4449068884159,74.1167400260572,63.0706311109303,61.4433531985621,62.8326276296745,62.3723735441304,62.083966300207,1.82700440982451,3.12192509772699,1.83906740387477,2.47179497894802,2.34611268173356,61.934951966917,11.6059045721078
86.2250793340086,-122175.4709,-168542.3646,-116127.6152,-176606.1722,-118143.5671,82.1850426613645,75.8609040589758,77.535184516357,82.5764933442883,74.0512685113488,63.4033342676541,61.8377417090564,62.8467422445868,62.7940589128285,62.1552309584234,1.55436663673157,2.87188905374431,1.88914069882678,2.13319560565394,2.3730795156834,61.9832254315961,10.82167151064
86.2490061831025,-122175.4709,-168542.3646,-116127.6152,-176606.1722,-118143.5671,84.1351994440153,77.8953701687241,77.265265243311,84.4339773255311,74.3577282487083,63.5692335222418,62.241163088349,62.8597112836792,63.0016147140881,62.2844860640981,1.41951323944853,2.57266089843036,1.92623860045422,1.96897574772257,2.33824871587787,62.0733673440864,10.2256372019336
86.2179815848913,-122175.4709,-168542.3646,-116127.6152,-176606.1722,-118143.5671,85.1943827328653,79.9128431133553,77.0851048335618,85.395311014994,75.0677955428591,63.6522422290973,62.5611441089418,62.872628811593,63.1038894545475,62.4718393608878,1.35518849219735,2.32098115817761,1.95240674848469,1.89309605418821,2.24121476978886,62.169466851593,9.76288722283673
86.2482662161841,-122175.4709,-168542.3646,-116127.6152,-176606.1722,-118143.5671,85.7324699065791,81.6198379650932,76.9700752217908,85.8579896958794,76.0727614878352,63.6952245056845,62.7872534826419,62.8851939010229,63.1560432577257,62.6818263964016,1.3247418348765,2.13847262913598,1.97009356813353,1.85886273290668,2.10816069541753,62.2557256679144,9.40033146047021
72.2919345780932,-122175.4709,-168542.3646,-116127.6152,-176606.1722,-118143.5671,85.922426461679,82.9404958787091,76.9444604190868,85.9844753294622,77.2147425424226,63.7141657558673,62.9400858962118,62.9028157010003,63.177209054221,62.8791080444021,1.31454062498307,2.01360704539838,1.97615981995522,1.85027884048243,1.96923568597857,62.3312019640805,9.12382201679767
72.2248916623583,-122175.4709,-168542.3646,-116127.6152,-176606.1722,-118143.5671,84.7894103930879,83.8619171254505,77.0572119464202,84.6406104797274,78.3654006064193,63.6497707527419,63.0308641170851,62.9262333133353,63.0733146997592,63.0394689942308,1.38099141729395,1.93331400171849,1.9636668357138,1.95665708992236,1.84199197471275,62.3998037807855,9.07662131936134
72.2605293907129,-122175.4709,-168542.3646,-116127.6152,-176606.1722,-118143.5671,82.0102737114148,84.2160399253661,77.33672979875,81.5603814658269,79.4375226086237,63.448230920372,63.0506042603747,62.952759116517,62.7684935022591,63.1539901185259,1.57276121150266,1.90277049284772,1.92912893880156,2.24563930351973,1.73366823518268,62.464558455732,9.38396818185437
72.2600631729957,-137546.6828,-216053.3832,-127306.6784,-229706.7224,-130720.0132,78.2910651297059,83.6778045241243,77.7999113548233,77.5458415595025,80.4337890788378,62.7583825742832,62.2975001686216,62.6531395590409,61.3643023624718,62.9116818232978,2.11596359836043,2.4146363030989,2.00833262032467,3.39202006944705,1.78262620444243,62.5177545412728,11.7135787956735
72.2525542153066,-137546.6828,-216053.3832,-127306.6784,-229706.7224,-130720.0132,75.323660722978,82.1583251800483,78.3780142757404,74.6643321487884,81.1578484424176,62.2408263532442,62.0133494423094,62.6488268771636,60.644440930322,62.915186412998,2.51219192594818,2.56270644056357,1.93396868631853,3.91501651871421,1.71221543765947,62.4567515795908,12.636099009204
72.2284268720005,-137546.6828,-216053.3832,-127306.6784,-229706.7224,-130720.0132,73.5707600737971,80.0390424735121,78.9942919009709,73.1780444034127,81.530676090795,61.8271860035085,61.6063733968484,62.6507079473732,60.1568739418744,62.8812564125083,2.79868723741568,2.80076959301893,1.8612659240746,4.21529737844995,1.67487075145526,62.2522171815461,13.3508908844144
72.2603402255424,-137546.6828,-216053.3832,-127306.6784,-229706.7224,-130720.0132,72.7561156167276,77.8213838438396,79.5600019437952,72.5782007646978,81.5104177924467,61.5847812774215,61.1278127891442,62.6561866014737,59.9043380650969,62.8145657430858,2.94204701729515,3.09254735843829,1.7995792827861,4.33081113562958,1.67071110042531,61.9645010044163,13.8356958945744
72.319635030821,-137546.6828,-216053.3832,-127306.6784,-229706.7224,-130720.0132,72.4411273505484,75.8972570175608,79.9857888546586,72.3757180520049,81.0993155374945,61.4610926043245,60.6400834988454,62.6498065666686,59.7780545032705,62.707086340142,2.99330481476533,3.38369744597667,1.75471775321078,4.35700679721572,1.69829155648369,61.6832354219468,14.1870183676522
72.2597179035436,-137546.6828,-216053.3832,-127306.6784,-229706.7224,-130720.0132,72.3367550400308,74.4506267991358,80.182146838367,72.3178953133187,80.3420154117536,61.3942177697016,60.2069502403871,62.61787392899,59.7032309244756,62.5521197425294,3.00356215932485,3.62446162373654,1.73191091068982,4.35113483949819,1.75579262135936,61.4583833198243,14.4668621546088
72.2644831730848,-137546.6828,-216053.3832,-127306.6784,-229706.7224,-130720.0132,72.307279231332,73.4813231040299,80.0784009273569,72.3047840834474,79.318888807666,61.3502116988682,59.8649332125397,62.5497996784815,59.647464818528,62.3461705322029,2.99957910953683,3.79143513658965,1.73543544394539,4.33647161472796,1.84032793355985,61.2863413240593,14.7032492383597
72.2361490327392,-137546.6828,-216053.3832,-127306.6784,-229706.7224,-130720.0132,72.3009825495131,72.8892676660627,79.6559100678107,72.3035440608386,78.1356669512398,61.3145158980005,59.6129446202041,62.437779194033,59.5984131825883,62.0884960047259,2.99155241759529,3.88855098582469,1.76672811428164,4.32015271915336,1.94647191426362,61.141954764214,14.9134561511186
72.2937795184472,-137546.6828,-216053.3832,-127306.6784,-229706.7224,-130720.0132,72.3014373959738,72.5537770384159,78.9671472533908,72.3053963156664,76.9092629993713,61.2817169188268,59.4289241224236,62.2799196666294,59.5517087692649,61.7844858981156,2.98252491434081,3.9334276276114,1.82293647832889,4.30370475293312,2.06517870257959,61.0071326704209,15.1077724757938
72.2679213934316,-137546.6828,-216053.3832,-127306.6784,-229706.7224,-130720.0132,72.3036436662964,72.3755553866827,78.1226883477997,72.3079095332679,75.7495808109732,61.2505469367578,59.2899995950374,62.0838579007091,59.5067329453021,61.4501355180378,2.97351879535522,3.94524007158043,1.89663180182828,4.28773912567316,2.1843761706063,60.8778738777599,15.2875059650434
72.2517675638331,-137546.6828,-216053.3832,-127306.6784,-229706.7224,-130720.0132,72.3054185091269,72.2865063162087,77.2513274517412,72.3096111578201,74.7401652146773,61.2216800950862,59.1815467820213,61.8671454555115,59.464895334714,61.112153694018,2.96529831762609,3.93939858672762,1.97733983500317,4.27320514262643,2.29199744243139,60.7581364058991,15.4472393244147
72.265419684427,-137546.6828,-216053.3832,-127306.6784,-229706.7224,-130720.0132,72.3074267688983,72.2447753991198,76.4545567816278,72.3115812659365,73.9250648019013,61.1969233700015,59.0966347114569,61.6519473829926,59.4289436213193,60.8007660074878,2.95815497211638,3.92646080495182,2.05502658827764,4.26062637365308,2.37996467773747,60.652184436239,15.5802334167364
72.2294525517472,-127224.0507,-184147.0658,-119799.3096,-194046.7206,-122274.2233,72.3122764350163,72.2253314466245,75.8340924656191,72.3165153967144,73.3171947994582,61.5521424030135,60.0134609247668,61.94651327201,60.2537621728245,61.1740584310969,2.82524474363235,3.60318988679455,2.06125776357629,3.8438320353066,2.40607177355173,60.5953483891714,14.7395962028615
72.2855409533549,-127224.0507,-184147.0658,-119799.3096,-194046.7206,-122274.2233,72.3163119287101,72.2182112519899,75.3507504620944,72.3201426375669,72.8776701794437,61.5395936507032,59.9765899570485,61.8166511107808,60.2363649995628,61.0019944546836,2.82089698649129,3.59443306593585,2.11509312049858,3.83714419985339,2.46026064835933,60.6448299817955,14.8278280211385
72.2733520645637,-127224.0507,-184147.0658,-119799.3096,-194046.7206,-122274.2233,72.3157922493617,72.217060382778,74.9413431008446,72.3191636194122,72.5742584668172,61.5287138391519,59.948386115949,61.7022464941653,60.22146679114,60.8734106894366,2.81818773894531,3.58650718131543,2.16222309426048,3.83272931485819,2.49702057613163,60.7112705793513,14.896667905511
72.2642093827334,-127224.0507,-184147.0658,-119799.3096,-194046.7206,-122274.2233,72.3144581989153,72.2174511642355,74.5707300336659,72.3176701664884,72.372643079817,61.5196264185861,59.9255278258777,61.5959176898878,60.2091678043328,60.7804583073057,2.81616358025065,3.57972362436494,2.20626546817337,3.82930901685277,2.52042718708097,60.7510165967432,14.9518888767227
72.2483344671038,-127224.0507,-184147.0658,-119799.3096,-194046.7206,-122274.2233,72.3132757065724,72.2177251729378,74.22338241871,72.3164879772989,72.2426492506053,61.5119335540854,59.9059506078473,61.4937493050174,60.1988356422315,60.7140807958249,2.81446617332601,3.57395175899069,2.24875926701424,3.82641752658666,2.53433527093196,60.7642115628615,14.9979299968496
89.7408353522937,-127224.0507,-184147.0658,-119799.3096,-194046.7206,-122274.2233,72.7468441126344,72.2227382229019,73.8957074947207,72.8191489570447,72.1607312138245,61.6331264072716,59.9306540208362,61.4310733712279,60.3631546267706,60.711430370988,2.7353593928363,3.57967677733668,2.29656804576035,3.72248060223428,2.55188138204823,60.7577112356094,14.8859662002158
89.7698206052627,-127224.0507,-184147.0658,-119799.3096,-194046.7206,-122274.2233,77.3892216676653,72.6577609651454,73.5864566482517,77.8795101773676,72.120013960736,62.6428052927888,60.3614374091006,61.6260793430674,61.6946697828082,61.0306454520426,2.06151863218021,3.57844262658254,2.39339275841237,2.86485353859726,2.63470887773265,60.7562756206429,13.532916433505
89.7486157771739,-127224.0507,-184147.0658,-119799.3096,-194046.7206,-122274.2233,82.8617762032067,74.6287468122751,73.3189833608838,83.4546863529396,72.2432923522327,63.3244352382532,61.1026214617264,61.78482195237,62.5874339770362,61.3322744733296,1.55599537159267,3.25308890926526,2.48183456224026,2.22200778716458,2.67777561933941,60.8407499996554,12.1907022496022
89.7879923692961,-127224.0507,-184147.0658,-119799.3096,-194046.7206,-122274.2233,86.3387478508386,77.7584435528983,73.1561396089479,86.8074896676786,72.837587958762,63.6119753364071,61.8628161465159,61.8932763885203,62.9647468223803,61.6697226656211,1.33762997343294,2.76816304498523,2.54161662712804,1.94470902852225,2.6161900140619,60.9961522842015,11.2083086881303
89.7305997064011,-127224.0507,-184147.0658,-119799.3096,-194046.7206,-122274.2233,88.1483245683572,80.922986849345,73.1722050254008,88.4630235339606,74.0384693277202,63.7390252368668,62.4108967072027,61.9987993139927,63.1305471144218,62.0774029144551,1.24542747834946,2.37691627608454,2.5619655429571,1.83034601545008,2.44269671689983,61.1587800136272,10.457352029741
89.7759067307403,-127224.0507,-184147.0658,-119799.3096,-194046.7206,-122274.2233,89.0201244491101,83.5206316212355,73.4709140182043,89.2138159069067,75.6511114744699,63.8007816587887,62.7579078652149,62.1403333835589,63.2104941690058,62.477358030284,1.20542443819599,2.1192637767693,2.52642661070505,1.78312593073075,2.21783850609397,61.3081971953729,9.85207926249507
73.0680053877474,-127224.0507,-184147.0658,-119799.3096,-194046.7206,-122274.2233,89.4249684896495,85.440523463741,74.1210485711526,89.5387721468491,77.3921842841461,63.8339210650634,62.9737994854348,62.3326816254084,63.2534498983984,62.80866342779,1.18791589927222,1.95852712686059,2.42831603069854,1.76399577063274,2.00344333484937,61.4478412884155,9.34219816231347
73.0257643515527,-127303.2166,-184391.7604,-119856.8848,-194320.2028,-122338.9954,89.2725205739468,86.7784459289259,75.0807465793929,89.2747687982239,79.0706779112239,63.8368835961271,63.1055747106157,62.5510839750449,63.2499895777875,63.0585983352684,1.19591770885297,1.86120886627363,2.28574693903596,1.78416673888483,1.82566759826137,61.5824813495925,8.95270785130874
73.0242731684332,-127303.2166,-184391.7604,-119856.8848,-194320.2028,-122338.9954,87.2281943051524,87.5654160243856,76.2305135638366,86.8904675427959,80.5927777733372,63.7414870690787,63.1740612227559,62.75625945589,63.0885376321892,63.235689479074,1.29515510164869,1.80638419472823,2.12550822595452,1.95078910182119,1.68419578024885,61.7148967544778,8.86203240440148
73.0543453659332,-127303.2166,-184391.7604,-119856.8848,-194320.2028,-122338.9954,83.702364422375,87.6240085537152,77.447914129654,82.9946000310791,81.9121865857178,63.5224503135108,63.1710814254687,62.9233331572219,62.7348688187399,63.3521755941719,1.50738643056802,1.8018357299555,1.971804763208,2.29186384484922,1.57503866112579,61.8469584053087,9.14792942970654
73.0606722229036,-127303.2166,-184391.7604,-119856.8848,-194320.2028,-122338.9954,79.9949397090469,86.8313768607051,78.6421856617199,79.1258615174852,82.9874035776833,63.1948538686034,63.0884596625545,63.0472435542379,62.2361175857934,63.4197380809258,1.81064126615957,1.85571795723167,1.83646965456199,2.74915627257069,1.49393063099165,61.973192768928,9.74591578151556
73.0379077276767,-127303.2166,-184391.7604,-119856.8848,-194320.2028,-122338.9954,76.9956077383469,85.2731466397994,79.7529557868926,76.2309087675553,83.7748394334319,62.8144777460021,62.9239824706555,63.1343912972554,61.7131970190008,63.4487477549679,2.14502854949856,1.97144544056389,1.72335209595874,3.19833774606708,1.4381876912214,62.0718014170987,10.4763515233097
73.0690507691286,-127303.2166,-184391.7604,-119856.8848,-194320.2028,-122338.9954,75.0174838267915,83.2040066929125,80.7399821171477,74.5019643003881,84.238827545314,62.4759524382652,62.6849253161507,63.1968163529619,61.3064488827046,63.4498625708281,2.42545569240124,2.1472773070422,1.63252393154201,3.51881256640406,1.40616595864593,62.1084086912597,11.1302354560354
70.1723963887222,-127303.2166,-184391.7604,-119856.8848,-194320.2028,-122338.9954,73.9262835729473,80.9502807268248,81.5742839542335,73.6449382669028,84.3595255950198,62.2432414320953,62.3861054598938,63.2423138261647,61.0601197308306,63.42883641297,2.60368218576943,2.37339699545708,1.56227823550676,3.68956813630906,1.39664464023834,62.0670908372044,11.6255701932806
70.1498163909736,-127303.2166,-184391.7604,-119856.8848,-194320.2028,-122338.9954,73.1211130125437,78.8031344972197,82.2289258800858,72.9404805015737,84.1358950982229,62.0392759411436,62.0354912987681,63.2628920364543,60.8289850998344,63.3767173563809,2.74493556454056,2.62768937054561,1.5100488684754,3.83375825459632,1.40818365862745,61.972164994461,12.1246157167853
70.1500335043873,-127303.2166,-184391.7604,-119856.8848,-194320.2028,-122338.9954,72.0686275359699,76.894431946045,82.6699146838363,71.8929530030493,83.5860897675709,61.7360928362116,61.6278627816631,63.2441748210306,60.4569651940809,63.2773567352292,2.94399482621063,2.88605496934231,1.47431388185517,4.06021292148543,1.43941696491117,61.8576973685909,12.8039935638047
70.1648807285399,-127303.2166,-184391.7604,-119856.8848,-194320.2028,-122338.9954,71.1361686728338,75.2026875719099,82.8547828758674,70.9968060439437,82.7423577464869,61.4216695739524,61.1797898591898,63.1932759031957,60.0880193169095,63.1350483294558,3.13129152497763,3.14201520287109,1.45663493570708,4.25643535195843,1.49091006016423,61.7223991481563,13.4772870756785
70.1283858837985,-127303.2166,-184391.7604,-119856.8848,-194320.2028,-122338.9954,70.5781309687101,73.7198340242882,82.7377014825045,70.4986381365694,81.6424331018036,61.1955968583837,60.7212868044584,63.1168067240723,59.8370017479124,62.9552660697916,3.2420802674462,3.38962170591317,1.45964994449266,4.35510495568238,1.56432137693892,61.5510894540266,14.0107782504733
70.1340487108456,-127303.2166,-184391.7604,-119856.8848,-194320.2028,-122338.9954,70.3250169683148,72.5373386117444,82.2800947180007,70.2907265378585,80.3286539958315,61.0622914434472,60.3003927148396,63.0109940427312,59.6913598761802,62.7336747610027,3.28401490641871,3.60058450636913,1.4862986305219,4.38069055954059,1.66142480036232,61.3609730559881,14.4130134032126
70.1561700018258,-121874.8409,-167613.1446,-115908.9752,-175567.6322,-117897.5971,70.2351614470946,71.6090901119545,81.5069002171483,70.2241564238764,78.8937460023262,61.1895643253582,60.4044775913349,63.0253713552291,60.069386665067,62.6581832941645,3.21944758213665,3.57450385148207,1.49859303184803,4.13122557070691,1.73517046175044,61.2079038335162,14.1589404979241
70.1558543091954,-121874.8409,-167613.1446,-115908.9752,-175567.6322,-117897.5971,70.2074424131657,70.9898222363851,80.4562180432877,70.2056789500032,77.3736641625956,61.1371794510826,60.1260255128128,62.855476836147,60.0074660606378,62.3562671767174,3.21069255701806,3.68664212230849,1.57358659186091,4.11362705871542,1.87592222990379,61.1320103475149,14.4604705598067
70.1507028241594,-121874.8409,-167613.1446,-115908.9752,-175567.6322,-117897.5971,70.1996899097274,70.5940829528644,79.226887250279,70.2010037583609,75.855311265616,61.0915457787026,59.9051730430645,62.6410143077034,59.9508329426439,61.9934660836597,3.19733914655125,3.74696119129968,1.66987233450189,4.09277515921083,2.03230294894429,61.0818138528861,14.739250780508
70.1575552797969,-121874.8409,-167613.1446,-115908.9752,-175567.6322,-117897.5971,70.1982254650304,70.3603451375927,77.9703947872297,70.2004685146881,74.4352659380417,61.0494006871524,59.7324301680679,62.3926787707654,59.8973927097942,61.5812675599103,3.18312203912505,3.76846547268808,1.77794295011526,4.07175927719638,2.1916502563924,61.0246519404748,14.9929399955172
70.1614088303523,-121874.8409,-167613.1446,-115908.9752,-175567.6322,-117897.5971,70.1990805967353,70.231877930283,76.840915941208,70.2016035498614,73.1995300370966,61.0119872798646,59.5990744366707,62.1358262021532,59.8494891000851,61.1506058491561,3.16986284759715,3.76673288783902,1.88344925885169,4.05247108653639,2.33808997398252,60.9584665682728,15.2106060548068
70.1277432947769,-121874.8409,-167613.1446,-115908.9752,-175567.6322,-117897.5971,70.2004729690421,70.1660466224816,75.930397358835,70.2030412245275,72.2007631084587,60.9812169022211,59.4993785801615,61.9001994090755,59.8098708374024,60.7445329048901,3.15880430823077,3.75477426037976,1.97404843962627,4.0364626894026,2.45905226592985,60.8876723284279,15.3831419635693
70.1420266014977,-121874.8409,-167613.1446,-115908.9752,-175567.6322,-117897.5971,70.2014360349829,70.1346342864871,75.2387431091839,70.2039716229709,71.4477149748961,60.9575577560598,59.4276124854885,61.7021695774418,59.7793264891456,60.3992981105207,3.15039044260862,3.74062286915146,2.04603405030268,4.02427554642718,2.54981950689565,60.8154286715451,15.5111424153856
74.8482005944366,-121874.8409,-167613.1446,-115908.9752,-175567.6322,-117897.5971,70.2029408887381,70.1208110423777,74.7018949976285,70.2055047855243,70.9132038632585,60.9402959057784,59.3766580692677,61.5381503183077,59.7570000147557,60.130382307885,3.14400755250059,3.72769549256759,2.10398264666125,4.01508592976873,2.61262496985868,60.7425469710507,15.6033965913568
74.8868470926376,-121874.8409,-167613.1446,-115908.9752,-175567.6322,-117897.5971,70.6629480667299,70.1286920667902,74.2431101033077,70.7147642725565,70.5519082213901,61.0962528815494,59.3963499326935,61.439353707558,59.948210903465,59.9974180521795,3.04408421287098,3.73179778550637,2.16313787253592,3.89647857156113,2.66914539588852,60.6688866925348,15.5046438383629
74.8078447884695,-121874.8409,-167613.1446,-115908.9752,-175567.6322,-117897.5971,72.3555745248764,70.3956153781771,73.8072658087968,72.495494331524,70.3253289347032,61.6375508684043,59.6395478087258,61.4619860031585,60.5945057877614,60.0830182414198,2.71708914963735,3.72356628951173,2.24347206433677,3.52505544711423,2.75049934382222,60.6182778743284,14.9596822944223
74.8425791520669,-121874.8409,-167613.1446,-115908.9752,-175567.6322,-117897.5971,73.7566798031707,71.1795804533772,73.3959758399599,73.8829440472795,70.2641239270173,62.018809056488,60.0289785723274,61.4764234429101,61.0384198376104,60.217801138633,2.48101435183949,3.59181782620945,2.32360154540915,3.26611120874793,2.80415724584038,60.64749919611,14.4667021780464
74.8571229176727,-121874.8409,-167613.1446,-115908.9752,-175567.6322,-117897.5971,74.4625962425625,72.2121217790665,73.0389625568071,74.5389515391208,70.4474447665733,62.1995002992827,60.4303382549949,61.4690662285554,61.2440423115216,60.4060283154083,2.37475315509665,3.39939454221768,2.39382355594154,3.15546678612484,2.80552738531533,60.7351503444241,14.128965424696
74.8653510243354,-128325.3586,-187551.1084,-120600.2608,-197851.2388,-123175.2934,74.7500163310247,73.1675163198856,72.7121756022341,74.78874686865,70.883142314945,62.0839165220651,60.1977038289848,61.1395152864899,60.8613443050771,60.2638632707049,2.42088477011392,3.45533751524262,2.49011600035232,3.3944794412916,2.77161632141432,60.8173078656741,14.5324340484148
74.8641402335342,-128325.3586,-187551.1084,-120600.2608,-197851.2388,-123175.2934,74.8457249354913,73.8487406307373,72.4616628515822,74.8635776794384,71.4788024579566,62.1224929089279,60.4336348841267,61.1202791523161,60.9069727632632,60.5626848764954,2.41001406405505,3.34064304165433,2.54089513087735,3.38737694135406,2.69624863428131,60.8378484925505,14.3751778122221
74.8391139032403,-128325.3586,-187551.1084,-120600.2608,-197851.2388,-123175.2934,74.8774938830858,74.2736573211562,72.3385721754668,74.8866119889298,72.1122226286957,62.1440872498764,60.5825639337049,61.1263752171586,60.9341360472883,60.8399247578198,2.4080883464667,3.27330172961551,2.57017128097481,3.38837937226205,2.61105299538912,60.8390162180065,14.2509937247082
74.8388814934705,-128325.3586,-187551.1084,-120600.2608,-197851.2388,-123175.2934,74.88729984008,74.5175898844442,72.3571777829126,74.8930335242131,72.6949376207546,62.1588019187914,60.6761046437281,61.167541794082,60.953748198381,61.0720311274441,2.40901701943704,3.23773633292213,2.57535335802184,3.39158576408708,2.53228976225601,60.8470944079261,14.1459822367241
74.8382114933083,-128325.3586,-187551.1084,-120600.2608,-197851.2388,-123175.2934,74.8895425898904,74.6498321093538,72.4994820100814,74.8940506602253,73.1848286647393,62.1703233049101,60.7367596277908,61.2399208202845,60.9696467831525,61.2549975538017,2.41077439088281,3.22107713625863,2.55935965293126,3.39521045855925,2.46714030123063,60.865381744365,14.0535619398626
74.8989590077072,-128325.3586,-187551.1084,-120600.2608,-197851.2388,-123175.2934,74.8896464499961,74.718401012404,72.7246691496998,74.8937634238613,73.5727891907633,62.1799949996811,60.7779896997839,61.3305136128222,60.9831870848138,61.3941476442316,2.41258922356153,3.21476021477941,2.5291270182866,3.39858540152173,2.41673646508226,60.8907423807821,13.9717983232315
74.8287129261072,-128325.3586,-187551.1084,-120600.2608,-197851.2388,-123175.2934,74.8892350081578,74.7525931369544,72.9872465040853,74.893262357528,73.8672174718978,62.1881434850168,60.8071963314267,61.4249985683145,60.9946427877618,61.4974260594867,2.41421519311043,3.2136109348791,2.49235847379845,3.40150915242554,2.3793907382414,60.9195607964954,13.9010844924549
74.8300543408712,-128325.3586,-187551.1084,-120600.2608,-197851.2388,-123175.2934,74.8890309622491,74.7689778338205,73.2505900712723,74.8930897237636,74.0835127275242,62.1949100043133,60.8284513098455,61.5129963808594,61.0041544841289,61.5726636438608,2.41554088115759,3.2147336464228,2.45512558868133,3.40388092081591,2.35256351697998,60.9492800343769,13.8418445540576
74.8435199945588,-128325.3586,-187551.1084,-120600.2608,-197851.2388,-123175.2934,74.8892397630101,74.7765414376657,73.4914600406073,74.8933460881008,74.2382837257038,62.2004138484472,60.8441453645645,61.5891046344914,61.0118690925461,61.6266279523441,2.41654888566651,3.21660965065404,2.42113981944023,3.40570975896728,2.33375915499067,60.9785284062482,13.7937672697187
74.8297431343237,-128325.3586,-187551.1084,-120600.2608,-197851.2388,-123175.2934,74.8885936112809,74.7798745686167,73.6985364910664,74.8926225973431,74.3466088539869,62.2045336098037,60.8557128558019,61.6516499988832,61.0176312785197,61.664745427248,2.41745688057942,3.21851186375028,2.39209248278181,3.4073017118579,2.32083930651803,61.0067750683166,13.7562022454874
74.8525833570056,-128325.3586,-187551.1084,-120600.2608,-197851.2388,-123175.2934,74.8879749695503,74.7810100956501,73.8688815555122,74.8920336630779,74.4209843786949,62.2076505102534,60.8641863753932,61.7013093300284,61.0220079521615,61.691361668582,2.41816904785681,3.22020890443847,2.36836618553385,3.4085215599443,2.31213192966721,61.0338927959765,13.7273976274406
74.8705169800913,-128325.3586,-187551.1084,-120600.2608,-197851.2388,-123175.2934,74.8877936736838,74.7811053452755,74.004522955539,74.8919019900246,74.4711569424886,62.2100465541544,60.8703662562153,61.7397734507419,61.0253654403236,61.7097539141248,2.4186606528078,3.22161744092487,2.34960091175166,3.4093792276962,2.3063739194861,61.0598883105087,13.7056321526666
74.8281409911296,-129715.2713,-191847.2022,-121611.1064,-202652.7554,-124312.4947,74.8864641979497,74.7811888155176,74.1107310231318,74.8904672052888,74.5048050564728,62.1707178952994,60.7671594669098,61.7134050757359,60.9290906443923,61.6607291271959,2.43755145128848,3.27112383141244,2.34395763323823,3.46839706356541,2.31268484960702,61.0823728512867,13.8337148291116
74.835444790636,-129715.2713,-191847.2022,-121611.1064,-202652.7554,-124312.4947,74.8849525744791,74.7806683275732,74.1917967518503,74.8890003634893,74.5268089630594,62.1717445972998,60.7704389675081,61.7357950851874,60.930587465281,61.6694586163928,2.43803813403185,3.27201105693613,2.33291609649615,3.46913347672646,2.31029714583009,61.094738391871,13.8223959100207
74.8725606929748,-129715.2713,-191847.2022,-121611.1064,-202652.7554,-124312.4947,74.8850213889701,74.7797796982196,74.2525999982412,74.8892523391242,74.5409270105557,62.1727346633843,60.772742628208,61.752409991032,60.9320170493954,61.6753571002233,2.43821481715463,3.27275676841669,2.32466920657863,3.46942617659956,2.30882114168806,61.1040081328173,13.8138881104376
74.8198082608593,-129715.2713,-191847.2022,-121611.1064,-202652.7554,-124312.4947,74.88587714101,74.7791217291258,74.2976466159963,74.8902283736152,74.5497622075169,62.1736193014997,60.7744354203959,61.7646279950782,60.9332599365604,61.6793011994604,2.43822035751246,3.27330611809339,2.31858003766472,3.46949251089395,2.30794373179385,61.1142208572773,13.8075427559584
74.8909993876169,-129715.2713,-191847.2022,-121611.1064,-202652.7554,-124312.4947,74.8863676754284,74.7789527951264,74.3307170668236,74.8906731297511,74.5551607559183,62.1742268331127,60.7757152977829,61.7735223590145,60.934085531456,61.6818862504722,2.43824279786656,3.27364478286113,2.3141161272326,3.46958718426704,2.30743932293797,61.125400708788,13.8030302151653
74.8146020876408,-129715.2713,-191847.2022,-121611.1064,-202652.7554,-124312.4947,74.885607292221,74.7789994197533,74.3548386611374,74.8897717638825,74.5584216700975,62.174419388796,60.7766063528007,61.7799134919134,60.9343434359442,61.6835216999164,2.43842558931017,3.27384220376844,2.31085325718357,3.46987540111556,2.30714800717969,61.1367971780747,13.8001444585574
74.812814414244,-129715.2713,-191847.2022,-121611.1064,-202652.7554,-124312.4947,74.8842786097654,74.7787996760105,74.3723706521679,74.8883677906522,74.5603839367051,62.1743821085956,60.7771324125816,61.7844870027259,60.9343112618488,61.6845444042437,2.43867334807868,3.27401190971583,2.30847437070402,3.47021651855794,2.30697965239107,61.1477509049635,13.7983557994475
74.8284245439966,-129715.2713,-191847.2022,-121611.1064,-202652.7554,-124312.4947,74.8836888207441,74.7782343176242,74.3851042029278,74.8878643620403,74.5615175830725,62.1744277837869,60.7774137188008,61.7878005224267,60.9344118753397,61.6852136876964,2.43879528196882,3.27420989739677,2.30674813619996,3.47036674352086,2.30689645492976,61.1578280162307,13.7970165140162
74.8199984750445,-129715.2713,-191847.2022,-121611.1064,-202652.7554,-124312.4947,74.883699803945,74.7776089392666,74.3943571900707,74.8879523619735,74.5620758464838,62.1745494709594,60.7775753268877,61.7902116140339,60.9345995513891,61.6856418170809,2.43881652527121,3.27439395115528,2.30549596645315,3.47039153417038,2.30687314057697,61.1668339136541,13.795971117627
74.8514117064997,-129715.2713,-191847.2022,-121611.1064,-202652.7554,-124312.4947,74.8837155293679,74.7771667545841,74.4010747716916,74.8879751304601,74.5622401807809,62.1746358292874,60.777687338939,61.791952896604,60.9347212690618,61.685884753479,2.43883007941521,3.27452357443477,2.30458608252123,3.47041614437393,2.30688722259551,61.1747386581844,13.7952431033406
68.2075062295111,-129715.2713,-191847.2022,-121611.1064,-202652.7554,-124312.4947,74.8742594276595,74.7769066907795,74.4059337245649,74.8765019962655,74.5621697128124,62.1726092872612,60.7771829107573,61.7926749495349,60.9316863061063,61.685430438057,2.44025662111879,3.27446641781326,2.30383022376958,3.47251613381431,2.30681845574648,61.1815771265925,13.7978878522624
68.182540965572,-129715.2713,-191847.2022,-121611.1064,-202652.7554,-124312.4947,73.8650603654714,74.7320365164583,74.4093130244833,73.7234549719389,74.5614278199777,61.9357942603016,60.6984990196056,61.7323906884716,60.5968014238923,61.6189959787141,2.59825588439249,3.26657661239192,2.2922603780251,3.6889521986623,2.29510961874543,61.1864670313402,14.1411546922173
68.1646862648977,-125099.5987,-177580.5778,-118254.2536,-186707.7046,-120536.0353,71.5826767177883,74.3168188305845,74.4095207221865,71.3135832163145,74.5441567697983,61.4430496539503,60.788719289679,61.7569229566502,60.1300349045774,61.64955600886,2.94807462246856,3.13662942450659,2.23327192924057,3.98921238972418,2.23364185971112,61.1734351866396,14.540830225651
68.2287501756918,-125099.5987,-177580.5778,-118254.2536,-186707.7046,-120536.0353,69.6902415645355,73.2885355694656,74.4027756041698,69.4767325385053,74.4460144761148,60.7448138441924,60.2965773804433,61.5453655167433,59.3284973871282,61.3991212571576,3.34163755638166,3.2660692453207,2.19769698793205,4.3961879894167,2.20756923050811,61.0863498842574,15.4091610095592
68.1621664686298,-125099.5987,-177580.5778,-118254.2536,-186707.7046,-120536.0353,68.7366447372395,71.8972187946982,74.3693040845015,68.6331359026815,74.1717058468049,60.3031640240694,59.689838467946,61.3501645381201,58.8655878276527,61.1229271325892,3.54448871644593,3.47598206510106,2.17039623249127,4.56752801660811,2.20725024576571,60.8544493193771,15.9656452764121
68.1835802139074,-125099.5987,-177580.5778,-118254.2536,-186707.7046,-120536.0353,68.3858265278764,70.5675484096038,74.2657667841276,68.3492809140873,73.6631299332389,60.0951042492023,59.086836582313,61.1692261458554,58.6542125579294,60.8026146036735,3.60552147610673,3.69599339448548,2.1575691018107,4.60167456766037,2.23956189046961,60.5513884212827,16.3003204305329
68.2018467524478,-125099.5987,-177580.5778,-118254.2536,-186707.7046,-120536.0353,68.2820424794702,69.5588677035438,74.0365456868751,68.2724942937859,72.9359077386088,59.9983774782098,58.5796455327279,60.9740658822198,58.5507347532867,60.4105286575674,3.60859320405247,3.864812499236,2.16319503220776,4.58904062586695,2.29948489682759,60.2821758558446,16.5251262581908
86.2743637425184,-125099.5987,-177580.5778,-118254.2536,-186707.7046,-120536.0353,68.8738358474756,68.9165704162723,73.644093042185,68.946369998734,72.0693197131007,60.2288175122487,58.3063472286747,60.8342248234404,58.8318988558479,60.0583171606262,3.45775752798467,3.99922172487927,2.20585340451795,4.41086329240641,2.39796136068267,60.0706521123328,16.471657310471
86.2749668577152,-125099.5987,-177580.5778,-118254.2536,-186707.7046,-120536.0353,74.6535184437892,69.1707438859035,73.07835983025,75.1044966098776,71.1534439888223,62.0917453622049,58.9748174017118,61.1866373639211,61.0773859168069,60.3318859128609,2.37963040997917,4.16172430660891,2.37616472313009,3.18052309292027,2.66153171490843,59.9565430139701,14.7595742475469
86.3061890750525,-125099.5987,-177580.5778,-118254.2536,-186707.7046,-120536.0353,80.4911805533682,71.6280066296884,72.4135561248281,80.9810391707666,70.483158096753,63.0665765626056,60.1919512696047,61.3508481799287,62.2880680961266,60.4899723890613,1.71552692067163,3.71042581918276,2.55422917810757,2.38664839891535,2.88215598772736,60.0916510024862,13.2489863046047
86.3207988105653,-125099.5987,-177580.5778,-118254.2536,-186707.7046,-120536.0353,83.7383782041073,75.3313571587384,71.866731581079,84.0961653533973,70.6585767424676,63.4155871517854,61.3448635056974,61.4075721113747,62.7312512252659,60.8098643535072,1.4708795239412,3.03382935925706,2.70162162682308,2.08816891182901,2.9244350821108,60.3543616776323,12.2189345039612
86.2539498831306,-125099.5987,-177580.5778,-118254.2536,-186707.7046,-120536.0353,85.2395400914029,78.7567468432601,71.6022249691391,85.4622265509473,71.8642668074064,63.557748347049,62.0843150028517,61.4751418753099,62.9121866859258,61.3862278032713,1.37868574611598,2.54507773573955,2.79021028660883,1.97842441757554,2.74878915916697,60.5990043588578,11.4411873452069
86.3281220840926,-125099.5987,-177580.5778,-118254.2536,-186707.7046,-120536.0353,85.8839786190746,81.3316672168007,71.752077439554,86.010070695642,73.6594050754368,63.6249569231547,62.5116071026051,61.6256799157939,62.9978669604047,61.9879777048457,1.34293310984441,2.25464928486877,2.79039918741526,1.93869087895942,2.46772901971427,60.807269407902,10.7944014808021
69.7818478602261,-125099.5987,-177580.5778,-118254.2536,-186707.7046,-120536.0353,86.1499400496219,83.0817643037075,72.3936446512847,86.2181546303925,75.5552383972358,63.6617204111673,62.7612302064283,61.8798752963763,63.0455349558568,62.4617057489932,1.32924605454672,2.0881653442042,2.68758905278369,1.92527000023593,2.19970582406274,60.996409288615,10.2299762758333
69.7925828779187,-126158.8184,-180854.5296,-119024.5952,-190366.8272,-121402.6696,85.8026892382983,84.2129372855458,73.4346746959496,85.7575196217501,77.3093465822855,63.6424476610188,62.8661921579334,62.1577955314012,62.9896889430331,62.7737613661486,1.36034059985604,2.02442766349928,2.52204205380335,1.99790188384453,1.99572295630442,61.1773134083542,9.90043515730763
69.7328590465192,-126158.8184,-180854.5296,-119024.5952,-190366.8272,-121402.6696,83.1732792245157,84.7392526941411,74.6774996010157,82.7503708811601,78.8252202367719,63.4696093578938,62.9225170022748,62.4267082159772,62.7106835997556,62.988720767264,1.52994221504176,1.98081610248039,2.32154500021802,2.26989030144557,1.83178114298671,61.351198431561,9.93397476217245
69.7787158296875,-126158.8184,-180854.5296,-119024.5952,-190366.8272,-121402.6696,79.0544131532695,84.3980026695079,75.952130071274,78.2822140178344,80.0687510551085,63.0757473086443,62.8625757633025,62.6186746547975,62.1067909692213,63.1048741010156,1.88660784406673,2.00669072176855,2.13303773105244,2.81216087315639,1.71004547944241,61.5196449040271,10.5485426494865
69.7980747522852,-126158.8184,-180854.5296,-119024.5952,-190366.8272,-121402.6696,75.1122305598684,83.0629545423181,77.150676860172,74.2944919306794,80.9973467548789,62.4787584988653,62.6614591258669,62.7302580390386,61.2734158594217,63.1396900512439,2.38615925809057,2.11822420268074,1.97225641234286,3.49340496554432,1.6244573171383,61.6632291991227,11.5945021557968
69.7417039308395,-126158.8184,-180854.5296,-119024.5952,-190366.8272,-121402.6696,72.3223164428766,80.9224455915287,78.2102436954161,71.7418497174223,81.5611480538651,61.834457694821,62.3147852583749,62.7858280076135,60.498564323683,63.115914628798,2.87432135046441,2.32242746203883,1.84387947422478,4.04578290162337,1.57270989369755,61.7191404782697,12.6591210820489
69.7435706497038,-126158.8184,-180854.5296,-119024.5952,-190366.8272,-121402.6696,70.8071845856831,78.3833828115169,79.0921648123989,70.5078144231244,81.722225823344,61.3605465073252,61.8464965804756,62.8161430014094,60.0080148612252,63.0568642618235,3.19113276809598,2.61324536906402,1.74740264045645,4.3322628718671,1.5541622916626,61.6245734153193,13.4382059411461
74.6278348200369,-126158.8184,-180854.5296,-119024.5952,-190366.8272,-121402.6696,70.1583907126181,75.8902637494053,79.7634440240475,70.0379489551595,81.4651933570693,61.1026851881353,61.2944421885774,62.8273928794983,59.7635985598462,62.9639403094098,3.32889317554446,2.9607748479186,1.67930311770483,4.42732533482714,1.56794791274062,61.4127924757815,13.9642443887356
74.5993571341062,-126158.8184,-180854.5296,-119024.5952,-190366.8272,-121402.6696,70.6807703095798,73.7999725139096,80.1766025475269,70.7350631219902,80.8018043734955,61.248837334343,60.7916484206921,62.8542535981391,59.985938449852,62.8695358410428,3.19610798755003,3.32209906920596,1.6418537446479,4.23177637170466,1.61769834344523,61.1905885611922,14.0095355165538
74.6231232307909,-126158.8184,-180854.5296,-119024.5952,-190366.8272,-121402.6696,72.2540083323726,72.4842513058088,80.2595710375163,72.4178963214055,79.7754310091451,61.707883976036,60.4921537736219,62.8905795262554,60.5480855082457,62.7735476859277,2.85844119618015,3.60361823659436,1.63744472269509,3.83223393532364,1.70622280765506,61.06380009227,13.6379608984483
74.6485553034601,-126158.8184,-180854.5296,-119024.5952,-190366.8272,-121402.6696,73.5162241766763,72.1236349662191,79.9498092685882,73.6620702570139,78.4875455997813,62.0189666755006,60.4221564381951,62.8727669990065,60.9100255020116,62.6172441603665,2.62197104980108,3.69311803277776,1.66543848985545,3.56710572131725,1.8278796536982,61.0835983932517,13.3755129474497
74.5770186142537,-126158.8184,-180854.5296,-119024.5952,-190366.8272,-121402.6696,74.1916178009497,72.4320703445332,79.2849547991233,74.2820745459828,77.1139576383821,62.1646581757971,60.5172743901023,62.7966295757565,61.0712177801363,62.4044566950491,2.50649185328154,3.62699802223103,1.72490311195126,3.44322042168075,1.97212680504378,61.1892191170494,13.2737402141884
74.6050293459783,-126158.8184,-180854.5296,-119024.5952,-190366.8272,-121402.6696,74.4876445253444,72.988180857531,78.4313799792081,74.5345950888657,75.8634672548163,62.2203374914696,60.6594523048047,62.6781256878107,61.1275745802126,62.165541136693,2.45738337166812,3.5052228765675,1.80538972853253,3.3928412188751,2.11776591938123,61.2942631879209,13.2786031150245
74.6240926199467,-125455.3442,-178680.1548,-118512.9776,-187936.6436,-120827.0998,74.6020142525475,73.516667395947,77.5989552799795,74.6245729056715,74.9014181684232,62.2566265326048,60.8345499948311,62.5673117799663,61.1894057035328,61.9748400563475,2.42822524546696,3.36658115838627,1.88392660895959,3.34251164099063,2.23349669463488,61.3641164881101,13.2547413484383
91.3978096388309,-125455.3442,-178680.1548,-118512.9776,-187936.6436,-120827.0998,74.9275494392202,73.9205996507984,76.9145871454414,74.9865679634167,74.2821628401654,62.318851703144,60.9344205789106,62.4597302801932,61.2733854311724,61.8306117287337,2.37751612054837,3.2877551783854,1.95910021317137,3.27474695725898,2.31870465196533,61.4091509160359,13.2178231213295
91.4015480317869,-125455.3442,-178680.1548,-118512.9776,-187936.6436,-120827.0998,78.4711888611471,74.4441591132728,76.3942478206273,78.8902071241538,73.9676081164033,62.9157036794736,61.1964852032422,62.4819669111933,62.0871150275913,61.8894973406474,1.92712614081366,3.22285842639228,2.03550469907967,2.6725558911262,2.3903961490578,61.4465876125108,12.2484413064696
91.4279762246104,-125455.3442,-178680.1548,-118512.9776,-187936.6436,-120827.0998,83.3786543660308,75.928619499571,76.013037595154,83.9647906386659,73.941147647278,63.4408171093335,61.6451090957183,62.5308007563613,62.7849911638003,62.0198870947574,1.50354232210283,2.98913756379687,2.10043136793058,2.12028460538997,2.42184703195301,61.5199163837775,11.1352428911733
91.4140581084751,-125455.3442,-178680.1548,-118512.9776,-187936.6436,-120827.0998,86.9698813855256,78.4303664820224,75.7795630007739,87.486713224606,74.3155552337266,63.7011883369311,62.1642579250731,62.5732966574307,63.1270416015449,62.1992876002616,1.28831396176991,2.6248058865191,2.14432394666518,1.84350608114482,2.382868252804,61.641242815701,10.283818128903
91.3485440641861,-125455.3442,-178680.1548,-118512.9776,-187936.6436,-120827.0998,89.0802030916349,81.2341903284459,75.6937943848438,89.4612715583299,75.1828855427218,63.8262128203455,62.5954331185767,62.6186277788985,63.2895185259717,62.4413547217718,1.18703546665745,2.29067727050128,2.16582426974146,1.71586529630941,2.26593412455505,61.7773600166565,9.62533642776465
91.4069092391376,-125455.3442,-178680.1548,-118512.9776,-187936.6436,-120827.0998,90.2137211457585,83.7693710510667,75.7617076298568,90.469775591379,76.4577330515983,63.8892844844626,62.8984202054496,62.6736624529037,63.3703030358215,62.7086715905139,1.13876633002057,2.04568434887601,2.16369310949014,1.65712460564457,2.09988656811075,61.9049268277874,9.10515496214204
91.4272788781024,-125455.3442,-178680.1548,-118512.9776,-187936.6436,-120827.0998,90.7975301233838,85.8144350959441,76.0259352736965,90.9604354448716,77.9477988733362,63.922990594388,63.1003565453603,62.7485699390957,63.4129171272523,62.9562158698616,1.11545658649516,1.87968785068511,2.13284130190131,1.63017235360478,1.92584528795718,62.0189372876183,8.68400338064353
91.363865408699,-125455.3442,-178680.1548,-118512.9776,-187936.6436,-120827.0998,91.0908439605097,87.3610166659585,76.5242486058559,91.1915842105889,79.4800785707156,63.9421988005176,63.2344072786299,62.8488332772832,63.4371217047467,63.1631027755375,1.10419440638678,1.76963852672408,2.07076074003412,1.61801738233451,1.76941302412132,62.1217755878894,8.3320240796008
91.4032128233615,-125455.3442,-178680.1548,-118512.9776,-187936.6436,-120827.0998,91.2346724464554,88.486093844182,77.245103457621,91.2966521371892,80.9457765734836,63.9539352485776,63.3244358665157,62.9686906324686,63.4520730368625,63.3280110143264,1.09884794934994,1.69684277279885,1.98358743984884,1.61278080771123,1.63877021687656,62.2163557353715,8.03082918658543
91.4231138314965,-125455.3442,-178680.1548,-118512.9776,-187936.6436,-120827.0998,91.3029141393881,89.2851846469058,78.1314747452518,91.341841627192,82.2901798480213,63.9616008197444,63.385742111459,63.0954920746551,63.4620641381391,63.4572208611091,1.09641339375988,1.64850565538641,1.88338293455519,1.61074466212784,1.53302885151104,62.3043431252043,7.77207549734036
91.3996707837401,-125455.3442,-178680.1548,-118512.9776,-187936.6436,-120827.0998,91.3332774735664,89.8444820965162,79.1110409832743,91.3589372018805,83.4923153488757,63.9668819285124,63.4280047445887,63.2176103672392,63.4691412461179,63.5581974288003,1.09540849386943,1.61624038369084,1.78177473763898,1.61016605654031,1.44834447162492,62.3863947867359,7.55193414336448
91.4173423041897,-125784.033,-179696.102,-118752.024,-189072.114,-121096.027,91.3446986697531,90.233625887243,80.1220558915547,91.3629113385164,84.5519194970986,63.9675586227459,63.4482040770824,63.3241376002507,63.4647959358016,63.6337427304407,1.09784739429292,1.6030412730826,1.68923508751677,1.61941124737777,1.38328161168081,62.463007988932,7.39281661395087
91.3898472998721,-125784.033,-179696.102,-118752.024,-189072.114,-121096.027,91.3468478397298,90.5014071286076,81.1167837266333,91.3610342253468,85.473380541947,63.9703739787927,63.4690971727445,63.4210755714226,63.468780290934,63.6966300317561,1.09787410959033,1.58840057504228,1.60353192570905,1.6197515614921,1.32874412358564,62.5337446353309,7.23830229541938
90.7711188610913,-125784.033,-179696.102,-118752.024,-189072.114,-121096.027,91.3445888324559,90.6844970591737,82.0660985991321,91.3566780492473,86.2681224664655,63.9724974080142,63.4838989705621,63.5040356261941,63.4718446801617,63.7466545538014,1.0980498858396,1.57857325558556,1.52868961905149,1.62018260126618,1.28480654029375,62.5987252307025,7.11030190203658
90.7821255133884,-125784.033,-179696.102,-118752.024,-189072.114,-121096.027,91.3257606806852,90.8085500675354,82.9535361248471,91.3340145097459,86.9491493470497,63.9735648100466,63.4944161398892,63.574330126206,63.4732797524567,63.7866910537139,1.09884858992484,1.57201164760908,1.46423093788776,1.62158400549645,1.24925121957076,62.6582889237981,7.00592640048889
90.7427728658852,-125784.033,-179696.102,-118752.024,-189072.114,-121096.027,91.2599962255176,90.8891780794913,83.7712077537051,91.258758266566,87.5295544181995,63.9724895471013,63.5017036984358,63.6336000321247,63.4713264430584,63.8188477531496,1.10145357793253,1.56780198426457,1.40908658899447,1.62586172593248,1.22036553696894,62.7128829353601,6.924569414093
90.7564603754876,-125784.033,-179696.102,-118752.024,-189072.114,-121096.027,91.1554294896014,90.9330426219477,84.5166736043614,91.1438893359712,88.0216282493349,63.9696354825639,63.5063387014985,63.68354548975,63.4667626787722,63.8447710750418,1.105574545883,1.56555949279052,1.36204379960631,1.63234147906203,1.19683584440303,62.7629591828319,6.86235516174489
90.779021299262,-125784.033,-179696.102,-118752.024,-189072.114,-121096.027,91.0395074865145,90.9434705694542,85.1908059813863,91.0218263964539,88.4362926306341,63.9660960411409,63.5087018165314,63.7257098737966,63.4614227924808,63.8657312902938,1.11016381974778,1.56509927476752,1.32194297349906,1.63925472620025,1.17765845356164,62.8089029852555,6.81411924777626
90.7329872125767,-125784.033,-179696.102,-118752.024,-189072.114,-121096.027,90.9338075043468,90.9250103322399,85.7963849337371,90.91528507615,88.782935046497,63.9627468400566,63.5091796250544,63.76139106259,63.4566295066357,63.8826824144468,1.11437671057533,1.56618039909913,1.28775315939914,1.64532898376709,1.16206569060919,62.851043445474,6.77570494344987
90.7640966610965,-125784.033,-179696.102,-118752.024,-189072.114,-121096.027,90.848442335894,90.8843908163776,86.3371882856201,90.8330103081911,89.0696039659207,63.9600253468046,63.5082183315369,63.7916475113566,63.4529413876076,63.8963415900788,1.11780183548906,1.56844923089195,1.25859181019522,1.65005142955778,1.14946282445201,62.8896935701108,6.74435713058601
78.1066050412779,-125784.033,-179696.102,-118752.024,-189072.114,-121096.027,90.7630820520166,90.829360763891,86.8174226007051,90.7477172584125,89.3033664552971,63.9571598098113,63.5062249050765,63.8172884353284,63.4488772311386,63.9072180767879,1.12124185067123,1.5714937297273,1.23371597621485,1.65496122980545,1.13937471304478,62.9251766740796,6.72078749946361
78.0799741476157,-125784.033,-179696.102,-118752.024,-189072.114,-121096.027,90.2410016422832,90.7590921832975,87.2413710195555,90.1406851022844,89.4906084211652,63.9363844222144,63.5020494415397,63.838090960981,63.4143754844904,63.9148833600515,1.14261012096646,1.57530430154967,1.21246393257231,1.69041377241698,1.13137473921323,62.9579621088034,6.75216686671865
78.1188597427275,-125784.033,-179696.102,-118752.024,-189072.114,-121096.027,88.8243509178438,90.620341962443,87.613142317895,88.523817186472,89.6365310947274,63.874884675578,63.4913181705961,63.8534356882852,63.3136084854357,63.9185237962719,1.20467193854764,1.58273799337809,1.19427539309548,1.79207250521262,1.12511552451983,62.9886814480611,6.89887335475366
78.088379460119,-127524.6807,-185076.2858,-120017.9496,-195085.2606,-122520.1933,86.6847168015017,90.2939483629681,87.9407198261047,86.1547428315446,89.7440294281459,63.74834548136,63.4180447359718,63.8479303044245,63.081950836344,63.9016933315117,1.32853827725506,1.64547859745537,1.1903197897404,2.02036038775781,1.13287095030332,63.0176311178888,7.31756800251197
78.115941360503,-127524.6807,-185076.2858,-120017.9496,-195085.2606,-122520.1933,84.3433895107244,89.6701533443342,88.223003709774,83.6790971036266,89.8033191054492,63.6041027273404,63.3708427554029,63.8528394260418,62.8570624652248,63.8961432681875,1.46928134792741,1.68155450523895,1.17677188482679,2.23875119754661,1.13003563320649,63.0393578167309,7.69639456874622
78.0479046075244,-127524.6807,-185076.2858,-120017.9496,-195085.2606,-122520.1933,82.2389404437058,88.7058784251528,88.4621647166174,81.5807265829818,89.7977791501402,63.4449533866068,63.2976756932489,63.8538119469776,62.6241104692836,63.886064140693,1.62136151033654,1.7405294137537,1.16538170702296,2.45905464891458,1.12983767539809,63.0468723011346,8.11616495542588
86.4114057631481,-127524.6807,-185076.2858,-120017.9496,-195085.2606,-122520.1933,80.611248582165,87.4416435059204,88.6583943865852,80.0693544775178,89.7043253918932,63.2963336442124,63.1979181220655,63.8522219099345,62.4240345882198,63.8716287266813,1.75986121498941,1.82413071857952,1.15608823508342,2.64179710396475,1.13329367937328,63.0332415022787,8.51517095199038
86.4260881131334,-127524.6807,-185076.2858,-120017.9496,-195085.2606,-122520.1933,79.6414585891288,85.9843569606427,88.8084231056491,79.2945415409003,89.4988064951124,63.1934249553634,63.0761919230989,63.85005218865,62.305442341281,63.8536733991176,1.85261338337665,1.93047868011332,1.14903830274329,2.7438391190937,1.14158237129306,62.9957052516518,8.81755185662002
86.421204929401,-127524.6807,-185076.2858,-120017.9496,-195085.2606,-122520.1933,79.9641148176045,84.505692375644,88.9041573650061,79.9380315715397,89.1615282614337,63.224530095296,62.9508369700211,63.8526904438778,62.3913635829869,63.8368702526209,1.8203466660397,2.05168271246948,1.14476825840163,2.65664996981134,1.15602871484638,62.9404987646856,8.82947632156854
86.4583446497342,-127524.6807,-185076.2858,-120017.9496,-195085.2606,-122520.1933,81.3123614058186,83.2628933654244,88.9314021099397,81.5487908285,88.6833792591617,63.3531063775055,62.8424010624285,63.8574006260571,62.5969317582112,63.8183462728751,1.69672111633272,2.16565416490999,1.1437394297093,2.45967188808186,1.17739766796199,62.8858282163646,8.64318426699587
86.4381427025705,-127524.6807,-185076.2858,-120017.9496,-195085.2606,-122520.1933,82.861960209037,82.4810687949728,88.8706553503133,83.1979096509236,88.0743083979526,63.4815459194507,62.7712135964667,63.8583820314363,62.7805547452835,63.7928194149962,1.57230112756243,2.24373663632231,1.14656208142674,2.28312409700053,1.20569343471486,62.8524079970285,8.45141737702687
86.4316789917632,-127524.6807,-185076.2858,-120017.9496,-195085.2606,-122520.1933,84.142061538575,82.2241611432324,88.7043889258946,84.4611948397973,87.3688739678756,63.574590677,62.7497022718788,63.8536471006464,62.9053834507853,63.7598708158216,1.48155538642683,2.27085766529552,1.15401481208779,2.1625423483637,1.24003676323389,62.8483564999926,8.30900697540774
86.4540717453199,-127524.6807,-185076.2858,-120017.9496,-195085.2606,-122520.1933,85.0427003029217,82.399275056765,88.4283332445772,85.2968618715013,86.6227909641855,63.6341744131452,62.7716690813385,63.8430189581273,62.9815952100971,63.7218037105097,1.42335102365431,2.25313898500221,1.16647376655713,2.08894456379961,1.27837422586019,62.8675751320503,8.21028256487345
72.4774823964065,-127524.6807,-185076.2858,-120017.9496,-195085.2606,-122520.1933,85.6152546875302,82.8440521514675,88.0579425584672,85.7977269342786,85.901369391683,63.6698730784914,62.8193055791483,63.8270425079189,63.0251960330532,63.6820152061538,1.38853120820614,2.20845362740459,1.18353524210328,2.04699930737916,1.31759148386583,62.8981087302527,8.14511086895899
72.5024917882108,-127524.6807,-185076.2858,-120017.9496,-195085.2606,-122520.1933,85.4714937564543,83.3978954143674,87.6249336692834,85.5040195298884,85.264981610722,63.6606299082032,62.8716058713656,63.8050424135889,62.9998092849652,63.6422090428618,1.39709492719549,2.15449188285339,1.20395697234134,2.07140594914212,1.35394440097693,62.9298361239408,8.18089413250928
72.5138391992265,-104985.4475,-115409.565,-103625.78,-117222.455,-104079.0025,84.2732162506974,83.7494953598793,87.2448784656057,84.2086238915721,84.8085258350677,63.8630278696152,63.7080909758496,63.9954882289871,63.7319468580787,63.8702598299495,1.22909832905503,1.37599922943636,1.06502740510085,1.36790478836498,1.18775521533023,62.9463985270202,6.22578496728744
72.4548915059814,-104985.4475,-115409.565,-103625.78,-117222.455,-104079.0025,82.2886571634406,83.924035779628,86.900035298176,82.1537181632443,84.4539320066969,63.7413888200901,63.7131849473635,63.9758566093926,63.5928195368301,63.8457096213562,1.35255111267532,1.36446294211541,1.08013630891816,1.50909420538816,1.20677728445134,62.9709067763554,6.5130218535484
72.5108759802155,-104985.4475,-115409.565,-103625.78,-117222.455,-104079.0025,79.9488202136894,83.8030483018881,86.5789573675873,79.7675544725136,84.1892774826554,63.5631601601877,63.6970819164984,63.9541464110686,63.3915544705141,63.8226131304581,1.53098064728406,1.37158077660403,1.0944284927494,1.71043872499382,1.22109021965925,63.0088368419043,6.92851886129057
72.4158659259015,-104985.4475,-115409.565,-103625.78,-117222.455,-104079.0025,77.6782192835935,83.3184600774913,86.2736710037287,77.4835356620216,83.9839491967283,63.3402112364134,63.654276569387,63.9298457495405,63.1434963822978,63.7993883146761,1.74962437964458,1.40239522164151,1.10819152370705,1.95328227611787,1.23210679652013,63.0534510772254,7.44560019763113
72.4910487589165,-104985.4475,-115409.565,-103625.78,-117222.455,-104079.0025,75.7817660876329,82.4699185663372,85.9780094665605,75.6078072129109,83.7940442748114,63.1006043501024,63.5816378079295,63.9032317119158,62.88271092098,63.7742811743322,1.97822005224039,1.46000355151287,1.12169816743332,2.20117348594685,1.24224919759193,63.0893754873744,8.00334445472536
72.5450890049439,-104985.4475,-115409.565,-103625.78,-117222.455,-104079.0025,74.3987302959836,81.3204642633761,85.6862031788029,74.2673487520661,83.5708428190306,62.8833151683862,63.4786647561448,63.8753936746382,62.6527580184715,63.7458661640158,2.17848233493258,1.54563764591517,1.1352736701109,2.41163422856571,1.25445467504548,63.0991404050663,8.52548255456984
72.4718629151342,-104985.4475,-115409.565,-103625.78,-117222.455,-104079.0025,73.5097348730339,79.9777434181194,85.391494084892,73.4243886475414,83.26914107494,62.7176080103234,63.347296977054,63.8473330555449,62.4824138545446,63.7125301945447,2.32448420538545,1.6582210878688,1.14932476229423,2.55988019473836,1.27166894098617,63.0722218099334,8.96357919127301
72.4998277532134,-104985.4475,-115409.565,-103625.78,-117222.455,-104079.0025,72.9996000335822,78.5675472787985,85.0848238208044,72.9509501008465,82.8534490874224,62.608482351734,63.1917984462248,63.818981375015,62.372921849714,63.6717633875182,2.4141896187653,1.7935358654419,1.16436665121562,2.6479551669679,1.29652497891126,63.0120598979537,9.31657228130199
72.4683915213579,-104985.4475,-115409.565,-103625.78,-117222.455,-104079.0025,72.7345042295346,77.2080057417656,84.7536508390015,72.7097975648593,82.3016446543533,62.5429954761093,63.01940952212,63.789184673657,62.3081545494319,63.6203661717531,2.46147347186993,1.94360009703174,1.1811050927123,2.69285770741941,1.33125442515694,62.9341396342089,9.61029079419032
72.4839298736098,-104985.4475,-115409.565,-103625.78,-117222.455,-104079.0025,72.6083833662499,75.9906816783239,84.3813970016631,72.5971916772263,81.6065832044885,62.5043938105201,62.8407399135228,63.7562555592787,62.2699680170138,63.5551617100762,2.48279437508528,2.09711628252707,1.20053662773914,2.7122628002948,1.37770505526387,62.8565540821876,9.87041514091017
72.4943624064966,-104985.4475,-115409.565,-103625.78,-117222.455,-104079.0025,72.553442132228,74.9708478410545,83.9486798240805,72.549071744529,80.7763235343477,62.4800694673551,62.668336670952,63.7183546788951,62.2454989516109,63.4734726860763,2.49034055122024,2.24157138391913,1.22396637603108,2.71848854051582,1.43730850283757,62.7913358848111,10.1116753545238
72.515929111935,-104985.4475,-115409.565,-103625.78,-117222.455,-104079.0025,72.5320438705281,74.1669386966987,83.4373688325238,72.5308158156958,79.8333922315695,62.4626157315513,62.5135022515194,63.673631203597,62.2274706537019,63.3733233046931,2.49131609944986,2.3664227388184,1.25286209616756,2.71854859985089,1.51090100278641,62.7417044000841,10.3400505370731
72.4874872813251,-103594.5327,-111110.3738,-102614.2056,-112417.4766,-102940.9813,72.5255791857491,73.5774197436596,82.8458416393686,72.5255032841606,78.8221168109254,62.4874955406684,62.4812434195873,63.6444415145723,62.3167547206275,63.2858263235412,2.46598575282954,2.39268648798446,1.27696539218493,2.63127271769775,1.58323546186099,62.7058444849139,10.3501458125577
72.4523332738963,-103594.5327,-111110.3738,-102614.2056,-112417.4766,-102940.9813,72.5247901452495,73.1560384112829,82.1756607212391,72.5251228871879,77.7789758704376,62.4751715153203,62.3815659625273,63.584404778978,62.3037437673238,63.1515895346611,2.46315528638667,2.46412724940116,1.31887396510545,2.62802125447606,1.68161320694989,62.6824929333737,10.5557909623193
72.4828392685031,-103594.5327,-111110.3738,-102614.2056,-112417.4766,-102940.9813,72.5252354009933,72.8682520847084,81.4423012014035,72.5257150203851,76.7533830223777,62.4631162922414,62.3043267373394,63.5151203816391,62.2909131054685,63.0017670882843,2.46009523311544,2.51323918769582,1.36772890770578,2.62457464251567,1.78870659006823,62.6645736784654,10.7543445611009
72.5153921379834,-103594.5327,-111110.3738,-102614.2056,-112417.4766,-102940.9813,72.526316738482,72.6798779887667,80.6723473283012,72.5268730291439,75.7940081372427,62.4513340015066,62.2455769446528,63.4373510655121,62.2783194778007,62.8420382413091,2.45695421031675,2.54446091277744,1.42265905179212,2.62105295566711,1.89914014957083,62.6449569895698,10.9442672801243
72.4950983648793,-103594.5327,-111110.3738,-102614.2056,-112417.4766,-102940.9813,72.5278701697832,72.561593765045,79.8948908007675,72.5284893652366,74.9416810002832,62.4400363738367,62.2010864359955,63.3527214816648,62.2662134427929,62.6808298320246,2.45382425555295,2.56258408161721,1.48224352972529,2.61754817158187,2.00619073731844,62.6212299492742,11.1223907757958
72.4905957994552,-103594.5327,-111110.3738,-102614.2056,-112417.4766,-102940.9813,72.5293596950965,72.4904820280044,79.1324904376561,72.5300320227665,74.2230005088647,62.4294037472327,62.1672134739507,63.2630655609012,62.2548045605311,62.5278138951488,2.45087913078629,2.57182800388114,1.54507952438627,2.61424885004121,2.10322475885528,62.5939501022285,11.2852602679502
72.480458419476,-103594.5327,-111110.3738,-102614.2056,-112417.4766,-102940.9813,72.5304233334105,72.4497252505589,78.3961924919577,72.5311385959548,73.6471191335453,62.4195879251224,62.1410868651224,63.1696576916919,62.2442692048555,62.3914672802731,2.44824193599165,2.57547797936232,1.61031539759343,2.61129023377155,2.18535597636215,62.564459808172,11.4306815230811
72.4624672827322,-103594.5327,-111110.3738,-102614.2056,-112417.4766,-102940.9813,72.5318332354755,72.4276534155354,77.6867827496469,72.5325985330623,73.2070814380567,62.4108434473027,62.1205092826028,63.0728246665173,62.2348874626692,62.2769591882848,2.44578561707543,2.57585135285643,1.67781536674625,2.6085410042521,2.25044198804947,62.5337939430273,11.5584353289797
72.5009764348728,-103594.5327,-111110.3738,-102614.2056,-112417.4766,-102940.9813,72.5336605377821,72.4167393889324,77.0005751408817,72.5344687245963,72.8848246063806,62.4031061701414,62.1037950635582,62.9721522948337,62.2265923739872,62.1854192092541,2.44347647287194,2.57440264596186,1.74784604869306,2.60596854903809,2.29896944105009,62.5024308857276,11.6706631576151
72.4941838535121,-103594.5327,-111110.3738,-102614.2056,-112417.4766,-102940.9813,72.5352219705842,72.4123229920451,76.3357792421175,72.5360501260589,72.6573573908333,62.3960501279662,62.089662753179,62.8672171142318,62.2190377822611,62.1147839835834,2.4413997157473,2.57197956190965,1.82050045194464,2.60366089347655,2.33316905609451,62.4704521089936,11.7707096791726
72.4907021252306,-103594.5327,-111110.3738,-102614.2056,-112417.4766,-102940.9813,72.5361373580294,72.411473506847,75.6962022724435,72.536966696546,72.5017962823275,62.389421584604,62.0771998953534,62.7584130165205,62.2119544611272,62.0613717332427,2.43958457172037,2.56908924197372,1.89518649251726,2.60164355882445,2.35599672501407,62.4377965087988,11.8615005900499
72.4950748637072,-103594.5327,-111110.3738,-102614.2056,-112417.4766,-102940.9813,72.5367613350228,72.4123638556582,75.0913434673677,72.5375897764524,72.3982907730006,62.3832054224432,62.0658690090719,62.6474589218223,62.2053247190025,62.0212598227837,2.43794109842953,2.56605464484047,1.97040750025583,2.59981731282557,2.37038958093173,62.4044873893928,11.9446101372831
72.5016509420866,-102572.3907,-107951.0258,-101870.8296,-108886.4406,-102104.6833,72.5376936797953,72.4134830938349,74.5379377240241,72.5384052485578,72.3310822165058,62.4094409623866,62.138680119428,62.5711698877955,62.2815523724713,62.0332953878589,2.41991708854474,2.51048602677373,2.03412442692601,2.53667140307771,2.36922497943586,62.3721121830098,11.870423924758
72.4992846325276,-102572.3907,-107951.0258,-101870.8296,-108886.4406,-102104.6833,72.5388878294457,72.4150724696183,74.0434934131069,72.539538342325,72.2882668800236,62.4045285626731,62.1296768463816,62.4679577800946,62.2763929515481,62.0109735448552,2.41845894572892,2.5079005455878,2.10287415967209,2.53511612528901,2.37394934557796,62.3451878758136,11.9382991218558
72.5174057576289,-102572.3907,-107951.0258,-101870.8296,-108886.4406,-102104.6833,72.539496708176,72.4169332451328,73.6145240977376,72.540112292124,72.261613070867,62.4000596323818,62.121708509076,62.3726586662057,62.2717092765366,61.993960014911,2.41724778651356,2.50550618917147,2.16528964123246,2.53381809584688,2.37617824193847,62.3211587910175,11.9980399547028
72.515076651666,-102572.3907,-107951.0258,-101870.8296,-108886.4406,-102104.6833,72.5397680811934,72.4187719975174,73.254565364264,72.5403649618254,72.2454788343482,62.3961553557457,62.1148559224728,62.2882428347685,62.2676232432837,61.9810167378628,2.41625271896163,2.50339279815904,2.2196953173276,2.53274793518681,2.37691693514943,62.2971391040472,12.0490057047845
72.5012295541486,-102572.3907,-107951.0258,-101870.8296,-108886.4406,-102104.6833,72.5399860806692,72.420389240662,72.9623568750654,72.5405750640242,72.236069008186,62.3929096302286,62.1091540502701,62.2165463577761,62.2642295881768,61.9712698108365,2.41542792622726,2.50161584124642,2.26524511369899,2.53185973919377,2.3768388760723,62.2726276653592,12.0909874964387
72.5172832439069,-102572.3907,-107951.0258,-101870.8296,-108886.4406,-102104.6833,72.5402238963436,72.4217461285005,72.7323300948566,72.5408076158495,72.2308648425444,62.390319420597,62.1045749785829,62.1580138467098,62.2615222582306,61.9640445122221,2.4147549256767,2.50017654260854,2.30198286071603,2.5311356257913,2.37637097001479,62.2479213709169,12.1244209248074
72.4660316565632,-102572.3907,-107951.0258,-101870.8296,-108886.4406,-102104.6833,72.5406137926995,72.4228703133278,72.5561510476654,72.5411967775685,72.2282246031607,62.3883541278299,62.1010270477605,62.1118984069677,62.2594686762846,61.9587948237204,2.41419473467256,2.49904485385381,2.33064974627029,2.53053427595456,2.375767137157,62.2232936420717,12.1501907479082
72.5202904910688,-102572.3907,-107951.0258,-101870.8296,-108886.4406,-102104.6833,72.540925272082,72.4238242911185,72.4243972677951,72.5415051164353,72.2271018028042,62.3868737369018,62.0983645054905,62.076662831924,62.2579214990891,61.9550540695783,2.41376870533306,2.49816955667247,2.35238881688366,2.53007767958017,2.37516164458804,62.1988804595663,12.1695664030574
72.4605601836079,-102572.3907,-107951.0258,-101870.8296,-108886.4406,-102104.6833,72.5414694321057,72.4246513008751,72.3278685707674,72.5420500163644,72.2268466599753,62.3858566285388,62.0964372998434,62.0504485364754,62.2568582782658,61.9524590810892,2.41339762572955,2.4975033720762,2.36848301283836,2.52968209430324,2.37462073530039,62.1747594886098,12.1836868402478
72.5012306115969,-102572.3907,-107951.0258,-101870.8296,-108886.4406,-102104.6833,72.5418384528519,72.4254089218617,72.2583838306626,72.5424152541236,72.2270673721378,62.3851183472612,62.0950816145924,62.0313646447872,62.2560857855856,61.9506940663909,2.41313451322399,2.49699245027313,2.38015538297258,2.5294022961178,2.37416188196391,62.1510283510415,12.1938465245514
72.5053468316448,-102572.3907,-107951.0258,-101870.8296,-108886.4406,-102104.6833,72.5419760662666,72.4260748254383,72.2091270623526,72.5425473513536,72.2275356826329,62.3845674528085,62.0941465046658,62.0177263940441,62.2555092930748,61.9495233600283,2.41297094176985,2.49660552166637,2.38847392613259,2.52922806632421,2.37378327847276,62.127840771297,12.2010617343658
72.4784360488305,-102572.3907,-107951.0258,-101870.8296,-108886.4406,-102104.6833,72.541868056413,72.4265878111813,72.174683073872,72.5424344221689,72.2281143785314,62.3841361328827,62.0934986345441,62.0081314767107,62.2550585586529,61.948766971595,2.41289413940732,2.49632504415259,2.39431183075113,2.52914501438772,2.37347497087922,62.1054060062571,12.206150999578
72.499956036011,-102755.775,-108517.85,-102004.2,-109519.95,-102254.725,72.5418747948701,72.4270035832407,72.1509140753003,72.5424624591187,72.2287497325473,62.3780394099906,62.0777774314425,61.9943822608531,62.239811289772,61.9404006483743,2.41575648608082,2.50551981168133,2.39981165678913,2.54008809450164,2.37488306875079,62.0837202449983,12.2360591178037
72.509053656909,-102755.775,-108517.85,-102004.2,-109519.95,-102254.725,72.542257946714,72.4272880341703,72.1347106704905,72.5428627297366,72.2293424014254,62.3779407153423,62.0775001140694,61.9898533546357,62.2397106061083,61.9401536823898,2.41564196547284,2.50538381646841,2.40257331197434,2.53996459171421,2.37468926973771,62.0623668566514,12.2382529553675
80.2966601680035,-102755.775,-108517.85,-102004.2,-109519.95,-102254.725,72.5512565503014,72.4275986762773,72.1238000089529,72.5520851006678,72.2298626375167,62.3799237152469,62.0776428097641,61.9871424761981,62.2418045585081,61.9403839655029,2.4139757937976,2.50534316216717,2.40451681060554,2.53820848715521,2.37462235203977,62.0421729814396,12.2366666057653
80.2889030558475,-102755.775,-108517.85,-102004.2,-109519.95,-102254.725,73.4592031899994,72.4608792375012,72.1166001736823,73.4766565578947,72.2307340010009,62.5797820079817,62.1142419555505,62.0184763660806,62.4516266180714,61.9756301386126,2.25686190870742,2.50614672693077,2.4136922764318,2.37365718913236,2.38258201703965,62.0242936200202,11.932940118242
80.312902668968,-102755.775,-108517.85,-102004.2,-109519.95,-102254.725,75.6551548815419,72.8012950798105,72.112538807135,75.6948143436704,72.2448944089493,62.9748528978969,62.2481318085885,62.0867020904623,62.8643588194456,62.0518411106242,1.93633805300134,2.45710129678476,2.43109519231721,2.03965023125256,2.39708606737248,62.0178789572649,11.2612708407284
80.3210007373434,-102755.775,-108517.85,-102004.2,-109519.95,-102254.725,77.6511637573913,73.6827279170828,72.115730020585,77.6966811456275,72.3352466192605,63.2529291110239,62.473470763714,62.1473503635201,63.1540530783892,62.1366578019259,1.70530289702392,2.31328363727546,2.44510785898748,1.79951254037885,2.3957849936915,62.0390104550451,10.6589919273572
80.3196564961922,-102755.775,-108517.85,-102004.2,-109519.95,-102254.725,78.9364653062488,74.9216393733134,72.1458652297275,78.9770238759978,72.598068522786,63.4042835674006,62.7249001890958,62.2012902108998,63.3113191499011,62.248535636444,1.58080504511925,2.12599374039695,2.45096078964805,1.67050522364731,2.36084336498362,62.0838443096318,10.1891081637952
80.3330575141567,-102755.775,-108517.85,-102004.2,-109519.95,-102254.725,79.645496750764,76.1969485796095,72.2430072398626,79.6765245834276,73.0799617430739,63.4832320490892,62.9412529384061,62.2617148304003,63.3929745827697,62.396719542809,1.5191776466782,1.95615468706905,2.44194463411908,1.60712139404514,2.28709839086065,62.1373466823094,9.81149675277209
80.3623303449259,-102755.775,-108517.85,-102004.2,-109519.95,-102254.725,80.0050951016121,77.3005086115425,72.4517107490063,80.0263434963004,73.7429377297316,63.5252898782617,63.1042436443749,62.3409448390527,63.4362401102928,62.5663789761762,1.48990542798955,1.82655023831062,2.41067429094221,1.57742486397842,2.18614929551796,62.1900956576629,9.49070411673876
90.2999632817579,-102755.775,-108517.85,-102004.2,-109519.95,-102254.725,80.2347508402731,78.1618311291528,72.7945254793646,80.251030993204,74.5024977940413,63.553900529486,63.2204255078914,62.4434655888178,63.4659470834275,62.7352372723941,1.47194841971589,1.73545861856548,2.35471185546128,1.55910102789646,2.07640733375893,62.2397861401205,9.19762725539803
90.2477312966882,-102755.775,-108517.85,-102004.2,-109519.95,-102254.725,81.254236147317,78.8285001793334,73.2597064149994,81.2994756686023,75.2774544741105,63.644214671635,63.310131173485,62.5700705479572,63.5631661452965,62.8937207929949,1.39428286833077,1.67093533792943,2.28013037525519,1.47548403700745,1.9730419495907,62.2867485590025,8.79387456811353
90.3086313893973,-102755.775,-108517.85,-102004.2,-109519.95,-102254.725,83.2206697692906,79.5146088412453,73.8113828948456,83.3063438135059,76.0192253830222,63.7869540267001,63.3976226389814,62.7076484129806,63.7156308955399,63.0343445959882,1.26344089723767,1.6088734477702,2.19509602653668,1.33581874670123,1.88169814156465,62.331422639249,8.28492725981042
90.2753766652088,-102777.8212,-108585.9928,-102020.2336,-109596.1096,-102272.7628,85.2783417209403,80.4148110177764,74.4093889850049,85.3826952199894,76.724727970389,63.9090710388995,63.4936834006362,62.8391817825884,63.8441403860944,63.1536671778464,1.14924929021182,1.53337734779881,2.10692809740343,1.2158587245431,1.80073883143726,62.3750701853914,7.80615229139442
90.2831713736426,-102777.8212,-108585.9928,-102020.2336,-109596.1096,-102272.7628,86.9362804119476,81.5351942735277,75.0250812467013,87.0382548770011,77.4231109359598,63.9931327279299,63.5957016918617,62.9592634209445,63.9322642336032,63.2582735452284,1.07041193745126,1.4463326467691,2.0203847761991,1.13337879396761,1.72525356125287,62.4185269500709,7.39576171563995
90.2630005767526,-102777.8212,-108585.9928,-102020.2336,-109596.1096,-102272.7628,88.1141111201226,82.762152250286,75.6464418996526,88.2025971434889,78.1468580773781,64.0469273486672,63.6917881101697,63.0671532789348,63.9882629120367,63.3537036994883,1.02041931440301,1.36056519931652,1.93791520192975,1.08150154195962,1.65197601056965,62.4618851040867,7.05237726817853
78.6005456530785,-102777.8212,-108585.9928,-102020.2336,-109596.1096,-102272.7628,88.8961920252756,83.9708425305498,76.2736393699677,88.9675371773404,78.9116267076318,64.0807449434456,63.7746932879759,63.164759198037,64.0232267133105,63.4428187183801,0.989650481923483,1.28472380926161,1.85962449330716,1.0498522236806,1.57982025311243,62.5051014374192,6.7636712612853
78.6165283669704,-102777.8212,-108585.9928,-102020.2336,-109596.1096,-102272.7628,89.3068654085395,85.0746860171392,76.9115139998552,89.3570932194188,79.7131476675631,64.0988258507154,63.8422240048312,63.2540126453095,64.0415319897673,63.5257303389831,0.974237568429131,1.22201908437632,1.7849234654798,1.03445622126552,1.50968716360826,62.5482968819421,6.52532350315902
78.6414638392869,-102777.8212,-108585.9928,-102020.2336,-109596.1096,-102272.7628,88.9321227719885,86.0113748192164,77.5635289679156,88.9389720421511,80.5339683518011,64.0875526813091,63.8938492825596,63.3354193679257,64.0279975918644,63.6007934243303,0.98849040551091,1.17311829229417,1.71334037570024,1.05125714215245,1.44319870653916,62.5919135140455,6.36940492219693
78.6673815562091,-102777.8212,-108585.9928,-102020.2336,-109596.1096,-102272.7628,87.700675812588,86.6972835540345,78.2288733599609,87.6499139583224,81.3500973755393,64.0416786246921,63.9284223993347,63.4093585691725,63.9770286660541,63.6668316638628,1.03802451847976,1.13955957704894,1.64496577598503,1.10623776888719,1.38198093900667,62.6367614554628,6.31076857940759
78.6292191593527,-102777.8212,-108585.9928,-102020.2336,-109596.1096,-102272.7628,85.9811536097683,87.0519644770927,78.9019979687461,85.8820903130415,82.1333284921149,63.9681120821009,63.9450151100468,63.4762627415793,63.8965393950384,63.7233331855633,1.11563952363479,1.12288616619983,1.58031978953058,1.19113866677759,1.3274276145106,62.6836008410849,6.3374117606534
78.6236008598884,-102777.8212,-108585.9928,-102020.2336,-109596.1096,-102272.7628,84.1754343494953,87.0430966620618,79.5732826609135,84.0515475458437,82.8530720280327,63.8776875659715,63.9439470982327,63.5363995504104,63.7987803459533,63.770086807884,1.20991849122952,1.123265326961,1.52009554971347,1.29304995956221,1.2806139013892,62.7326255596994,6.42694322885539
78.6562343306226,-102777.8212,-108585.9928,-102020.2336,-109596.1096,-102272.7628,82.5571257556771,86.6952285229769,80.2302362027758,82.4329558139713,83.4799059518501,63.7826270126412,63.9266948797092,63.5899746914719,63.6973522852668,63.807178099859,1.30808388015097,1.13957596891655,1.46497665502377,1.39775800489795,1.24222407470827,62.7829720938201,6.5526185836975
81.7594442380836,-102777.8212,-108585.9928,-102020.2336,-109596.1096,-102272.7628,81.2575786206794,86.0739207840364,80.8589834639439,81.1504011028136,83.9892863236487,63.6944479095076,63.8954487589249,63.6371983872963,63.6046506420034,63.8349584056754,1.39830532309699,1.16989456072348,1.41550916696819,1.49254600806808,1.21254036613812,62.8325740083282,6.68879542499487
81.7720536632864,-102777.8212,-108585.9928,-102020.2336,-109596.1096,-102272.7628,80.3641117126151,85.2649871963005,81.4457461261582,80.2840208559946,84.3639193805804,63.6264393967176,63.853031264797,63.678492196836,63.5345868027875,63.8541164502628,1.46726609890397,1.21177504149261,1.37205190765689,1.56350595044892,1.19152466924989,62.8786393054621,6.80612366775228
81.763769811197,-102621.4936,-108102.7984,-101906.5408,-109056.0688,-102144.8584,79.9942352278712,84.3665504264429,81.9774931486222,79.9463692764174,84.5943954692509,63.5985162548391,63.8090482262306,63.7164197729918,63.5125141698502,63.8675006920363,1.49558948520524,1.25652498527161,1.33346093125585,1.58567771424851,1.17757019730295,62.9184509922325,6.84882331328416
81.7740952544772,-102621.4936,-108102.7984,-101906.5408,-109056.0688,-102144.8584,80.0562874379622,83.4784438775982,82.4443425384921,80.0356495068044,84.6805561110268,63.6033298156756,63.7573438099508,63.7473680934116,63.5199070578194,63.8720053251773,1.49038643758683,1.30981613909657,1.3023726368523,1.57781570414802,1.17294922762617,62.9512432877498,6.85334014530989
81.7139495901946,-102621.4936,-108102.7984,-101906.5408,-109056.0688,-102144.8584,80.3438289604781,82.6892375176608,82.8379468016918,80.3405227219515,84.63018993612,63.6262165976258,63.7082295079961,63.7727701261146,63.5453958009588,63.8695200937179,1.46679228864852,1.36088742685269,1.27722015502709,1.55156897141997,1.17565443492733,62.9782906992232,6.8321232768756
81.6926294049027,-102621.4936,-108102.7984,-101906.5408,-109056.0688,-102144.8584,80.6867844850584,82.054908169847,83.1524105556982,80.6919284821969,84.4593086331722,63.6526122908136,63.6661149145933,63.792409064476,63.573777446846,63.8604158313871,1.43953369842838,1.40471507786205,1.2577699397513,1.52229044759905,1.18488764455179,63.0021329127305,6.80919680819257
81.7383379270746,-102621.4936,-108102.7984,-101906.5408,-109056.0688,-102144.8584,80.9931432987079,81.5935952759718,83.384492191712,81.0010800018914,84.1907810953003,63.675310958329,63.633728665597,63.8063959598277,63.5978073040794,63.8455070936142,1.41595463083865,1.43826319592047,1.24375871998949,1.49735042679351,1.19965814027667,63.0251198758534,6.79498511381879
65.4027628162294,-102621.4936,-108102.7984,-101906.5408,-109056.0688,-102144.8584,81.2041715122675,81.2931986864359,83.5339210506357,81.2115628798795,83.8519879608014,63.6903476924163,63.6115554465949,63.8149626411158,63.6135377859563,63.8258690101181,1.40010914524862,1.46089448808352,1.23487394229928,1.48077967059332,1.21877701977044,63.0485662854221,6.79543426599518
65.4101526278568,-102621.4936,-108102.7984,-101906.5408,-109056.0688,-102144.8584,80.7192930336421,81.1140030205748,83.6036346442563,80.7148046927144,83.471916398705,63.6530860280699,63.5955397264378,63.8166844459461,63.5735118075268,63.8009836839884,1.43683156371187,1.47450234165161,1.23063067653948,1.52023525741113,1.24078374555274,63.0729422718174,6.90298358486683
65.411129483392,-102621.4936,-108102.7984,-101906.5408,-109056.0688,-102144.8584,78.8563326815267,80.9403805244066,83.5996789297561,78.8222483877616,83.077217709718,63.4922322537209,63.5734955081167,63.8086740284411,63.4020083778803,63.7686443572658,1.59601045395853,1.48737180704045,1.23037854978155,1.68990870342965,1.26406923633134,63.0984331181058,7.26773875054153
65.3959580667303,-102621.4936,-108102.7984,-101906.5408,-109056.0688,-102144.8584,75.8649522923907,80.5702451351946,83.5304783138839,75.7934462657447,82.6845497931291,63.1484990263976,63.5243814397857,63.7871923436514,63.0367985381153,63.7250879910565,1.92831007086094,1.5153831809825,1.23335233789924,2.04276220195626,1.28734527525532,63.1226006047031,8.00715306695426
65.4246976590151,-102621.4936,-108102.7984,-101906.5408,-109056.0688,-102144.8584,72.4433138595093,79.8014173867005,83.4052623848114,72.346652353948,82.2905248153012,62.5494496568438,63.4187694028199,63.7450683938731,62.4057235593219,63.661521370711,2.47843152040033,1.57673015832111,1.23856498671494,2.62136449621885,1.31018138704406,63.1325241615554,9.22527254869929
65.3951254368087,-102621.4936,-108102.7984,-101906.5408,-109056.0688,-102144.8584,69.366871753965,78.5166400169441,83.2317232049264,69.2769975400747,81.8662130439679,61.6924558534956,63.2221521875799,63.6746570911157,61.5194496811343,63.5664813268236,3.19519624900016,1.68891011176913,1.24509615949009,3.3591539846758,1.33375581399456,63.0843617252381,10.8221123189297
75.4210055781683,-102621.4936,-108102.7984,-101906.5408,-109056.0688,-102144.8584,67.2354228731961,76.7328094234161,83.0128094676247,67.1790362014596,81.36046071139,60.8256645001779,62.9143135487672,63.5842995303374,60.6447684856352,63.4434799332352,3.82561455072451,1.86930729535707,1.253334815063,3.98802114253212,1.36224813066946,62.8848362721564,12.2985259343462
75.4079113182755,-102917.1131,-109016.5314,-102121.5368,-110077.2998,-102386.7289,66.7241069786731,74.6000515752556,82.7414931511393,66.7060871686098,80.7086309063951,60.540803543144,62.510702688595,63.5149666185788,60.3540448277496,63.3305178014091,3.97714636330139,2.15473559729987,1.26917365269696,4.1408444929282,1.40781499396034,62.4721278910558,12.9497151001867
75.3784302121764,-102917.1131,-109016.5314,-102121.5368,-110077.2998,-102386.7289,69.0219444851618,72.5180307158212,82.3932082540151,69.0309534618886,79.846418749255,61.4857816033231,62.1856587029971,63.539581449425,61.3234235880261,63.3065555928108,3.26318620727631,2.52113942102878,1.29427622392865,3.41261337632887,1.47916388210297,62.0183567279386,11.9703791106656
75.4189959887265,-102917.1131,-109016.5314,-102121.5368,-110077.2998,-102386.7289,71.6795949722725,71.1484781565127,81.9167706856807,71.6864400167755,78.7364491280346,62.2727027138145,61.9264852483495,63.540623031917,62.128267203688,63.2354149001343,2.61424305670056,2.82469859320829,1.32790622756054,2.75186691644482,1.57829263752628,61.8117162099542,11.0970074314405
75.403903692566,-102917.1131,-109016.5314,-102121.5368,-110077.2998,-102386.7289,73.4829781060467,70.8199986150191,81.2559382474053,73.4833668077484,77.4184118215287,62.6633216659475,61.867815745939,63.503913922053,62.5302582537674,63.0985520160584,2.27289127967714,2.90983224708655,1.37459257945899,2.40140225182354,1.70847819240465,61.8881863328451,10.6671965504509
75.3502685106825,-102917.1131,-109016.5314,-102121.5368,-110077.2998,-102386.7289,74.4923831198561,71.2819306283762,80.4180373057894,74.4921448914783,76.0288115531243,62.8448242466148,61.9976797723292,63.4409883949272,62.7182999982932,62.9155145601896,2.11133534841371,2.8057568454539,1.43734055524762,2.23400425134036,1.86567635958521,62.1038482416431,10.4541133600408
75.3859501923678,-102917.1131,-109016.5314,-102121.5368,-110077.2998,-102386.7289,75.0005758628233,72.0938410551827,79.5067930464388,75.0020409989017,74.7694450604968,62.9272035900897,62.1929620433224,63.3599849089705,62.8039100792276,62.7128511745416,2.03687107597454,2.63101390927623,1.51124610512841,2.15629916740558,2.02919401842321,62.3214415023085,10.364624276208
66.5224181511663,-102917.1131,-109016.5314,-102121.5368,-110077.2998,-102386.7289,75.2326438404964,72.9362364536847,78.6510509665306,75.2349693997724,73.8283451675853,62.9621899849254,62.3717696970753,63.2730199066128,62.8401054923832,62.5339839351563,2.00415592293997,2.46575156081283,1.58679617780245,2.12207408992343,2.1661400492214,62.4791533810107,10.3449178007001
66.4599857855429,-102917.1131,-109016.5314,-102121.5368,-110077.2998,-102386.7289,74.6557291560744,73.63465222388,77.9131822009874,74.6428938004664,73.2930006673628,62.8663833307481,62.4935402264113,63.1799475260414,62.7374903670794,62.4060579826587,2.08594294680667,2.33812840228011,1.65624192150419,2.2093177852533,2.24720281023533,62.573622076069,10.5368338660796
66.4662486860803,-102917.1131,-109016.5314,-102121.5368,-110077.2998,-102386.7289,72.5451869788217,73.9616476267869,77.2757028298587,72.4937993529772,73.1172279198125,62.4476614748236,62.5014576584827,63.0573026371493,62.2937919229709,62.3055112868224,2.43543854007271,2.27302954543601,1.71621283528909,2.57870592021533,2.26283845816739,62.6211647009901,11.2662252991806
66.5111721219895,-102917.1131,-109016.5314,-102121.5368,-110077.2998,-102386.7289,69.9854913915837,73.6417792464245,76.6897704859321,69.9166473183539,73.1453950464693,61.7355269851349,62.3405825803374,62.8874914056502,61.5513218658049,62.1921379744672,2.98084956010005,2.30500814771542,1.76795446361214,3.14426733247814,2.23359755323133,62.611656424958,12.4316770571371
66.4635029765005,-102917.1131,-109016.5314,-102121.5368,-110077.2998,-102386.7289,68.083933677357,72.6484891710899,76.1213628828885,68.0342116267547,73.1771350906627,60.9997297845775,62.0021256489974,62.6808285419444,60.8025685121625,62.0459318923026,3.47137139811417,2.44678385631017,1.81553800533577,3.637184403213,2.19789071854713,62.4866311959255,13.5687683815202
66.4995651735896,-102917.1131,-109016.5314,-102121.5368,-110077.2998,-102386.7289,67.0955402813743,71.2408871969412,75.5615438521904,67.0724533779846,73.0447905530623,60.5122914420786,61.5289732513252,62.4679354613726,60.3170287194682,61.8673200996821,3.73552684580503,2.68220564351521,1.86364218171645,3.89358491517452,2.18879292036412,62.2052717036055,14.3637525065754
66.4935966925124,-108714.2616,-126934.9904,-106337.6448,-130103.8128,-107129.8504,66.6942770025626,69.7041276495556,74.985297318966,66.6825085114942,72.6468055344007,59.9852738837276,60.3142087628411,61.9703317530976,59.4270852593536,61.2707838941962,3.87197963404303,3.23016012375575,1.95230897794299,4.28481237158093,2.25021816687307,61.7982621826665,15.5894792741958
73.9714333823923,-108714.2616,-126934.9904,-106337.6448,-130103.8128,-107129.8504,66.7979929063781,68.4442627937244,74.3914866940765,66.8036382005845,71.9707161854346,59.9782654786442,59.7485406066535,61.7346893303863,59.42393104264,60.9305815875457,3.80911461874834,3.48803019469312,2.00755636609604,4.21265053564636,2.31867920943864,61.3625067800199,15.8360309246225
73.925620292394,-108714.2616,-126934.9904,-106337.6448,-130103.8128,-107129.8504,69.1272205405181,67.7673386508999,73.7458758131259,69.1898966586003,71.0721627525178,60.9960494770192,59.6355126162572,61.7160914629316,60.5007315721463,60.7872385947967,3.19475795528055,3.72990536491462,2.11219365054149,3.5778037363213,2.48893722199323,61.0561466049467,15.1035979290512
73.9796196035539,-108714.2616,-126934.9904,-106337.6448,-130103.8128,-107129.8504,71.6743269193696,68.2123290720388,73.0225309706751,71.74752180715,70.1060919117726,61.8481701123932,59.9814001534064,61.6916475903693,61.4045024731589,60.612218370681,2.6436707607207,3.68499617151427,2.2424760073012,3.00571103156122,2.69632099592786,61.00140579867,14.2731749670252
73.9548420456198,-108714.2616,-126934.9904,-106337.6448,-130103.8128,-107129.8504,73.0838104608799,69.5179250333609,72.2874823722257,73.1372331466096,69.4014443461197,62.2259897191976,60.5573806242711,61.5983085528953,61.8067037108655,60.4433825308244,2.3924804119427,3.38494405790762,2.37709990980909,2.74374886788214,2.85759699914345,61.1311683666949,13.755870246685
73.9827415256715,-108714.2616,-126934.9904,-106337.6448,-130103.8128,-107129.8504,73.6910847275508,70.9461583007386,71.631120132504,73.7227167662537,69.2349004741551,62.3799424458923,61.0709599305878,61.4810053529605,61.9697633294279,60.4555195745487,2.29659594000361,3.07142605305488,2.50334451124371,2.64513319813034,2.91575577529355,61.2793077498499,13.4322554777261
73.9544946326696,-108714.2616,-126934.9904,-106337.6448,-130103.8128,-107129.8504,73.9191466942387,72.081798419874,71.0952691567098,73.9355114419684,69.5870880677289,62.4446794866474,61.4261924588245,61.370424009083,62.0379037118439,60.6674004672342,2.26390672184538,2.84647740016271,2.61281632109735,2.61297296204458,2.8698909320669,61.3802924518414,13.2060643372169
73.1993992055995,-108714.2616,-126934.9904,-106337.6448,-130103.8128,-107129.8504,73.9960913991339,72.8503981649787,70.7257447536368,74.0041076971792,70.2316760700523,62.4754003982749,61.6495119917838,61.2953227545358,62.0706088066912,60.9715428256445,2.25482338159432,2.70790552498886,2.69438993549663,2.60511419132972,2.76438036968725,61.44434308985,13.0266134030968
73.1701350509646,-108714.2616,-126934.9904,-106337.6448,-130103.8128,-107129.8504,73.9709858442423,73.3217387660841,70.5783267340336,73.9718593395881,70.9469610286925,62.4837571801722,61.7849048375088,61.2826882883934,62.0791178374914,61.2673201339466,2.26139168989575,2.62905245416076,2.73345766086471,2.61404212866704,2.64457440517489,61.4912204631483,12.8825183387632
73.1496091164625,-108714.2616,-126934.9904,-106337.6448,-130103.8128,-107129.8504,73.7561766341289,73.5684586677522,70.6614130174871,73.7465114351094,71.6023940671439,62.4513728559714,61.857221236591,61.3342024477789,62.0420131839667,61.5059995902957,2.29788362103656,2.58990066006701,2.72420504844018,2.65608372480153,2.53541307446223,61.5296067090046,12.8034861288075
73.2078371655596,-108714.2616,-126934.9904,-106337.6448,-130103.8128,-107129.8504,73.5169517267186,73.6308435901063,70.9203783363557,73.5048812852651,72.1411289689682,62.4111030005276,61.8845384584279,61.4352314264822,61.997880807432,61.6856068946796,2.339048917495,2.58216870864074,2.67884455172902,2.70167081088731,2.44832638481812,61.5592043611593,12.7500593735702
73.2416295206541,-108714.2616,-126934.9904,-106337.6448,-130103.8128,-107129.8504,73.362622038378,73.571874530552,71.2729262283286,73.354389634281,72.5456460129656,62.3862977603644,61.8846120455,61.5591164511541,61.9720622698568,61.8146448429562,2.36665050912299,2.59521351488078,2.61578461023299,2.7312628003474,2.38547458489439,61.5786333839138,12.6943860194786
73.1498079205691,-153809.7637,-266321.0878,-139134.3736,-285888.2746,-144026.1703,73.2512550695477,73.4432346417461,71.6535311791635,73.2419003244648,72.8375282718841,60.841915638967,57.7299741576431,59.06835632206,58.3726698274415,59.0651814918377,2.96169122571604,4.0498951876415,2.64167703547183,4.59422634088807,2.49883742091263,61.4192078461109,16.7463272106301
73.2160344210576,-153809.7637,-266321.0878,-139134.3736,-285888.2746,-144026.1703,73.2119059429565,73.3140825126234,72.0174316577497,73.2114216001104,73.006428032736,60.834934757015,57.7040247960966,59.2378030754961,58.368225210596,59.1587831420525,2.9694366381194,4.07667025787817,2.60148150577509,4.60228434802749,2.4852497142615,60.8470298340473,16.7351224640616
73.1708820267085,-153809.7637,-266321.0878,-139134.3736,-285888.2746,-144026.1703,73.2159682119337,73.22265673763,72.3266609800609,73.2206206394315,73.0817531079315,60.8403823869502,57.6911017373149,59.3802935341664,58.3781902325839,59.2109014834791,2.96976904594592,4.09727538649126,2.56797650355199,4.60252186101839,2.48109174833195,60.3114357102552,16.7186345453395
73.1945368859123,-153809.7637,-266321.0878,-139134.3736,-285888.2746,-144026.1703,73.2238216627389,73.1734778401608,72.5580585349645,73.229216012202,73.096674449692,60.8457921144683,57.6877673161987,59.484068553745,58.3862264472284,59.2314807659057,2.96918274149845,4.10940511371799,2.54290904728889,4.60234847697821,2.48210420226657,59.9238222370675,16.7059495817501
73.1708443816341,-153809.7637,-266321.0878,-139134.3736,-285888.2746,-144026.1703,73.2290364473171,73.1521428928402,72.7119290835976,73.2341952803903,73.0802006908094,60.8492725084549,57.6888997841135,59.551326901092,58.3910983435318,59.2331174394232,2.96876676243478,4.11537589943294,2.52617372262809,4.60231518454386,2.48535051627719,59.6466571599947,16.6979820853169
73.1461175774752,-153809.7637,-266321.0878,-139134.3736,-285888.2746,-144026.1703,73.2342636906339,73.1450661088375,72.802704288167,73.2394485639872,73.0524416444968,60.8518958554459,57.6912701394515,59.5903812057265,58.3947062262848,59.2260505767734,2.96814245850781,4.11789169099886,2.51628477444608,4.60180506095151,2.48907002117889,59.4434723580792,16.6931940060831
73.1998332717463,-153809.7637,-266321.0878,-139134.3736,-285888.2746,-144026.1703,73.2385373472995,73.1447132802097,72.8490524497,73.2435571369593,73.0246894176933,60.8536281894097,57.6933661000934,59.6099758912529,58.3969486404854,59.2162587492442,2.96753341021233,4.11854431040282,2.51119987565862,4.60122663262686,2.49230751372786,59.2906165029759,16.6908117426285
73.2356969752471,-153809.7637,-266321.0878,-139134.3736,-285888.2746,-144026.1703,73.2408023936307,73.1469604837409,72.8677827733957,73.2455534989431,73.0019266717484,60.8543884466562,57.6946841059613,59.617535584082,58.3978203987067,59.206850535067,2.967172893286,4.11829664839779,2.50908280671325,4.60087812442376,2.49472022965179,59.1735145162266,16.6901507024726
73.1816421621441,-153809.7637,-266321.0878,-139134.3736,-285888.2746,-144026.1703,73.2428665072666,73.1495986775728,72.871439993323,73.2475870149412,72.9853721575651,60.8549362768696,57.6954749608896,59.6188007836818,58.3984682972181,59.1994606560381,2.96680971114131,4.11780435975337,2.50862993261155,4.60044880216532,2.49637867644471,59.083414379021,16.6900714821163
73.1738840022061,-153809.7637,-266321.0878,-139134.3736,-285888.2746,-144026.1703,73.2442272479069,73.152031206104,72.8681787471647,73.2488186054323,72.9743809815536,60.8552148822965,57.6958996481916,59.617187633163,58.3987323434689,59.1941933089886,2.9665505710932,4.1172694330587,2.50894194414467,4.60014906399123,2.497415588634,59.0148600616513,16.6903266009218
73.1568151909295,-153809.7637,-266321.0878,-139134.3736,-285888.2746,-144026.1703,73.2443330008626,73.1539007065821,72.8626610731001,73.2487913753401,72.9676814556015,60.855103101873,57.6959791994748,59.6145758327361,58.3984967962854,59.1906371054867,2.96649848361277,4.11679267406471,2.50949226278483,4.60008453398023,2.4979853902756,58.9637689200449,16.6908533447181
73.1461247858297,-153809.7637,-266321.0878,-139134.3736,-285888.2746,-144026.1703,73.2452562838606,73.155110316381,72.8571878336121,73.2498027189108,72.9639585284048,60.8552847437164,57.6960710707228,59.6122131909877,58.398728326317,59.1886625465763,2.96632091441068,4.11649501663562,2.51008161996904,4.59984298861419,2.49830243598131,58.9265047398606,16.6910429756108
73.1770334617054,-134511.3219,-206671.3586,-125099.1432,-219220.9302,-128236.5361,73.2553482584657,73.1537833969953,72.8500499535539,73.2608684679287,72.9617540673304,61.538721681658,59.6098232122481,60.8389829406797,59.9556487442636,60.6265065401085,2.74322095569532,3.64618889208053,2.48872713432173,3.93699173404219,2.48409641089849,58.9616391325681,15.2992251270383
73.1619257244414,-134511.3219,-206671.3586,-125099.1432,-219220.9302,-128236.5361,73.2614375803312,73.1564322490602,72.8432020257587,73.265958731786,72.9606159510698,61.5403307404719,59.6108821469528,60.8371482546263,59.9573506564907,60.6264292646686,2.74217238991922,3.64576091839362,2.48976632596551,3.93598938185896,2.48431006348395,59.1726379460505,15.2979990796213
73.175821153687,-134511.3219,-206671.3586,-125099.1432,-219220.9302,-128236.5361,73.2578803505102,73.160277612667,72.8383315155452,73.2614117865677,72.9606210470907,61.5393158588251,59.611628028595,60.8352932109842,59.955795310443,60.6260266353194,2.74276730553143,3.64492688913162,2.49039181818973,3.93687433916938,2.48422794353691,59.4021145799149,15.2991882955591
73.2137481662611,-134511.3219,-206671.3586,-125099.1432,-219220.9302,-128236.5361,73.2538048741961,73.1617660544335,72.8354263245851,73.257173905766,72.9616465437249,61.5381701984216,59.6116709369599,60.8340250709414,59.954319208954,60.6259632341673,2.74345320975371,3.64453804584167,2.49073152003991,3.93769166585262,2.48400865529476,59.585223629455,15.3004230967827
73.192685098558,-134511.3219,-206671.3586,-125099.1432,-219220.9302,-128236.5361,73.2509554465252,73.1609744282638,72.8341351999167,73.2544428767355,72.963029130325,61.5373550326491,59.6111257746562,60.83332339635,59.9533361764506,60.6261086296384,2.74392965611842,3.64460433786898,2.49085385858752,3.93820914695484,2.48375954989829,59.7255056481462,15.3013565494281
73.1687356258367,-134511.3219,-206671.3586,-125099.1432,-219220.9302,-128236.5361,73.2491197286911,73.1591313986829,72.8339808858893,73.2527294179401,72.9641020349229,61.5368143429819,59.6103439026216,60.8330367941855,59.9526956586683,60.6262221778927,2.74423305208319,3.64488978772177,2.49082640154629,3.93852685036736,2.4835664202433,59.8342502875714,15.3020425119619
73.1945616875621,-134511.3219,-206671.3586,-125099.1432,-219220.9302,-128236.5361,73.2475257215578,73.1571361071328,72.8344404948979,73.251161176546,72.9645358447902,61.5363360408228,59.6095285661004,60.8329490957433,59.9521038780511,60.626125254285,2.74449449046395,3.64520724643335,2.49071281167625,3.93881603003644,2.48345959028923,59.9204366530579,15.3026901688992
73.1686921102742,-134511.3219,-206671.3586,-125099.1432,-219220.9302,-128236.5361,73.2462913118427,73.1552773316665,72.835060098085,73.2499832023893,72.9643185394636,61.5359551327934,59.6087763028868,60.8329326501787,59.9516409232338,60.6258275739358,2.74469452149963,3.64550499612332,2.49058081717933,3.93902781054082,2.4834434126123,59.9902317175153,15.3032515579554
73.2031121443831,-134511.3219,-206671.3586,-125099.1432,-219220.9302,-128236.5361,73.2458701650791,73.1537186286499,72.8355336758208,73.2496553611734,72.9635950447157,61.5357999662551,59.6081784884581,60.832935497807,59.9514687952716,60.6254265405354,2.74475686394976,3.64576359962763,2.49048313904677,3.93907393403549,2.48350831807287,60.0473992676223,15.3035858547325
73.1931617384486,-134511.3219,-206671.3586,-125099.1432,-219220.9302,-128236.5361,73.2453761009003,73.1525901622637,72.8357114544722,73.2491648760288,72.9625657122237,61.5356223120162,59.6076944920423,60.8328363659359,59.9512418640948,60.6249065112357,2.74483103018501,3.64593706609175,2.49042568273049,3.93915200326206,2.4836108382263,60.0941522622724,15.3039566204956
73.2032392960955,-134511.3219,-206671.3586,-125099.1432,-219220.9302,-128236.5361,73.2448200801134,73.1517729107885,72.8355681761572,73.2485883696957,72.961426672532,61.5354267032572,59.6072934167682,60.83263110462,59.9509851591378,60.6243399074019,2.74491551535739,3.64604909344862,2.49041282220674,3.93924673809595,2.48372607676909,60.1319209870664,15.3043502458778
73.2493272193199,-134511.3219,-206671.3586,-125099.1432,-219220.9302,-128236.5361,73.2440979808634,73.1510745352721,72.8351576175641,73.2478633893284,72.9603146738264,61.5351835049018,59.6069077830786,60.8323250737443,59.9506739307425,60.6237622609176,2.74502778387711,3.64613328261099,2.49043451018471,3.93936931069758,2.48383365824744,60.1618762791661,15.3047985456178
73.1936824120834,-129202.1961,-190261.3334,-121237.9608,-200880.3138,-123892.7059,73.2463839190643,73.1494458039105,72.8336438633668,73.2504009416398,72.9588557747254,61.7175426475822,60.0938804642171,61.1149193541823,60.3729188453727,60.9471863015507,2.67786558190461,3.48224554223428,2.47208167876985,3.72744257171153,2.46460260315734,60.1988248456069,14.8242379777776
73.201275415258,-129202.1961,-190261.3334,-121237.9608,-200880.3138,-123892.7059,73.2485235014838,73.1492324146097,72.8318679840917,73.2523491648898,72.9574905946001,61.7180600450729,60.0938358526182,61.1144092425748,60.373491528642,60.9467629195398,2.67748884135079,3.48229056004717,2.47234872311192,3.72704445827412,2.4647958602311,60.2735942126913,14.8239684430151
73.2059749365322,-129202.1961,-190261.3334,-121237.9608,-200880.3138,-123892.7059,73.2473801744558,73.1498370139996,72.8303346296172,73.2508879769043,72.9564120339907,61.7177167614339,60.0938220683486,61.1137823067538,60.372977083406,60.9462191927046,2.67767463231189,3.48212562521914,2.47253998953051,3.72731845864169,2.4649056216721,60.3488224086893,14.8245643273753
73.1953585098861,-129202.1961,-190261.3334,-121237.9608,-200880.3138,-123892.7059,73.245919821316,73.1500056095075,72.8291303656373,73.2493582980761,72.9557245890013,61.717295477192,60.0936777116731,61.1132431450626,60.3724368671016,60.9457936702268,2.67791596972961,3.48204216080057,2.47268035380467,3.72760486575758,2.46495937837355,60.4078822495258,14.825202728466
73.1767382403042,-129202.1961,-190261.3334,-121237.9608,-200880.3138,-123892.7059,73.2442205331459,73.1495286424847,72.8282566465804,73.2476167742107,72.9553047188164,61.7168058701608,60.0933244145784,61.1127722518265,60.3718205868967,60.9454252257532,2.67819698889427,3.48207514312041,2.47276537457373,3.72793062920414,2.46496993320799,60.4524489331262,14.8259380690007
86.7373244881273,-129202.1961,-190261.3334,-121237.9608,-200880.3138,-123892.7059,73.5642215629535,73.1522164652062,72.8276847874884,73.6221627128807,72.9549776671651,61.80254123485,60.1213065016298,61.1388573471228,60.4918911762155,60.9744048639846,2.62485345451668,3.48883418982802,2.47840463943064,3.65568029937862,2.4709997041204,60.486388097831,14.7187722872744
86.7525309181542,-129202.1961,-190261.3334,-121237.9608,-200880.3138,-123892.7059,77.1137511172003,73.4767678884334,72.8280490214809,77.518006491816,72.96197424027,62.5596229555828,60.4491173605173,61.3686707176259,61.5152761970701,61.2283849205016,2.12123233335003,3.48970707404814,2.52802930399466,2.99949284265814,2.52301244274641,60.5230452813867,13.6614739967974
86.8107236257583,-129202.1961,-190261.3334,-121237.9608,-200880.3138,-123892.7059,81.4253001157188,74.9837078260758,72.8342337525249,81.9222019761656,73.0699260030464,63.1550142982229,61.0328718431139,61.5795191352785,62.3047431305919,61.4831445635089,1.68977582225776,3.25877848904678,2.57400077593384,2.44680390869835,2.5549797419009,60.6193339958636,12.5243387378376
86.7321958117381,-129202.1961,-190261.3334,-121237.9608,-200880.3138,-123892.7059,84.1829578671728,77.4406772625984,72.8784713603119,84.5688282384648,73.5095195953273,63.429460731466,61.6635512258709,61.7326151754206,62.6657180525636,61.7482710461123,1.4875896355331,2.88155676133052,2.59914031521199,2.19147301797239,2.51707900976449,60.7752528492534,11.6768387398125
86.7574011122596,-129202.1961,-190261.3334,-121237.9608,-200880.3138,-123892.7059,85.5992843035368,79.9669458751701,73.0428172446834,85.8486833157068,74.41437572437,63.5546847256238,62.1517321419901,61.8727740328464,62.8287235800344,62.0645929412231,1.40046486809746,2.55190226097728,2.593512272809,2.08515025800398,2.39712652211589,60.9437207328659,11.0281561820036
86.734751136358,-129202.1961,-190261.3334,-121237.9608,-200880.3138,-123892.7059,86.2605787709961,82.0473941330585,73.4275730805833,86.4069742550872,75.6757545137227,63.6161915407953,62.4781119316021,62.0367903389551,62.9082041324741,62.3918771323522,1.36337039842565,2.32316564999571,2.54325315606584,2.04266328542394,2.22856557629542,61.1041919109826,10.5010180662066
65.4360206993211,-129202.1961,-190261.3334,-121237.9608,-200880.3138,-123892.7059,86.5532187217893,83.572307789188,74.0803982458487,86.6350110671855,77.0809704962228,63.6494876087332,62.6878812656837,62.2347756777947,62.9515795207537,62.680857889181,1.34793266161532,2.17687012637528,2.44559912248371,2.02673649247044,2.05581669113999,61.2562785980084,10.0529550940847
65.4455687604179,-122305.7439,-168945.0266,-116222.3592,-177056.2062,-118250.1541,86.2393508125479,84.5585321154994,74.9312028948554,86.212376934632,78.4101059740968,63.7308663440949,63.0795348368243,62.5844538479761,63.1906241282799,63.0363099660121,1.29838992506697,1.87947237291905,2.24927006624585,1.83771138367135,1.83791380066399,61.3930770795154,9.10275754856721
65.4177538838896,-122305.7439,-168945.0266,-116222.3592,-177056.2062,-118250.1541,83.4514185257975,85.0676252157631,75.9102848254862,83.0308308858052,79.6260184916663,63.5569712583535,63.1211207272614,62.7491820013251,62.9186042003159,63.1773149354063,1.46899228058425,1.83943561510781,2.11009467957447,2.10356306469165,1.71780783544477,61.5348231065564,9.23989347540296
65.3956613224802,-122305.7439,-168945.0266,-116222.3592,-177056.2062,-118250.1541,78.5613639176785,84.7621859890995,76.9287607510076,77.68094142655,80.6725854918755,63.0975248076773,63.0592346348298,62.8592316402526,62.2233922511689,63.2489971935008,1.88987930192992,1.86007798314175,1.97385234629965,2.737001624532,1.62169303865426,61.685765955865,10.0825042945576
65.3738680751822,-122305.7439,-168945.0266,-116222.3592,-177056.2062,-118250.1541,73.2806231839812,83.3545473280515,77.9146713061136,72.2258224234761,81.4826325349404,62.196245566321,62.8280780333788,62.8835841222412,60.9664755987218,63.2318314851994,2.63657468830755,1.96668902984454,1.84758246072793,3.75753033126984,1.54819022873809,61.8257455416516,11.7565667388879
65.4375863081878,-122305.7439,-168945.0266,-116222.3592,-177056.2062,-118250.1541,69.1097970511058,80.8597882121715,78.8119766588619,68.3293565470763,81.9763501010797,60.8885782287554,62.3556332136033,62.8161092307544,59.4356835138363,63.1172184736169,3.55480009641808,2.18162796336267,1.73614673736269,4.75701513268789,1.4982509486654,61.8410761402599,13.7278408784967
65.3827522356104,-122305.7439,-168945.0266,-116222.3592,-177056.2062,-118250.1541,66.7827713421446,77.6473787783758,79.577718001099,66.4147231526996,82.0811683005345,59.7860432724239,61.6506797602844,62.7277278616791,58.3642318749419,62.9599117916753,4.17692229441351,2.52359452019559,1.64814179811449,5.25524912016116,1.47771208648137,61.5246265364178,15.0816198193661
77.3474335652703,-122305.7439,-168945.0266,-116222.3592,-177056.2062,-118250.1541,65.8822037877957,74.2773165539312,80.1712041155492,65.7594764561028,81.7422417543402,59.2303929508843,60.7527892490862,62.6548332394757,57.8751475643373,62.7858270140987,4.39350880217376,2.98488672271836,1.58544102788603,5.36600359841503,1.49056202024687,60.9062771997781,15.8204021714401
77.3955116275859,-122305.7439,-168945.0266,-116222.3592,-177056.2062,-118250.1541,68.0568469793528,71.4089987163109,80.5193711046751,68.2236838859044,80.9242050809805,60.2900799420147,60.1074256663919,62.7837303486001,59.1278814227007,62.7810241689216,3.76279980098148,3.57199673045189,1.56583984917954,4.65130343094536,1.55737364846931,60.3271673133919,15.1093134600276
77.3915009350745,-122305.7439,-168945.0266,-116222.3592,-177056.2062,-118250.1541,72.2213791027198,70.2741096081587,80.4822156844612,72.5304274418058,79.6181553284283,61.7779166807393,60.0361493759067,62.952112906074,60.8144483442849,62.8027411928908,2.79838125341033,3.94308837575879,1.5841991001236,3.61107994919972,1.68034587932846,60.1743551729008,13.6170945578209
77.3762780370524,-122305.7439,-168945.0266,-116222.3592,-177056.2062,-118250.1541,75.0141874336854,70.4322280420489,79.9319829777349,75.2645200441137,77.9448729408477,62.4232642703308,60.2095322577733,62.9616333633797,61.5527315115437,62.6504150473214,2.32109981795642,3.948976163936,1.63645261751728,3.0854718262178,1.84744775189526,60.4700894417356,12.8394481775227
77.3461867841368,-122305.7439,-168945.0266,-116222.3592,-177056.2062,-118250.1541,76.4150816445537,71.7666224659748,78.8842406003539,76.5699289294569,76.2127305897947,62.6799327207927,60.6791786295216,62.8778664257942,61.8458125503365,62.4118201424428,2.12773735651374,3.64098186910749,1.73500711302464,2.87333624069253,2.04738027680437,60.8947759041776,12.4244428561428
77.3575627361686,-122305.7439,-168945.0266,-116222.3592,-177056.2062,-118250.1541,77.0258222312157,73.4170438689349,77.699894494525,77.1100203396688,74.8162753878371,62.7816107617269,61.1433830318387,62.7422503535527,61.9590813673821,62.1622616320844,2.0516958432529,3.28909055896844,1.85665421538701,2.79239044403038,2.23294461324625,61.2290907055332,12.222775674885
77.3547187966723,-123400.0371,-172327.3874,-117018.2088,-180836.4918,-119145.4849,77.2700270944372,74.7878482281373,76.7780435299136,77.3123351655615,74.0255811641949,62.795702460867,61.3933517130181,62.585873946517,61.9354106867199,61.9573994974416,2.03714301464602,3.07420233397679,1.97019490577153,2.81009582338377,2.35906706598552,61.4427441360231,12.2507031437636
72.7630625065299,-123400.0371,-172327.3874,-117018.2088,-180836.4918,-119145.4849,77.2976043814463,75.7586889289094,76.2348992131732,77.3080665885832,73.8486821124766,62.8046879828301,61.6052787212773,62.5078633730029,61.9413959266199,61.9267712799987,2.03452973218088,2.90936190254833,2.03695397466863,2.81197093404483,2.38801063993954,61.5738173985999,12.1808271833822
72.8014354458537,-123400.0371,-172327.3874,-117018.2088,-180836.4918,-119145.4849,76.4779786715805,76.333214089143,75.9618296632556,76.3782823787869,74.0867573896407,62.6803498751916,61.7024921546571,62.4507540734025,61.7637075686079,61.9700167108821,2.13705338461587,2.81444706786237,2.06951252911743,2.95668069825639,2.34961287619838,61.6690919259133,12.3273065560505
72.7688923113688,-123400.0371,-172327.3874,-117018.2088,-180836.4918,-119145.4849,75.0656630092484,76.4089164382382,75.825244638282,74.8859330022806,74.5032385444582,62.4277663896978,61.6733182102195,62.388983445374,61.428589121548,62.0213897526093,2.33316272530524,2.79441606727085,2.08103577428313,3.21093312598978,2.28088405741302,61.742451407473,12.700431750262
72.778197654672,-123400.0371,-172327.3874,-117018.2088,-180836.4918,-119145.4849,73.9154114708575,75.9815169468981,75.7481806855359,73.7591306734365,74.9031709453655,62.1820811788822,61.5386358982076,62.3285489914312,61.1286736704691,62.0576413537128,2.51303496835532,2.85105113795539,2.08361457694382,3.42114550917108,2.21630799362823,61.7734779325496,13.0851541860539
72.7991471651954,-123400.0371,-172327.3874,-117018.2088,-180836.4918,-119145.4849,73.2655987631601,75.2572371743274,75.6983889003418,73.1735201360872,75.158990714918,62.020169250429,61.3433450076438,62.2774313249149,60.946790389806,62.0674463385575,2.62206697268562,2.95944455770769,2.0834087327904,3.53411191309132,2.17465939066561,61.748835809949,13.3736915669406
72.7709135098504,-123400.0371,-172327.3874,-117018.2088,-180836.4918,-119145.4849,72.9735375849997,74.4906606712892,75.6584074688088,72.9318210412732,75.216481070133,61.9346471305404,61.1345214432894,62.2346201034097,60.8560408264609,62.0424338538774,2.67112618253088,3.08303108752408,2.08296954160092,3.57828897891647,2.16104052528663,61.6865931485368,13.576456315859
72.7766699757306,-123400.0371,-172327.3874,-117018.2088,-180836.4918,-119145.4849,72.8613010323038,73.8486006889543,75.6064686576953,72.8464961727224,75.0823605235151,61.8920711291331,60.9481546941836,62.194254122523,60.8110145750408,61.9810641725018,2.68808928058598,3.19193557074812,2.08476684754242,3.59027022755816,2.17304067884596,61.6149912940127,13.7281026052806
72.7909521949676,-123400.0371,-172327.3874,-117018.2088,-180836.4918,-119145.4849,72.8234096247983,73.386611620844,75.5162714815825,72.8202902842061,74.8022851874269,61.8688153964164,60.8018055491441,62.1497080386005,60.7849772045459,61.8888699528837,2.69168065053486,3.27199260875551,2.09188699356638,3.59032049839292,2.20465689357004,61.5489936045497,13.8505376448197
72.7560865985862,-123400.0371,-172327.3874,-117018.2088,-180836.4918,-119145.4849,72.8123648706838,73.0883996303625,75.3679019127969,72.8136411510253,74.4383189006706,61.8534219425266,60.6959796739847,62.0956494792965,60.766325785151,61.7756225878697,2.69061254468588,3.32278865582111,2.10675168779013,3.58674359740599,2.24830867084663,61.4898367324495,13.9552051565497
72.7425100859643,-123400.0371,-172327.3874,-117018.2088,-180836.4918,-119145.4849,72.8099237558017,72.9109835276944,75.1564347762057,72.8126867960772,74.0507301951016,61.8412357197929,60.6222368968672,62.0295965393224,60.7507295420093,61.6529409184523,2.68822207562078,3.35082117698862,2.13008949378908,3.58238968554688,2.29634891197816,61.4344772234705,14.0478713439235
72.751333423993,-123400.0371,-172327.3874,-117018.2088,-180836.4918,-119145.4849,72.8106010856117,72.8120616495125,74.8919910469527,72.8138586088103,73.6862069743858,61.830825089885,60.5707613989924,61.9523330793205,60.7370495466946,61.5322129685738,2.68550736649569,3.36380871365965,2.16090257447279,3.57798413738524,2.34241105456807,61.3813403124395,14.1306138465814
72.7306697978398,-139854.5191,-223186.6954,-128985.1048,-237679.2478,-132608.2429,72.8046170916631,72.7601391176216,74.5662051048735,72.8073262901468,73.3659907707766,61.243645294304,59.0139168835655,61.0685079735616,59.3956957752218,60.4476139220474,2.89059135952728,3.87962258352833,2.28341273866516,4.23461782951093,2.4528280769551,61.269479962446,15.7410725881868
72.8070077890133,-139854.5191,-223186.6954,-128985.1048,-237679.2478,-132608.2429,72.8020536510976,72.7342311103362,74.2221341150238,72.8057946024662,73.1127158490916,61.2324936435148,58.9736927226815,60.9456070313683,59.379825048418,60.3243244466968,2.88844564212317,3.87558631174552,2.32145148939023,4.2300952249806,2.47775943402201,61.007728660073,15.7933381022615
83.039451142859,-139854.5191,-223186.6954,-128985.1048,-237679.2478,-132608.2429,72.8308083198218,72.7216972122661,73.898808921405,72.8409021425263,72.9233916992324,61.2327207259163,58.9460970688719,60.831726282321,59.3802531723667,60.2302048853966,2.88134098959087,3.87134888224936,2.35866064549833,4.21919699616393,2.49634373999056,60.7512280591707,15.826891253493
83.0300816253445,-139854.5191,-223186.6954,-128985.1048,-237679.2478,-132608.2429,74.8854568534957,72.8376777214655,73.6116452664932,75.187204924419,72.7892093505735,61.7947315608473,59.1875009862705,60.9340714660688,60.1745747021845,60.4041043890591,2.55280318226158,3.90692041956784,2.43112870470928,3.78302328510032,2.55844076749554,60.5602026687484,15.2323163591346
83.0314329651794,-139854.5191,-223186.6954,-128985.1048,-237679.2478,-132608.2429,78.5765740613977,73.8272924073993,73.3674699301617,79.0455313986004,72.7475190488008,62.5369887783443,59.78451934955,61.1459209117721,61.1901936618938,60.7163025326261,2.08347314443928,3.79769394533041,2.52184183248016,3.18073679360096,2.63369522114829,60.495517447837,14.2174409369991
83.0151546916979,-139854.5191,-223186.6954,-128985.1048,-237679.2478,-132608.2429,81.0497415985218,75.8087895101204,73.1968605995089,81.4105046370286,72.979293056439,62.907358502156,60.4966655250403,61.2958110266678,61.6879391611099,61.0117837522719,1.84198762685588,3.48287110719632,2.58975591889114,2.87960152905354,2.6477152962995,60.5770184802233,13.4419314782964
83.0052463918341,-139854.5191,-223186.6954,-128985.1048,-237679.2478,-132608.2429,82.244497883213,77.9678250193201,73.1576916088885,82.4569791524482,73.648603086964,63.0709756477854,61.0899213319175,61.4221961756479,61.9044990666218,61.358124240563,1.74292677030605,3.15976173375417,2.62628993787364,2.76332245374514,2.57813856068988,60.7165038108712,12.8704394563689
82.981358011781,-139854.5191,-223186.6954,-128985.1048,-237679.2478,-132608.2429,82.7458745408019,79.7274385291743,73.3206532591531,82.8557992844372,74.6918737642248,63.1477814109096,61.4969682078259,61.5649539349783,62.0060856747703,61.7323744283019,1.70516819997216,2.92533068414544,2.62177627399001,2.72392852796703,2.44504487572422,60.8571081114441,12.4212485617989
83.0244217660265,-139854.5191,-223186.6954,-128985.1048,-237679.2478,-132608.2429,82.9395157235069,80.9591289651727,73.7353703236226,82.9932594525615,75.9021224101277,63.1886726276863,61.7582989986999,61.7446992353094,62.0618877907341,62.0750969377116,1.69198069282706,2.77749213500484,2.57039938342748,2.71330186185973,2.29163947853153,60.9901867636494,12.0448135516506
73.603477454616,-139854.5191,-223186.6954,-128985.1048,-237679.2478,-132608.2429,82.9016901169937,81.7486197176898,74.3873291751545,82.9019243229443,77.0961435370778,63.2037188966088,61.922035382023,61.951765705716,62.0797436067681,62.3528413906137,1.69652218552344,2.68983064932196,2.47844125825313,2.72753034254443,2.1492171243909,61.1189251625661,11.7415415600339
73.6209600641041,-139854.5191,-223186.6954,-128985.1048,-237679.2478,-132608.2429,81.3736897186378,82.1367515864203,75.1998239826127,81.0895350508384,78.1692003269983,63.0622572883707,61.981160727167,62.1312627288081,61.8324469785977,62.5358912784383,1.82498257918634,2.64592363428333,2.3583937798286,2.94920652012712,2.0268618335904,61.2444687667362,11.8053683470158
73.6097648055557,-139854.5191,-223186.6954,-128985.1048,-237679.2478,-132608.2429,78.6339558432286,81.8751402835163,76.0755142217027,78.0988240927021,79.0618999622911,62.7253260718585,61.898777797183,62.2540439249635,61.2944643913261,62.6264094416719,2.10062372847005,2.66966292056066,2.22992293226236,3.37966639077976,1.92793500160505,61.3579006442491,12.3078109736779
73.6172117270968,-127885.4367,-186191.3498,-120280.3176,-196331.5086,-122815.3573,76.395597773378,80.9640950389178,76.885601916741,75.9222157250794,79.6801000674086,62.6481954812041,62.3363389989641,62.6489206572355,61.5213011566889,62.9563852504696,2.22282353722035,2.38838038896493,2.01878626815746,3.25765033926135,1.75478721117545,61.4322961667492,11.6424277447795
73.6016324662866,-127885.4367,-186191.3498,-120280.3176,-196331.5086,-122815.3573,74.944247430029,79.6000821961495,77.6221039461617,74.6358139243267,80.0341663565044,62.380229663355,62.10499966015,62.7160362912249,61.2030223293521,62.9601849200941,2.43218769331386,2.54300985003651,1.92812868532135,3.49243445769988,1.7187883794654,61.4954878146253,12.114549065837
73.6013784935765,-127885.4367,-186191.3498,-120280.3176,-196331.5086,-122815.3573,74.182940652553,78.0909187114171,78.2467989036563,74.0221949296036,80.0963540325716,62.2117715906062,61.8285221004242,62.7669130398587,61.0217580196651,62.9342842567105,2.55263702588723,2.73576941212801,1.85665559059708,3.60858212338441,1.70996629587105,61.5257785835094,12.4636104478677
66.8530709904954,-127885.4367,-186191.3498,-120280.3176,-196331.5086,-122815.3573,73.8429765499656,76.7053663976723,78.7208805304531,73.7728789745098,79.869931293336,62.12117569405,61.543494891905,62.7983850198732,60.9291512545337,62.8773493769207,2.60694152428458,2.93434535435323,1.80504473131909,3.65261123968129,1.72702188687171,61.518497713303,12.7259647365099
66.8091182442452,-127885.4367,-186191.3498,-120280.3176,-196331.5086,-122815.3573,73.3258148414213,75.5883751747445,79.0078718471758,73.2352158168512,79.3890209876106,61.9785477278955,61.2605693604708,62.7908294968761,60.7452522744116,62.7719797213234,2.69298757885553,3.10516263222426,1.77226007122644,3.75606734719318,1.76605211564639,61.4955905884042,13.0925297451458
66.830914677845,-127885.4367,-186191.3498,-120280.3176,-196331.5086,-122815.3573,71.3280026739883,74.6094595824312,79.0822496735415,71.0652529099185,78.712157959001,61.3809026416574,60.860685893675,62.6720419598398,59.9642808319376,62.5422148958623,3.07205610593628,3.23593712598766,1.75139871062249,4.22603929636438,1.8148833777287,61.4607529049935,14.1003146166395
66.8271724412874,-127885.4367,-186191.3498,-120280.3176,-196331.5086,-122815.3573,69.0432185364055,73.3698405342362,78.9427077345599,68.7683710817594,77.8939519693513,60.481535367517,60.2468314115341,62.4415020404554,58.8993633225607,62.1783793088409,3.56916377164281,3.39024127776326,1.74174040149641,4.75358266748383,1.8673554898735,61.3300194301724,15.3220836082598
66.8387859835118,-127885.4367,-186191.3498,-120280.3176,-196331.5086,-122815.3573,67.6617529145468,71.7850265342026,78.6012043383628,67.5081227992118,76.9434951558115,59.7787428908459,59.4706127879678,62.166185643193,58.1480372552258,61.742611287102,3.87644431490071,3.61285304628095,1.74875472695819,5.01204225206388,1.93058253306697,60.989075231859,16.1806768732707
66.7847196726673,-127885.4367,-186191.3498,-120280.3176,-196331.5086,-122815.3573,67.1028642964203,70.1616087110968,78.0550946972962,67.044473823311,75.8349004916986,59.4143340049022,58.648861122481,61.8719222463073,57.7757880264768,61.2518755425456,3.9744981462052,3.86442653013969,1.77596924940808,5.061466669354,2.01237815792219,60.5098962958436,16.6887387530292
66.8544262471508,-127885.4367,-186191.3498,-120280.3176,-196331.5086,-122815.3573,66.9278555049356,68.8289034685573,77.2872882431792,66.9111332069711,74.5613782669204,59.2416543921057,57.8985017602931,61.5364971090386,57.5912936697545,60.668954268749,3.97570255345953,4.07031401074769,1.82472209719848,5.03368583139805,2.11241471524139,60.0717229433216,17.0168392080451
66.8302341541543,-127885.4367,-186191.3498,-120280.3176,-196331.5086,-122815.3573,66.8834475386407,67.9137020965623,76.2995493284791,66.8806031748504,73.173762275042,59.1466351016347,57.3015935604264,61.1390006632524,57.4798132091396,59.9696460429936,3.94969499900488,4.19239655010619,1.89576362079469,4.99034064163814,2.22253124467971,59.7418568443083,17.2507270562236
66.8466978814669,-127885.4367,-186191.3498,-120280.3176,-196331.5086,-122815.3573,66.878271932446,67.3658472459494,75.1484907733368,66.8794263682143,71.7766553657983,59.0847290593923,56.8717774573435,60.6739111317521,57.4016855782197,59.1705813035787,3.92094454196638,4.23955320599779,1.98560630722937,4.94982351478905,2.32796989286787,59.4842000017354,17.4238974628505
66.8398728761577,-125791.0477,-179717.7838,-118757.1256,-189096.3466,-121101.7663,66.8813412774481,67.0720393441639,73.9547830117521,66.8833263744219,70.4861104886851,59.1360504968195,56.8506609044513,60.3207988149454,57.5578828982908,58.5579250587033,3.88075785248788,4.20132350721786,2.08133232264324,4.84527221959215,2.42594322824005,59.2705975194659,17.4346291301812
66.8561962767659,-125791.0477,-179717.7838,-118757.1256,-189096.3466,-121101.7663,66.8841626582673,66.9261559400626,72.8341559648505,66.8861393340638,69.3949626211262,59.1011730447726,56.6570579048031,59.8109078496229,57.51242128625,57.7857036956423,3.86196044314519,4.18180032632717,2.17893813771704,4.82031910708185,2.49258810185851,59.1004302296998,17.5356061161297
66.8077566351666,-125791.0477,-179717.7838,-118757.1256,-189096.3466,-121101.7663,66.8853703804969,66.858509831314,71.8561294848449,66.8872643595764,68.5403407448229,59.0750909495529,56.5278398856892,59.3273956714493,57.4784674736073,57.1266994431197,3.8484664066742,4.15687634402854,2.26494172658378,4.80234750073692,2.53530840019811,58.9381231798474,17.6079403782215
66.83463814084,-125791.0477,-179717.7838,-118757.1256,-189096.3466,-121101.7663,66.8865172376783,66.8288775469053,71.0378089209797,66.8883748346393,67.9111410205482,59.0563899377605,56.4406041320495,58.8935810840496,57.4541229012287,56.6095837525849,3.83871128340935,4.13382626736828,2.33665346008481,4.78939003634812,2.56045250959214,58.7786774949516,17.6590335568027
66.8374800740347,-125791.0477,-179717.7838,-118757.1256,-189096.3466,-121101.7663,66.8864820238891,66.8166476565047,70.3611232417774,66.888265201906,67.469763465257,59.0423333269048,56.3797433581759,58.5141775575686,57.4359483129317,56.2271031116726,3.83184959615596,4.11456465321909,2.39528843565523,4.78023671243822,2.57386594978212,58.6240424339439,17.6958053472506
66.8359601934301,-125791.0477,-179717.7838,-118757.1256,-189096.3466,-121101.7663,66.8881880066056,66.8119027338681,69.7966439314448,66.8900818403027,67.1715121448278,59.0328173005021,56.3358845576927,58.1840490593034,57.4235692376676,55.9557796456989,3.82637550044228,4.0992022725386,2.44362713998548,4.77306840511649,2.58004554506837,58.4730579995077,17.7223188631512
66.8247831284234,-125791.0477,-179717.7838,-118757.1256,-189096.3466,-121101.7663,66.888514125048,66.8107544745698,69.3179553944174,66.8902690147667,66.9757714813102,59.0250156017572,56.3027026311859,57.8940045183627,57.4134743194775,55.7670488110007,3.82242050757674,4.08670590466987,2.48397881810755,4.7678897415321,2.58165908107504,58.3244949990132,17.7426540529613
66.8518505360011,-125791.0477,-179717.7838,-118757.1256,-189096.3466,-121101.7663,66.8884709446177,66.8106904485563,68.9060079053546,66.8902530301222,66.8503028060672,59.018715309628,56.2765005253433,57.6370736388415,57.4054563710719,55.6371297988621,3.81938136466241,4.07656571867051,2.51814868417025,4.76386725351253,2.58063446006426,58.1784462205737,17.75859748108
66.8421058361947,-125791.0477,-179717.7838,-118757.1256,-189096.3466,-121101.7663,66.8901908666643,66.8110316137059,68.5482528376152,66.8920454323239,66.7713794939269,59.0145724737029,56.2556027313779,57.408864512985,57.4000498176048,55.5481602593482,3.8165381455746,4.06836311377459,2.54743359044924,4.76025422306435,2.578324459697,58.0363615091737,17.7709135325598
66.8033067536216,-125791.0477,-179717.7838,-118757.1256,-189096.3466,-121101.7663,66.8907813619121,66.8119165226778,68.2366079035802,66.8925533253029,66.7225189708511,59.0107482672711,56.2384600559263,57.2056866958424,57.39510897415,55.4861626753183,3.81439997214832,4.06142661578745,2.57248252079939,4.75752323884799,2.57530999444728,57.9008417093006,17.7811423420304
66.8177033461193,-125791.0477,-179717.7838,-118757.1256,-189096.3466,-121101.7663,66.8902774939781,66.8127011030257,67.9655819193451,66.8919996900732,66.6927475458203,59.0070570762714,56.2239956297223,57.0255111179815,57.3904749757613,55.4421483168739,3.81285774392572,4.05557767407963,2.59384536996635,4.75548015385519,2.5720497264363,57.7740963698351,17.7898106682632
66.8399110955677,-125791.0477,-179717.7838,-118757.1256,-189096.3466,-121101.7663,66.8905035231525,66.8131001613861,67.7310074627335,66.8922527409407,66.6748687711897,59.0043273584096,56.2118583507563,56.8672412534206,57.3870266875177,55.4106284638777,3.81142868087406,4.05078181236044,2.61206394251151,4.75362836783913,2.56893495518486,57.6576116340748,17.79683775877
66.7840562171024,-120160.2478,-162313.4932,-114661.9984,-169644.4924,-116494.7482,66.8923431704696,66.8132695713279,67.5407131669369,66.8939985341803,66.6652328908272,59.2515483620194,56.9382230983281,57.3169193334739,57.9620611776203,56.0946475675805,3.757740763478,3.92753454829944,2.67985910353783,4.53835677042431,2.63336978726027,57.5859062547452,17.5368609729999
66.8430831180072,-120160.2478,-162313.4932,-114661.9984,-169644.4924,-116494.7482,66.8946173404077,66.8141998496718,67.3786080278373,66.896189572031,66.659977164801,59.2506673747102,56.9308755920137,57.2089318388474,57.9607795445799,56.0792779180182,3.75618969851076,3.9242450391848,2.694119898032,4.53659297677606,2.63085259061294,57.5946714196472,17.5420002031166
66.7744103936891,-120160.2478,-162313.4932,-114661.9984,-169644.4924,-116494.7482,66.8951622178498,66.8155949425066,67.2319111421741,66.8966573539784,66.6573148166197,59.2491294974521,56.9244194359019,57.1099632670399,57.9588411952095,56.0667441454082,3.75516652452824,3.92113011874794,2.70682355958454,4.53537168980355,2.62840038446298,57.6050750147703,17.5468922771273
66.7984993793229,-120160.2478,-162313.4932,-114661.9984,-169644.4924,-116494.7482,66.8953421577833,66.8167706187579,67.102536361516,66.8967981712767,66.6562311486255,59.2476436508643,56.9187409038183,57.0218238629363,57.9570130660015,56.056653838665,3.75434859142377,3.91841480635581,2.71789588098661,4.53437279507195,2.62616698853991,57.6008482156344,17.551199062378
66.8185636726008,-120160.2478,-162313.4932,-114661.9984,-169644.4924,-116494.7482,66.8941324264412,66.8174429869399,66.9924529193658,66.8955143995838,66.6560487682141,59.2456724136138,56.9135638222795,56.9458837094335,57.9546900176454,56.0482806753933,3.7539747960937,3.91610050404926,2.72713265641103,4.53384572199381,2.62413919500504,57.5883730491906,17.5551928735528
66.8239855379305,-120160.2478,-162313.4932,-114661.9984,-169644.4924,-116494.7482,66.8940507886011,66.8174238971816,66.901463498779,66.8954981228679,66.6562741411485,59.2445282656254,56.9091631348696,56.8828489748604,57.9533461128044,56.0418710574096,3.75345337318067,3.9143687392942,2.73474210549659,4.53317258860395,2.62249886350551,57.5726316402927,17.5582356700809
66.8370367377559,-120160.2478,-162313.4932,-114661.9984,-169644.4924,-116494.7482,66.8946071228456,66.817350341261,66.8278178060319,66.8960707438637,66.6565652543028,59.2439338341183,56.905690327258,56.8316857952957,57.9525945632387,56.0369476334522,3.75288880253063,3.91302628762236,2.74089287215026,4.53250140733494,2.62121114127885,57.5563486946672,17.560520510917
66.7938205342777,-120160.2478,-162313.4932,-114661.9984,-169644.4924,-116494.7482,66.8947283428838,66.8174535651999,66.7690774460656,66.8961839123762,66.6567983380965,59.2432978166447,56.902969950558,56.7906478054507,57.9518141327909,56.0329746784358,3.75251739117567,3.91191187521776,2.74575539078629,4.53204858185423,2.62017338725143,57.5406601278968,17.5624066262854
66.8022366721222,-120160.2478,-162313.4932,-114661.9984,-169644.4924,-116494.7482,66.8948192239462,66.8176389780727,66.7227142944765,66.8962540893228,66.6569784203528,59.2427980773904,56.9008872143696,56.7581586383643,57.9511943845078,56.0298593352309,3.75222775357962,3.91101714683704,2.74957839795834,4.53169902860789,2.61936088237366,57.5256006250342,17.5638832093566
66.8127656648915,-120160.2478,-162313.4932,-114661.9984,-169644.4924,-116494.7482,66.894883845514,66.8177483300181,66.686416189573,66.8963428703158,66.6571322487692,59.2424057211147,56.8992441798581,56.7326534201936,57.9507272153568,56.0274364111922,3.752003684341,3.91032615418566,2.7525597718267,4.53141739357855,2.61872592115861,57.5109536738399,17.5650329250905
66.7941601160918,-120160.2478,-162313.4932,-114661.9984,-169644.4924,-116494.7482,66.8958872670473,66.8179460673747,66.6581904895931,66.8973746024836,66.657266055619,59.2426059787587,56.8981888194594,56.713016768209,57.9509058317036,56.0258380652837,3.75160993507727,3.90983218837538,2.75493699203947,4.53098528746279,2.61829925850036,57.4966100147206,17.5656636614553
66.8463123822711,-120160.2478,-162313.4932,-114661.9984,-169644.4924,-116494.7482,66.895866576629,66.8183805043338,66.6363703303483,66.8973013100139,66.6574101792871,59.2423477192868,56.8973984274094,56.6976630104278,57.9505706725203,56.0244545639894,3.75149348322841,3.90934948657756,2.75672943123948,4.53085266759582,2.61792309034439,57.4827459215758,17.5663481589856
66.7939262500789,-125100.6008,-177583.6752,-118254.9824,-186711.1664,-120536.8552,66.893803899745,66.8186988608252,66.6191228502414,66.8952804988824,66.6565940981398,59.0239450588898,56.251376446458,56.1621282350888,57.4432650595961,55.4063285336849,3.79836757978821,4.01552763635191,2.70219758233,4.72009138846503,2.56012764968619,57.4404742199249,17.7963118366213
87.8783154879855,-125100.6008,-177583.6752,-118254.9824,-186711.1664,-120536.8552,67.7684659964937,66.8309052586845,66.606262750424,67.8593762448149,66.6561230956592,59.4740795211923,56.412617997124,56.374493984511,57.9698030108257,55.6612405946133,3.603957540154,4.07297035796808,2.76167945288604,4.51125398670187,2.61959288197337,57.3405172735673,17.5694542196834
87.8959882399809,-125100.6008,-177583.6752,-118254.9824,-186711.1664,-120536.8552,75.2796174493472,67.8451739745484,66.6004847596319,75.7794333012781,66.6874826123317,62.0605101079855,57.8305693405483,57.6758124986393,61.0276285679552,57.1662724175637,2.26131885510015,4.2371493182136,3.16615162340542,3.02433346191429,3.0250477984091,57.3251115632589,15.7140010570426
87.8749894176687,-125100.6008,-177583.6752,-118254.9824,-186711.1664,-120536.8552,82.1198105507668,71.7180694421934,66.6334812698684,82.6239304010807,67.1296439403396,63.1497403318125,59.8709247482076,58.5000003876806,62.3866437753441,58.3209636479426,1.5757778613147,3.58173857863603,3.47414175760653,2.20456316618433,3.26974245650999,57.5421548099432,14.1059638202517
87.9090507603563,-125100.6008,-177583.6752,-118254.9824,-186711.1664,-120536.8552,85.5532752836265,76.626792628861,66.9078084339275,85.9040657067505,68.6828787403778,63.5000281116118,61.425633638651,59.1256221405955,62.8382057216806,59.6763812144093,1.35547461312397,2.79145657409814,3.63096750738468,1.93421692091655,3.19792636980445,57.8033494978641,12.9100419853278
87.9166041041341,-125100.6008,-177583.6752,-118254.9824,-186711.1664,-120536.8552,86.9948939406469,80.622912102833,67.8280902461117,87.2022565396651,71.1925891550046,63.6431050489738,62.270419612773,59.9163567285249,63.0250285663975,61.0477086165975,1.28009964535407,2.31213145680976,3.57151381611774,1.84530570369538,2.83907886631417,58.0399325756255,11.8481294882911
87.8809695397447,-125100.6008,-177583.6752,-118254.9824,-186711.1664,-120536.8552,87.5632531111411,83.3090248670043,69.5009954064709,87.6760809541651,73.8781991973189,63.7164400815356,62.7153398770097,60.859522868187,63.122611697765,62.0206069859526,1.25352669312678,2.06050423796173,3.26991325174244,1.81702944755901,2.42900206251524,58.292724584487,10.8299756929052
87.8952641592252,-125100.6008,-177583.6752,-118254.9824,-186711.1664,-120536.8552,87.7828155805415,84.975217336581,71.5342799194367,87.8432726143214,76.2815444978733,63.7581574650879,62.9562643509653,61.6732057349483,63.1792985838544,62.6112757234604,1.24424732851395,1.92712956083122,2.86549568929837,1.80888840636559,2.1069165802931,58.5798461470666,9.95267756530221
87.8713450767509,-125100.6008,-177583.6752,-118254.9824,-186711.1664,-120536.8552,87.8657889065582,85.9904366071152,73.540315578082,87.8992011354841,78.3002967113422,63.7824376043688,63.0912101154013,62.251373974911,63.2128444039956,62.9690593656244,1.24121499136611,1.85304840809743,2.50305711206495,1.80724831792236,1.87865566805788,58.8955339339565,9.28322449750873
87.860351713492,-125100.6008,-177583.6752,-118254.9824,-186711.1664,-120536.8552,87.8927733252358,86.6145445854239,75.3546179898935,87.9123638357162,79.9619757889597,63.7968883355657,63.1702593439815,62.6428001804472,63.2330794270087,63.1969253682911,1.24056936242138,1.80996668314388,2.22288157296473,1.80776621962641,1.71798564365575,59.2278380592878,8.79916948181214
87.910326066923,-125100.6008,-177583.6752,-118254.9824,-186711.1664,-120536.8552,87.8957148308819,87.0028854854453,76.945154953665,87.9082717350547,81.3214273294923,63.8058146113491,63.2187183156886,62.9125882556302,63.2457362697191,63.350160575621,1.24087756305343,1.78410178898716,2.01366337146718,1.80899391878511,1.60267588992685,59.5649033242387,8.45031253221973
87.8513685219608,-125100.6008,-177583.6752,-118254.9824,-186711.1664,-120536.8552,87.8886907165589,87.2459386651316,78.3261558587502,87.8978026591092,82.4316092561199,63.811575254426,63.2495520939635,63.1051436878938,63.2540100037634,63.4579020281205,1.24153645920034,1.76832353784952,1.85643801150137,1.81036974716374,1.51800149500411,59.8967599727462,8.19466925071907
87.81734650378,-127643.9306,-185444.8764,-120104.6768,-195497.2148,-122617.7614,87.8779100028875,87.4020787406758,79.5377084821181,87.8854770401525,83.3510350044984,63.7871433379009,63.1879851149415,63.2128197773723,63.1747646702048,63.5038303428311,1.26605941039782,1.83000029271569,1.75798120416244,1.89042671748201,1.47624545192912,60.224345500201,8.22071307668708
87.8765841522104,-127643.9306,-185444.8764,-120104.6768,-195497.2148,-122617.7614,87.8657247731049,87.4973272897186,80.5862705114965,87.8727537157322,84.0983983670527,63.7900520475496,63.2025976946839,63.3242253468155,63.1791538955047,63.5644192907188,1.2668531503807,1.82392638903854,1.66254040174256,1.89173677439681,1.42687130956812,60.5318705773335,8.0719280251267
86.4837839850378,-127643.9306,-185444.8764,-120104.6768,-195497.2148,-122617.7614,87.8549479283818,87.5536531467415,81.4943962278292,87.8621266538491,84.7048341748199,63.7921766073883,63.2124594896369,63.4106808597477,63.1824036641935,63.610237301956,1.26753238157961,1.82044475908459,1.58699951413975,1.89280045370616,1.38895025071483,60.8162698390287,7.95672735922494
86.4565639185655,-127643.9306,-185444.8764,-120104.6768,-195497.2148,-122617.7614,87.8013323772981,87.5845974928106,82.2805391213261,87.8001588760927,85.1957164984271,63.791479611536,63.2189455491068,63.4788093346107,63.1809686019184,63.6451779738406,1.27032606728008,1.81861739326,1.52639399824076,1.89745439845622,1.35956442953228,61.0768638383922,7.87235628676934
86.4831344813147,-127643.9306,-185444.8764,-120104.6768,-195497.2148,-122617.7614,87.6202562036444,87.5907956878221,82.9601133976871,87.5943494016692,85.5917109268178,63.7836950001876,63.2221151102175,63.5328371218142,63.1681720473266,63.671684447004,1.27956132512442,1.81839136845441,1.47724503916324,1.91244787076178,1.33664736410216,61.3143863885561,7.82429296760603
86.4702424900114,-127643.9306,-185444.8764,-120104.6768,-195497.2148,-122617.7614,87.3521950215666,87.5593353561079,83.5462370457262,87.3030455356267,85.9090880022431,63.7708136876094,63.2214794581215,63.5760639233056,63.1481055712161,63.6917662218557,1.29340776979777,1.82069441978269,1.43708556390864,1.93392287213256,1.31876136578969,61.5299804869251,7.80387199141134
86.4375655895525,-127643.9306,-185444.8764,-120104.6768,-195497.2148,-122617.7614,87.0794885734398,87.4801584548002,84.0502102320452,87.0213083574976,86.159661329229,63.7570875532048,63.2168144118647,63.611009806567,63.1278177105893,63.7069372737491,1.30777023400985,1.82628570672396,1.4041081307277,1.95508440196063,1.3049350066787,61.7245435559053,7.79818348010084
86.5110512705001,-127643.9306,-185444.8764,-120104.6768,-195497.2148,-122617.7614,86.8532427522736,87.3563844195718,84.4817150484027,86.7997714195793,86.3514466757533,63.7453616291435,63.2086182228936,63.6394822815978,63.1114152998576,63.7181886304358,1.31991079915046,1.83502681208809,1.37695648177843,1.97201488512202,1.29452620372321,61.8987822263263,7.79843518186222
86.4639300045252,-127643.9306,-185444.8764,-120104.6768,-195497.2148,-122617.7614,86.6882086934366,87.2021084148638,84.8488657379614,86.6469721302074,86.4901225275415,63.7366323218293,63.1979832070156,63.6627523700178,63.0998884353834,63.7261479735953,1.32889965142593,1.84600763573967,1.35460652950204,1.98384613048413,1.28709270632239,62.0535333114954,7.80045265347416
87.8644147549504,-127643.9306,-185444.8764,-120104.6768,-195497.2148,-122617.7614,86.5819450177597,87.0353998916119,85.1583022829231,86.5555232803378,86.5805862257187,63.7309364650956,63.186230695825,63.6817355242797,63.0929096424873,63.7312702604919,1.3347481696316,1.85800176346466,1.33628655946308,1.99098836954816,1.28228545921821,62.1899841764247,7.8023103213257
87.8291442180581,-127643.9306,-185444.8764,-120104.6768,-195497.2148,-122617.7614,86.5913563668376,86.8742050574108,85.415434980698,86.5916833225048,86.6280409415443,63.7316373033815,63.175021238939,63.6973564920156,63.0959722138479,63.7341969662904,1.33423957465264,1.86976052687525,1.32142664084865,1.98818374366848,1.27979144292949,62.3096006638653,7.7934019289745
87.8126244019888,-127643.9306,-185444.8764,-120104.6768,-195497.2148,-122617.7614,86.7516436506361,86.7414580826916,85.6248208109196,86.7872834357883,86.63862325333,63.7407281246788,63.1663148014387,63.7102895497248,63.1116009925873,63.7354880585269,1.32547276554463,1.87959826560953,1.30958071431833,1.97307051166238,1.27927226408466,62.4139918511225,7.76699452121952
87.7803943111312,-125065.5273,-177475.2662,-118229.4744,-186590.0034,-120508.1587,86.9822357730419,86.6614223857924,85.7870187344092,87.0406103480625,86.6193787380294,63.7825081301624,63.244744239387,63.7467371703599,63.2186295142332,63.7634507115858,1.28812873900917,1.8109943156921,1.28177901828762,1.87160863142503,1.25985953907935,62.5025586893285,7.51237024349326
87.7957821951008,-125065.5273,-177475.2662,-118229.4744,-186590.0034,-120508.1587,87.2110876119444,86.6426748180303,85.9104010162032,87.2768810769549,86.5809174271508,63.7946648943764,63.2444803757218,63.7543961611098,63.2360979083012,63.7621601628783,1.27620842322589,1.8124249339022,1.27508414313492,1.85457456329337,1.26191179542064,62.5827612632241,7.48020385897703
87.8365241121396,-125065.5273,-177475.2662,-118229.4744,-186590.0034,-120508.1587,87.3977255519997,86.6809060529391,85.999735944269,87.4593147510436,86.5332805062505,63.8044473004343,63.2481110800184,63.760015283755,63.2494559243916,63.7602647480204,1.26664194756385,1.80974873311264,1.27028441126548,1.84162267386515,1.26444645076134,62.6564142722427,7.45274421656845
87.8056911855362,-125065.5273,-177475.2662,-118229.4744,-186590.0034,-120508.1587,87.5329915380676,86.7610393979535,86.0600883406014,87.5847584274329,86.4861383392467,63.8114945061922,63.2545172630169,63.7638992631747,63.2586293352062,63.7582696830069,1.25979552950735,1.80407253663882,1.26706722695278,1.83282037093537,1.26695817298823,62.723503449018,7.43071383702254
87.8312996963546,-125065.5273,-177475.2662,-118229.4744,-186590.0034,-120508.1587,87.6234691671526,86.8646407143111,86.0969764713295,87.6643633902873,86.4474071213018,63.8162204883266,63.2623786204849,63.7663853784761,63.2645026343778,63.7566202664364,1.25525785516566,1.79675451645055,1.26511521116837,1.8272819419856,1.26902866492934,62.7837779995522,7.41343818969951
87.7980571178127,-125065.5273,-177475.2662,-118229.4744,-186590.0034,-120508.1587,87.6805402802561,86.9753582516002,86.1161993690003,87.7119505385819,86.4223693423932,63.8192398102644,63.2705572814189,63.7678207244987,63.2680912403905,63.7556302812631,1.25241438334685,1.78898236981094,1.26410827896459,1.82399286472474,1.27037501384597,62.8372984375407,7.39987291069309
87.779984936636,-125065.5273,-177475.2662,-118229.4744,-186590.0034,-120508.1587,87.7149502256821,87.0813915420527,86.1234804831909,87.7390949336019,86.4134734775029,63.8211084869204,63.2782620967315,63.7685405221824,63.2702228864059,63.7554583182781,1.2507087073193,1.78159225294081,1.26373725517603,1.82212832942358,1.27086413996429,62.8844224856938,7.389030684824
87.7877414422561,-125065.5273,-177475.2662,-118229.4744,-186590.0034,-120508.1587,87.7348818181777,87.1757417096813,86.1240747444496,87.7539083302151,86.4206934145224,63.8222421590983,63.2850492832765,63.7688479445154,63.2714715794734,63.7561214087281,1.24972551504291,1.77506244936884,1.26372104021924,1.82111876363311,1.27049647975988,62.9256829238934,7.38012424802398
87.8298922985511,-125065.5273,-177475.2662,-118229.4744,-186590.0034,-120508.1587,87.7460759103728,87.2553255211938,86.1224457290463,87.7617218346133,86.4422005944197,63.8229301939285,63.2907467899077,63.7689989580426,63.2722137767636,63.7575313110299,1.24917668722122,1.76958967195064,1.26382167168045,1.82059291844147,1.26937089489378,62.9616883209873,7.37255184418757
87.8037992304862,-125065.5273,-177475.2662,-118229.4744,-186590.0034,-120508.1587,87.7520848058981,87.3197647982485,86.1220666767534,87.7655916936795,86.4751094718457,63.8233514077577,63.2953608393,63.7691918437257,63.2726661675103,63.7595360161601,1.24888498763168,1.76518306501985,1.26385400880104,1.82033889331022,1.26764393620971,62.9930581834136,7.3659048909725
87.8721561477181,-125065.5273,-177475.2662,-118229.4744,-186590.0034,-120508.1587,87.7552114766399,87.3702719592948,86.1253554661335,87.7674292684935,86.5161319155356,63.8236219457784,63.2989976058143,63.7695651560465,63.2729649673989,63.7619588956306,1.24873593855689,1.76174598788534,1.26368918629564,1.82022453719243,1.26549353929217,63.0203822137466,7.35988918922248
87.8375816800293,-125065.5273,-177475.2662,-118229.4744,-186590.0034,-120508.1587,87.7567382783803,87.4088226588822,86.1337255314469,87.7682035935437,86.5620620597745,63.8238067090637,63.3018060492182,63.7701999885309,63.2731799130445,63.7646264037542,1.24866591572475,1.75913393607284,1.26325209376026,1.82018296972424,1.26309201539612,63.0441968038029,7.35432693067822
87.7898185584358,-126383.2888,-181548.3472,-119187.8464,-191142.2704,-121586.3272,87.75781843493,87.4387737641442,86.1485215919799,87.768969278253,86.6110659105019,63.8097450392915,63.2630754135605,63.7582165729025,63.2302430782396,63.7533197965502,1.26102474779283,1.79439400240556,1.27196892200997,1.86126951003893,1.27103020943143,63.065426075921,7.45968739167871
87.8179016421005,-126383.2888,-181548.3472,-119187.8464,-191142.2704,-121586.3272,87.7582813864863,87.460765196186,86.1690442044593,87.76926441988,86.659863350344,63.8098741169658,63.2647943878989,63.7595105692,63.230421887163,63.7561429579897,1.26100716736573,1.79289057950902,1.27087750250098,1.8612606862114,1.26847889044458,63.0828608860023,7.45451482603171
87.830101981438,-126383.2888,-181548.3472,-119187.8464,-191142.2704,-121586.3272,87.7585820145502,87.4766387846612,86.1945112541427,87.7694941092498,86.7067047903073,63.8099893565128,63.2660841910805,63.7610620041931,63.2305875644113,63.7588400613145,1.26099740577966,1.79181059056595,1.26952265883296,1.86125583093209,1.26603874362395,63.0967513448645,7.44962522973461
87.7988084734592,-126383.2888,-181548.3472,-119187.8464,-191142.2704,-121586.3272,87.7586091839955,87.4879309218511,86.2238962554131,87.7694619300323,86.7503882549817,63.8100848799956,63.2670494115764,63.762812673347,63.2307257848987,63.7613469216604,1.26100100492686,1.79104662668247,1.26796073905044,1.86126875569898,1.26377109028187,63.1080509179434,7.44504821664062
87.7929672392237,-126383.2888,-181548.3472,-119187.8464,-191142.2704,-121586.3272,87.7585131489615,87.4958435303184,86.2560639151002,87.7693328550965,86.7901818875899,63.8101680501409,63.2677721807728,63.764699542776,63.2308478904216,63.7636261902933,1.26101044098225,1.79051512183478,1.26625364593865,1.86128780798931,1.26171218189429,63.1175874111941,7.44077919863929
77.0524499583439,-126383.2888,-181548.3472,-119187.8464,-191142.2704,-121586.3272,87.7321185465281,87.5012221206124,86.2898838750122,87.7369536267004,86.8257308856571,63.8089067609731,63.2682004710422,63.7665784743403,63.2286544141767,63.7655777669898,1.2623352367801,1.79014935700446,1.26445793066148,1.86358027112463,1.25987393409058,63.125861874909,7.44039672966126
77.0683637792866,-126383.2888,-181548.3472,-119187.8464,-191142.2704,-121586.3272,87.1828447155042,87.4932645588514,86.3242970377398,87.0863232142525,86.8569055585372,63.7803876873418,63.2654873806143,63.7668122652315,63.1809813061546,63.7655931718199,1.29042489758735,1.79053686209482,1.26254200881916,1.91058480011979,1.25817386832714,63.1332196532119,7.51226243694827
77.0101612231216,-126383.2888,-181548.3472,-119187.8464,-191142.2704,-121586.3272,85.6883051071747,87.3942783653026,86.3582991348578,85.3854481488181,86.8825106613326,63.6956761645971,63.2517521092996,63.7634335082278,63.0439297296062,63.7616766156605,1.37314703452272,1.79685951934987,1.26045326443652,2.04431865526217,1.25656737870946,63.1395341425949,7.73134585228074
77.0374892415295,-126383.2888,-181548.3472,-119187.8464,-191142.2704,-121586.3272,83.6049422559929,87.0663504663299,86.3908907107812,83.1185248360474,86.8956260686529,63.5572330281605,63.2166003214974,63.7560421776691,62.8283502984235,63.753122508744,1.50636229160454,1.81891750902272,1.25822676025102,2.25100000034929,1.25539079015965,63.14209197948,8.08989735138722
77.0061524691749,-126383.2888,-181548.3472,-119187.8464,-191142.2704,-121586.3272,81.498001296951,86.4052829592729,86.4206389348996,80.9470337523827,86.8786042086226,63.3862383995382,63.1516920919197,63.7453080024763,62.5763392852108,63.7397385175061,1.66737569307363,1.86554964227729,1.25598044074705,2.48619794819926,1.25558816141539,63.1339083926343,8.53069188571262
77.0704746075817,-126383.2888,-181548.3472,-119187.8464,-191142.2704,-121586.3272,79.7663746344035,85.4025260729288,86.4445061831958,79.277559261757,86.8034696665989,63.2146629735466,63.0541043018684,63.7327378853455,62.3420850599462,63.7216432944143,1.82453113204461,1.94110924559462,1.25396542290746,2.69689424382311,1.25869094420351,63.1054153818167,8.9751909885733
80.5567771397391,-126383.2888,-181548.3472,-119187.8464,-191142.2704,-121586.3272,78.554048097587,84.1445168018152,86.4561949176787,78.1959583832078,86.6379856365647,63.0721270861153,62.9266152405344,63.7197637016311,62.1642627578667,63.6986874427008,1.95060504387552,2.04453432866405,1.2526052073858,2.84893026655792,1.26651153774695,63.0504887479902,9.36318638423023
80.5473679608649,-126258.0263,-181161.1722,-119096.7464,-190709.5454,-121483.8397,77.8903072153487,82.7750153482605,86.4444818865078,77.68355975098,86.3538195844681,62.984720458233,62.7832698229349,63.7089919465718,62.0731615012032,63.6723297889737,2.02401840351482,2.16530433198674,1.2516996112219,2.91919418825363,1.27982759707438,62.9728049189894,9.64004413205148
80.497510736532,-126258.0263,-181161.1722,-119096.7464,-190709.5454,-121483.8397,78.0064336498655,81.4610290892666,86.3923759853057,77.9794643486576,85.9326930875922,62.9939501118652,62.6341271638139,63.7004208369244,62.1135089453296,63.6417574089604,2.00960632764215,2.29927437670674,1.25410101212841,2.87217395288495,1.30225114824864,62.886266271118,9.73740681761088
80.5612261743466,-126258.0263,-181161.1722,-119096.7464,-190709.5454,-121483.8397,78.6385071917161,80.3913387903363,86.2772598674854,78.7346793802101,85.3719153978381,63.0676712043179,62.5055921523482,63.6924595108111,62.2284357763242,63.6057362153962,1.93754413289085,2.42026313276869,1.26005116137091,2.76076040925173,1.33364686285644,62.8103563339777,9.71226569913861
80.568555820361,-126258.0263,-181161.1722,-119096.7464,-190709.5454,-121483.8397,79.3225914737029,79.6919802187045,86.0749528712336,79.4545118928801,84.6896713998888,63.1427835598579,62.4153115528117,63.6800642705331,62.331700971581,63.5603717805539,1.86461928795665,2.50558797110131,1.27073656967721,2.66134947448309,1.37384566010278,62.7606557817462,9.67613896332105
80.5351660230122,-126258.0263,-181161.1722,-119096.7464,-190709.5454,-121483.8397,79.8392726431147,79.3640288358143,85.7690170335536,79.9547645342107,83.926083313485,63.195614488359,62.3696350420748,63.6609022483572,62.3988915382785,63.5056720470869,1.81265330200071,2.54720549113738,1.28721983738808,2.59570024558913,1.42153829344275,62.7392539844635,9.66431716955805
80.5903160962579,-126258.0263,-181161.1722,-119096.7464,-190709.5454,-121483.8397,80.1654773220264,79.3155714705229,85.3605195578192,80.2488869501962,83.1365803011199,63.2268390417364,62.3602308062668,63.6344654932749,62.4358981444052,63.4443207262781,1.78108661465982,2.55307245352026,1.3098560757611,2.55823345222438,1.47410186589864,62.7364410518164,9.6763504620642
80.5115747911734,-126258.0263,-181161.1722,-119096.7464,-190709.5454,-121483.8397,80.349806909457,79.4297036623693,84.8706527125908,80.4041948925408,82.3799176184506,63.2431342122009,62.3721113286089,63.6014420167863,62.4536610071636,63.3804324250678,1.76359146196958,2.53776807083658,1.33799059710152,2.53863111470991,1.52785174374855,62.7398761952215,9.70583298836614
80.5285730998507,-126258.0263,-181161.1722,-119096.7464,-190709.5454,-121483.8397,80.4461173017567,79.6106014698187,84.3341943011752,80.4799692551049,81.7057410887474,63.2505069325579,62.3922104597769,63.5635102081223,62.4606573354859,63.3187254233777,1.75446996435956,2.51406842629595,1.37010431583597,2.52894139633921,1.57874432215267,62.7413419408063,9.74632842498336
80.577681720427,-126258.0263,-181161.1722,-119096.7464,-190709.5454,-121483.8397,80.4934324155133,79.797420888648,83.7885626448445,80.5146094271494,81.1459242464632,63.2530469641978,62.4125091266889,63.5229295744613,62.462201339067,63.2635341667305,1.74991342257298,2.48998751231429,1.40424944140269,2.52430499159591,1.62329512182684,62.7381061781898,9.7917504897127
80.5585644360274,-126258.0263,-181161.1722,-119096.7464,-190709.5454,-121483.8397,80.5157346125554,79.9596947223703,83.2645915262322,80.5298208950244,80.7118606618063,63.2532445613418,62.4293825631326,63.4819815810419,62.4613326001347,63.2178440436479,1.74767266032214,2.46933498940309,1.43853637096435,2.52205846462327,1.65933285743559,62.7310724914925,9.83693534274845
80.592199062133,-126258.0263,-181161.1722,-119096.7464,-190709.5454,-121483.8397,80.5258670454078,80.0872732458111,82.7822413112449,80.536237727065,80.3973912763675,63.2524458251872,62.4419110618844,63.4425095319261,62.4595843210564,63.1827929853245,1.74656667761175,2.45323460854749,1.47147872801366,2.52091926661191,1.68626627774047,62.722396627542,9.87846555852527
80.5927572838265,-126258.0263,-181161.1722,-119096.7464,-190709.5454,-121483.8397,80.5304005417559,80.1811106922238,82.3509839666673,80.5389362162242,80.1850285828884,63.2513370979013,62.4504826819959,63.4057286713821,62.4576931510832,63.1578431882851,1.74599636199142,2.44143710899544,1.50211773212893,2.52027936812197,1.70482648249282,62.7139128922952,9.91465705373056
80.5299919322092,-126650.8495,-182375.353,-119382.436,-192066.571,-121805.2405,80.5328922885527,80.2473354161511,81.9714990532801,80.5406297259169,80.0525026590416,63.2435486211522,62.4376433760608,63.3660637390656,62.4374657198326,63.1339440117852,1.7503872360736,2.44688902681745,1.5332223392999,2.53513933996713,1.72031172805162,62.7064300460189,9.98594967020969
79.6882418551277,-126650.8495,-182375.353,-119382.436,-192066.571,-121805.2405,80.528409093967,80.2921706278353,81.6423561021938,80.5345135469626,79.9782605566655,63.2419751577383,62.4407955685811,63.3358323795297,62.4350285364379,63.1238550445323,1.75068186921322,2.44117553293486,1.55825701746074,2.53565464558877,1.72685977216178,62.6992066749754,10.0126288373594
79.6375645464707,-126650.8495,-182375.353,-119382.436,-192066.571,-121805.2405,80.4281922649654,80.3179161989293,81.3598436535577,80.4184693522079,79.9434889619077,63.2306578197907,62.4404574860466,63.3080731586539,62.4176318404245,63.117152957008,1.7597316971212,2.4376137975635,1.58024771388525,2.5495504428424,1.72974050049454,62.6921867267629,10.0568841519069
79.6567460361298,-126650.8495,-182375.353,-119382.436,-192066.571,-121805.2405,80.2200834084923,80.3093966367793,81.1192008968569,80.1916005429566,79.9329222554839,63.207888207264,62.4342617941994,63.2823083917522,62.384359579312,63.1118576291635,1.77890308202688,2.43793070137228,1.59928468750872,2.57726861468316,1.73028256588841,62.6849843023571,10.1236696514794
79.6204022693783,-126650.8495,-182375.353,-119382.436,-192066.571,-121805.2405,80.0071543674301,80.2501587884317,80.9150554354798,79.9740093109702,79.9330535503412,63.1840317016685,62.4212886019471,63.2591581233286,62.3514712228992,63.1075028214987,1.79889590516385,2.44425695897038,1.61567937057046,2.60428112116085,1.72982123032158,62.6759497461251,10.1929345861871
79.6503817353462,-126650.8495,-182375.353,-119382.436,-192066.571,-121805.2405,79.8500420781685,80.1454634139906,80.7415737370256,79.824064278485,79.9313234878812,63.1656876308156,62.4028990476892,63.238870949496,62.3276481282472,63.1033695474203,1.81385780139124,2.4561466496164,1.62982079981827,2.62305393605292,1.72957419336789,62.6638095735175,10.2524533802467
79.6806908416277,-126650.8495,-182375.353,-119382.436,-192066.571,-121805.2405,79.7541673733403,80.0174793439642,80.5927278036479,79.7388584054696,79.9177623220725,63.1537862695643,62.382007791139,63.2211692210898,62.3130162527949,63.0984985889191,1.82303323558181,2.4710617968655,1.64212490897591,2.63367720467139,1.73046783285963,62.6490173224594,10.3003649789542
80.3408748503536,-126650.8495,-182375.353,-119382.436,-192066.571,-121805.2405,79.702386960144,79.8900042299889,80.4624922730648,79.6960704480495,79.8869454264581,63.1466892888241,62.3615780368695,63.2055167379099,62.3046315169183,63.0921962290368,1.82795355872761,2.48615246707094,1.65302830719328,2.6388870657246,1.73299371848157,62.6331371289187,10.339015117198
80.3138235527688,-126650.8495,-182375.353,-119382.436,-192066.571,-121805.2405,79.6972181497164,79.7793262161721,80.3451193588565,79.7007029173589,79.8384250944688,63.1448585491616,62.3440351359464,63.1915992870979,62.3034277430169,63.0845733658788,1.82832219730735,2.49943289293972,1.66299796991046,2.63800180141929,1.73722409235228,62.6176015931484,10.3659789539291
80.3666772897709,-126650.8495,-182375.353,-119382.436,-192066.571,-121805.2405,79.8056728763821,79.6995700818389,80.2355974093532,79.8278786642011,79.7757210808761,63.1559113781807,62.3326870793118,63.1799628089348,62.3206980225464,63.077062573298,1.81762642538615,2.50927814839046,1.67254222574944,2.62144112116522,1.74296605020075,62.6032482188792,10.363853970892
80.3283242162772,-126650.8495,-182375.353,-119382.436,-192066.571,-121805.2405,79.9755438575883,79.6703676868957,80.1302325771631,80.0098974711428,79.7054461102132,63.1737934487485,62.3295710989031,63.1697386689192,62.3462138537945,63.0698037257413,1.80118414683662,2.5130529501782,1.68192443041339,2.59821474636392,1.74956843805275,62.5910436864971,10.3439447118449
80.3136789257139,-126650.8495,-182375.353,-119382.436,-192066.571,-121805.2405,80.124373796017,79.6975648285727,80.0271955757987,80.1584211995116,79.6368815757197,63.1893634420323,62.3343134624972,63.1598481370183,62.3669979510858,63.0628629902616,1.78701080441837,2.50980298016297,1.69121251338946,2.57955997161508,1.75607350218258,62.5820597543712,10.3236597717685
80.3393481971546,-126442.4127,-181731.0938,-119230.8456,-191346.5166,-121634.7013,80.2238651751605,79.7656328067355,79.9268140306903,80.2510224248851,79.5799310694217,63.2034081034921,62.3544728061986,63.1537127656313,62.3900582485419,63.0612286551524,1.77511336277933,2.49405525949442,1.69855569868289,2.55988348606074,1.75948715741565,62.5763489897761,10.287094964433
80.3341125527636,-126442.4127,-181731.0938,-119230.8456,-191346.5166,-121634.7013,80.2807780245681,79.8512641703284,79.8310429735364,80.3003905758328,79.541974802242,63.2093238033829,62.3664690328625,63.1440657673548,62.3969983786836,63.0573409550105,1.76981060881367,2.48355184214822,1.70732220619306,2.5538169938222,1.76312346543013,62.573254991247,10.2776251164073
80.3428728085986,-126442.4127,-181731.0938,-119230.8456,-191346.5166,-121634.7013,80.3097168463263,79.9351216122404,79.7429645878733,80.3235989716132,79.5259455410855,63.2123799382111,62.3779725301455,63.1350174399042,62.4003515490846,63.0558327534985,1.76713139308788,2.47331699299191,1.71544661628063,2.55098789646083,1.7646779430061,62.5713361619858,10.2715608418274
80.306691757005,-126442.4127,-181731.0938,-119230.8456,-191346.5166,-121634.7013,80.3230251467373,80.0062759888035,79.6658919819159,80.3333116998499,79.530399485488,63.2138513065171,62.3876415486649,63.1270043650224,62.4018624790014,63.0566178814854,1.76590880837889,2.46468563274738,1.72260960944255,2.54982108121987,1.76428493795353,62.5695323073845,10.2673100697422
80.3366954860142,-126442.4127,-181731.0938,-119230.8456,-191346.5166,-121634.7013,80.3292268190714,80.0611591548874,79.6024627334563,80.3376171905901,79.5509745903535,63.2146134397682,62.3951148908108,63.1203940132582,62.4026478747155,63.0592486279324,1.76534754942623,2.45807123112105,1.72854798884789,2.54932062803553,1.7623652503871,62.5675411370922,10.2636526478178
80.3018834993971,-126442.4127,-181731.0938,-119230.8456,-191346.5166,-121634.7013,80.3320595963605,80.1007826208423,79.5540614983814,80.3394940082027,79.5821724582336,63.2150468493735,62.4005835015452,63.1153878976719,62.4031188926753,63.0631034317476,1.76510009282132,2.45332806035475,1.73311104231193,2.5491208198786,1.75944810863596,62.5654585801478,10.2601081240026
80.3291599507566,-126442.4127,-181731.0938,-119230.8456,-191346.5166,-121634.7013,80.3334084903804,80.1280474469399,79.5206535963976,80.3403886316683,79.6187540074674,63.2153428447171,62.4044577285263,63.1120171640818,62.403474225875,63.0675807011945,1.76499152497319,2.45009029565396,1.73628362453335,2.54904417815453,1.75603531044305,62.5634479189465,10.2564449337581
80.2976062925388,-126442.4127,-181731.0938,-119230.8456,-191346.5166,-121634.7013,80.3340540363473,80.1461434223245,79.5009672903985,80.3408195889295,79.6565091519585,63.2155776210806,62.4071605640993,63.1101580000728,62.4037807465455,63.0721916831615,1.76494917278886,2.44796421081735,1.73817205933613,2.54902649439021,1.75252583109082,62.5615969906094,10.2526377684234
80.3206703537596,-126442.4127,-181731.0938,-119230.8456,-191346.5166,-121634.7013,80.3342733225905,80.1578154994439,79.4928814943565,80.340924839636,79.6924939180854,63.2157740369586,62.4090422791841,63.1095782319757,62.404049705336,63.076592001424,1.76494681481158,2.44661389462512,1.73896840472764,2.54904975910273,1.74919453068832,62.5599101323439,10.2487734039554
72.7817149913837,-126442.4127,-181731.0938,-119230.8456,-191346.5166,-121634.7013,80.2790033652581,80.1648353068853,79.4938662637064,80.2743118054142,79.724935683019,63.2100783889015,62.4094194126148,63.1092759505398,62.3949256385108,63.0798270085385,1.77007285639729,2.44569856497985,1.73883180438492,2.55724591511868,1.74612526259068,62.5583514630287,10.2579744034714
72.8062418451643,-126442.4127,-181731.0938,-119230.8456,-191346.5166,-121634.7013,79.3573283611256,80.1312796150797,79.5013244310763,79.2132300895548,79.7525974409439,63.107066239773,62.3893878483833,63.0976372144877,62.236982451992,63.070007201702,1.85924636556052,2.44756284979432,1.7368074849379,2.69329172242845,1.74220216035219,62.556620942163,10.4791105830734
72.812056403026,-126442.4127,-181731.0938,-119230.8456,-191346.5166,-121634.7013,77.4470511546009,79.8673380583216,79.5126496423161,77.1325551665796,79.7683513428526,62.8555882564374,62.3130506652679,63.0660447088193,61.8719308900195,63.0378097925065,2.070610808484,2.47372019159381,1.73227525398421,2.99607580997661,1.73720884453238,62.5485321109808,11.009890908571
72.7854272465724,-106111.8079,-118891.0426,-104444.9512,-121113.5182,-105000.5701,75.8171222790038,79.3542995619667,79.5152551178232,75.5675264267225,79.7434492934524,63.0475722791779,63.2249285134307,63.4068528487247,62.7709320106736,63.4083316087805,1.98560408982652,1.76131178288899,1.54931427522734,2.26153207865362,1.53593885539751,62.5284088837624,9.09370108199398
72.8124769037384,-106111.8079,-118891.0426,-104444.9512,-121113.5182,-105000.5701,74.5442090532125,78.5691368117993,79.5126540890798,74.3769776175907,79.6560164818402,62.8435130822731,63.1218471076216,63.3874023087097,62.557803526335,63.3806399164823,2.16698825162816,1.83908321928421,1.54769537409642,2.44855592666371,1.54157674070548,62.5314172570641,9.54389951237799
72.7869765195501,-106111.8079,-118891.0426,-104444.9512,-121113.5182,-105000.5701,73.7126106001503,77.5961428257858,79.4979036507204,73.6142116449305,79.4723747648821,62.68691762955,62.988314002433,63.3674069266244,62.3989910092797,63.343883649068,2.29965325286198,1.94476890590058,1.54719213013061,2.58041368151248,1.55561619367965,62.5527685401472,9.9276441640853
72.3887225944348,-106111.8079,-118891.0426,-104444.9512,-121113.5182,-105000.5701,73.2411211851287,76.5617764878079,79.4579858664435,73.1894760813358,79.167381500685,62.5852495542667,62.8341464338438,63.3464870714662,62.2980279995432,63.2955318742975,2.3794647292356,2.06946509825063,1.54901650704273,2.65712222581254,1.58076988819666,62.563330207413,10.2358384485382
72.4090129231765,-106111.8079,-118891.0426,-104444.9512,-121113.5182,-105000.5701,72.9904912965364,75.584881670969,79.3753704998626,72.9655195939213,78.7311874061077,62.5229258082847,62.6722529123076,63.3222361673623,62.2363104209513,63.232238198039,2.42227008117176,2.20008271044881,1.55464827426831,2.69730119926478,1.61880277317879,62.553613076321,10.4931050383324
72.4080274438103,-106111.8079,-118891.0426,-104444.9512,-121113.5182,-105000.5701,72.8039747330861,74.7430537067718,79.2309943235367,72.7907566859873,78.1716027623989,62.4713764644413,62.5146011703461,63.2907878482376,62.1833061885164,63.1504108563523,2.45391043430396,2.32317631309044,1.56566212773292,2.72826243934062,1.67028968914771,62.5315918697504,10.7413010036156
72.3551985482081,-106111.8079,-118891.0426,-104444.9512,-121113.5182,-105000.5701,72.6459909602553,74.0602149326293,79.0085989320307,72.6380023356766,77.512485870127,62.4241865702176,62.3704735143602,63.2498797453081,62.1336518685214,63.0493592075529,2.48050830728184,2.43023778387234,1.58369327423807,2.75504029115401,1.73473845211512,62.5061483799654,10.9842181086614
72.3967743939767,-106111.8079,-118891.0426,-104444.9512,-121113.5182,-105000.5701,72.5349195668892,73.5271352270225,78.6992835312362,72.5302573145628,76.7889284168199,62.386355626547,62.2451067808654,63.1984543267708,62.0935948742201,62.9308267100126,2.49840971135896,2.51806236918787,1.61004145374555,2.77290838281286,1.81047465880945,62.4799043911052,11.2098965759147
72.4217971625873,-106111.8079,-118891.0426,-104444.9512,-121113.5182,-105000.5701,72.4710269294215,73.1248908334904,78.3043918422013,72.4688083875388,76.0414859348116,62.3587918510897,62.1402913226765,63.1357750799558,62.0642822949378,62.7979346298501,2.50738541069216,2.58624369968225,1.64530345632678,2.78147303508562,1.89448746651355,62.4521394001583,11.4148930683004
72.4230857177604,-106111.8079,-118891.0426,-104444.9512,-121113.5182,-105000.5701,72.440285192326,72.8332192627346,77.8355072424274,72.4397087053694,75.3109263020992,62.3388651124125,62.0556309948819,63.0616992646085,62.0429099491299,62.6554125829156,2.5100699212893,2.63591914743235,1.68927182647079,2.78354034236229,1.98251469802818,62.4225036760549,11.6013159355829
66.3196308734152,-106111.8079,-118891.0426,-104444.9512,-121113.5182,-105000.5701,72.4223050629778,72.6313430727535,77.3116524925443,72.4224107346746,74.6334845642819,62.3222037726082,61.9890226364967,62.9768069895862,62.0247870634771,62.5095338829775,2.51039766591993,2.66942265538168,1.74100080684294,2.78331950497315,2.06943616143772,62.3916155431491,11.7735767945554
66.3164628664596,-106111.8079,-118891.0426,-104444.9512,-121113.5182,-105000.5701,71.7600882160574,72.4788953157172,76.7552223945451,71.7362218376886,74.0368242224238,62.1432152962087,61.9078826432908,62.8617886432193,61.8279478904392,62.3420412918518,2.63654005997796,2.68742949788316,1.79631457804571,2.92078205785262,2.14537902142589,62.359766028439,12.1864452151853
66.327532619511,-103350.0203,-110354.6082,-102436.3784,-111572.7974,-102740.9257,69.9783701147704,72.1801223346085,76.1999517690191,69.9382967261103,73.5367995569285,61.6960792670248,61.9631766779771,62.7727268374863,61.4961136228833,62.2299421975996,2.98170467645091,2.58091634167137,1.82294048104194,3.15797067142278,2.17123133815713,62.3190292126296,12.7147635087441
66.3540983761013,-103350.0203,-110354.6082,-102436.3784,-111572.7974,-102740.9257,68.1829992708313,71.4833816400123,75.6510646677242,68.1470407282455,73.092698557882,60.9943864992893,61.6459992895823,62.5528693048678,60.7765287678538,61.9636821093109,3.43534227496743,2.68049782633647,1.86873314969467,3.6171390516752,2.20592746430881,62.2291797437384,13.8076397669826
66.3994218970279,-103350.0203,-110354.6082,-102436.3784,-111572.7974,-102740.9257,67.0904042975411,70.4091923621728,75.1046912540168,67.0705974194202,72.6219230704349,60.4568301173738,61.1968613896852,62.3154643491544,60.2346100704905,61.6704603086513,3.72278121593671,2.86236806796447,1.91387892777482,3.89997308098384,2.24169168709746,62.0139216293292,14.6406929797573
66.3674975884357,-103350.0203,-110354.6082,-102436.3784,-111572.7974,-102740.9257,66.6161385204732,69.213435978039,74.5480967721652,66.6085143622865,72.0377229499162,60.1676961907614,60.6814326343043,62.0779022608144,59.9458404181585,61.3462138547493,3.82966057378898,3.09060849425617,1.96284282923309,4.00142148127604,2.29619624471397,61.6920255067553,15.1807296232683
66.3580872732613,-103350.0203,-110354.6082,-102436.3784,-111572.7974,-102740.9257,66.4541088340496,68.1621969141454,73.9591883394916,66.4518572476908,71.3010930718906,60.0282955927315,60.1805650177752,61.830905041729,59.8061167670359,60.9609662610276,3.8431470733786,3.30372063627244,2.01817778120851,4.01161717349287,2.37422649486814,61.3718678067343,15.5508891592206
72.4733547417404,-103350.0203,-110354.6082,-102436.3784,-111572.7974,-102740.9257,66.5965368036331,67.3910871324133,73.3126903704986,66.5972220658707,70.4396324259743,60.0515990667281,59.7859739091419,61.5839781766023,59.8297947492468,60.5287966880826,3.77319790426719,3.46728329125729,2.08693260360543,3.93948326231487,2.4770668875872,61.1192897182834,15.743963949032
72.4288196503567,-103350.0203,-110354.6082,-102436.3784,-111572.7974,-102740.9257,68.5163120668649,67.0642342755406,72.5892536708253,68.5245165827143,69.5235902972818,60.9142355460102,59.765551273102,61.5037688086584,60.7073676175766,60.2929740629737,3.24849997033081,3.61285481207478,2.20802537553257,3.41047186917744,2.65960607737124,60.9492921731913,15.1394581044868
72.4256300001358,-103350.0203,-110354.6082,-102436.3784,-111572.7974,-102740.9257,70.611145632773,67.5891387143249,71.8013141046388,70.6230186031553,68.6917846636556,61.6736584661628,60.1227103830277,61.4218637208559,61.4843612715987,60.096698949073,2.76311953148414,3.53168621422864,2.3582204231151,2.91729579910077,2.85626040854901,60.9345333539574,14.4265823764777
72.4798510726448,-103350.0203,-110354.6082,-102436.3784,-111572.7974,-102740.9257,71.7609684491807,68.7537907763639,71.0220398566709,71.772781933107,68.1979250970214,62.0229955348277,60.6529484243754,61.2791724436024,61.8432546920799,59.9771173975416,2.53598418989747,3.25510371161531,2.51230267620338,2.68493816428807,2.98630060841845,61.0515733424669,13.9746293504227
72.4158130415221,-103350.0203,-110354.6082,-102436.3784,-111572.7974,-102740.9257,72.245656384375,69.9733591257128,70.3267592535404,72.254427731746,68.2061563159248,62.165642735788,61.1156797173502,61.1145415173345,61.9894352410333,60.061025172159,2.44993173753401,2.97697407994619,2.65701838326583,2.59719300008185,3.01404637952793,61.1815354996003,13.6951635803558
72.4297255456126,-103350.0203,-110354.6082,-102436.3784,-111572.7974,-102740.9257,72.4227050490651,70.9234256035022,69.7748022741741,72.4279070859693,68.6348118914643,62.2249556106113,61.4346961448972,60.9677915318175,62.0499420120139,60.3235445356974,2.42164660952813,2.77898976066338,2.77926672191127,2.56892044372729,2.9537977764141,61.2702686547554,13.5026213122442
72.439039855875,-103350.0203,-110354.6082,-102436.3784,-111572.7974,-102740.9257,72.4804136707241,71.5555925007134,69.437452188563,72.4832075156285,69.2696626583566,62.2533522439867,61.6357719386475,60.8841027722235,62.0790898439805,60.6527659491268,2.4147058790403,2.6582216726788,2.86168969421359,2.56246300591377,2.84903067346178,61.3232988471298,13.3461109253082
72.4614698686938,-103194.6948,-109874.5112,-102323.4144,-111036.2184,-102613.8412,72.4965004923611,71.9368674107492,69.359032537091,72.498064388938,69.9274413598279,62.2763895643875,61.7747276054056,60.9021874257998,62.1109108636381,60.971174597972,2.41271652640697,2.58354677179744,2.89115372948116,2.55430438794743,2.73768491045929,61.3572690110245,13.1794063260923
72.4756016946995,-103194.6948,-109874.5112,-102323.4144,-111036.2184,-102613.8412,72.499840112054,72.1525558835838,69.5109736290771,72.5008973542819,70.5090207791716,62.2908074698904,61.854026218401,60.9976422637201,62.126220707163,61.2257128676382,2.41533467488338,2.54933124846068,2.87197082245006,2.55737626630756,2.64123915759796,61.3829543554724,13.0352521696996
72.4602578917416,-103194.6948,-109874.5112,-102323.4144,-111036.2184,-102613.8412,72.5000879282657,72.2690148037228,69.8119629969975,72.5009520126358,70.9800030862598,62.3035674059001,61.9064685535208,61.1420219139675,62.1398521006648,61.421617593473,2.41829852482989,2.53358227357857,2.82009289901764,2.56072734105212,2.5652278187027,61.4045598375627,12.8979288571809
72.4472290897726,-103194.6948,-109874.5112,-102323.4144,-111036.2184,-102613.8412,72.4988917151593,72.3296875206457,70.1757804012897,72.4996610751442,71.3408848283876,62.3144074433965,61.942172662944,61.2977965222061,62.1514438251077,61.5665234199362,2.42115652394899,2.52749226819966,2.75400807392294,2.56391523166594,2.50854611809016,61.4242852200985,12.7751182158277
72.4372474905051,-103194.6948,-109874.5112,-102323.4144,-111036.2184,-102613.8412,72.4976341836408,72.3601162714085,70.5396875566223,72.498362667167,71.6068532060483,62.3233216276457,61.9669047030058,61.441338756084,62.1609709018514,61.6709979630576,2.42357706252152,2.52610690313166,2.68730511647427,2.56660020538045,2.46777310743112,61.443778124027,12.671362394939
72.4600989347106,-103194.6948,-109874.5112,-102323.4144,-111036.2184,-102613.8412,72.4965319213186,72.3746409366955,70.8684526281567,72.4972373334036,71.7970598243563,62.330369720968,61.9841910561234,61.5626311389121,62.1684948060897,61.7449270955252,2.42552007844062,2.52677831955478,2.62739182257179,2.56874946372168,2.43922727936682,61.464225010802,12.5876669636557
72.2572360242385,-103194.6948,-109874.5112,-102323.4144,-111036.2184,-102613.8412,72.495519008796,72.3810255315073,71.147380338264,72.4962084174866,71.9297106057585,62.3357523895644,61.9963240566753,61.6600226380888,62.174234445572,61.7964592441538,2.4270469452476,2.52817700655902,2.57711789265653,2.57043390151426,2.41970079424715,61.4864064072229,12.5224765402246
72.2387265996934,-103194.6948,-109874.5112,-102323.4144,-111036.2184,-102613.8412,72.4702058066568,72.3824910670258,71.3741618500803,72.4703488318611,72.0201749596032,62.3339365390524,62.0037488259737,61.734678370032,62.1723475750754,61.8308093622391,2.43267319431245,2.52962862733052,2.53644703409271,2.57641761409519,2.4063751696498,61.5107324139131,12.4815416394807
72.255816491845,-103194.6948,-109874.5112,-102323.4144,-111036.2184,-102613.8412,72.4082177531213,72.3733761134301,71.5528504380636,72.4076504963012,72.0802377367269,62.3220908718661,62.0051199278849,61.7894008283642,62.1599932896118,61.8518453183566,2.44476703772795,2.5321869964259,2.50424186743017,2.5890748775864,2.39719355349953,61.5370094569207,12.46746433267
72.2720259353138,-103194.6948,-109874.5112,-102323.4144,-111036.2184,-102613.8412,72.3529882773595,72.3477515239624,71.6900942058375,72.3524345175809,72.1173068797771,62.3106872524045,62.0009199249341,61.8293541579223,62.1482383938207,61.8641646326268,2.45543630651572,2.53743024976993,2.47953390560412,2.60010210566004,2.39140702205664,61.5641069079151,12.4639095896065
72.2304798147164,-103194.6948,-109874.5112,-102323.4144,-111036.2184,-102613.8412,72.3201706690879,72.311218822816,71.7927502611275,72.32001128754,72.1352652282674,62.3037906657954,61.993413653188,61.8582942452401,62.1412242360783,61.870189031036,2.46179063988475,2.54456864197567,2.46113518888734,2.60659268081917,2.38862682525377,61.591070128307,12.4627139768207
72.2577187034838,-103194.6948,-109874.5112,-102323.4144,-111036.2184,-102613.8412,72.3039980743929,72.2738846734977,71.8666916915513,72.3042059596258,72.1371517721369,62.3003243752134,61.9851820111776,61.8785584074166,62.1377425690566,61.8711448594309,2.46491751721736,2.55176617988975,2.44790879212543,2.60975236015398,2.38841027251149,61.6177669111703,12.462755121898
72.2217449680725,-102935.1509,-109072.2846,-102134.6552,-110139.6122,-102401.4871,72.2967243553202,72.2425054408453,71.9166543562426,72.2971377377086,72.1268083641953,62.3070913410501,61.9999987173058,61.9022836115073,62.1576194422586,61.879830707711,2.46217382001875,2.5445599644963,2.43699141501133,2.59555811642186,2.387893822728,61.6444696307192,12.4271771386762
72.2456343402226,-102935.1509,-109072.2846,-102134.6552,-110139.6122,-102401.4871,72.2936277101326,72.2192848323831,71.9469586119608,72.2941449953208,72.1088498928927,62.3061862987706,61.9942983086334,61.9098632330825,62.1567081244843,61.8744491868843,2.46271410927624,2.54891998970044,2.43147390857893,2.59609103796978,2.3908282810527,61.6719450215637,12.4300273265781
72.2910357761703,-102935.1509,-109072.2846,-102134.6552,-110139.6122,-102401.4871,72.2922772686726,72.2035307687128,71.9616217541683,72.2928451008868,72.0875938226936,62.3055674939234,61.990104738146,61.9130583507288,62.1560731204829,61.86788670385,2.46289453024068,2.55180509133785,2.42869896440193,2.59626132059,2.3942657419638,61.6987419621516,12.4339256485343
72.2243319290791,-102935.1509,-109072.2846,-102134.6552,-110139.6122,-102401.4871,72.2921445263189,72.1935196193595,71.9645555339285,72.2927418819883,72.0663748578926,62.3051744967825,61.9871365366016,61.9130501333347,62.1556627571489,61.861195403719,2.462830348603,2.55356597273246,2.42798810317694,2.59618265619292,2.39767411807187,61.7235071774131,12.4382411987772
72.2294445231465,-102935.1509,-109072.2846,-102134.6552,-110139.6122,-102401.4871,72.2920663628616,72.187552392013,71.9594163942988,72.2926710452085,72.0472997970666,62.3047732359765,61.9850556208012,61.9108652285726,62.1552375272157,61.8550263485985,2.46275067396587,2.55453867119502,2.42870192221356,2.5960918965981,2.40071018220457,61.7456856946686,12.4427933461771
72.2827317940517,-102935.1509,-109072.2846,-102134.6552,-110139.6122,-102401.4871,72.2920113406936,72.1841415756452,71.9493858941198,72.2926207948677,72.0313824492115,62.3043886324995,61.983580874241,61.9074094618425,62.1548293440084,61.8497437359168,2.46266940571871,2.55502352348289,2.43029205418341,2.59600023692857,2.40321772718185,61.7651197306574,12.4472029474954
72.2221897129066,-102935.1509,-109072.2846,-102134.6552,-110139.6122,-102401.4871,72.2924523289221,72.1822857236523,71.93701013304,72.2930704948493,72.0188296964491,62.3041571099504,61.9825397221536,61.9034178357834,62.1545815899487,61.8454835107067,2.46250359446857,2.55522760478283,2.43232282203986,2.59582165105907,2.40517664501016,61.7818175811331,12.4510523173605
72.2649314406572,-102935.1509,-109072.2846,-102134.6552,-110139.6122,-102401.4871,72.2924180350204,72.1814011967826,71.9241452392029,72.2930306867195,72.0093690001436,62.3038544262771,61.9817862740593,61.8993666203007,62.1542588182093,61.8421616204793,2.46243742771996,2.55526044289563,2.4344612943017,2.59574920411245,2.40662885429989,61.7958991255778,12.4545372233296
72.262742568377,-102935.1509,-109072.2846,-102134.6552,-110139.6122,-102401.4871,72.2918241574891,72.1809555747168,71.9120046974039,72.2924285958576,72.0025094882604,62.3034624320624,61.9811998705218,61.8955798472177,62.1538449267509,61.8396472396172,2.46248719814761,2.55522517407783,2.43649165212944,2.5957973882048,2.40765780829288,61.8075464915308,12.4576592208526
72.2718783252077,-102935.1509,-109072.2846,-102134.6552,-110139.6122,-102401.4871,72.2917361170158,72.1806132009875,71.9012707650871,72.2923474233628,71.9976854381245,62.3032380857472,61.980737758087,61.892279245242,62.1536093011135,61.8378259272433,2.46245359435757,2.55519517769636,2.43830114984835,2.59575784392828,2.40836938949251,61.8169694627716,12.4600771553231
72.2818467897651,-102935.1509,-109072.2846,-102134.6552,-110139.6122,-102401.4871,72.2917481985991,72.1803725509007,71.8922253977159,72.2923618542312,71.9943581964379,62.3030795248646,61.980379719521,61.8895185024351,62.1534419714037,61.8365230004964,2.46241152677409,2.55516577076627,2.43983311589132,2.59571130973609,2.40884934393571,61.8244189745384,12.4619710671035
72.2540445573735,-102935.1509,-109072.2846,-102134.6552,-110139.6122,-102401.4871,72.2914201961435,72.1802064003268,71.8848782705021,72.2920301811603,71.9920931043249,62.3028740336976,61.9800934941912,61.8872718130235,62.1532258333968,61.8355850967789,2.46244172868779,2.55513569159861,2.4410778355258,2.59574088873393,2.40916411717207,61.8301718829276,12.4635602617182
72.2739831413737,-102885.0459,-108917.4146,-102098.2152,-109966.5222,-102360.4921,72.2916211028884,72.1800310590791,71.8790721948994,72.2922333017527,71.9905535864721,62.3044614450832,61.9841676272583,61.8875569250549,62.1573467874834,61.8372076950939,2.46158479495318,2.55257112309513,2.44169453629899,2.59266340611566,2.40894964185113,61.8345498554688,12.4574635023141
72.2343587630901,-102885.0459,-108917.4146,-102098.2152,-109966.5222,-102360.4921,72.2922172326092,72.1799771888867,71.874591891042,72.2928347014933,71.9895113271211,62.304534891975,61.9840420309584,61.8862291089645,62.1574222647193,61.8367772468353,2.46145597346477,2.55255316633216,2.44246517432291,2.59252887384664,2.40909480689733,61.8380140066455,12.4580979948638
72.2729220860945,-102885.0459,-108917.4146,-102098.2152,-109966.5222,-102360.4921,72.2928432100094,72.1801337967335,71.8711973871291,72.2934612106778,71.9888199527909,62.3046369172316,61.9840061220112,61.8852383064058,62.1575265836926,61.8364949721503,2.46132685267016,2.55250497064773,2.44305309550301,2.59239531012016,2.4091918841513,61.8406350561289,12.4584721130923
72.2699524529782,-102885.0459,-108917.4146,-102098.2152,-109966.5222,-102360.4921,72.2932433968436,72.1804649315882,71.8686669150045,72.2938571723948,71.9884029930657,62.3047009757278,61.9840342142749,61.8845056650673,62.1575909231709,61.8363183726838,2.46124402559995,2.55242910903091,2.44349301188229,2.59231049625328,2.40924892406048,61.842473861394,12.4587255668269
72.2723973715348,-102885.0459,-108917.4146,-102098.2152,-109966.5222,-102360.4921,72.2928833918824,72.180820245897,71.8668160701914,72.2934839912539,71.988212872797,62.3045918179431,61.9840624893494,61.8839487845123,62.1574746245997,61.836199122213,2.4613058375835,2.55234724531683,2.44380973377509,2.59237619463196,2.40926574269259,61.8436759202305,12.4591047539999
72.2372566645798,-102885.0459,-108917.4146,-102098.2152,-109966.5222,-102360.4921,72.2925927439649,72.1809874040023,71.8654992082304,72.2931936308016,71.9881911742592,62.3045060379519,61.9840619732988,61.8835516863829,62.1573857658478,61.8361455034868,2.46135632198934,2.55230527554143,2.44403491305997,2.59242773154133,2.40925816744926,61.8443865430357,12.4593824095813
72.2478090554439,-102885.0459,-108917.4146,-102098.2152,-109966.5222,-102360.4921,72.292237234596,72.1809817630976,71.8645983263426,72.2928357457974,71.98825587081,62.3044084327544,61.9840267273768,61.8832718997092,62.1572842899567,61.8361228331525,2.46141987875185,2.55229786538404,2.44418699488984,2.59249331476079,2.40923743393631,61.8447314516965,12.4596354877228
72.2352322549662,-102885.0459,-108917.4146,-102098.2152,-109966.5222,-102360.4921,72.2919196422221,72.1808425627552,71.8640101382794,72.2925190626896,71.9883333974972,62.3043224219475,61.9839665296626,61.8830825333463,62.1571956366599,61.836111142488,2.46147695148513,2.55231763989524,2.44428466064316,2.5925516420322,2.40921626164733,61.8448253727872,12.4598471557031
72.2380674356101,-102885.0459,-108917.4146,-102098.2152,-109966.5222,-102360.4921,72.2917338794867,72.1806298329541,71.8636422392236,72.2923353944309,71.9883744266663,62.3042698960405,61.9838968463191,61.8829606330655,62.1571418755188,61.8360983333519,2.46150978858798,2.55235344548096,2.44434490613098,2.59258487187737,2.40920348538717,61.8447559014062,12.4599964974644
72.245009015744,-102885.0459,-108917.4146,-102098.2152,-109966.5222,-102360.4921,72.2919593455778,72.1804328941012,71.8634152628569,72.2925674046224,71.9883578894443,62.3043189100127,61.983848480155,61.8828965637777,62.157193972955,61.8360906150872,2.46146630097744,2.55239063538681,2.44438480396599,2.59253885096941,2.40920557818694,61.8445898117998,12.4599861694866
72.2595875215114,-102885.0459,-108917.4146,-102098.2152,-109966.5222,-102360.4921,72.2919657160583,72.1803355434635,71.8632668049644,72.2925719717538,71.9882926567265,62.3043163194537,61.9838185000902,61.882848157646,62.1571908498577,61.8360633294324,2.46146409252017,2.55240749957863,2.44440930844946,2.59253688387842,2.40921458332985,61.8443794616999,12.4600323677565
72.2392329119958,-102885.0459,-108917.4146,-102098.2152,-109966.5222,-102360.4921,72.292321096093,72.1803107199634,71.8631549701238,72.2929330341335,71.9882066761368,62.3044000569784,61.9838204788584,61.8828269092474,62.157278540938,61.8360484572682,2.46139714782953,2.55241420878043,2.44443149512915,2.5924669599108,2.40923145811173,61.8441571526304,12.4599412697616
72.236389415233,-103241.7935,-110020.089,-102357.668,-111198.923,-102652.3765,72.2924120675523,72.1805516158313,71.8631212854792,72.2930579559298,71.9881966154961,62.2927710329058,61.9533221130411,61.8682685746203,62.1276099466772,61.81986400606,2.46703702881071,2.57050544302052,2.4470819972403,2.61383756469892,2.41225825974728,61.8434896891102,12.5107202935177
72.3121521211431,-103241.7935,-110020.089,-102357.668,-111198.923,-102652.3765,72.2925117714523,72.1807670641952,71.8630969134794,72.2931797521584,71.9882248994782,62.2927988266244,61.9533820990264,61.8682734162215,62.1276436918532,61.8198836300772,2.46701928779342,2.57046636979787,2.44708914975051,2.61381492436323,2.41225620532455,61.8409164133598,12.5106459370296
72.2068345985048,-103241.7935,-110020.089,-102357.668,-111198.923,-102652.3765,72.292486493818,72.180950808969,71.8630829757838,72.293156081957,71.9882949344572,62.2927959996748,61.9534300528246,61.8682757987553,62.1276411181187,61.8199095024106,2.46702482659206,2.57043224167,2.44709314553109,2.61382034880656,2.41224572857612,61.8376810612389,12.5106162911758
79.2899826672097,-103241.7935,-110020.089,-102357.668,-111198.923,-102652.3765,72.2919414169169,72.1810334854193,71.863088084905,72.2926058906924,71.9883956270426,62.292665250112,61.9534335901796,61.8682594840941,62.1275044740269,61.8199189690333,2.46712704957429,2.57041235218624,2.44708790021942,2.61392668695028,2.41222408723826,61.8348590892758,12.5107780761685
79.2889502804186,-103241.7935,-110020.089,-102357.668,-111198.923,-102652.3765,72.6797776227053,72.1887656834806,71.8631380035564,72.6896592892287,71.9885667005973,62.3851382395547,61.9695061500591,61.884532644968,62.2254139437459,61.8371926878673,2.39634277502376,2.5725101723824,2.45106638201306,2.53920172848856,2.41628810978796,61.832629951178,12.3754091676957
79.2650899976036,-103241.7935,-110020.089,-102357.668,-111198.923,-102652.3765,74.486790478559,72.3786370497663,71.8635446573475,74.5228533109446,71.9942000217487,62.7580181899505,62.0719425500039,61.9521126178645,62.6178116794463,61.9098292389503,2.10333051919234,2.55068675068893,2.46767813534715,2.23189726596817,2.4323425678487,61.8352747176568,11.7859352390453
79.1918480327964,-103241.7935,-110020.089,-102357.668,-111198.923,-102652.3765,76.4707758441456,73.0525050754239,71.8669023375905,76.5169933205325,72.0481316546641,63.0804536224148,62.2747401827988,62.020742264259,62.955680458383,61.9948423726096,1.84233689815565,2.43920231753539,2.48403681756673,1.95931102974103,2.43986257997715,61.8600889919775,11.1647496429759
79.2212615465444,-103241.7935,-110020.089,-102357.668,-111198.923,-102652.3765,77.8200507680552,74.140900360539,71.8872150664647,77.8618993825839,72.2406142948685,63.2631666787288,62.5264477968069,62.0789442605142,63.14653872348,62.0994184901641,1.6946954139297,2.26348585606476,2.49363263083773,1.80565264312023,2.4187132166003,61.9112358573725,10.6761797605527
79.2724774345064,-103241.7935,-110020.089,-102357.668,-111198.923,-102652.3765,78.5715721713553,75.3358787953372,71.9584772730819,78.6033522577557,72.6368611901511,63.3579697865093,62.7567577129353,62.1386531179236,63.2451143945595,62.2397264068272,1.62154130778788,2.08990349418935,2.49069878924089,1.73007021412602,2.35917344885362,61.9746379508638,10.2913872541978
79.2593610032224,-103241.7935,-110020.089,-102357.668,-111198.923,-102652.3765,78.9490468797439,76.3997234593874,72.124910169647,78.9704770762667,73.2206550488256,63.4074972964713,62.9351820394672,62.2136943597894,63.2963333624533,62.407196571272,1.58732464707635,1.95247266758369,2.46773197184198,1.69520136817181,2.26834406178989,62.0382221817638,9.97107471646374
81.0629604876083,-103241.7935,-110020.089,-102357.668,-111198.923,-102652.3765,79.1275164414948,77.237333549212,72.4157472624303,79.1409486192916,73.9166390740066,63.4348539752066,63.0631022086899,62.3110851660454,63.3245585433352,62.5793678534957,1.57203946495913,1.85471426791137,2.42048906737429,1.67995539696321,2.16354040120288,62.097939434094,9.69073859841088
81.055518956484,-103241.7935,-110020.089,-102357.668,-111198.923,-102652.3765,79.3170900798377,77.8512630502094,72.8278134968492,79.3298246114464,74.6414985023401,63.4618297718188,63.1531132628736,62.4285243724178,63.3531560387638,62.7386124838035,1.55591798734527,1.78860261218688,2.3519130818616,1.66310202578838,2.06073084181191,62.154061798988,9.42026654899403
81.0736806926739,-102987.2601,-109233.3494,-102172.5528,-110319.6258,-102444.1219,79.6948304953477,78.3075093923717,73.329485236362,79.7134405863533,75.3335493310697,63.5090467196261,63.233238982079,62.562792621779,63.4118772235233,62.8829598357346,1.52038755997641,1.73150394991225,2.26754788913016,1.61706717472626,1.96608218298452,62.2074539610049,9.1025887567296
81.1385266202456,-102987.2601,-109233.3494,-102172.5528,-110319.6258,-102444.1219,80.1251059289472,78.6947650829835,73.8796830987921,80.1468835077235,75.9637134585403,63.5535421469581,63.2879762745292,62.6888263862887,63.4591288006268,62.9976181483414,1.48499348793029,1.69413361096665,2.18160161802747,1.5796446839875,1.88791471825583,62.2596378866163,8.82828811916775
81.1069196584625,-102987.2601,-109233.3494,-102172.5528,-110319.6258,-102444.1219,80.4775474540194,79.0588865306285,74.4413948601292,80.497751718889,76.5262474354374,63.5887462504527,63.3360850133593,62.8048635723337,63.4961777102711,63.0914489574112,1.45709953030166,1.6600832064692,2.09804713340277,1.55048720767801,1.82205056625672,62.3114516689459,8.58776764410837
81.0520045085319,-102987.2601,-109233.3494,-102172.5528,-110319.6258,-102444.1219,80.7196683795441,79.4036415961122,74.9891391317068,80.7358599905785,77.0281238886022,63.613074589613,63.3785017204806,62.9076156784429,63.5215715001945,63.1686430292877,1.43854846869397,1.62876324076007,2.0207709073739,1.5313280607257,1.76621927061438,62.3631387311053,8.38562994816805
81.0307218521669,-102987.2601,-109233.3494,-102172.5528,-110319.6258,-102444.1219,80.869278830734,79.7161050883415,75.5087797907423,80.8811732589012,77.4790814323012,63.6288532631316,63.4147930122557,62.9969141460223,63.5379332292937,63.233052645457,1.42738148803699,1.60116919642057,1.95126704556756,1.51994223488523,1.71829515022727,62.4145406045322,8.21805511513762
77.038661298478,-102987.2601,-109233.3494,-102172.5528,-110319.6258,-102444.1219,80.9405328119038,79.9844547975738,75.9943102558898,80.9482838063553,77.886688417944,63.6377060394121,63.4446512819127,63.0739316136782,63.5470006061645,63.2874337516664,1.42223375548083,1.57808154932146,1.88957241789718,1.5148723635774,1.67672136242513,62.4653325335125,8.08148144870202
77.0300369686339,-102987.2601,-109233.3494,-102172.5528,-110319.6258,-102444.1219,80.7126226138766,80.1964704798104,76.4443866741024,80.7089292244751,78.2552682899747,63.6225014522556,63.466605042137,63.1389243198218,63.5300778090281,63.3323768122821,1.43993504015281,1.56015353827597,1.83488483609567,1.53448693240628,1.64035784961813,62.5153236989191,8.00981819654886
77.0553031238136,-102987.2601,-109233.3494,-102172.5528,-110319.6258,-102444.1219,80.0686303191528,80.3102428532039,76.8597381981864,80.0480744501868,78.5856014577988,63.5717300858732,63.4769184641198,63.1925552987605,63.4750581581868,63.3681515883173,1.49171444047601,1.55056471046165,1.78632211852061,1.59058089042471,1.6086060663505,62.5645594019359,8.02778822623348
77.0814754795749,-102987.2601,-109233.3494,-102172.5528,-110319.6258,-102444.1219,79.2489448514646,80.2714443834823,77.2414641296998,79.2171498014574,78.8728448762617,63.5004659284106,63.4721387314941,63.2370075677734,63.3987510109128,63.3958894821556,1.56260578696594,1.55370461721304,1.74330156997915,1.66645963095265,1.58163421364866,62.6124197784745,8.10770581875945
77.0406645323129,-102987.2601,-109233.3494,-102172.5528,-110319.6258,-102444.1219,78.4967637417503,80.0626474903644,77.5896980348806,78.4634865031351,79.1058147893185,63.4285092608324,63.4516650473092,63.2743977143263,63.3226259362604,63.4162646952589,1.63314631646546,1.57131938745619,1.7054473580311,1.74103201692675,1.56020293938835,62.6571826971321,8.21114801826785
77.047726087367,-102987.2601,-109233.3494,-102172.5528,-110319.6258,-102444.1219,77.9255170279699,79.7135891520866,77.9026879671492,77.8977937857617,79.2705117672014,63.3691143697097,63.4179863416555,63.3060895946185,63.260588871758,63.4292778653062,1.6905732054005,1.6017301759932,1.67258086356995,1.8009396715853,1.54526360295102,62.6967430720641,8.31108751949999
77.0081869240542,-102987.2601,-109233.3494,-102172.5528,-110319.6258,-102444.1219,77.5438924328415,79.2811835014979,78.1766447905496,77.524201453921,79.3554711392137,63.3266643660398,63.3754305932723,63.3326104550605,63.2168066487131,63.4345982031105,1.73090451847912,1.64098857237805,1.6447005281268,1.84245443490225,1.53753391994748,62.7298215011441,8.3965819738337
76.9871087589518,-108293.3796,-125634.0824,-106031.5488,-128649.8568,-106785.4924,77.3015626117042,78.794100840512,78.4142816542727,77.2856785860917,79.3562413001047,63.195615102295,63.0651476192956,63.2637214210678,62.8932491756622,63.3366063024018,1.8344428297335,1.90858800021487,1.67228752687954,2.13589420150437,1.59281074095761,62.7577864762468,9.14402329928989
77.0282630966338,-108293.3796,-125634.0824,-106031.5488,-128649.8568,-106785.4924,77.1685410333833,78.3381967603988,78.5987687510296,77.1586188359726,79.2687888628035,63.1775197328558,63.0094945826513,63.2799087253693,62.873650002979,63.3242671588048,1.84951146234459,1.95842355248668,1.65391503419875,2.15196174963271,1.6003143376927,62.7695998050841,9.21412613635544
77.0449042794136,-108293.3796,-125634.0824,-106031.5488,-128649.8568,-106785.4924,77.1016992107849,77.9477461173624,78.7253899448992,77.0968991926848,79.1045150087669,63.1672584274161,62.9593734164449,63.289852285404,62.8627611558199,63.3039840289392,1.85702136652067,2.00289197319713,1.64141304709528,2.15964650923592,1.61489805140964,62.7694215580201,9.27587094745864
77.0595076606387,-108293.3796,-125634.0824,-106031.5488,-128649.8568,-106785.4924,77.0708538569019,77.635477535482,78.7913263455372,77.0695027393296,78.8810817656104,63.1613442346206,62.9171616834332,63.2934087907927,62.85652686936,63.2770741322424,1.86034985904766,2.0396417413325,1.63480627727752,2.16286207790231,1.63523674751331,62.7659264823457,9.3328967030733
77.0487382410487,-108293.3796,-125634.0824,-106031.5488,-128649.8568,-106785.4924,77.0575312099377,77.3991378657022,78.7969707971458,77.0581705669237,78.619310940788,63.157572014897,62.8834368958793,63.2906844805998,62.8524910220403,63.2452656747699,1.86162807402092,2.06811172511504,1.63392397031847,2.16397296772542,1.65969634205262,62.7638008484114,9.38733307923245
77.0755638042352,-108293.3796,-125634.0824,-106031.5488,-128649.8568,-106785.4924,77.0524503968084,77.228194522671,78.7463044609403,77.0541478802426,78.3401819865997,63.1548301083664,62.8575372319017,63.2820769184835,62.8494764589421,63.2105254762565,1.86194137760069,2.0889852681434,1.63836782882728,2.16412654763704,1.68650535278959,62.7639383393181,9.439926374998
77.0681098458576,-108293.3796,-125634.0824,-106031.5488,-128649.8568,-106785.4924,77.0512909452451,77.109221918683,78.6464938288403,77.05352318392,78.0623747059788,63.1526117135596,62.8381794677931,63.2682437373191,62.8469726692836,63.1748462321542,1.86179951590227,2.10356681912068,1.64752769349191,2.16384029970024,1.71393436697195,62.7656203400419,9.49066869518706
77.0561364419564,-108293.3796,-125634.0824,-106031.5488,-128649.8568,-106785.4924,77.051637975145,77.029206881486,78.5069798447689,77.0541188844044,77.8006369476539,63.1506434550171,62.8239303942901,63.2500411966406,62.84470879734,63.140036840647,1.86148942277226,2.11330567208696,1.66062756674544,2.16340483770559,1.7404639990396,62.7678949419775,9.53929149834983
77.0557629074431,-108293.3796,-125634.0824,-106031.5488,-128649.8568,-106785.4924,77.0524423404085,76.9770748743184,78.338369658135,77.0550247915911,77.5650595131327,63.1488224298465,62.8134879209709,63.2284626388978,62.8425918558071,63.1075635485031,1.86113792175631,2.11952604046106,1.67678681748136,2.16294470216277,1.76491466800249,62.77006797897,9.58531014986398
77.0564601178575,-108293.3796,-125634.0824,-106031.5488,-128649.8568,-106785.4924,77.0530184104493,76.944132578968,78.1513863971824,77.0556237668547,77.3611620899605,63.1470877907083,62.8057893880614,63.2045614136661,62.8405658025478,63.0784437307345,1.86082866172928,2.12331041682893,1.69508192751083,2.16254528124228,1.78651192642745,62.7717487902419,9.62827821373877
77.0593372208101,-108293.3796,-125634.0824,-106031.5488,-128649.8568,-106785.4924,77.0537237770956,76.9239359626164,77.9560263143805,77.0563474356646,77.1905682676784,63.1455073743973,62.8000392477668,63.1793933463759,62.8387189715085,63.0532367637398,1.86052283887478,2.12548222208338,1.7146052797065,2.16215430026164,1.80488423034099,62.7727571535758,9.6676488712673
77.0305962717956,-108293.3796,-125634.0824,-106031.5488,-128649.8568,-106785.4924,77.054590938376,76.9120018216331,77.7609735066468,77.0572310779831,77.0519959194457,63.1441005967328,62.7956729523134,63.153942944117,62.8370748086292,63.0320812126826,1.86021870039817,2.12662170539254,1.73451358198826,2.16176995111842,1.82000013725138,62.7730303841541,9.70312407614879
77.0216792815593,-153918.9926,-266658.7044,-139213.8128,-286265.6108,-144115.5394,77.0362333532641,76.9232545228267,77.5385493245387,77.0362474352858,76.9346843521222,62.0439320435563,59.8748079692052,61.8741819187704,60.055481202797,61.565530255178,2.45317453566966,3.73745084861655,2.12360629915078,4.02825016540385,2.24060543047509,62.6863126249386,14.5830872793159
73.6602438838788,-153918.9926,-266658.7044,-139213.8128,-286265.6108,-144115.5394,76.9487550646791,76.9257252749901,77.3315538574869,76.9322916214796,76.8529876890403,62.0222994369383,59.8576084627741,61.8211427640062,60.0200887319198,61.5319335667384,2.46399632446626,3.73314359987403,2.14468521141154,4.0445809946458,2.24763974179133,62.3137152628941,14.634045872189
73.6452492041266,-153918.9926,-266658.7044,-139213.8128,-286265.6108,-144115.5394,76.0692827927822,76.8486384610183,77.1558266509168,75.909443910663,76.7962730867602,61.8254827892042,59.7503779661398,61.7182706604003,59.7051824559064,61.4414806224821,2.58208706909839,3.72656218792037,2.15480671393429,4.2212830603661,2.24270111182131,61.9069639835237,14.9274401431404
73.6160577037715,-153918.9926,-266658.7044,-139213.8128,-286265.6108,-144115.5394,74.8829265398958,76.470820416514,77.013848493227,74.6828510895998,76.738646142272,61.5260964172816,59.5170684790186,61.5790853473762,59.2760191959226,61.3042728561646,2.75355241224435,3.75832625570666,2.15519661563733,4.43976898409458,2.23113757151501,61.5496400326797,15.3379818391979
73.6184660877065,-153918.9926,-266658.7044,-139213.8128,-286265.6108,-144115.5394,74.1398175326204,75.7934445810142,76.8950997095612,74.0148871750732,76.6253464709667,61.3077630791406,59.2142550351008,61.4515643734661,58.9980100750269,61.163409236465,2.86616082696628,3.84323557330537,2.15397242737247,4.55505987889428,2.22716012936471,61.2065191843705,15.6455888359031
73.652133670126,-153918.9926,-266658.7044,-139213.8128,-286265.6108,-144115.5394,73.821029005942,75.0569403022171,76.7747591243892,73.7685247746975,76.4051136609834,61.1944779364242,58.9118754547785,61.3431543275851,58.8641878485855,61.0171222666448,2.91280901661668,3.94657634648866,2.15563771449039,4.58945437987701,2.23786258056339,60.8893287388621,15.8423400380361
73.6447167316707,-153918.9926,-266658.7044,-139213.8128,-286265.6108,-144115.5394,73.7141805527521,74.459702483531,76.6191891278032,73.6990045880545,76.0681012207948,61.1407738298133,58.6589646871873,61.2414838556746,58.7996296875906,60.8528022550391,2.92512066256186,4.03257948209046,2.16319331827699,4.59098283261385,2.26326214219816,60.6274415224301,15.9751384377413
66.0261393594337,-153918.9926,-266658.7044,-139213.8128,-286265.6108,-144115.5394,73.6853841552576,74.0599108669284,76.4012959729709,73.684473085233,75.6476931108641,61.1119430373698,58.471649202544,61.134425682027,58.7611947554752,60.6692890079901,2.92511266082428,4.08754564243731,2.17889774794471,4.58362920487174,2.29905735583768,60.4199903064684,16.0742426119157
66.0194572849333,-153918.9926,-266658.7044,-139213.8128,-286265.6108,-144115.5394,72.906001228158,73.8026401192408,76.1156294118972,72.7459550353566,75.1989080108477,60.8436867185764,58.2149944444233,60.9188434941516,58.3520510545328,60.3590077834076,3.04906092233353,4.08770717327539,2.18894636505061,4.75220443847869,2.32051493633001,60.2474240497993,16.3984338354682
66.087712339508,-153918.9926,-266658.7044,-139213.8128,-286265.6108,-144115.5394,69.9290187874767,73.2090094855518,75.7854484110455,69.4964080358915,74.7682141109004,59.6603676991307,57.3925606180696,60.2888103681042,56.7379536242389,59.5535975814346,3.5816517172156,4.02857376983192,2.14659135761732,5.36136840542638,2.26336365854045,60.0314635215085,17.3815489086317
66.0464554380811,-153918.9926,-266658.7044,-139213.8128,-286265.6108,-144115.5394,67.5144351284229,71.7852272073997,75.4337026791363,67.2106673577528,74.3131832466643,58.4216377463127,56.1538300806565,59.4930263670798,55.3003751961462,58.5315752042852,4.04482034059435,4.07626589758977,2.08679661037607,5.74316510935033,2.18204697765581,59.5316491401279,18.1330949355663
66.0992258429572,-153918.9926,-266658.7044,-139213.8128,-286265.6108,-144115.5394,66.4986354336872,69.966930479561,75.0378758221264,66.3803372301638,73.7149077113162,57.7939520909226,54.9054383045906,58.8085972846268,54.655606894775,57.5994798946558,4.22516596593178,4.23050586882183,2.04968749647367,5.8340594988566,2.13684740629851,58.7462328657213,18.4762662363824
66.0803616590405,-135837.1002,-210769.2188,-126063.3456,-223800.8916,-129321.2638,66.2058334850379,68.4273983901609,74.5572020822238,66.1736347343395,72.8802712639499,58.381059267131,56.3076909547265,59.8991832746675,56.2189681203465,58.8653392207867,4.14811821464464,4.15546460285636,2.05502964768186,5.3720448538562,2.20487250371928,58.1492801848293,17.9355298227583
66.0473543050266,-135837.1002,-210769.2188,-126063.3456,-223800.8916,-129321.2638,66.1367842235022,67.3488873974698,73.9324938765441,66.1307334723282,71.8464121689124,58.2844738395996,55.5944285286261,59.4404882461379,56.1125063411209,58.0769754047674,4.13357176065292,4.28458815559893,2.07857104075401,5.33796198221263,2.24418317413896,57.9802840971746,18.0788761133574
66.0374589754793,-135837.1002,-210769.2188,-126063.3456,-223800.8916,-129321.2638,66.1280016372338,66.7052353108428,73.1317021123065,66.1287584538549,70.7201261965014,58.2361550541703,55.1110767700206,58.9334270333823,56.0518373075851,57.2140633476678,4.1128635886611,4.34382668372163,2.12157202606393,5.30687049936391,2.28794569145168,57.8659889203145,18.1730784892622
66.1219036410281,-135837.1002,-210769.2188,-126063.3456,-223800.8916,-129321.2638,66.1303294285025,66.3624876940917,72.1963246736056,66.1323950635349,69.6266617231094,58.2052664312265,54.8028052080052,58.3685858556503,56.0100003463567,56.3384845159912,4.09562529281313,4.35678188441076,2.1784229238328,5.28303005856928,2.32546103365566,57.7077295874179,18.2393211932816
66.0817581822339,-135837.1002,-210769.2188,-126063.3456,-223800.8916,-129321.2638,66.1320166811253,66.1944113334084,71.2171328131177,66.1341453890699,68.6625252996984,58.182336464276,54.6081693991359,57.768011034934,55.9783830806768,55.5259535860949,4.08294265598092,4.34679471830696,2.23974945893266,5.2656722293865,2.35229852789258,57.5229375123764,18.2874575904996
66.0873625650532,-135837.1002,-210769.2188,-126063.3456,-223800.8916,-129321.2638,66.1333335940556,66.1167427760279,70.2893707504809,66.1354326418076,67.8754891443399,58.1655414864572,54.4834919203448,57.1753791183748,55.9551540141725,54.8334865895946,4.07366156401449,4.32922971142832,2.29698661329471,5.25299134842816,2.36935533279906,57.3338210829883,18.3222245699647
66.0482205698244,-135837.1002,-210769.2188,-126063.3456,-223800.8916,-129321.2638,66.1335234116515,66.0825262741474,69.4781270198033,66.1355225646662,67.2704802907732,58.1529526556372,54.4017024606246,56.633457598914,55.9378430729644,54.2831222999167,4.06713873620134,4.31159788461304,2.34514896715193,5.24402787899657,2.37932444190883,57.1544704053669,18.3472379088717
66.0791339837852,-135837.1002,-210769.2188,-126063.3456,-223800.8916,-129321.2638,66.132596192975,66.0677978364872,68.8087819640247,66.1345405830812,66.8265114426043,58.14335141049,54.3466450259981,56.1685389904114,55.9248423362916,53.8686981081477,4.06272299103162,4.29676296002669,2.38307628173667,5.23785466160781,2.38474945624463,56.9888660469167,18.3651663506474
66.0573767334147,-135837.1002,-210769.2188,-126063.3456,-223800.8916,-129321.2638,66.1324831572496,66.0613931733556,68.2762025368975,66.1344503685306,66.5122228726461,58.1368379726125,54.3089938619965,55.7876009180432,55.915984907119,53.5694568598199,4.05947083809403,4.28533901126427,2.41201250108976,5.23336069955928,2.3875219773611,56.8342291394582,18.3777050273684
66.0968500629614,-135837.1002,-210769.2188,-126063.3456,-223800.8916,-129321.2638,66.133303017943,66.0586949865945,67.8594907410783,66.1353532455343,66.2959000649652,58.1327058864699,54.2829010115583,55.4832303195863,55.910271124399,53.3597687864669,4.05695824016642,4.27682543968484,2.43390670525136,5.22997418720173,2.38874649910418,56.6863166479068,18.3864110714085
66.0595292101887,-135837.1002,-210769.2188,-126063.3456,-223800.8916,-129321.2638,66.1340482609327,66.0579052621695,67.5335780944716,66.1360785554752,66.150310359626,58.1298073884607,54.2644597776344,55.2414950761291,55.9062093928468,53.2155899922669,4.05511140605605,4.2704242208915,2.45057433966699,5.22752683396153,2.38900706206562,56.5423666121275,18.3926438626417
66.1436939746275,-135837.1002,-210769.2188,-126063.3456,-223800.8916,-129321.2638,66.1340501538559,66.0579595710282,67.275626168803,66.1360235265628,66.0541398243833,58.1273563285881,54.2509292474516,55.0478710965367,55.9028651159308,53.1174604315817,4.05386907094522,4.26551079015661,2.46346635566227,5.22584654802119,2.38864529027898,56.4018952835261,18.3973380550643
66.054303027902,-130787.5183,-195161.4202,-122390.9224,-206356.8814,-125189.7877,66.1356813336295,66.0581971529177,67.0860692698665,66.1376638319477,65.9915130333375,58.3427054065863,54.9156541305832,55.5066160030047,56.4017255891404,53.7756061535991,4.01021356850649,4.1851804494167,2.52560652683002,5.06460621008684,2.448768483611,56.2999270137622,18.234375238451
66.0755950420194,-130787.5183,-195161.4202,-122390.9224,-206356.8814,-125189.7877,66.1379333165922,66.0591223884352,66.9356784653768,66.1398618926331,65.9520889252166,58.3425189191064,54.9090755854727,55.3953262653322,56.4011528729656,53.7336457069361,4.00895914035716,4.18236389837116,2.53416379682036,5.06316527025951,2.44826016141524,56.2704379301206,18.2369122672234
66.0549130978128,-130787.5183,-195161.4202,-122390.9224,-206356.8814,-125189.7877,66.1382834075978,66.0604726926931,66.7972243391253,66.1401129148113,65.9276994900695,58.3414586314289,54.9033226197186,55.2920944757607,56.3996773678654,53.7045082351136,4.00823395405697,4.17970116999838,2.54192200307392,5.06226780598169,2.44730914716742,56.2377199848071,18.2394340802784
66.064003127795,-130787.5183,-195161.4202,-122390.9224,-206356.8814,-125189.7877,66.138926764515,66.0615791528771,66.6678256918732,66.1407591397075,65.9129447787204,58.3407025219209,54.8981744146991,55.1953152247257,56.3986178227294,53.6841754389506,4.00751463788081,4.17735935474738,2.54914936287528,5.06138144389375,2.44619282077271,56.1922316238179,18.2415976201699
66.0630426912989,-130787.5183,-195161.4202,-122390.9224,-206356.8814,-125189.7877,66.1392728188257,66.0624563958519,66.5491530935031,66.1410821736741,65.9042437872176,58.3399034132159,54.8934852014266,55.1060749355241,56.3975315612603,53.6695322535298,4.00692622395789,4.17527741831181,2.55570593367986,5.06064937177226,2.44500474600185,56.1427012807332,18.2435636937237
66.0983572053226,-130787.5183,-195161.4202,-122390.9224,-206356.8814,-125189.7877,66.1393398473693,66.0630970256614,66.4424914555753,66.1411245712841,65.8992679836247,58.3390678306196,54.8892433112903,55.0254220824462,56.396434742056,53.6587073382329,4.0064625611217,4.17345299177148,2.56152798867455,5.06005774936493,2.44383640851385,56.0951260014322,18.2453376994465
66.0675673433619,-130787.5183,-195161.4202,-122390.9224,-206356.8814,-125189.7877,66.1384040826568,66.0634151022501,66.3480904846223,66.1401198255494,65.8965262988527,58.3377733489632,54.8852107209162,54.9534042615142,56.3948490638322,53.6501784105393,4.00627832140372,4.17182864286596,2.56655972576067,5.05975611054799,2.4426815274762,56.0524790725867,18.2471043280545
66.0737688229938,-130787.5183,-195161.4202,-122390.9224,-206356.8814,-125189.7877,66.137780975652,66.0632346246762,66.2654599310528,66.1395282916997,65.8950569477496,58.3367551918601,54.8815015527801,54.8901217651812,56.3936329384057,53.6435413439605,4.00607544030983,4.17051211239041,2.57092512956236,5.05943184264522,2.44165119918541,56.0154474349361,18.2485957240932
66.0992493743135,-130787.5183,-195161.4202,-122390.9224,-206356.8814,-125189.7877,66.1387044902241,66.0629290977405,66.193711624119,66.1405536665728,65.8942354396282,58.3367072636622,54.8785216900199,54.8354102788501,56.39351286126,53.6386841741405,4.00557663559233,4.16951488924377,2.57478137433734,5.05883726870894,2.44084718164164,55.9834813102372,18.249557349524
66.0331239282575,-130787.5183,-195161.4202,-122390.9224,-206356.8814,-125189.7877,66.1395465650047,66.0630886128675,66.1317930778828,66.141368150932,65.8937306605565,58.3367012827387,54.8762245400183,54.7881280872161,56.3933907155849,53.6347534700116,4.0051412877172,4.16859925267525,2.5781035293242,5.05835119260181,2.4401650562579,55.9557193456587,18.2503603185763
66.0586094710628,-130787.5183,-195161.4202,-122390.9224,-206356.8814,-125189.7877,66.1386449743954,66.0634272551449,66.0786359329417,66.1403680778699,65.8934442383418,58.3357812637068,54.8740597346361,54.7469745731614,56.3922683230656,53.630981360064,4.00513182856996,4.16766659316401,2.58083451484963,5.05828772025466,2.4394714228918,55.9311802578466,18.2513920797301
66.08537056416,-130787.5183,-195161.4202,-122390.9224,-206356.8814,-125189.7877,66.1383817871725,66.0633761866875,66.0332347206617,66.1401559021642,65.8933206100272,58.335282506903,54.8721305773066,54.7118607610839,56.3916859882501,53.6280161136652,4.00501091671271,4.16696718502622,2.58317964341848,5.05809565203302,2.43890624767637,55.9089142291978,18.2521596448668
66.0803158192818,-123521.2912,-172702.1728,-117106.3936,-181255.3696,-119244.6928,66.1408231940886,66.0633235732217,65.9978545597,66.1425195451286,65.8948945525372,58.6521090559914,55.8396619968534,55.531000056395,57.1299745480128,54.618984239412,3.94129649968096,4.03641558333688,2.67343086148909,4.80560391577871,2.52692285735898,55.9321088918078,17.9836697176446
66.0489054827637,-123521.2912,-172702.1728,-117106.3936,-181255.3696,-119244.6928,66.1417265559165,66.0640941907204,65.967597828106,66.1432675169916,65.8962889342261,58.6523600487179,55.8390230120892,55.5086157820891,57.1301201200964,54.6185506940594,3.94095318892784,4.03585913336787,2.67544314817027,4.80528273000288,2.52651328670533,56.0428901496586,17.9840514871742
66.0330140273114,-123521.2912,-172702.1728,-117106.3936,-181255.3696,-119244.6928,66.1428443289464,66.065110464369,65.9398716600523,66.1443795806298,65.8975336143506,58.65276636245,55.8386874165321,55.4882190448731,57.13050975451,54.61829103186,3.94057884999557,4.03532561801696,2.67731935629129,4.80489760388688,2.52617631896646,56.1420111748415,17.9842977471572
66.037883387214,-123521.2912,-172702.1728,-117106.3936,-181255.3696,-119244.6928,66.1435900423642,66.0661630470149,65.9153364082096,66.1451002441111,65.8986942069656,58.6529931548678,55.8384392220773,55.4701051710546,57.1307045634478,54.6180585723717,3.94030586118734,4.03481239931383,2.67896528248365,4.80461731030696,2.52586436001767,56.2130825668818,17.9845652133094
66.0600795932913,-123521.2912,-172702.1728,-117106.3936,-181255.3696,-119244.6928,66.1426360384051,66.0669948287112,65.8945387234262,66.1440455057598,65.8998006321203,58.652291657308,55.8379045242194,55.4542908621971,57.129883736655,54.6174522938084,3.94043869252254,4.03427339843643,2.68024401563945,4.80474198696039,2.52548092412725,56.2657704908543,17.9851790176861
92.3247004356806,-123521.2912,-172702.1728,-117106.3936,-181255.3696,-119244.6928,67.2735637719434,66.0838135060096,65.8776213173329,67.3779120789823,65.9010947878023,59.2627584550301,56.0509976951281,55.745285132033,57.8287623512261,54.9664938457753,3.68442892467722,4.11319690139805,2.76169398055004,4.53555790453065,2.6057974734361,56.307474899848,17.7006751845921
92.374064451402,-123521.2912,-172702.1728,-117106.3936,-181255.3696,-119244.6928,76.6829712035307,67.4103276280165,65.8689287872541,77.2440099224489,65.9450391085024,62.362664923649,57.8043973531967,57.3277745875386,61.4572910860317,56.7934128384057,2.06107622579687,4.29598651301782,3.27618623871509,2.7434910305339,3.11347455269988,56.420797044467,15.4902145607635
92.3279899811275,-123521.2912,-172702.1728,-117106.3936,-181255.3696,-119244.6928,85.0754810251232,72.3263551513804,65.9147330171749,85.6470389723709,66.5483191854535,63.4333524596365,60.2394510068145,58.2342928268909,62.8022013281625,58.1385697458564,1.36378650234352,3.41418666120293,3.64333438690796,1.89586471148554,3.38813370272432,56.7139887803373,13.7053059646643
92.3199701909708,-123521.2912,-172702.1728,-117106.3936,-181255.3696,-119244.6928,89.2996829138143,78.3464350379196,66.3136247925694,89.7226183672578,68.5940608383386,63.7533580693183,61.896427797008,58.9690272236447,63.2192272052295,59.8122108154503,1.15536160286292,2.50862788698254,3.80993125753369,1.63415772964642,3.24457323155181,56.9856807240232,12.3526517085774
92.3326031884902,-123521.2912,-172702.1728,-117106.3936,-181255.3696,-119244.6928,91.1113435217277,83.1546462711053,67.6182733001639,91.3779523308129,71.7047077444138,63.8837442680047,62.7115134990954,59.9951095047221,63.3911012967332,61.3819627952305,1.08401929030001,2.01862147870587,3.67070846209336,1.54753821630492,2.76024988004959,57.225779913988,11.0811373274537
92.3623145015431,-123521.2912,-172702.1728,-117106.3936,-181255.3696,-119244.6928,91.8533977953185,86.3608829343791,69.7998338765733,92.0087239395417,74.8589417132655,63.9498302562289,63.1142385385204,61.1325713814301,63.4792043319009,62.3666808512942,1.05775875354456,1.77517865386915,3.22851787026549,1.51810202642429,2.28088060460734,57.49537905502,9.86043790871085
92.3476371592395,-123521.2912,-172702.1728,-117106.3936,-181255.3696,-119244.6928,92.1592053579545,88.3671171701965,72.2397398790962,92.2488161487705,77.6104242060763,63.9853389105199,63.3221648165782,61.9944705158147,63.5269889118484,62.9165560885518,1.04761065985252,1.64771512929844,2.73125194269069,1.50793754074236,1.93913238364944,57.8085122192545,8.87364765623345
92.3209060865609,-124664.6873,-176236.3062,-117937.9544,-185205.2834,-120180.1987,92.2866901465598,89.6370264404524,74.5378389465649,92.3392969115103,79.9280761806374,63.9938225192969,63.4022180320388,62.5331227398112,63.5200554909808,63.221348176381,1.05286095913482,1.6051736521278,2.3475034042563,1.53559031478372,1.71888195880796,58.1601763215205,8.26001028911061
92.3867970369588,-124664.6873,-176236.3062,-117937.9544,-185205.2834,-120180.1987,92.3343489782409,90.450356711205,76.5717425390585,92.3661132295547,81.8517075265287,64.0050315760026,63.4712322149123,62.8985386313456,63.5355091013153,63.4273991843507,1.05150630083169,1.56088916938698,2.06104672706508,1.53498510846091,1.55864159586864,58.5340543953753,7.7670689016133
92.3343845503352,-124664.6873,-176236.3062,-117937.9544,-185205.2834,-120180.1987,92.3459880366805,90.9821481537426,78.3471130911793,92.3660996909581,83.449495916428,64.0116838599519,63.5141608931412,63.1458799605107,63.5447612937771,63.5664399391646,1.05132123806238,1.53310917273537,1.85387013805015,1.5354785886386,1.44428972035619,58.9167929590532,7.41806885784269
92.3806236388507,-124664.6873,-176236.3062,-117937.9544,-185205.2834,-120180.1987,92.341249652821,91.3341979141318,79.896392487019,92.3549782410524,84.779956321364,64.0158292585093,63.5420409543009,63.3217109066697,63.5505978350567,63.6651819301641,1.05165096694192,1.51522687809628,1.70025059159484,1.53638257032486,1.36003789693328,59.2967004875099,7.16354890389119
92.3705492020988,-124664.6873,-176236.3062,-117937.9544,-185205.2834,-120180.1987,92.3296408075585,91.5682008004162,81.2529034043325,92.3400639688205,85.890276440481,64.018531132438,63.5606901862909,63.4519786665909,63.5544620129969,63.7379759330007,1.05218255619603,1.50357608735736,1.58312630257546,1.53738483818039,1.29633910245716,59.6648394036133,6.97260888676641
92.3459825667306,-124664.6873,-176236.3062,-117937.9544,-185205.2834,-120180.1987,92.3161213546093,91.7231572993042,82.4449877869019,92.3250763783767,86.8181947671538,64.0203762826386,63.5734142649408,63.5517097095192,63.5571508392424,63.7931342347587,1.05275389182886,1.49597895705121,1.49159463207293,1.53832948241532,1.24720164434855,60.0150606746817,6.82585860771686
92.2975430352997,-124664.6873,-176236.3062,-117937.9544,-185205.2834,-120180.1987,92.3029781511915,91.8245956542331,83.4956508179694,92.3115092024569,87.5941017382534,64.0216917714984,63.5822103819368,63.6300448017913,63.5591050435765,63.8357863455643,1.05329210796095,1.49107176393896,1.41858809338789,1.53915991721028,1.20870915646086,60.3435932088478,6.71082103895894
92.3392276961134,-124664.6873,-176236.3062,-117937.9544,-185205.2834,-120180.1987,92.2910411085005,91.8896408785703,84.4234668654375,92.2996889999856,88.242738845317,64.0226620586002,63.5883431808437,63.6928139856624,63.560571585787,63.8692681279618,1.0537730406873,1.4879679255552,1.35939337395295,1.53987150568914,1.17820287845917,60.6485054391425,6.61920872434376
92.4280146080059,-124664.6873,-176236.3062,-117937.9544,-185205.2834,-120180.1987,92.2805728771842,91.929955272099,85.2435899856533,92.2895979637438,88.7844711564158,64.0233985993529,63.5926415638161,63.7438971910378,63.5617013934052,63.8958456671895,1.05419089162374,1.48607675587462,1.31076813197735,1.54047296489056,1.15381596181995,60.9291927497127,6.54532470618622
92.3633750068009,-124664.6873,-176236.3062,-117937.9544,-185205.2834,-120180.1987,92.2716117128335,91.9535555916756,85.9685927768997,92.2811242855097,89.2362231546405,64.0239726006566,63.595662723588,63.7859746563224,63.5625925979751,63.9171152533372,1.05454674029283,1.48499831851739,1.2704141598301,1.54097530076678,1.13419846659566,61.1859535147364,6.48513298600276
92.3573142085629,-124664.6873,-176236.3062,-117937.9544,-185205.2834,-120180.1987,92.2639838455386,91.96598203855,86.6091031864474,92.2739955700227,89.6121698341678,64.0244272197397,63.5977880157746,63.8209591357746,63.5633047290179,63.9342359448094,1.05484856371649,1.48445908089875,1.23665675009866,1.54139613880605,1.11834906503631,61.4196665902163,6.43570959855625
92.3324094583879,-124664.6873,-176236.3062,-117937.9544,-185205.2834,-120180.1987,92.257571937958,91.9710625395765,87.1742704013712,92.2680663140928,89.9242540492516,64.0247940900471,63.5992819547712,63.8502556762569,63.5638835436854,63.948071474207,1.0551018361418,1.48427142596611,1.20824448512034,1.5417456180081,1.10550860482543,61.6315588163602,6.39487197006178
92.3443486370733,-137789.191,-216802.954,-127483.048,-230544.478,-130918.429,92.2550999972925,91.9798828362491,87.7144991140371,92.2668936160327,90.2084430547833,63.9082801864024,63.2594570569872,63.7625437072667,63.2017131873933,63.844328316696,1.16148965185536,1.80376044488487,1.27179174503094,1.89533611861472,1.18656662832601,61.8512479979022,7.31894458871189
73.4671810125762,-137789.191,-216802.954,-127483.048,-230544.478,-130918.429,92.2096364287983,91.9843825231991,88.1884831421929,92.2099918439845,90.4403314653535,63.9070888465669,63.2610289908444,63.7872837895816,63.1992168058989,63.8553574849137,1.1633065107548,1.80357658873397,1.24837712784064,1.89889053939902,1.17670902204339,62.0389270496086,7.29085978877181
73.4412973774954,-137789.191,-216802.954,-127483.048,-230544.478,-130918.429,91.3283290206039,91.9680115527491,88.6022719374674,91.1183681288741,90.6288744766672,63.8712999302102,63.2580679763175,63.8058930018431,63.1299451475161,63.8620478985373,1.1991296569255,1.8044190105414,1.22848175706478,1.9682525984814,1.16871451467213,62.1971969040948,7.36899753768519
73.4503366733063,-137789.191,-216802.954,-127483.048,-230544.478,-130918.429,88.8608803737118,91.8087369705782,88.9613414507688,88.1953720658894,90.7798308221708,63.756777764285,63.2391917620692,63.8160505255952,62.915064186788,63.8618583736015,1.31152020789597,1.8132864070043,1.21143554291446,2.17909870892016,1.16215211949349,62.3339797786798,7.67749298622839
73.4613967468257,-137789.191,-216802.954,-127483.048,-230544.478,-130918.429,85.2757062744321,91.2779415548283,89.2704980899867,84.1588158221577,90.8896476015653,63.5444214102576,63.1868512105143,63.8161968854217,62.5299935700935,63.8526322703113,1.51507552724761,1.84417077962835,1.19672895039903,2.54698501926967,1.15703521081376,62.4535103567698,8.25999548735842
73.4291759294116,-137789.191,-216802.954,-127483.048,-230544.478,-130918.429,81.4672564216788,90.1738686536965,89.5335330263766,80.1515345740874,90.9384570093725,63.2301268651939,63.0814963000242,63.8050887121578,61.9963306573003,63.8318730471585,1.8053574588798,1.91215325496817,1.18397749944193,3.03429730191668,1.15406569773527,62.5478756420038,9.08985121294185
73.4117628890931,-137789.191,-216802.954,-127483.048,-230544.478,-130918.429,78.2062264656838,88.4294202997787,89.7521145690836,77.0356975848719,90.8897770472663,62.8450168670104,62.9077271532146,63.7839860399495,61.4173357633134,63.7988651254053,2.14335581204495,2.02983272635492,1.17304946059182,3.52714880663182,1.15473332251797,62.5901581299219,10.0281201281415
73.3943083651089,-137789.191,-216802.954,-127483.048,-230544.478,-130918.429,75.9080939861057,86.153538037135,89.9238673054963,75.09833829146,90.6975065625935,62.4723515732589,62.6603419845168,63.7580680895938,60.9431712246555,63.7563779840671,2.45051868826216,2.20509665287158,1.16418760659014,3.89174398298996,1.16115323982776,62.5437664425199,10.8727001705416
73.4630919774043,-137789.191,-216802.954,-127483.048,-230544.478,-130918.429,74.5648703152356,83.5975975101571,90.0382566619535,74.1129717254806,90.3153955488169,62.1941370082329,62.3440934530649,63.7318131933577,60.6423803971926,63.7065490299023,2.6614863530135,2.43746950346275,1.1579634168353,4.08952249518323,1.17565331933255,62.4001627749248,11.5220950878273
73.4328488553888,-137789.191,-216802.954,-127483.048,-230544.478,-130918.429,73.9004050621849,81.0611432723854,90.0686874240002,73.6887224321751,89.7053932419875,62.0246354325938,61.971705162798,63.7043333794747,60.4768529340264,63.6466554512196,2.77241298040325,2.7137921862072,1.1554198943101,4.16960569192521,1.20047175671936,62.2015345390093,12.0117025095651
73.4388988853073,-137789.191,-216802.954,-127483.048,-230544.478,-130918.429,73.6143859724903,78.9765996361137,89.9633459915576,73.5294252178013,88.8442303925231,61.9313016831759,61.6021006434369,63.6728750020725,60.3861383990121,63.5730152854793,2.81813749332191,2.98165535608936,1.15866692444815,4.19136301444031,1.23788185890804,62.0090039725195,12.3877046472078
73.4616201056796,-137789.191,-216802.954,-127483.048,-230544.478,-130918.429,73.5061657256215,77.472749615443,89.6571461386697,73.4779577070743,87.7283551587854,61.8793500605016,61.2856552755883,63.6336837007956,60.3310282263257,63.4816919995485,2.83177602721697,3.2003747487487,1.17055519558174,4.19020170003354,1.2901890263467,61.8588945652241,12.6830966979277
73.4334640958266,-126714.9839,-182573.5866,-119429.0792,-192288.1262,-121857.7141,73.4733715489608,76.2337925122723,89.1326942625703,73.4667320773975,86.4625549992313,62.1527090648374,61.6718984499602,63.747722573123,61.0353784299411,63.5703709926349,2.67461125572232,2.99588140688094,1.12418539338259,3.69605634779249,1.27195086973082,61.7769278688801,11.7626852735092
73.4183575275514,-126714.9839,-182573.5866,-119429.0792,-192288.1262,-121857.7141,73.4664818743064,75.4162523443953,88.3569926629814,73.4679002008261,85.0236758470806,62.1319518275033,61.4768227299588,63.6920891969705,61.0095794313029,63.4560980010005,2.67133892426446,3.12966232313189,1.15700490877788,3.68805591141423,1.35006970022461,61.7837599295902,11.9961317678131
73.4050346885557,-126714.9839,-182573.5866,-119429.0792,-192288.1262,-121857.7141,73.4636537104425,74.7586362595016,87.3227088962213,73.4672692201834,83.4619661548348,62.1105473923533,61.2987253881972,63.6166465225832,60.9812682589673,63.3142618627414,2.66696800452108,3.24115873332103,1.20380238332797,3.67987986730536,1.44521345633681,61.8230498061504,12.2370224448123
73.4412073672575,-126714.9839,-182573.5866,-119429.0792,-192288.1262,-121857.7141,73.4620986326225,74.201649779736,86.0440879795051,73.4662407024224,81.8412054438203,62.0870376952712,61.1278912362417,63.5163994664668,60.9496035381388,63.1410930374801,2.66182058004172,3.33689103444242,1.26677063952615,3.67087285165098,1.55708868078013,61.8449667743142,12.4934437864414
73.4665087175642,-126714.9839,-182573.5866,-119429.0792,-192288.1262,-121857.7141,73.4615848989316,73.701588900305,84.559117367318,73.4658431337032,80.2349768810044,62.0606687987668,60.9551138207192,63.3859104821859,60.9139102528906,62.9346718549634,2.65578406474128,3.42257034967417,1.347807846942,3.66055045040683,1.68307629914034,61.8411671485897,12.7697890109046
73.4290019828686,-126714.9839,-182573.5866,-119429.0792,-192288.1262,-121857.7141,73.4620299216824,73.5095606872599,82.9449739220548,73.4662938313113,78.719852274279,62.0364338575582,60.8556485154195,63.227926728763,60.8808960971734,62.704852567979,2.65004741392378,3.44760632741977,1.44734726782094,3.65081696510102,1.81815384896783,61.8180082742812,13.0139718232333
73.4696710954409,-126714.9839,-182573.5866,-119429.0792,-192288.1262,-121857.7141,73.4627774210539,73.4311998734466,81.392918015263,73.4669927154437,77.3650469682561,62.0126172191028,60.7830988942399,63.0509324977833,60.8483624337101,62.4592512394435,2.6443622419458,3.44919033631774,1.55585197455922,3.64120213798848,1.95345044887098,61.7819065435847,13.2440571396822
73.4496783279699,-126714.9839,-182573.5866,-119429.0792,-192288.1262,-121857.7141,73.4640941879084,73.3900823796397,80.0914812168526,73.4682905138114,76.2207813176782,61.9903748371146,60.7217853608532,62.8765710019628,60.8179174512413,62.2142424508043,2.63893253587165,3.4436915716103,1.65771497082943,3.63206549981377,2.07886713726922,61.7378706964221,13.4512717153944
73.4437087656144,-126714.9839,-182573.5866,-119429.0792,-192288.1262,-121857.7141,73.4658143962957,73.370246027031,79.1307366691242,73.4699981525154,75.308484365971,61.9716843167308,60.6728028576144,62.7280739570282,60.7922566456619,61.9900363518869,2.63424644515733,3.43578680275799,1.73980376757139,3.62422467246995,2.18627075215045,61.690528167663,13.6203324401071
73.4447085662985,-126714.9839,-182573.5866,-119429.0792,-192288.1262,-121857.7141,73.4674982301911,73.3619600555184,78.4889913059988,73.4716306751068,74.61982747299,61.957403802651,60.6364304021671,62.6167953532063,60.7725772168865,61.8020065402197,2.63059278035315,3.42820368649741,1.79794997929612,3.61814238450916,2.27166017609008,61.6432895281802,13.7465490067459
73.4167807088515,-126714.9839,-182573.5866,-119429.0792,-192288.1262,-121857.7141,73.4689353365381,73.3594982895672,78.0724558561252,73.4730210666406,74.1247356834219,61.9471266130614,60.6107636868587,62.5383329668613,60.7583747761539,61.6558908500152,2.62791824000473,3.42196375011072,1.83707922153946,3.61370521134452,2.33523904950806,61.5975009745686,13.8359054725075
73.4587308629337,-126714.9839,-182573.5866,-119429.0792,-192288.1262,-121857.7141,73.4703869918253,73.3597173015302,77.7740838973145,73.4744514934786,73.7832653513337,61.9398191831667,60.5926304001727,62.4797085566487,60.7482588279448,61.5486857260031,2.62592196713273,3.41704478142244,1.8658764250953,3.61042652487671,2.37995372533622,61.5528480435689,13.8992234238634
73.3846815864704,-127352.3195,-184543.533,-119892.596,-194489.831,-122379.1705,73.4718585329543,73.3612757609487,77.5066699267944,73.4759251615463,73.555459687782,61.9138344305184,60.5262571259918,62.4053094299476,60.6922693272191,61.4415994792389,2.6328602102332,3.43563378519881,1.89705894996667,3.63535114677138,2.41395675235942,61.5068619898121,14.0148608445295
73.4260739559638,-127352.3195,-184543.533,-119892.596,-194489.831,-122379.1705,73.4730241995098,73.363205047873,77.2256010967541,73.4770497808633,73.4080034990675,61.9090347110668,60.5143424691014,62.3499275417696,60.6856283606808,61.3876060817181,2.63150202606393,3.43193207846806,1.92584026406097,3.63314414955684,2.43272610981601,61.4555205495603,14.0551446279658
73.3956327906997,-127352.3195,-184543.533,-119892.596,-194489.831,-122379.1705,73.4731398958479,73.3650677651062,76.9165467727416,73.4770379919459,73.3147915079675,61.9043351780439,60.5031163577045,62.2885396024603,60.6791743533586,61.3491208039313,2.63040672831033,3.42843960913562,1.9584466122917,3.63131528899319,2.44385253203457,61.4030352266357,14.0924607707654
79.1543284303837,-127352.3195,-184543.533,-119892.596,-194489.831,-122379.1705,73.473196890897,73.3665378483465,76.579589561087,73.4770646969607,73.2570642740605,61.8996981269066,60.4918661379118,62.2200794729438,60.6728594002777,61.3207003749184,2.62933987282233,3.42505227688056,1.99506605109539,3.62951677362523,2.44985281067481,61.3523368846747,14.1288277850983
79.1721654165849,-127352.3195,-184543.533,-119892.596,-194489.831,-122379.1705,73.8933650015087,73.37787550413,76.2227873871997,73.9606003776879,73.2220356269161,62.0004587133668,60.5132898014213,62.1690301017175,60.8120616996878,61.3298581938233,2.55872374934639,3.42773756380114,2.03847060293337,3.53446714006406,2.45895546144283,61.3046796090947,14.0183545175878
79.1601981299542,-127352.3195,-184543.533,-119892.596,-194489.831,-122379.1705,75.6562198267544,73.6076302730358,75.8559589990622,75.8640161960768,73.208307162502,62.3842933674212,60.6750931888864,62.1815008984014,61.3195495162917,61.4310884208586,2.29285943238635,3.40972721508452,2.09501326314582,3.19524111267988,2.48295758863271,61.2730557050949,13.4757986119293
79.1471029316951,-127352.3195,-184543.533,-119892.596,-194489.831,-122379.1705,77.3608778578824,74.3486935867587,75.50437470259,77.5757126450873,73.2622307847393,62.6912642375279,60.9528144528753,62.1931246158484,61.7100520430741,61.5442864804675,2.07440104121054,3.29179020019498,2.15217736129461,2.9291612283295,2.49551746349319,61.293291621336,12.9430472945228
79.1097967704254,-127352.3195,-184543.533,-119892.596,-194489.831,-122379.1705,78.3702857851493,75.436138278745,75.2053047428901,78.5196951468515,73.4756359732243,62.8539006805094,61.2654575286505,62.1947003718847,61.9104702718259,61.6733271270375,1.9611953146948,3.11180700726883,2.20190932490884,2.79802809865806,2.4776791582605,61.3633519264916,12.550618903791
79.1929932737875,-127352.3195,-184543.533,-119892.596,-194489.831,-122379.1705,78.8535259319092,76.520907918894,74.9811363806073,78.9394457530827,73.895894893287,62.9327248835455,61.5334689959496,62.1955289244036,62.0051441563334,61.8326014256257,1.91137755416819,2.94222541173506,2.24065780099606,2.74431618167077,2.4240755417202,61.4503119341427,12.2626524902903
79.1456229480095,-127352.3195,-184543.533,-119892.596,-194489.831,-122379.1705,79.0581740478156,77.3975673140772,74.8481278256912,79.1029907123125,74.4816324751465,62.9714011896273,61.7305608637629,62.2038133163145,62.0512402719533,62.0098329120648,1.89165732844487,2.81460429570639,2.26569586401632,2.72541391335734,2.34467644381588,61.533808728446,12.0420478453408
79.1177829009152,-127352.3195,-184543.533,-119892.596,-194489.831,-122379.1705,79.1375246378494,78.0224222245054,74.8277084084096,79.1604254446792,75.1442337623865,62.9920661356095,61.8651605475171,62.2275047878074,62.0765110693209,62.1829432444922,1.8847815169819,2.72920155268127,2.27362762934836,2.72028276870111,2.25612832357851,61.6099962837221,11.8640217912911
79.1568720535229,-127352.3195,-184543.533,-119892.596,-194489.831,-122379.1705,79.1653948509161,78.4330707385774,74.9339870686281,79.1779450784191,75.8015028427523,63.0047748033413,61.9545025419034,62.271378440173,62.0928955718709,62.336510315305,1.88301325559513,2.67598635570864,2.26242253297149,2.72010203303422,2.17173047723143,61.6805294523122,11.7132546545409
79.2018241634349,-124193.7003,-174780.5282,-117595.4184,-183578.2374,-119794.8457,79.1746761799342,78.6815018410542,75.1553710140112,79.1829033910271,76.3914086663747,63.0776264152684,62.1878128975536,62.4180632288153,62.2742032256763,62.5516301230517,1.8435622976901,2.53209377331784,2.20605987778459,2.59427201201756,2.06829998744061,61.7464359085399,11.2442879482507
79.1340982775574,-124193.7003,-174780.5282,-117595.4184,-183578.2374,-119794.8457,79.178022850832,78.8317465618965,75.4628756056575,79.1844849128489,76.9001506804413,63.0844460073776,62.224486460216,62.4883926183759,62.2835220494025,62.649449003981,1.84396013010924,2.51477768260241,2.1657328221447,2.59545967605431,2.00865995494236,61.8176167219957,11.128590265853
79.1381972770691,-124193.7003,-174780.5282,-117595.4184,-183578.2374,-119794.8457,79.1771593734748,78.9200786583772,75.8189386699966,79.1827318555329,77.3222745268367,63.0898814927463,62.2497257187437,62.5622954023759,62.2910617330792,62.7264956400134,1.84468213144556,2.50525992005766,2.11963640332288,2.5968875357243,1.9611706925197,61.8885769039107,11.0276366830701
79.1431956477984,-124193.7003,-174780.5282,-117595.4184,-183578.2374,-119794.8457,79.1751434592081,78.9703930983865,76.1895670093142,79.180417443656,77.6626917191961,63.0943327018365,62.2674119988518,62.6335795035101,62.2973064714245,62.7862529586491,1.84542399621086,2.50036606184284,2.07283044808672,2.59820406740883,1.92417111703172,61.9531526349318,10.940995690581
79.177603617491,-124193.7003,-174780.5282,-117595.4184,-183578.2374,-119794.8457,79.1731905206097,78.9979716104713,76.5489392614799,79.178422796282,77.9311456282831,63.0979996135425,62.2800070995067,62.6983889920711,62.302477520751,62.8320692944463,1.84606915225702,2.49812511837123,2.02874709736087,2.59930729108068,1.89579899819355,62.0096943445047,10.8680476572634
90.4975487250676,-124193.7003,-174780.5282,-117595.4184,-183578.2374,-119794.8457,79.2709261958921,79.0129574467309,76.880375822082,79.2944913769766,78.1389548497126,63.112799282122,62.2911323829771,62.7566745374916,62.3247469640455,62.8685738209248,1.83659369731087,2.49754837846056,1.98951132495075,2.58493979232477,1.87453173128895,62.0587280338152,10.7831249243359
90.4398378554457,-124193.7003,-174780.5282,-117595.4184,-183578.2374,-119794.8457,80.7960842587828,79.0927706793302,77.1753267341007,81.0139377385648,78.2981932177885,63.2808954036115,62.3345142109558,62.8279825035526,62.5702677720778,62.9180233635848,1.69429597908203,2.49211886401752,1.95849930163978,2.3783643753262,1.86115069330733,62.1012876540719,10.3844292133729
90.4495311883363,-124193.7003,-174780.5282,-117595.4184,-183578.2374,-119794.8457,83.5573747300564,79.5550929510837,77.4313515083822,83.9503052135586,78.4332608138201,63.523766648528,62.4406978666656,62.9019204719758,62.9084350876236,62.9734257494199,1.48130650901279,2.44025960992937,1.9339548524306,2.08468958966247,1.85156010190891,62.1442344300283,9.79177066294416
90.4567817313924,-124193.7003,-174780.5282,-117595.4184,-183578.2374,-119794.8457,86.0992491874538,80.6000451395689,77.651661051838,86.5122654556971,78.605504694962,63.6990932740327,62.6072318301348,62.9632318183927,63.1438891136994,63.0263042555456,1.32480837030241,2.32112490440733,1.91302032431981,1.87714229506527,1.83737374062619,62.1979811299752,9.273469634721
90.4475500873591,-124193.7003,-174780.5282,-117595.4184,-183578.2374,-119794.8457,87.8927125859327,82.064682736774,77.8509628476907,88.2374181302087,78.9000238772197,63.8035025041794,62.7968919468625,63.0137248608782,63.2804931004608,63.0858572632606,1.23191727538869,2.16753272485948,1.89383385781701,1.75765914856416,1.81007412442897,62.2624925769479,8.86101713105829
90.4571554494224,-124193.7003,-174780.5282,-117595.4184,-183578.2374,-119794.8457,89.007636834911,83.649866633304,78.0582364948062,89.2628607847536,79.3755718462254,63.8630208010554,62.970691732959,63.058927469553,63.3565687911583,63.1587067822317,1.18020947348022,2.01959542748403,1.87337054050992,1.69324763302332,1.76512622349503,62.3312439708967,8.53154929799253
90.4922096633113,-124193.7003,-174780.5282,-117595.4184,-183578.2374,-119794.8457,89.6548387835791,85.1260238489964,78.3102013369187,89.83091655555,80.0342792176431,63.8969754495832,63.1115894453941,63.1046491648121,63.399019945818,63.2433014467043,1.15211085893962,1.89709925348095,1.84796075393169,1.6595769969233,1.70477349073015,62.3990186945697,8.26152135400572
90.4767091699506,-124958.3026,-177143.8444,-118151.4928,-186219.5908,-120420.4294,90.0170727248406,86.3878905797589,78.6414071871861,90.1335593283972,80.8357402399653,63.9089540094259,63.1939700217923,63.1440816643771,63.3997069117503,63.3218346567806,1.14365248008491,1.8249729762587,1.8217425211996,1.66444082472338,1.64294000651424,62.4642683555945,8.09774880878082
90.4516053955994,-124958.3026,-177143.8444,-118151.4928,-186219.5908,-120420.4294,90.2114542063445,87.3940300742385,79.0688607333767,90.2867782430232,81.7136378717353,63.9209936871405,63.274790836523,63.2020611014395,63.4145025876844,63.4101734606962,1.13572049061008,1.75495909363472,1.77932144633292,1.65586703318728,1.57206829847867,62.5254965981182,7.89793636224368
90.460081600876,-124958.3026,-177143.8444,-118151.4928,-186219.5908,-120420.4294,90.3131219375051,88.163703380916,79.5916877152949,90.3618583215294,82.6089976917616,63.9285688429268,63.3336017713918,63.265610619644,63.4238790027127,63.4911280770742,1.13167028496575,1.70471627129967,1.72926641864834,1.65182825473901,1.50509950809693,62.5829399383613,7.7225807377497
90.4634574942606,-124958.3026,-177143.8444,-118151.4928,-186219.5908,-120420.4294,90.3647109256652,88.7357455433886,80.1935241659129,90.397065299956,83.4776349441531,63.9336067553319,63.3761796662027,63.3320157266687,63.4302513556357,63.5624104049958,1.12967716092425,1.66912471754336,1.67435416418998,1.65006201534492,1.44483915289789,62.6370735426233,7.56805721090039
90.4507634820396,-124958.3026,-177143.8444,-118151.4928,-186219.5908,-120420.4294,90.3896235561309,89.1522013094822,80.8495089698799,90.4122303183769,84.2911378840312,63.937144374464,63.406975775938,63.398163425423,63.4348628579022,63.6236200652389,1.1287643216417,1.64412147707269,1.61776275633602,1.64941651291922,1.39224731316131,62.6881395443025,7.43231238113094
90.4792002605773,-124958.3026,-177143.8444,-118151.4928,-186219.5908,-120420.4294,90.4003295125008,89.4507294433041,81.5331426491276,90.4172807566982,85.0339087324215,63.9397409613245,63.4292743968122,63.4614649718926,63.4383548318509,63.6753861126498,1.12841838954138,1.62666838407588,1.56223109851816,1.64932123274097,1.34720442350683,62.7361796904065,7.31384352838323
77.6960230969367,-124958.3026,-177143.8444,-118151.4928,-186219.5908,-120420.4294,90.4016594107815,89.6620615758825,82.2207957271941,90.4149865137647,85.6994784269489,63.9416356815241,63.4454485312708,63.5202066407587,63.4409490043228,63.7187692124226,1.12844247702696,1.61455936965434,1.50969238130853,1.64962013376089,1.3090704158859,62.7811694691343,7.21138477763662
77.6580512387605,-124958.3026,-177143.8444,-118151.4928,-186219.5908,-120420.4294,90.0949788368114,89.8060525612896,82.8936873273624,90.0488018381353,86.2873476254036,63.9304834754485,63.4561061114898,63.5726808900861,63.4218741263364,63.7541888042112,1.14118825174544,1.60638953526609,1.46121460915744,1.67112465418529,1.27697569529688,62.823191654375,7.15689274565112
77.6820532110543,-124958.3026,-177143.8444,-118151.4928,-186219.5908,-120420.4294,88.8154776087551,89.8482008033206,83.5380304371039,88.5782182337205,86.8000463807075,63.8755862296455,63.4573850521893,63.6166959069191,63.332184772833,63.78096086495,1.19722312600951,1.60390185096744,1.41718100396315,1.76253095098419,1.2500190823493,62.8627551234347,7.23085601427359
77.6864228395193,-124958.3026,-177143.8444,-118151.4928,-186219.5908,-120420.4294,86.686756311862,89.6717006805891,84.1443836257848,86.2216763367921,87.2381302758628,63.7698131768436,63.4420079861161,63.6518804655348,63.1644257382725,63.799324695499,1.30290565121705,1.61375425647664,1.37768122561698,1.92984480843755,1.22763491741376,62.8997629336207,7.45182085916199
77.6509855191328,-124958.3026,-177143.8444,-118151.4928,-186219.5908,-120420.4294,84.267810200495,89.1577943673414,84.7066012182111,83.6570321103595,87.59410315372,63.6236213988303,63.4026192409935,63.6789590422622,62.9412177624213,63.8097493033001,1.44634478041722,1.64348632941259,1.3426201869682,2.14796843691667,1.20979936364422,62.9316517328914,7.79021909735892
77.6754350656574,-124958.3026,-177143.8444,-118151.4928,-186219.5908,-120420.4294,82.0596312761966,88.2622434231878,85.2201599647857,81.4379555931064,87.8506740297955,63.4582889608723,63.3349148943973,63.6993523073754,62.702811923526,63.8127259663227,1.60518602437831,1.69806717085194,1.31185303633582,2.37505066142858,1.19703628932668,62.9524616118961,8.18719318232135
77.6590246159712,-128967.7047,-189536.5418,-121067.4216,-200070.2526,-123700.8493,80.2854648988366,86.9733806597267,85.692577347835,79.7549132961137,87.9878232146509,63.232089696164,63.0990963780984,63.6699473298938,62.2999561529347,63.7630680871608,1.80707076904427,1.89699911897915,1.31359851328436,2.73885014893937,1.22016292116579,62.9531520538912,8.97668147141292
72.8634992517332,-128967.7047,-189536.5418,-121067.4216,-200070.2526,-123700.8493,79.0707071546725,85.4545368380024,86.1025962735494,78.6870535874463,87.9704770628211,63.0950491818061,62.9604593474691,63.6809101438623,62.1274505848663,63.7499551593971,1.92897568880317,2.01339647147418,1.29021938327271,2.88693587424035,1.22037617928891,62.9187845655107,9.33990359707933
72.841751590561,-128967.7047,-189536.5418,-121067.4216,-200070.2526,-123700.8493,77.8998640529872,83.8586937521119,86.4375830156219,77.5683088403247,87.7797809826582,62.9420040011409,62.7924804993061,63.6836407710496,61.9241626246614,63.7242404905309,2.06023159298714,2.14986413101437,1.27137942688063,3.05587222928542,1.22874595108589,62.852903238666,9.76609333125345
72.8395822316347,-128967.7047,-189536.5418,-121067.4216,-200070.2526,-123700.8493,76.4300873619529,82.2566928989779,86.6802072548443,76.0766548136169,87.4068981628303,62.7168079213553,62.5882458290156,63.6727309873654,61.6147515590388,63.6797920757297,2.24721270909588,2.30264728513687,1.25736928787231,3.30568605872762,1.24575444946291,62.7674870840833,10.3586697902956
72.839196322185,-128967.7047,-189536.5418,-121067.4216,-200070.2526,-123700.8493,75.0075351669013,80.6382213028934,86.8090082527398,74.6835561757918,86.8508461726316,62.4541583361272,62.3432377708497,63.6490644752866,61.272449815463,63.6166683041456,2.45484989877371,2.47551445833127,1.24909172181766,3.56469561025495,1.27218394161369,62.6622176803752,11.0163356307913
72.8592041997345,-128967.7047,-189536.5418,-121067.4216,-200070.2526,-123700.8493,73.9689052494516,79.0143537036977,86.7989564505013,73.7378351120152,86.1134969398457,62.2238924796855,62.0606697965386,63.6159962854952,60.9961085734449,63.537579956778,2.6238077766609,2.6713660875429,1.24785160498384,3.75196499678529,1.30927784696644,62.5265363513308,11.6042683129394
72.8527520180569,-128967.7047,-189536.5418,-121067.4216,-200070.2526,-123700.8493,73.3654215400877,77.4627712584979,86.6197014198698,73.2341588889016,85.1979716043161,62.0645151248793,61.7536304270485,63.5743316154593,60.8185443492455,63.4429037640782,2.72691894880416,2.88300275199253,1.25530179362288,3.85051515723446,1.35867873168448,62.36256345074,12.0744173833385
79.8606423858757,-128967.7047,-189536.5418,-121067.4216,-200070.2526,-123700.8493,73.0727224814104,76.0917694798744,86.2351651664511,73.0114141696006,84.1122408088546,61.9683643627793,61.4437078680735,63.5208876946198,60.7148735994594,63.3291770514178,2.77518569854021,3.09184228253244,1.27359957128528,3.88780175193429,1.42222284095661,62.1930346361057,12.4506521452488
79.8584893195099,-128967.7047,-189536.5418,-121067.4216,-200070.2526,-123700.8493,73.3177318358433,75.0808405777689,85.6136003477698,73.3593932455393,82.8750747888054,62.0061862473178,61.2016849660827,63.4628653953264,60.7850409017756,63.2054464065811,2.72435412129307,3.26313051857225,1.30600154407013,3.801906504953,1.50273037225228,62.0428875332512,12.5981230611407
79.8117111615551,-128967.7047,-189536.5418,-121067.4216,-200070.2526,-123700.8493,75.0598403964686,74.4329657438735,84.7496148283684,75.2973847626915,81.520843270114,62.3738090639467,61.0962251146705,63.4215626155329,61.282378430946,63.0993258849445,2.42918017735715,3.39584442013799,1.35637768332025,3.41109456818719,1.60454469427586,61.9345037172368,12.1970415432784
79.8379716647115,-128967.7047,-189536.5418,-121067.4216,-200070.2526,-123700.8493,77.0636660828069,74.3595746324917,83.6568369060445,77.3514934605528,80.1186468208418,62.7157433945159,61.1213015915856,63.3607931362548,61.7216952413502,62.9734390038283,2.14781306756291,3.4211030478494,1.4253464556102,3.05867748904085,1.72398890094252,61.903938263978,11.7769289610059
79.7991118881617,-128967.7047,-189536.5418,-121067.4216,-200070.2526,-123700.8493,78.4434209626496,75.058244473925,82.4262958822611,78.6698858686808,78.7977425211017,62.9117431521153,61.3043440903678,63.2748013174558,61.9643577384575,62.8283781469744,1.98411634713364,3.29284748220586,1.51052931938491,2.86171808509517,1.85092827043089,61.9510312453096,11.5001395042505
79.8590208282643,-125740.9427,-179562.9138,-118720.6856,-188923.2566,-121060.7713,79.1886075904229,76.0449625894881,81.3083407079967,79.3320564125524,77.7377908263096,63.0708763161716,61.7142368633502,63.2427190860282,62.2459741798087,62.7713781734151,1.86413490736239,2.99400828409977,1.57028334263301,2.64208915640594,1.93281487294398,62.029451641938,11.0033305634451
79.8418768765742,-125740.9427,-179562.9138,-118720.6856,-188923.2566,-121060.7713,79.5585669626568,77.0372339457705,80.4647131661866,79.6409034899177,77.0384856858238,63.114771356867,61.9013040539063,63.1660822210364,62.2947928477845,62.672737197182,1.82717094131476,2.83473244443881,1.63990692657913,2.60248268467411,2.01363019775841,62.1136314769511,10.9179231947652
79.8213360803965,-125740.9427,-179562.9138,-118720.6856,-188923.2566,-121060.7713,79.7256861722402,77.8702412495823,79.9269832845844,79.7703538757719,76.7259645385956,63.135709890203,62.0466989246237,63.1154405130365,62.3172578351448,62.6293028330455,1.8110710337995,2.71154907416288,1.68742066643037,2.58652977600702,2.05206775720114,62.1872050135971,10.8486383076009
79.7997392709772,-125740.9427,-179562.9138,-118720.6856,-188923.2566,-121060.7713,79.7954600604984,78.4956093836497,79.6186931026478,79.8196110441943,76.7325074259811,63.1464412304809,62.1513688246095,63.0879358132871,62.3288435122842,62.637399386121,1.8046484181787,2.62516397664539,1.71608258537229,2.580958926487,2.05229395108763,62.2467151207679,10.779147857771
79.8127908838562,-125740.9427,-179562.9138,-118720.6856,-188923.2566,-121060.7713,79.8229626389542,78.9313322993759,79.4361963954506,79.8370277928753,76.9473067067098,63.1527135018448,62.2232796621176,63.0737010980721,62.3360599026522,62.6786673931214,1.80235011778764,2.56800193731371,1.73372973936518,2.57945462649593,2.02733451553317,62.295768295613,10.7108709364956
79.8285631841887,-125740.9427,-179562.9138,-118720.6856,-188923.2566,-121060.7713,79.8332430447219,79.2196962600995,79.3068979484339,79.842724230115,77.2663682561136,63.1568216941562,62.2711181176751,63.0645596879626,62.3411817736746,62.7339913747434,1.80168303883728,2.53155817441814,1.74655546832977,2.57936994438912,1.99054189182328,62.3374786625355,10.6497085177976
79.8302452087831,-125740.9427,-179562.9138,-118720.6856,-188923.2566,-121060.7713,79.8367031567381,79.4036532179508,79.1993389191576,79.8441986101259,77.6150177106123,63.1596837449806,62.3022347916095,63.0567953917052,62.3449825251235,62.7904850380456,1.80161842796897,2.5089329125548,1.75735283965902,2.57971284961057,1.95131311111495,62.3728597395416,10.5989301409083
79.8325979531216,-125740.9427,-179562.9138,-118720.6856,-188923.2566,-121060.7713,79.8371303853801,79.5177651532654,79.1084766778222,79.843743865826,77.9486245141392,63.1617034081735,62.3221947044764,63.0499024702244,62.3477765905702,62.8416124565817,1.80179047510372,2.49519558941066,1.76654193208922,2.58019187406902,1.9148263640698,62.4019075546639,10.5585462347424
79.8213671817524,-125740.9427,-179562.9138,-118720.6856,-188923.2566,-121060.7713,79.836326575526,79.5868553628528,79.0389020384217,79.8425700330018,78.2449119174878,63.1631680261641,62.3349375197704,63.0446344291041,62.34986367575,62.8850052116416,1.80203561352017,2.48704590014164,1.7736444956543,2.58067286277165,1.8832995228494,62.4246787834707,10.5266983949372
79.8366615684934,-125740.9427,-179562.9138,-118720.6856,-188923.2566,-121060.7713,79.8353849278864,79.6277193764874,78.9946119607827,79.8415125768387,78.4957775460713,63.1643040586591,62.3431227800036,63.0417037913609,62.3515146662996,62.9204726940906,1.80226019725445,2.48234381992733,1.77824283861067,2.58107249774972,1.85725449646353,62.4416986339015,10.5011738500057
79.7527749584405,-125740.9427,-179562.9138,-118720.6856,-188923.2566,-121060.7713,79.8322131062585,79.6512507803818,78.9754085370632,79.8379645478091,78.7011742829122,63.1649622612856,62.3484199069194,63.0412419260139,62.3524663294932,62.9487299791649,1.80267434475438,2.47972784655863,1.78033438458066,2.58173670712486,1.83636929052655,62.45390042149,10.4808425735451
79.7868700331341,-125740.9427,-179562.9138,-118720.6856,-188923.2566,-121060.7713,79.8263662254802,79.6638555404917,78.9772765524664,79.8316878574537,78.865125744913,63.1651477945996,62.351820566182,63.0428838895886,62.352757781961,62.9708291613026,1.80332702679959,2.47840947669583,1.780309128027,2.58270685892196,1.81998019339593,62.4623769331718,10.4647326838403
79.8053587107626,-127484.5967,-184952.3898,-119988.7976,-194946.7886,-122487.3973,79.8204835008903,79.6701329539063,78.9937311019292,79.8257449761722,78.9949246698732,63.1331094155796,62.267291551814,63.0122350132813,62.2659196377581,62.9506326487901,1.82546810946317,2.53947722704695,1.79402217216231,2.65277509258757,1.82421232761484,62.4674779665809,10.6359549288748
79.7968202120325,-127484.5967,-184952.3898,-119988.7976,-194946.7886,-122487.3973,79.8157519670576,79.671601598289,79.0189681337466,79.8212224981887,79.0943910908339,63.1331712322422,62.2687256358657,63.0162180491094,62.2661055587179,62.964016016754,1.82599261515002,2.53947218390502,1.79163944795241,2.65348658448397,1.81447704460037,62.4656139979712,10.6250678760918
79.8427572708595,-127484.5967,-184952.3898,-119988.7976,-194946.7886,-122487.3973,79.8134685575766,79.6703847972441,79.0486644480128,79.819337597649,79.169246902017,63.1333957103905,62.2695856853957,63.020542684942,62.2665215767419,62.97407247422,1.82626715737371,2.53977527942557,1.78880337641423,2.65383441793322,1.80721704623797,62.4596976252136,10.6158972773847
79.7877842185886,-127484.5967,-184952.3898,-119988.7976,-194946.7886,-122487.3973,79.8128627577267,79.6681898085627,79.0786636492507,79.8190605838233,79.2245743777616,63.1337113726464,62.2701260295441,63.0247362974089,62.2670380219191,62.9815189576005,1.82636805195412,2.54017458424426,1.78592799749218,2.65395438751529,1.80188976369459,62.4534730894423,10.6083147849004
79.7779345568024,-127484.5967,-184952.3898,-119988.7976,-194946.7886,-122487.3973,79.8128657548801,79.666062694122,79.1060034150824,79.8192227089954,79.2647514655214,63.1340114399425,62.2705011058601,63.0284644387393,62.26749932599,62.9869428306648,1.8264005817315,2.54053996488072,1.78330516688824,2.65399962564569,1.79804271872556,62.4483763308945,10.6022880578717
79.8090346751612,-127484.5967,-184952.3898,-119988.7976,-194946.7886,-122487.3973,79.8130772187092,79.6644114180276,79.1290185880304,79.8195104625478,79.2934450945872,63.1342637907221,62.2707876293543,63.0315548311656,62.2678760941913,62.9908312015167,1.82640505902544,2.54082300292722,1.78109786488152,2.65401308563693,1.79530690505727,62.4445812085801,10.5976459175284
79.7946723479959,-127484.5967,-184952.3898,-119988.7976,-194946.7886,-122487.3973,79.8132357876494,79.6632941590322,79.1470971663169,79.8196704216698,79.3136295749549,63.1344507412113,62.2710145884196,63.0339584339883,62.2681473120983,62.993574468369,1.82640816693793,2.54101937857515,1.77936520026574,2.6540299093775,1.79338826379949,62.4418965477034,10.5942109189558
79.8068606377755,-127484.5967,-184952.3898,-119988.7976,-194946.7886,-122487.3973,79.8129542407296,79.6625788502395,79.1603547085419,79.8193378557895,79.3276398507771,63.1345396010685,62.2711810719393,63.0357066981632,62.2682735225625,62.9954753351386,1.82644872918425,2.54114821533583,1.77809514408657,2.65409928443743,1.792058564233,62.4400823161691,10.5918499372771
79.7618613881366,-127484.5967,-184952.3898,-119988.7976,-194946.7886,-122487.3973,79.8129384764287,79.6620817565153,79.1693373268496,79.8193475849688,79.3372490005559,63.1346201676714,62.2712964040771,63.0368931919691,62.2683948147979,62.9967791053387,1.8264592784167,2.54123770323732,1.77723586628567,2.65411615528377,1.79114771364554,62.4389179196706,10.590196716869
79.8050673075486,-127484.5967,-184952.3898,-119988.7976,-194946.7886,-122487.3973,79.8130202121276,79.6617491818624,79.1747906671696,79.8194442797215,79.3437639587732,63.1346821894759,62.2713699291779,63.0376192158296,62.2684864563351,62.9976581060572,1.82645711953101,2.54129704616426,1.77671523251857,2.65411539111917,1.79053014561562,62.4382215291972,10.5891149349486
88.9285590873538,-127484.5967,-184952.3898,-119988.7976,-194946.7886,-122487.3973,79.8184449487731,79.6615494092453,79.1775003426451,79.8261040179299,79.3481320094746,63.1353300764642,62.2715147867816,63.0380692407977,62.2695335974901,62.9983236793822,1.82593415297878,2.54134740878751,1.77646647805806,2.65326690648539,1.79012467313411,62.4378547488212,10.5871396194438
88.9286757236007,-127484.5967,-184952.3898,-119988.7976,-194946.7886,-122487.3973,80.4976148884626,79.6794356594854,79.1782131009921,80.6184083211346,79.3511565021856,63.209641075313,62.2861914194512,63.047793843796,62.3846529520279,63.0087632894749,1.76204970881242,2.54087844778269,1.77745896558571,2.5547270074083,1.79093691552764,62.4377564101683,10.4260510451168
88.9523760407249,-127175.9499,-183998.3906,-119764.3272,-193880.5542,-122234.8681,82.4884071884316,79.8928904061447,79.1776151531441,82.8022752338787,79.3578785388278,63.4043508233246,62.3607916592098,63.0779324330306,62.6765937179733,63.0412875190691,1.59235111829713,2.50775239536689,1.77752083262732,2.30190923007492,1.79007083967271,62.4411839644763,9.96960441603898
88.9514647084138,-127175.9499,-183998.3906,-119764.3272,-193880.5542,-122234.8681,84.6979019686042,80.5419313728011,79.177506170321,85.080287026466,79.396073432862,63.5765651596325,62.4745066568262,63.1025083254303,62.9168694473467,63.0709505507479,1.43875923997933,2.433449333239,1.78025040561904,2.09026842893836,1.78913530992994,62.4584938027797,9.53186271770568
88.9406722099545,-127175.9499,-183998.3906,-119764.3272,-193880.5542,-122234.8681,86.3969617222849,81.6121793990504,79.1840241239205,86.7371450738283,79.522467591822,63.6891250420795,62.6254046778524,63.1235625451668,63.0682841380911,63.1058622781624,1.33823925733593,2.31562038703437,1.78186170387218,1.95731818986953,1.77916525550097,62.4932062231596,9.17220479361298
88.9621810913889,-127175.9499,-183998.3906,-119764.3272,-193880.5542,-122234.8681,87.497326211579,82.889490904408,79.2116404564676,87.7554717230697,79.7934451543699,63.7555402278719,62.7801991787954,63.1430049519116,63.1549032933678,63.1520762400721,1.27995924634642,2.18636057541681,1.7809552917905,1.88318786923137,1.75513528591036,62.5388832360127,8.88559826869546
88.941462603542,-127175.9499,-183998.3906,-119764.3272,-193880.5542,-122234.8681,88.1458170912434,84.1530402183514,79.2825316458283,88.3244469498119,80.2307908380392,63.7936080795801,62.9154196024297,63.1640315239171,63.2031421235653,63.2112341451176,1.24787523300532,2.07020190366682,1.7754456814992,1.84415150261653,1.71613481563143,62.5875153367659,8.65380913641931
66.1878918989283,-127175.9499,-183998.3906,-119764.3272,-193880.5542,-122234.8681,88.42554729062,85.2653093695778,79.4209896877903,88.5257526684883,80.8138151549826,63.8114497741267,63.0227998147548,63.1894472504346,63.2233557150662,63.2793375467945,1.23459811899506,1.97667275448697,1.76308083745822,1.83095270097504,1.66573846338578,62.6343610697834,8.47104287530108
66.1865515327075,-127175.9499,-183998.3906,-119764.3272,-193880.5542,-122234.8681,86.9983419304115,86.1239725674222,79.6456365929977,86.7822182559766,81.4946595150684,63.7397516759152,63.0922071824448,63.2138410480949,63.0982161033939,63.3431525561501,1.30655031805932,1.90893584983772,1.74159429841305,1.95606687351862,1.60911454092715,62.678432242749,8.52226188075587
66.1674973877673,-127175.9499,-183998.3906,-119764.3272,-193880.5542,-122234.8681,83.0185533766456,86.4405399142894,79.9626949213891,82.2467613927864,82.2115223747832,63.4779931831666,63.0955765587292,63.226318415727,62.6656369774165,63.3864927100786,1.55515083466055,1.88332540766071,1.70989947698716,2.36592603469932,1.55154357297499,62.7201033359689,9.06584532698276
66.1468062641945,-127175.9499,-183998.3906,-119764.3272,-193880.5542,-122234.8681,77.7083576651091,85.8187597410354,80.3627843672185,76.4896140581278,82.8824635857875,62.9185219656135,62.9855419938087,63.2095214054573,61.7802521197855,63.389042388117,2.05468939020465,1.92553511796536,1.66834272275119,3.14952424430124,1.49834415883991,62.7491570806264,10.2964356340624
66.182347491029,-127175.9499,-183998.3906,-119764.3272,-193880.5542,-122234.8681,72.6233328328199,84.0397363743354,80.8199764285528,71.4061495828863,83.4035218317346,61.9304881720104,62.6917954705171,63.1371243230461,60.4013216813914,63.3224487518318,2.84194893487988,2.05950366953522,1.61837701649836,4.20974252916009,1.45449666315726,62.7101095883598,12.1840688132308
66.1785765666161,-127175.9499,-183998.3906,-119764.3272,-193880.5542,-122234.8681,69.0044059336968,81.2170259993529,81.2949178317464,68.2331053283647,83.6670573608906,60.7083532838604,62.1642393648127,63.0193974741684,59.0268723989474,63.1907229464708,3.66300935845951,2.30759749068571,1.56589365849851,5.03218769264219,1.42642004160506,62.4518522104696,13.995108241891
78.3109875064852,-127175.9499,-183998.3906,-119764.3272,-193880.5542,-122234.8681,67.1730301220803,77.8103599213279,81.7411930371647,66.8429367596252,83.5816662454814,59.8264315464678,61.42637276637,62.9131351243656,58.2041650282777,63.0399265953941,4.13640655357165,2.6834837095884,1.51994016410147,5.36274061680581,1.42187829681756,61.861172561787,15.1244493408849
78.3873112372397,-126817.1981,-182889.5214,-119503.4168,-192641.2298,-121941.3439,67.60743388586,74.4262751302499,82.0953568663322,67.6441643377177,83.0804447017999,59.9993508050222,60.6910550191146,62.9243045575945,58.5637146642787,62.9706352828855,3.9829737560628,3.18168908128396,1.48949451455391,5.06928168051543,1.44893051823898,61.1334450879862,15.1723695506551
78.325033285972,-126817.1981,-182889.5214,-119503.4168,-192641.2298,-121941.3439,71.5130004476069,72.2877545711486,82.2446920911855,71.8746717494981,82.1184247828464,61.4998421204585,60.4035505085039,63.0946495508016,60.3446481068706,63.0360276703856,3.02629742333777,3.67725088077173,1.49112865895067,3.99230379807932,1.52694215571102,60.6874724825057,13.7139229168505
78.2992207157561,-126817.1981,-182889.5214,-119503.4168,-192641.2298,-121941.3439,74.9094352258762,71.7355244168309,82.0235081527767,75.272865939868,80.7227784690074,62.3378711716765,60.3957765132339,63.1555470027051,61.3277066119673,62.9755397754209,2.41042364452649,3.85380700066257,1.51342145687969,3.30088427805262,1.64181690944206,60.7510761564654,12.7203532895634
78.3656099914691,-126817.1981,-182889.5214,-119503.4168,-192641.2298,-121941.3439,76.82139113932,72.2267349304187,81.3275589481794,77.0680015451252,79.0730790828749,62.6790021893319,60.5982783939854,63.1231385255985,61.7258939982482,62.8130962710209,2.14269281887822,3.7581255706387,1.56858480463738,3.00032815177182,1.79198938401044,61.0974145403006,12.2617207299366
78.2997710753487,-126817.1981,-182889.5214,-119503.4168,-192641.2298,-121941.3439,77.7270758995309,73.6460970043627,80.223215752809,77.8680047747891,77.4753469953879,62.8215435473566,61.0067845803843,63.0325595199214,61.8891684713417,62.6103359109901,2.03298980062944,3.45756148678818,1.66108709669044,2.88077030806524,1.96015437981189,61.4398404571928,11.9925630719852
78.3220432541748,-126817.1981,-182889.5214,-119503.4168,-192641.2298,-121941.3439,78.1142034427839,75.0766416723093,79.0588507825779,78.1874566071465,76.242173102958,62.8781888337494,61.3473488307365,62.908132569998,61.950973225071,62.4145548492114,1.98889250388049,3.18306269382657,1.76804380314487,2.83505708084689,2.10721152756294,61.666002762052,11.8822676092618
85.2304055069381,-126817.1981,-182889.5214,-119503.4168,-192641.2298,-121941.3439,78.2729131605969,76.1985391043129,78.1532722493178,78.3102896225275,75.5445178785118,62.9009073820314,61.5802898719322,62.7960608966478,61.9744486984904,62.2881242245173,1.97129741436711,2.98949615387792,1.85939859759279,2.81781375041882,2.19801232096444,61.7915690392099,11.8360182372211
85.2552082921928,-126817.1981,-182889.5214,-119503.4168,-192641.2298,-121941.3439,79.024187470153,77.0054250667218,77.5915083547482,79.1473859786236,75.3500938547351,63.0027318850561,61.7556414691443,62.7384224268149,62.1215878321285,62.2740480955524,1.89138840000966,2.86569311472545,1.92250804921211,2.7036240406669,2.22832782323146,61.8650455480853,11.6115414278456
85.2401871215308,-126817.1981,-182889.5214,-119503.4168,-192641.2298,-121941.3439,80.8592773666101,77.7678519919869,77.2911108366339,81.1231909284695,75.5096130174551,63.2176131075797,61.9387676657583,62.7381445288985,62.4253342104494,62.3561166159188,1.71768347929028,2.76081666860657,1.96215511314093,2.46185206543183,2.21520694525232,61.9252674857624,11.1177142717219
85.2665884348256,-126817.1981,-182889.5214,-119503.4168,-192641.2298,-121941.3439,82.6416809286063,78.77223677954,77.1530941639265,82.9272609326948,75.8966514346901,63.3927282685757,62.1447628837195,62.7598175337426,62.6628324559264,62.4757044236368,1.57425683257273,2.62825250127837,1.98392471608641,2.27153493290855,2.17106263507616,61.9978993123089,10.6290316179222
85.2720944522251,-126817.1981,-182889.5214,-119503.4168,-192641.2298,-121941.3439,83.8514194444837,79.9785632898475,77.1246424913315,84.0794074340081,76.4544828146693,63.4986542594592,62.352185156798,62.7897573732916,62.8015415600708,62.6093698174852,1.48887853662356,2.47930683925877,1.99200600611408,2.16334464429484,2.10454884614959,62.0861459491496,10.2280848724408
85.2751503480019,-126817.1981,-182889.5214,-119503.4168,-192641.2298,-121941.3439,84.54639013264,81.1855887922076,77.1852167158567,84.702140120266,77.1509840781049,63.5576238910797,62.5322193149935,62.8253245057725,62.876486443169,62.7478157735094,1.44376257737909,2.34280460213978,1.98853701924296,2.10904827234155,2.02300743606099,62.1785635768733,9.90715990716437
85.2690380357595,-126686.9251,-182486.8594,-119408.6728,-192191.1958,-121834.7569,84.9107764125495,82.2365830750068,77.33140491601,85.0083576851989,77.9409891653899,63.5919007838708,62.6784397339082,62.8694410446668,62.9219921830857,62.8852076390763,1.41994668095156,2.22950530449077,1.97293663276277,2.07928380837664,1.9336258111178,62.2646105683968,9.63529823769954
85.2557421350111,-126686.9251,-182486.8594,-119408.6728,-192191.1958,-121834.7569,85.0912795364477,83.0717950578806,77.5672197714076,85.1498678032397,78.7696865552472,63.6102692186628,62.7819586594504,62.9182289660778,62.9446460806711,63.0088423508378,1.40922918627801,2.14910477683022,1.94774771058521,2.06815418230017,1.84712489941913,62.3403192346646,9.42136075541272
85.2319067550297,-126686.9251,-182486.8594,-119408.6728,-192191.1958,-121834.7569,85.1762650425819,83.6950505072004,77.8936726061945,85.2112758385375,79.5861936363821,63.6212618932709,62.8560769419315,62.9744159983243,62.9583873546209,63.1174244752796,1.40439166168849,2.09247275008035,1.9124638079094,2.06372409620551,1.76772456284045,62.4056756076081,9.2407768787242
85.2904980492264,-126686.9251,-182486.8594,-119408.6728,-192191.1958,-121834.7569,85.2140116928245,84.1399747085721,78.3018349984635,85.235749706037,80.3533167061011,63.6283612918166,62.908422833936,63.0363658759535,62.9675500804363,63.2097686096744,1.40239770996884,2.05378224740425,1.86909017171255,2.06230512329502,1.69814600817076,62.4622454382774,9.08572126055142
85.2598448000651,-126686.9251,-182486.8594,-119408.6728,-192191.1958,-121834.7569,85.2290767386931,84.4474009986593,78.7726175226192,85.2437261811384,81.0488437980066,63.6333193805654,62.9452138857495,63.1011027468791,62.9742057277317,63.2866519692332,1.40174137857539,2.02793251198106,1.82066243830072,2.06218280589007,1.63900086467204,62.5117732743507,8.95151999941928
85.2801175521675,-126686.9251,-182486.8594,-119408.6728,-192191.1958,-121834.7569,85.2340120843213,84.654508964041,79.2815059545741,85.245115992186,81.6627434210864,63.6370414430714,62.9710804697357,63.1653737026472,62.9793902239815,63.349792966178,1.40166263099618,2.01098199652431,1.77043336809632,2.06253425792264,1.58970821427781,62.5556491712017,8.83532046781726
85.2096027639216,-126686.9251,-182486.8594,-119408.6728,-192191.1958,-121834.7569,85.2345921300883,84.7911631682448,79.8039957523048,85.2440210161378,82.1934653150989,63.639969471348,62.9893321024636,63.2264968095391,62.983581013112,63.4011856544698,1.40181503372133,2.00006064597987,1.72116061668737,2.06302400887809,1.54915998971759,62.5948667739922,8.73522029498424
85.2525832493973,-126686.9251,-182486.8594,-119408.6728,-192191.1958,-121834.7569,85.2332007392718,84.8796553333607,80.3192393800076,85.2418773092664,82.6447535882571,63.6423187718202,63.0022856850952,63.2827087664354,62.9870025215933,63.4427605195525,1.4020579027849,1.99315479996139,1.67478572666281,2.0635399036201,1.51610552413319,62.6301409721647,8.6496438571624
85.2847646060154,-126686.9251,-182486.8594,-119408.6728,-192191.1958,-121834.7569,85.2311339817788,84.935856864882,80.811539717898,85.2395243999083,83.0233017879989,63.6442311504874,63.0115482381948,63.3331223314182,62.9898190120209,63.4762431511306,1.40231634557048,1.98888754338607,1.6324440407022,2.06401933750697,1.48934160922404,62.6620218046151,8.57700887638976
85.2482121605785,-126686.9251,-182486.8594,-119408.6728,-192191.1958,-121834.7569,85.2286661614729,84.9707345722941,81.2703409708896,85.23695928093,83.3371657258444,63.6457791660554,63.0182261497657,63.3775047947861,62.9921131134794,63.5031085459679,1.40257726860122,1.98633265436862,1.59463474781997,2.06447020710935,1.46779085599125,62.6909660868338,8.51580573389041
85.2488101692425,-126686.9251,-182486.8594,-119408.6728,-192191.1958,-121834.7569,85.2262346404262,84.991689944891,81.689477264254,85.2345534528954,83.5947503524937,63.6470411442067,63.0230826012198,63.4160485930541,62.993993246815,63.5245927064591,1.40281733401505,1.98487704035239,1.56142226053253,2.06486804958615,1.45052412040134,62.7173705322471,8.46450880488744
85.2381802398189,-126686.9251,-182486.8594,-119408.6728,-192191.1958,-121834.7569,85.2239501533677,85.0036744488702,82.0661992975215,85.2323423867672,83.8041972161924,63.6480688767107,63.0266448606076,63.4491811876662,62.9955294290072,63.5417155566131,1.40303268739769,1.98411637704936,1.53260517528102,2.06521601191984,1.43675627965675,62.7415826825226,8.42172653130466
85.2276051754248,-106829.3115,-121108.781,-104966.772,-123592.167,-105587.6185,85.2172977149589,84.9974921688923,82.3534145711436,85.224055559267,83.9460671890906,63.8884109860441,63.7146097152358,63.7097021122374,63.7208184242796,63.7969301260226,1.19681432644562,1.35972074670795,1.3453149958789,1.37338291482506,1.25216361817429,62.7564352362787,6.52739660203182
85.3006347715344,-106829.3115,-121108.781,-104966.772,-123592.167,-105587.6185,85.2151751242016,84.9896206615861,82.6034403413964,85.2209134848889,84.0611869910708,63.888670857769,63.7147901280921,63.727005613082,63.7210642661936,63.8043275034927,1.19694802699004,1.36023536245911,1.32872898462116,1.37359933059176,1.245504831756,62.7814716964169,6.50501653641805
85.2111276089221,-106829.3115,-121108.781,-104966.772,-123592.167,-105587.6185,85.2125222474058,84.9815061124911,82.8231450560859,85.2174916844118,84.153723212376,63.8888419067792,63.7148494581939,63.7418397423701,63.7212220743511,63.8102336514736,1.19710654054716,1.36075817146067,1.3144627968293,1.37382806553571,1.24020101332418,62.8197242520729,6.48635658769701
85.2483215897912,-106829.3115,-121108.781,-104966.772,-123592.167,-105587.6185,85.2074003617363,84.9737620426801,83.0164670950191,85.2117433541034,84.2273631957655,63.8888340040776,63.7148383216616,63.7546088428095,63.7211839429403,63.8149130976951,1.19739370725229,1.36125314723115,1.30214154945012,1.37419310170602,1.23601117194481,62.866304060178,6.47099267758439
85.253842085206,-106829.3115,-121108.781,-104966.772,-123592.167,-105587.6185,85.2004493350284,84.9663832205031,83.1860926430284,85.2043353350407,84.2853533994216,63.8886884371702,63.7147715775105,63.7655984606307,63.7209984116007,63.8185911519261,1.19777606959106,1.36172151590797,1.29150503145045,1.37465509198442,1.2327311991455,62.9151303474227,6.45838890807939
85.2377456823455,-106829.3115,-121108.781,-104966.772,-123592.167,-105587.6185,85.1930561972329,84.9591571672939,83.3341929269687,85.1966762772427,84.3304934370378,63.8884837193647,63.7146505560647,63.7750337917594,63.7207558304171,63.8214566160263,1.19818021369914,1.36217693126783,1.28234888710886,1.37512981423755,1.23019021264484,62.9621174142633,6.44802605895822
85.266017213759,-106829.3115,-121108.781,-104966.772,-123592.167,-105587.6185,85.1864345125256,84.9519444095,83.4627372573319,85.1899626133782,84.3651514626118,63.8882883802296,63.7144786536321,63.7831056987187,63.7205329961174,63.8236653092816,1.19854174376206,1.36262853367933,1.2744987564995,1.37554555575527,1.22824688436141,63.0053446081992,6.43946147405756
85.2585272951778,-106829.3115,-121108.781,-104966.772,-123592.167,-105587.6185,85.1810546690009,84.9447718998759,83.5736047913141,85.1846052161301,84.3913040468718,63.8881315286083,63.7142661674466,63.7899815486591,63.7203596078441,63.8253440384984,1.19883573692505,1.36307524590804,1.2677994137971,1.37587777523488,1.22678524891172,63.0442978104467,6.43237342077679
85.2724671849832,-106829.3115,-121108.781,-104966.772,-123592.167,-105587.6185,85.176911347922,84.9377839900263,83.6686073885645,85.1805419056674,84.4105912759255,63.8880169083235,63.7140283048232,63.7958107523147,63.7202367645132,63.826596054598,1.19906260405989,1.36350876118306,1.26211053275056,1.37613040916134,1.22571036850221,63.0791580118532,6.42652267565706
